config_id,label,model_class,seed,data_seed,optimization_seed,state,learned_delay,true_delay,profile_minimizer,interval_lower,interval_upper,interval_width,geometry_verdict,candidate_profile_value,empirical_profile_threshold,candidate_in_interval,candidate_in_empirical_set,certificate_eligible,candidate_accepted,candidate_abstained,candidate_verdict_reason,absolute_delay_error,mechanistic_tolerance,false_confidence_event
P1,Full identifiability-aware,restricted_learned,20261001,20260901,20261001,-0.7,0.26140034198760986,0.242309419673864,0.22299999999999998,0.180875,0.25717499999999993,0.07629999999999992,identifiable,6.19950231907804e-05,0.0023009945213233185,False,True,True,False,True,neural delay outside resampling minimizer interval,0.019090922313745873,0.034999999999999996,False
P1,Full identifiability-aware,restricted_learned,20261001,20260901,20261001,-0.63,0.262479692697525,0.24603798186555936,0.255,0.186975,0.275075,0.08810000000000001,identifiable,0.00015481739504114578,0.002814067601410951,True,True,True,True,False,accepted,0.01644171083196566,0.034999999999999996,False
P1,Full identifiability-aware,restricted_learned,20261001,20260901,20261001,-0.5599999999999999,0.2639874219894409,0.2502527803659503,0.316,0.209925,0.37342499999999984,0.16349999999999984,weakly identifiable / abstain,0.00047067859730270164,0.004015197362055056,True,True,True,False,True,resampling interval exceeds resolution threshold,0.01373464162349064,0.034999999999999996,False
P1,Full identifiability-aware,restricted_learned,20261001,20260901,20261001,-0.49,0.26603180170059204,0.25497172592556155,0.214,0.17195,0.2633249999999999,0.09137499999999993,weakly identifiable / abstain,0.00013694108685161633,0.002652867876827601,False,True,True,False,True,resampling interval exceeds resolution threshold,0.011060075775030487,0.034999999999999996,False
P1,Full identifiability-aware,restricted_learned,20261001,20260901,20261001,-0.42,0.2687453031539917,0.2601986963955687,0.252,0.19490000000000002,0.28427499999999994,0.08937499999999993,identifiable,2.369323800425241e-05,0.002699311391056441,True,True,True,True,False,accepted,0.008546606758423003,0.034999999999999996,False
P1,Full identifiability-aware,restricted_learned,20261001,20260901,20261001,-0.35,0.2722845673561096,0.2659199739596349,0.22699999999999998,0.189975,0.27005,0.08007500000000001,identifiable,0.00012527740896825214,0.0021571610748129114,False,True,True,False,True,neural delay outside resampling minimizer interval,0.006364593396474716,0.034999999999999996,False
P1,Full identifiability-aware,restricted_learned,20261001,20260901,20261001,-0.28,0.27682381868362427,0.27210140271960986,0.27,0.22497499999999998,0.303025,0.07805000000000001,identifiable,4.432519939383909e-06,0.0021537188063661494,True,True,True,True,False,accepted,0.004722415964014404,0.034999999999999996,False
P1,Full identifiability-aware,restricted_learned,20261001,20260901,20261001,-0.21000000000000002,0.2825341820716858,0.27868686984294644,0.254,0.222,0.28902500000000003,0.06702500000000003,identifiable,7.390676918579837e-05,0.002018085504264781,True,True,True,True,False,accepted,0.0038473122287393524,0.034999999999999996,False
P1,Full identifiability-aware,restricted_learned,20261001,20260901,20261001,-0.14,0.28954100608825684,0.2855986599633792,0.29400000000000004,0.246975,0.33199999999999996,0.08502499999999996,identifiable,0.00011758658496957829,0.0021366897362879063,True,True,True,True,False,accepted,0.003942346124877649,0.034999999999999996,False
P1,Full identifiability-aware,restricted_learned,20261001,20260901,20261001,-0.07000000000000006,0.2978532910346985,0.2927400288856012,0.299,0.24795,0.32904999999999995,0.08109999999999995,identifiable,3.894526510464361e-05,0.0025689161595566514,True,True,True,True,False,accepted,0.005113262149097297,0.034999999999999996,False
P1,Full identifiability-aware,restricted_learned,20261001,20260901,20261001,0.0,0.30727797746658325,0.3,0.318,0.26695,0.3482249999999999,0.08127499999999988,identifiable,5.421664292696284e-05,0.002499066004878754,True,True,True,True,False,accepted,0.007277977466583263,0.034999999999999996,False
P1,Full identifiability-aware,restricted_learned,20261001,20260901,20261001,0.06999999999999995,0.3173673748970032,0.3072599711143988,0.317,0.26495,0.352,0.08704999999999996,identifiable,6.215804089793311e-05,0.0026136155540043117,True,True,True,True,False,accepted,0.010107403782604385,0.034999999999999996,False
P1,Full identifiability-aware,restricted_learned,20261001,20260901,20261001,0.1399999999999999,0.3274676203727722,0.3144013400366208,0.32699999999999996,0.274975,0.349025,0.07404999999999995,identifiable,0.00010720671255426043,0.002472965365203452,True,True,True,True,False,accepted,0.013066280336151426,0.034999999999999996,False
P1,Full identifiability-aware,restricted_learned,20261001,20260901,20261001,0.20999999999999996,0.33688631653785706,0.32131313015705354,0.346,0.27387500000000004,0.358075,0.08419999999999994,identifiable,5.619328791968411e-05,0.00314043673721036,True,True,True,True,False,accepted,0.015573186380803516,0.034999999999999996,False
P1,Full identifiability-aware,restricted_learned,20261001,20260901,20261001,0.2799999999999999,0.3450937867164612,0.3278985972803901,0.33699999999999997,0.28400000000000003,0.366075,0.08207499999999995,identifiable,5.860579050086474e-05,0.0023783118517428994,True,True,True,True,False,accepted,0.017195189436071068,0.034999999999999996,False
P1,Full identifiability-aware,restricted_learned,20261001,20260901,20261001,0.34999999999999987,0.35183483362197876,0.334080026040365,0.364,0.2998,0.40705,0.10725000000000001,weakly identifiable / abstain,0.00015636725308497803,0.0031366871338458524,True,True,True,False,True,resampling interval exceeds resolution threshold,0.01775480758161374,0.034999999999999996,False
P1,Full identifiability-aware,restricted_learned,20261001,20260901,20261001,0.41999999999999993,0.3571093678474426,0.3398013036044313,0.33199999999999996,0.313,0.3721,0.059099999999999986,identifiable,4.559602363756564e-05,0.002378467450285317,True,True,True,True,False,accepted,0.017308064243011345,0.034999999999999996,False
P1,Full identifiability-aware,restricted_learned,20261001,20260901,20261001,0.49,0.3610779345035553,0.3450282740744384,0.351,0.308975,0.3681499999999999,0.05917499999999992,identifiable,4.193686206487706e-05,0.0020095030725731282,True,True,True,True,False,accepted,0.016049660429116874,0.034999999999999996,False
P1,Full identifiability-aware,restricted_learned,20261001,20260901,20261001,0.5599999999999998,0.36396533250808716,0.3497472196340497,0.34199999999999997,0.316,0.380025,0.064025,identifiable,4.5849433440650655e-05,0.002193630490840619,True,True,True,True,False,accepted,0.014218112874037458,0.034999999999999996,False
P1,Full identifiability-aware,restricted_learned,20261001,20260901,20261001,0.6299999999999999,0.3659975826740265,0.3539620181344406,0.367,0.3439,0.396025,0.05212500000000003,identifiable,2.2859201901056477e-05,0.0020858117281550305,True,True,True,True,False,accepted,0.012035564539585875,0.034999999999999996,False
P1,Full identifiability-aware,restricted_learned,20261001,20260901,20261001,0.7,0.3673716187477112,0.357690580326136,0.354,0.33797499999999997,0.428175,0.0902,weakly identifiable / abstain,1.8887905979933016e-05,0.0041758638305439385,True,True,True,False,True,resampling interval exceeds resolution threshold,0.009681038421575194,0.034999999999999996,False
P2,Profile initialization only,restricted_learned,20261001,20260901,20261001,-0.7,0.2665250301361084,0.242309419673864,0.22299999999999998,0.180875,0.25717499999999993,0.07629999999999992,identifiable,7.83724818152463e-05,0.0023009945213233185,False,True,True,False,True,neural delay outside resampling minimizer interval,0.024215610462244408,0.034999999999999996,False
P2,Profile initialization only,restricted_learned,20261001,20260901,20261001,-0.63,0.27125823497772217,0.24603798186555936,0.255,0.186975,0.275075,0.08810000000000001,identifiable,0.00016389346313717824,0.002814067601410951,True,True,True,True,False,accepted,0.025220253112162805,0.034999999999999996,False
P2,Profile initialization only,restricted_learned,20261001,20260901,20261001,-0.5599999999999999,0.2765854597091675,0.2502527803659503,0.316,0.209925,0.37342499999999984,0.16349999999999984,weakly identifiable / abstain,0.0004300749180573695,0.004015197362055056,True,True,True,False,True,resampling interval exceeds resolution threshold,0.026332679343217202,0.034999999999999996,False
P2,Profile initialization only,restricted_learned,20261001,20260901,20261001,-0.49,0.2824881374835968,0.25497172592556155,0.214,0.17195,0.2633249999999999,0.09137499999999993,weakly identifiable / abstain,0.00021893643853762256,0.002652867876827601,False,True,True,False,True,resampling interval exceeds resolution threshold,0.027516411558035248,0.034999999999999996,False
P2,Profile initialization only,restricted_learned,20261001,20260901,20261001,-0.42,0.288912832736969,0.2601986963955687,0.252,0.19490000000000002,0.28427499999999994,0.08937499999999993,identifiable,7.215875520857048e-05,0.002699311391056441,False,True,True,False,True,neural delay outside resampling minimizer interval,0.028714136341400298,0.034999999999999996,False
P2,Profile initialization only,restricted_learned,20261001,20260901,20261001,-0.35,0.29576826095581055,0.2659199739596349,0.22699999999999998,0.189975,0.27005,0.08007500000000001,identifiable,0.00024507277922603807,0.0021571610748129114,False,True,True,False,True,neural delay outside resampling minimizer interval,0.029848286996175644,0.034999999999999996,False
P2,Profile initialization only,restricted_learned,20261001,20260901,20261001,-0.28,0.30292749404907227,0.27210140271960986,0.27,0.22497499999999998,0.303025,0.07805000000000001,identifiable,5.7439357963888664e-05,0.0021537188063661494,True,True,True,True,False,accepted,0.0308260913294624,0.034999999999999996,False
P2,Profile initialization only,restricted_learned,20261001,20260901,20261001,-0.21000000000000002,0.3102361559867859,0.27868686984294644,0.254,0.222,0.28902500000000003,0.06702500000000003,identifiable,0.00018957816809195952,0.002018085504264781,False,True,True,False,True,neural delay outside resampling minimizer interval,0.03154928614383945,0.034999999999999996,False
P2,Profile initialization only,restricted_learned,20261001,20260901,20261001,-0.14,0.3175257742404938,0.2855986599633792,0.29400000000000004,0.246975,0.33199999999999996,0.08502499999999996,identifiable,0.00014148082934975568,0.0021366897362879063,True,True,True,True,False,accepted,0.03192711427711459,0.034999999999999996,False
P2,Profile initialization only,restricted_learned,20261001,20260901,20261001,-0.07000000000000006,0.3246302902698517,0.2927400288856012,0.299,0.24795,0.32904999999999995,0.08109999999999995,identifiable,7.439545625865657e-05,0.0025689161595566514,True,True,True,True,False,accepted,0.031890261384250496,0.034999999999999996,False
P2,Profile initialization only,restricted_learned,20261001,20260901,20261001,0.0,0.33140185475349426,0.3,0.318,0.26695,0.3482249999999999,0.08127499999999988,identifiable,5.823437367175839e-05,0.002499066004878754,True,True,True,True,False,accepted,0.031401854753494274,0.034999999999999996,False
P2,Profile initialization only,restricted_learned,20261001,20260901,20261001,0.06999999999999995,0.3377229571342468,0.3072599711143988,0.317,0.26495,0.352,0.08704999999999996,identifiable,8.773697846899353e-05,0.0026136155540043117,True,True,True,True,False,accepted,0.030462986019848037,0.034999999999999996,False
P2,Profile initialization only,restricted_learned,20261001,20260901,20261001,0.1399999999999999,0.3435125946998596,0.3144013400366208,0.32699999999999996,0.274975,0.349025,0.07404999999999995,identifiable,0.00012201717075991972,0.002472965365203452,True,True,True,True,False,accepted,0.029111254663238828,0.034999999999999996,False
P2,Profile initialization only,restricted_learned,20261001,20260901,20261001,0.20999999999999996,0.34872692823410034,0.32131313015705354,0.346,0.27387500000000004,0.358075,0.08419999999999994,identifiable,5.179474339373552e-05,0.00314043673721036,True,True,True,True,False,accepted,0.027413798077046803,0.034999999999999996,False
P2,Profile initialization only,restricted_learned,20261001,20260901,20261001,0.2799999999999999,0.3533547520637512,0.3278985972803901,0.33699999999999997,0.28400000000000003,0.366075,0.08207499999999995,identifiable,7.109395077583769e-05,0.0023783118517428994,True,True,True,True,False,accepted,0.025456154783361107,0.034999999999999996,False
P2,Profile initialization only,restricted_learned,20261001,20260901,20261001,0.34999999999999987,0.35741090774536133,0.334080026040365,0.364,0.2998,0.40705,0.10725000000000001,weakly identifiable / abstain,0.00014990045786372177,0.0031366871338458524,True,True,True,False,True,resampling interval exceeds resolution threshold,0.02333088170499631,0.034999999999999996,False
P2,Profile initialization only,restricted_learned,20261001,20260901,20261001,0.41999999999999993,0.3609282970428467,0.3398013036044313,0.33199999999999996,0.313,0.3721,0.059099999999999986,identifiable,5.8893055126335056e-05,0.002378467450285317,True,True,True,True,False,accepted,0.021126993438415398,0.034999999999999996,False
P2,Profile initialization only,restricted_learned,20261001,20260901,20261001,0.49,0.36395084857940674,0.3450282740744384,0.351,0.308975,0.3681499999999999,0.05917499999999992,identifiable,4.644321918787726e-05,0.0020095030725731282,True,True,True,True,False,accepted,0.018922574504968315,0.034999999999999996,False
P2,Profile initialization only,restricted_learned,20261001,20260901,20261001,0.5599999999999998,0.3665279746055603,0.3497472196340497,0.34199999999999997,0.316,0.380025,0.064025,identifiable,5.383486578297984e-05,0.002193630490840619,True,True,True,True,False,accepted,0.016780754971510603,0.034999999999999996,False
P2,Profile initialization only,restricted_learned,20261001,20260901,20261001,0.6299999999999999,0.3687099814414978,0.3539620181344406,0.367,0.3439,0.396025,0.05212500000000003,identifiable,2.2996683099989512e-05,0.0020858117281550305,True,True,True,True,False,accepted,0.014747963307057188,0.034999999999999996,False
P2,Profile initialization only,restricted_learned,20261001,20260901,20261001,0.7,0.3705456256866455,0.357690580326136,0.354,0.33797499999999997,0.428175,0.0902,weakly identifiable / abstain,2.5066153266034704e-05,0.0041758638305439385,True,True,True,False,True,resampling interval exceeds resolution threshold,0.01285504536050952,0.034999999999999996,False
P3,Anchor loss only,restricted_learned,20261001,20260901,20261001,-0.7,0.2574631869792938,0.242309419673864,0.22299999999999998,0.180875,0.25717499999999993,0.07629999999999992,identifiable,5.077684686835606e-05,0.0023009945213233185,False,True,True,False,True,neural delay outside resampling minimizer interval,0.015153767305429833,0.034999999999999996,False
P3,Anchor loss only,restricted_learned,20261001,20260901,20261001,-0.63,0.2608543932437897,0.24603798186555936,0.255,0.186975,0.275075,0.08810000000000001,identifiable,0.00015383832031757867,0.002814067601410951,True,True,True,True,False,accepted,0.01481641137823031,0.034999999999999996,False
P3,Anchor loss only,restricted_learned,20261001,20260901,20261001,-0.5599999999999999,0.26464399695396423,0.2502527803659503,0.316,0.209925,0.37342499999999984,0.16349999999999984,weakly identifiable / abstain,0.0004682858051530736,0.004015197362055056,True,True,True,False,True,resampling interval exceeds resolution threshold,0.014391216588013955,0.034999999999999996,False
P3,Anchor loss only,restricted_learned,20261001,20260901,20261001,-0.49,0.268867552280426,0.25497172592556155,0.214,0.17195,0.2633249999999999,0.09137499999999993,weakly identifiable / abstain,0.00014952066576096466,0.002652867876827601,False,True,True,False,True,resampling interval exceeds resolution threshold,0.013895826354864471,0.034999999999999996,False
P3,Anchor loss only,restricted_learned,20261001,20260901,20261001,-0.42,0.2735553979873657,0.2601986963955687,0.252,0.19490000000000002,0.28427499999999994,0.08937499999999993,identifiable,3.1917247988744035e-05,0.002699311391056441,True,True,True,True,False,accepted,0.013356701591797027,0.034999999999999996,False
P3,Anchor loss only,restricted_learned,20261001,20260901,20261001,-0.35,0.2787272334098816,0.2659199739596349,0.22699999999999998,0.189975,0.27005,0.08007500000000001,identifiable,0.00015338286491652957,0.0021571610748129114,False,True,True,False,True,neural delay outside resampling minimizer interval,0.012807259450246689,0.034999999999999996,False
P3,Anchor loss only,restricted_learned,20261001,20260901,20261001,-0.28,0.28438544273376465,0.27210140271960986,0.27,0.22497499999999998,0.303025,0.07805000000000001,identifiable,1.2779126398621463e-05,0.0021537188063661494,True,True,True,True,False,accepted,0.012284040014154785,0.034999999999999996,False
P3,Anchor loss only,restricted_learned,20261001,20260901,20261001,-0.21000000000000002,0.290507435798645,0.27868686984294644,0.254,0.222,0.28902500000000003,0.06702500000000003,identifiable,9.94941620843097e-05,0.002018085504264781,False,True,True,False,True,neural delay outside resampling minimizer interval,0.011820565955698581,0.034999999999999996,False
P3,Anchor loss only,restricted_learned,20261001,20260901,20261001,-0.14,0.29703885316848755,0.2855986599633792,0.29400000000000004,0.246975,0.33199999999999996,0.08502499999999996,identifiable,0.00011678594743042461,0.0021366897362879063,True,True,True,True,False,accepted,0.011440193205108362,0.034999999999999996,False
P3,Anchor loss only,restricted_learned,20261001,20260901,20261001,-0.07000000000000006,0.3038899600505829,0.2927400288856012,0.299,0.24795,0.32904999999999995,0.08109999999999995,identifiable,4.030607376937581e-05,0.0025689161595566514,True,True,True,True,False,accepted,0.011149931164981697,0.034999999999999996,False
P3,Anchor loss only,restricted_learned,20261001,20260901,20261001,0.0,0.31093844771385193,0.3,0.318,0.26695,0.3482249999999999,0.08127499999999988,identifiable,5.091869413282882e-05,0.002499066004878754,True,True,True,True,False,accepted,0.01093844771385194,0.034999999999999996,False
P3,Anchor loss only,restricted_learned,20261001,20260901,20261001,0.06999999999999995,0.3180392384529114,0.3072599711143988,0.317,0.26495,0.352,0.08704999999999996,identifiable,6.223530588723212e-05,0.0026136155540043117,True,True,True,True,False,accepted,0.010779267338512588,0.034999999999999996,False
P3,Anchor loss only,restricted_learned,20261001,20260901,20261001,0.1399999999999999,0.3250400125980377,0.3144013400366208,0.32699999999999996,0.274975,0.349025,0.07404999999999995,identifiable,0.00010748394704434071,0.002472965365203452,True,True,True,True,False,accepted,0.010638672561416929,0.034999999999999996,False
P3,Anchor loss only,restricted_learned,20261001,20260901,20261001,0.20999999999999996,0.3317990303039551,0.32131313015705354,0.346,0.27387500000000004,0.358075,0.08419999999999994,identifiable,6.33503312935683e-05,0.00314043673721036,True,True,True,True,False,accepted,0.010485900146901539,0.034999999999999996,False
P3,Anchor loss only,restricted_learned,20261001,20260901,20261001,0.2799999999999999,0.33819976449012756,0.3278985972803901,0.33699999999999997,0.28400000000000003,0.366075,0.08207499999999995,identifiable,5.461949325102395e-05,0.0023783118517428994,True,True,True,True,False,accepted,0.01030116720973745,0.034999999999999996,False
P3,Anchor loss only,restricted_learned,20261001,20260901,20261001,0.34999999999999987,0.34415948390960693,0.334080026040365,0.364,0.2998,0.40705,0.10725000000000001,weakly identifiable / abstain,0.00017156549681519927,0.0031366871338458524,True,True,True,False,True,resampling interval exceeds resolution threshold,0.010079457869241915,0.034999999999999996,False
P3,Anchor loss only,restricted_learned,20261001,20260901,20261001,0.41999999999999993,0.3496307134628296,0.3398013036044313,0.33199999999999996,0.313,0.3721,0.059099999999999986,identifiable,2.5012116532997208e-05,0.002378467450285317,True,True,True,True,False,accepted,0.009829409858398308,0.034999999999999996,False
P3,Anchor loss only,restricted_learned,20261001,20260901,20261001,0.49,0.35459718108177185,0.3450282740744384,0.351,0.308975,0.3681499999999999,0.05917499999999992,identifiable,3.5847745548422895e-05,0.0020095030725731282,True,True,True,True,False,accepted,0.009568907007333427,0.034999999999999996,False
P3,Anchor loss only,restricted_learned,20261001,20260901,20261001,0.5599999999999998,0.35906684398651123,0.3497472196340497,0.34199999999999997,0.316,0.380025,0.064025,identifiable,3.2993945241014496e-05,0.002193630490840619,True,True,True,True,False,accepted,0.00931962435246153,0.034999999999999996,False
P3,Anchor loss only,restricted_learned,20261001,20260901,20261001,0.6299999999999999,0.3630642890930176,0.3539620181344406,0.367,0.3439,0.396025,0.05212500000000003,identifiable,2.3890180193011686e-05,0.0020858117281550305,True,True,True,True,False,accepted,0.009102270958576963,0.034999999999999996,False
P3,Anchor loss only,restricted_learned,20261001,20260901,20261001,0.7,0.36662405729293823,0.357690580326136,0.354,0.33797499999999997,0.428175,0.0902,weakly identifiable / abstain,1.7625750950662292e-05,0.0041758638305439385,True,True,True,False,True,resampling interval exceeds resolution threshold,0.008933476966802245,0.034999999999999996,False
P4,Restricted rollout-only,restricted_learned,20261001,20260901,20261001,-0.7,0.2664841413497925,0.242309419673864,0.22299999999999998,0.180875,0.25717499999999993,0.07629999999999992,identifiable,7.823390309759598e-05,0.0023009945213233185,False,True,True,False,True,neural delay outside resampling minimizer interval,0.02417472167592849,0.034999999999999996,False
P4,Restricted rollout-only,restricted_learned,20261001,20260901,20261001,-0.63,0.2722465991973877,0.24603798186555936,0.255,0.186975,0.275075,0.08810000000000001,identifiable,0.00016531773164127518,0.002814067601410951,True,True,True,True,False,accepted,0.026208617331828332,0.034999999999999996,False
P4,Restricted rollout-only,restricted_learned,20261001,20260901,20261001,-0.5599999999999999,0.2784048914909363,0.2502527803659503,0.316,0.209925,0.37342499999999984,0.16349999999999984,weakly identifiable / abstain,0.0004251571590506905,0.004015197362055056,True,True,True,False,True,resampling interval exceeds resolution threshold,0.028152111124986,0.034999999999999996,False
P4,Restricted rollout-only,restricted_learned,20261001,20260901,20261001,-0.49,0.28490084409713745,0.25497172592556155,0.214,0.17195,0.2633249999999999,0.09137499999999993,weakly identifiable / abstain,0.00023276966607872838,0.002652867876827601,False,True,True,False,True,resampling interval exceeds resolution threshold,0.029929118171575897,0.034999999999999996,False
P4,Restricted rollout-only,restricted_learned,20261001,20260901,20261001,-0.42,0.2916548252105713,0.2601986963955687,0.252,0.19490000000000002,0.28427499999999994,0.08937499999999993,identifiable,8.157951619654052e-05,0.002699311391056441,False,True,True,False,True,neural delay outside resampling minimizer interval,0.03145612881500259,0.034999999999999996,False
P4,Restricted rollout-only,restricted_learned,20261001,20260901,20261001,-0.35,0.29856932163238525,0.2659199739596349,0.22699999999999998,0.189975,0.27005,0.08007500000000001,identifiable,0.00026253545271112016,0.0021571610748129114,False,True,True,False,True,neural delay outside resampling minimizer interval,0.03264934767275035,0.034999999999999996,False
P4,Restricted rollout-only,restricted_learned,20261001,20260901,20261001,-0.28,0.3055357336997986,0.27210140271960986,0.27,0.22497499999999998,0.303025,0.07805000000000001,identifiable,6.646727066497215e-05,0.0021537188063661494,False,True,True,False,True,neural delay outside resampling minimizer interval,0.03343433098018872,0.034999999999999996,False
P4,Restricted rollout-only,restricted_learned,20261001,20260901,20261001,-0.21000000000000002,0.3124430775642395,0.27868686984294644,0.254,0.222,0.28902500000000003,0.06702500000000003,identifiable,0.0002020070847122512,0.002018085504264781,False,True,True,False,True,neural delay outside resampling minimizer interval,0.03375620772129306,0.034999999999999996,False
P4,Restricted rollout-only,restricted_learned,20261001,20260901,20261001,-0.14,0.31918683648109436,0.2855986599633792,0.29400000000000004,0.246975,0.33199999999999996,0.08502499999999996,identifiable,0.00014518487365467627,0.0021366897362879063,True,True,True,True,False,accepted,0.033588176517715174,0.034999999999999996,False
P4,Restricted rollout-only,restricted_learned,20261001,20260901,20261001,-0.07000000000000006,0.32567644119262695,0.2927400288856012,0.299,0.24795,0.32904999999999995,0.08109999999999995,identifiable,7.73099725072391e-05,0.0025689161595566514,True,True,True,True,False,accepted,0.032936412307025764,0.034999999999999996,False
P4,Restricted rollout-only,restricted_learned,20261001,20260901,20261001,0.0,0.3318401277065277,0.3,0.318,0.26695,0.3482249999999999,0.08127499999999988,identifiable,5.885872704361224e-05,0.002499066004878754,True,True,True,True,False,accepted,0.03184012770652772,0.034999999999999996,False
P4,Restricted rollout-only,restricted_learned,20261001,20260901,20261001,0.06999999999999995,0.3376273512840271,0.3072599711143988,0.317,0.26495,0.352,0.08704999999999996,identifiable,8.750871175390092e-05,0.0026136155540043117,True,True,True,True,False,accepted,0.03036738016962831,0.034999999999999996,False
P4,Restricted rollout-only,restricted_learned,20261001,20260901,20261001,0.1399999999999999,0.3430078625679016,0.3144013400366208,0.32699999999999996,0.274975,0.349025,0.07404999999999995,identifiable,0.0001210978344570943,0.002472965365203452,True,True,True,True,False,accepted,0.02860652253128082,0.034999999999999996,False
P4,Restricted rollout-only,restricted_learned,20261001,20260901,20261001,0.20999999999999996,0.3479693531990051,0.32131313015705354,0.346,0.27387500000000004,0.358075,0.08419999999999994,identifiable,5.1556042752825496e-05,0.00314043673721036,True,True,True,True,False,accepted,0.026656223041951588,0.034999999999999996,False
P4,Restricted rollout-only,restricted_learned,20261001,20260901,20261001,0.2799999999999999,0.3525141477584839,0.3278985972803901,0.33699999999999997,0.28400000000000003,0.366075,0.08207499999999995,identifiable,6.944374923096476e-05,0.0023783118517428994,True,True,True,True,False,accepted,0.024615550478093773,0.034999999999999996,False
P4,Restricted rollout-only,restricted_learned,20261001,20260901,20261001,0.34999999999999987,0.35665541887283325,0.334080026040365,0.364,0.2998,0.40705,0.10725000000000001,weakly identifiable / abstain,0.0001505522504243904,0.0031366871338458524,True,True,True,False,True,resampling interval exceeds resolution threshold,0.022575392832468233,0.034999999999999996,False
P4,Restricted rollout-only,restricted_learned,20261001,20260901,20261001,0.41999999999999993,0.36041390895843506,0.3398013036044313,0.33199999999999996,0.313,0.3721,0.059099999999999986,identifiable,5.70038155715555e-05,0.002378467450285317,True,True,True,True,False,accepted,0.020612605354003777,0.034999999999999996,False
P4,Restricted rollout-only,restricted_learned,20261001,20260901,20261001,0.49,0.36381497979164124,0.3450282740744384,0.351,0.308975,0.3681499999999999,0.05917499999999992,identifiable,4.621209660680335e-05,0.0020095030725731282,True,True,True,True,False,accepted,0.018786705717202812,0.034999999999999996,False
P4,Restricted rollout-only,restricted_learned,20261001,20260901,20261001,0.5599999999999998,0.3668862581253052,0.3497472196340497,0.34199999999999997,0.316,0.380025,0.064025,identifiable,5.5007678814443475e-05,0.002193630490840619,True,True,True,True,False,accepted,0.017139038491255476,0.034999999999999996,False
P4,Restricted rollout-only,restricted_learned,20261001,20260901,20261001,0.6299999999999999,0.36965620517730713,0.3539620181344406,0.367,0.3439,0.396025,0.05212500000000003,identifiable,2.3283029041072746e-05,0.0020858117281550305,True,True,True,True,False,accepted,0.015694187042866514,0.034999999999999996,False
P4,Restricted rollout-only,restricted_learned,20261001,20260901,20261001,0.7,0.3721526861190796,0.357690580326136,0.354,0.33797499999999997,0.428175,0.0902,weakly identifiable / abstain,2.8690076660569875e-05,0.0041758638305439385,True,True,True,False,True,resampling interval exceeds resolution threshold,0.014462105792943603,0.034999999999999996,False
P1,Full identifiability-aware,restricted_learned,20261002,20260901,20261002,-0.7,0.25319018959999084,0.242309419673864,0.22299999999999998,0.180875,0.25717499999999993,0.07629999999999992,identifiable,3.994372954162628e-05,0.0023009945213233185,True,True,True,True,False,accepted,0.010880769926126854,0.034999999999999996,False
P1,Full identifiability-aware,restricted_learned,20261002,20260901,20261002,-0.63,0.25434213876724243,0.24603798186555936,0.255,0.186975,0.275075,0.08810000000000001,identifiable,0.0001521662442242084,0.002814067601410951,True,True,True,True,False,accepted,0.008304156901683069,0.034999999999999996,False
P1,Full identifiability-aware,restricted_learned,20261002,20260901,20261002,-0.5599999999999999,0.25602638721466064,0.2502527803659503,0.316,0.209925,0.37342499999999984,0.16349999999999984,weakly identifiable / abstain,0.000502283957996126,0.004015197362055056,True,True,True,False,True,resampling interval exceeds resolution threshold,0.0057736068487103664,0.034999999999999996,False
P1,Full identifiability-aware,restricted_learned,20261002,20260901,20261002,-0.49,0.2583858072757721,0.25497172592556155,0.214,0.17195,0.2633249999999999,0.09137499999999993,weakly identifiable / abstain,0.00010628485029122621,0.002652867876827601,True,True,True,False,True,resampling interval exceeds resolution threshold,0.0034140813502105405,0.034999999999999996,False
P1,Full identifiability-aware,restricted_learned,20261002,20260901,20261002,-0.42,0.2615884840488434,0.2601986963955687,0.252,0.19490000000000002,0.28427499999999994,0.08937499999999993,identifiable,1.536484664669042e-05,0.002699311391056441,True,True,True,True,False,accepted,0.0013897876532746878,0.034999999999999996,False
P1,Full identifiability-aware,restricted_learned,20261002,20260901,20261002,-0.35,0.26582077145576477,0.2659199739596349,0.22699999999999998,0.189975,0.27005,0.08007500000000001,identifiable,0.00010072893965562218,0.0021571610748129114,True,True,True,True,False,accepted,9.920250387013274e-05,0.034999999999999996,False
P1,Full identifiability-aware,restricted_learned,20261002,20260901,20261002,-0.28,0.27126815915107727,0.27210140271960986,0.27,0.22497499999999998,0.303025,0.07805000000000001,identifiable,1.9851381840578497e-06,0.0021537188063661494,True,True,True,True,False,accepted,0.0008332435685325934,0.034999999999999996,False
P1,Full identifiability-aware,restricted_learned,20261002,20260901,20261002,-0.21000000000000002,0.2780786156654358,0.27868686984294644,0.254,0.222,0.28902500000000003,0.06702500000000003,identifiable,6.234011874898038e-05,0.002018085504264781,True,True,True,True,False,accepted,0.0006082541775106476,0.034999999999999996,False
P1,Full identifiability-aware,restricted_learned,20261002,20260901,20261002,-0.14,0.28630536794662476,0.2855986599633792,0.29400000000000004,0.246975,0.33199999999999996,0.08502499999999996,identifiable,0.00011956707508050865,0.0021366897362879063,True,True,True,True,False,accepted,0.0007067079832455692,0.034999999999999996,False
P1,Full identifiability-aware,restricted_learned,20261002,20260901,20261002,-0.07000000000000006,0.2958393096923828,0.2927400288856012,0.299,0.24795,0.32904999999999995,0.08109999999999995,identifiable,3.935714477830683e-05,0.0025689161595566514,True,True,True,True,False,accepted,0.0030992808067816235,0.034999999999999996,False
P1,Full identifiability-aware,restricted_learned,20261002,20260901,20261002,0.0,0.30635857582092285,0.3,0.318,0.26695,0.3482249999999999,0.08127499999999988,identifiable,5.526551328632901e-05,0.002499066004878754,True,True,True,True,False,accepted,0.006358575820922863,0.034999999999999996,False
P1,Full identifiability-aware,restricted_learned,20261002,20260901,20261002,0.06999999999999995,0.3173378109931946,0.3072599711143988,0.317,0.26495,0.352,0.08704999999999996,identifiable,6.215483958076219e-05,0.0026136155540043117,True,True,True,True,False,accepted,0.010077839878795791,0.034999999999999996,False
P1,Full identifiability-aware,restricted_learned,20261002,20260901,20261002,0.1399999999999999,0.32814085483551025,0.3144013400366208,0.32699999999999996,0.274975,0.349025,0.07404999999999995,identifiable,0.00010723762339294487,0.002472965365203452,True,True,True,True,False,accepted,0.013739514798889463,0.034999999999999996,False
P1,Full identifiability-aware,restricted_learned,20261002,20260901,20261002,0.20999999999999996,0.3381683826446533,0.32131313015705354,0.346,0.27387500000000004,0.358075,0.08419999999999994,identifiable,5.489347331128587e-05,0.00314043673721036,True,True,True,True,False,accepted,0.01685525248759978,0.034999999999999996,False
P1,Full identifiability-aware,restricted_learned,20261002,20260901,20261002,0.2799999999999999,0.3469890356063843,0.3278985972803901,0.33699999999999997,0.28400000000000003,0.366075,0.08207499999999995,identifiable,6.072473912008115e-05,0.0023783118517428994,True,True,True,True,False,accepted,0.019090438325994163,0.034999999999999996,False
P1,Full identifiability-aware,restricted_learned,20261002,20260901,20261002,0.34999999999999987,0.35439473390579224,0.334080026040365,0.364,0.2998,0.40705,0.10725000000000001,weakly identifiable / abstain,0.0001529259312441132,0.0031366871338458524,True,True,True,False,True,resampling interval exceeds resolution threshold,0.020314707865427217,0.034999999999999996,False
P1,Full identifiability-aware,restricted_learned,20261002,20260901,20261002,0.41999999999999993,0.36037611961364746,0.3398013036044313,0.33199999999999996,0.313,0.3721,0.059099999999999986,identifiable,5.6865023233463925e-05,0.002378467450285317,True,True,True,True,False,accepted,0.02057481600921618,0.034999999999999996,False
P1,Full identifiability-aware,restricted_learned,20261002,20260901,20261002,0.49,0.3650559186935425,0.3450282740744384,0.351,0.308975,0.3681499999999999,0.05917499999999992,identifiable,4.8471620427977844e-05,0.0020095030725731282,True,True,True,True,False,accepted,0.020027644619104057,0.034999999999999996,False
P1,Full identifiability-aware,restricted_learned,20261002,20260901,20261002,0.5599999999999998,0.3686203360557556,0.3497472196340497,0.34199999999999997,0.316,0.380025,0.064025,identifiable,6.097455919808174e-05,0.002193630490840619,True,True,True,True,False,accepted,0.018873116421705916,0.034999999999999996,False
P1,Full identifiability-aware,restricted_learned,20261002,20260901,20261002,0.6299999999999999,0.3712693154811859,0.3539620181344406,0.367,0.3439,0.396025,0.05212500000000003,identifiable,2.4054882063259365e-05,0.0020858117281550305,True,True,True,True,False,accepted,0.0173072973467453,0.034999999999999996,False
P1,Full identifiability-aware,restricted_learned,20261002,20260901,20261002,0.7,0.37318843603134155,0.357690580326136,0.354,0.33797499999999997,0.428175,0.0902,weakly identifiable / abstain,3.121141667991455e-05,0.0041758638305439385,True,True,True,False,True,resampling interval exceeds resolution threshold,0.015497855705205565,0.034999999999999996,False
P2,Profile initialization only,restricted_learned,20261002,20260901,20261002,-0.7,0.23138712346553802,0.242309419673864,0.22299999999999998,0.180875,0.25717499999999993,0.07629999999999992,identifiable,6.681768097884869e-06,0.0023009945213233185,True,True,True,True,False,accepted,0.010922296208325966,0.034999999999999996,False
P2,Profile initialization only,restricted_learned,20261002,20260901,20261002,-0.63,0.23559629917144775,0.24603798186555936,0.255,0.186975,0.275075,0.08810000000000001,identifiable,0.00016735913615577384,0.002814067601410951,True,True,True,True,False,accepted,0.01044168269411161,0.034999999999999996,False
P2,Profile initialization only,restricted_learned,20261002,20260901,20261002,-0.5599999999999999,0.24058744311332703,0.2502527803659503,0.316,0.209925,0.37342499999999984,0.16349999999999984,weakly identifiable / abstain,0.0005767917094411987,0.004015197362055056,True,True,True,False,True,resampling interval exceeds resolution threshold,0.009665337252623252,0.034999999999999996,False
P2,Profile initialization only,restricted_learned,20261002,20260901,20261002,-0.49,0.24644896388053894,0.25497172592556155,0.214,0.17195,0.2633249999999999,0.09137499999999993,weakly identifiable / abstain,6.793879072435951e-05,0.002652867876827601,True,True,True,False,True,resampling interval exceeds resolution threshold,0.008522762045022614,0.034999999999999996,False
P2,Profile initialization only,restricted_learned,20261002,20260901,20261002,-0.42,0.2532445788383484,0.2601986963955687,0.252,0.19490000000000002,0.28427499999999994,0.08937499999999993,identifiable,1.157396618472245e-05,0.002699311391056441,True,True,True,True,False,accepted,0.006954117557220307,0.034999999999999996,False
P2,Profile initialization only,restricted_learned,20261002,20260901,20261002,-0.35,0.26099348068237305,0.2659199739596349,0.22699999999999998,0.189975,0.27005,0.08007500000000001,identifiable,8.479014122201486e-05,0.0021571610748129114,True,True,True,True,False,accepted,0.004926493277261856,0.034999999999999996,False
P2,Profile initialization only,restricted_learned,20261002,20260901,20261002,-0.28,0.26965034008026123,0.27210140271960986,0.27,0.22497499999999998,0.303025,0.07805000000000001,identifiable,1.8615405866702713e-06,0.0021537188063661494,True,True,True,True,False,accepted,0.0024510626393486334,0.034999999999999996,False
P2,Profile initialization only,restricted_learned,20261002,20260901,20261002,-0.21000000000000002,0.2790897488594055,0.27868686984294644,0.254,0.222,0.28902500000000003,0.06702500000000003,identifiable,6.4790536639156e-05,0.002018085504264781,True,True,True,True,False,accepted,0.000402879016459079,0.034999999999999996,False
P2,Profile initialization only,restricted_learned,20261002,20260901,20261002,-0.14,0.28910383582115173,0.2855986599633792,0.29400000000000004,0.246975,0.33199999999999996,0.08502499999999996,identifiable,0.00011778912101503356,0.0021366897362879063,True,True,True,True,False,accepted,0.0035051758577725467,0.034999999999999996,False
P2,Profile initialization only,restricted_learned,20261002,20260901,20261002,-0.07000000000000006,0.29941749572753906,0.2927400288856012,0.299,0.24795,0.32904999999999995,0.08109999999999995,identifiable,3.8931346041938434e-05,0.0025689161595566514,True,True,True,True,False,accepted,0.0066774668419378735,0.034999999999999996,False
P2,Profile initialization only,restricted_learned,20261002,20260901,20261002,0.0,0.3097211718559265,0.3,0.318,0.26695,0.3482249999999999,0.08127499999999988,identifiable,5.1864584560344835e-05,0.002499066004878754,True,True,True,True,False,accepted,0.009721171855926525,0.034999999999999996,False
P2,Profile initialization only,restricted_learned,20261002,20260901,20261002,0.06999999999999995,0.3197127878665924,0.3072599711143988,0.317,0.26495,0.352,0.08704999999999996,identifiable,6.269088207548181e-05,0.0026136155540043117,True,True,True,True,False,accepted,0.012452816752193618,0.034999999999999996,False
P2,Profile initialization only,restricted_learned,20261002,20260901,20261002,0.1399999999999999,0.32913678884506226,0.3144013400366208,0.32699999999999996,0.274975,0.349025,0.07404999999999995,identifiable,0.00010738803914466858,0.002472965365203452,True,True,True,True,False,accepted,0.014735448808441465,0.034999999999999996,False
P2,Profile initialization only,restricted_learned,20261002,20260901,20261002,0.20999999999999996,0.33780938386917114,0.32131313015705354,0.346,0.27387500000000004,0.358075,0.08419999999999994,identifiable,5.5238715609803337e-05,0.00314043673721036,True,True,True,True,False,accepted,0.016496253712117603,0.034999999999999996,False
P2,Profile initialization only,restricted_learned,20261002,20260901,20261002,0.2799999999999999,0.34562599658966064,0.3278985972803901,0.33699999999999997,0.28400000000000003,0.366075,0.08207499999999995,identifiable,5.916668212824562e-05,0.0023783118517428994,True,True,True,True,False,accepted,0.01772739930927053,0.034999999999999996,False
P2,Profile initialization only,restricted_learned,20261002,20260901,20261002,0.34999999999999987,0.35255366563796997,0.334080026040365,0.364,0.2998,0.40705,0.10725000000000001,weakly identifiable / abstain,0.0001553242280634042,0.0031366871338458524,True,True,True,False,True,resampling interval exceeds resolution threshold,0.01847363959760495,0.034999999999999996,False
P2,Profile initialization only,restricted_learned,20261002,20260901,20261002,0.41999999999999993,0.3586149215698242,0.3398013036044313,0.33199999999999996,0.313,0.3721,0.059099999999999986,identifiable,5.062394986386104e-05,0.002378467450285317,True,True,True,True,False,accepted,0.018813617965392937,0.034999999999999996,False
P2,Profile initialization only,restricted_learned,20261002,20260901,20261002,0.49,0.3638686537742615,0.3450282740744384,0.351,0.308975,0.3681499999999999,0.05917499999999992,identifiable,4.630339991202689e-05,0.0020095030725731282,True,True,True,True,False,accepted,0.01884037969982305,0.034999999999999996,False
P2,Profile initialization only,restricted_learned,20261002,20260901,20261002,0.5599999999999998,0.36839407682418823,0.3497472196340497,0.34199999999999997,0.316,0.380025,0.064025,identifiable,6.0175261086109606e-05,0.002193630490840619,True,True,True,True,False,accepted,0.018646857190138533,0.034999999999999996,False
P2,Profile initialization only,restricted_learned,20261002,20260901,20261002,0.6299999999999999,0.37227770686149597,0.3539620181344406,0.367,0.3439,0.396025,0.05212500000000003,identifiable,2.4723117460338297e-05,0.0020858117281550305,True,True,True,True,False,accepted,0.018315688727055357,0.034999999999999996,False
P2,Profile initialization only,restricted_learned,20261002,20260901,20261002,0.7,0.37560492753982544,0.357690580326136,0.354,0.33797499999999997,0.428175,0.0902,weakly identifiable / abstain,3.7640969888846474e-05,0.0041758638305439385,True,True,True,False,True,resampling interval exceeds resolution threshold,0.017914347213689452,0.034999999999999996,False
P3,Anchor loss only,restricted_learned,20261002,20260901,20261002,-0.7,0.25029850006103516,0.242309419673864,0.22299999999999998,0.180875,0.25717499999999993,0.07629999999999992,identifiable,3.3414541958240976e-05,0.0023009945213233185,True,True,True,True,False,accepted,0.007989080387171166,0.034999999999999996,False
P3,Anchor loss only,restricted_learned,20261002,20260901,20261002,-0.63,0.25329920649528503,0.24603798186555936,0.255,0.186975,0.275075,0.08810000000000001,identifiable,0.00015222883598276817,0.002814067601410951,True,True,True,True,False,accepted,0.007261224629725671,0.034999999999999996,False
P3,Anchor loss only,restricted_learned,20261002,20260901,20261002,-0.5599999999999999,0.2568416893482208,0.2502527803659503,0.316,0.209925,0.37342499999999984,0.16349999999999984,weakly identifiable / abstain,0.0004988388400688432,0.004015197362055056,True,True,True,False,True,resampling interval exceeds resolution threshold,0.006588908982270547,0.034999999999999996,False
P3,Anchor loss only,restricted_learned,20261002,20260901,20261002,-0.49,0.26099893450737,0.25497172592556155,0.214,0.17195,0.2633249999999999,0.09137499999999993,weakly identifiable / abstain,0.00011622163993657394,0.002652867876827601,True,True,True,False,True,resampling interval exceeds resolution threshold,0.006027208581808441,0.034999999999999996,False
P3,Anchor loss only,restricted_learned,20261002,20260901,20261002,-0.42,0.2658374011516571,0.2601986963955687,0.252,0.19490000000000002,0.28427499999999994,0.08937499999999993,identifiable,1.974182876283477e-05,0.002699311391056441,True,True,True,True,False,accepted,0.0056387047560884085,0.034999999999999996,False
P3,Anchor loss only,restricted_learned,20261002,20260901,20261002,-0.35,0.2714064121246338,0.2659199739596349,0.22699999999999998,0.189975,0.27005,0.08007500000000001,identifiable,0.00012172909983487083,0.0021571610748129114,False,True,True,False,True,neural delay outside resampling minimizer interval,0.005486438164998886,0.034999999999999996,False
P3,Anchor loss only,restricted_learned,20261002,20260901,20261002,-0.28,0.2777249217033386,0.27210140271960986,0.27,0.22497499999999998,0.303025,0.07805000000000001,identifiable,5.126903213081294e-06,0.0021537188063661494,True,True,True,True,False,accepted,0.005623518983728759,0.034999999999999996,False
P3,Anchor loss only,restricted_learned,20261002,20260901,20261002,-0.21000000000000002,0.2847664952278137,0.27868686984294644,0.254,0.222,0.28902500000000003,0.06702500000000003,identifiable,8.043416862591154e-05,0.002018085504264781,True,True,True,True,False,accepted,0.006079625384867282,0.034999999999999996,False
P3,Anchor loss only,restricted_learned,20261002,20260901,20261002,-0.14,0.2924474775791168,0.2855986599633792,0.29400000000000004,0.246975,0.33199999999999996,0.08502499999999996,identifiable,0.00011665055907294411,0.0021366897362879063,True,True,True,True,False,accepted,0.006848817615737635,0.034999999999999996,False
P3,Anchor loss only,restricted_learned,20261002,20260901,20261002,-0.07000000000000006,0.3006221055984497,0.2927400288856012,0.299,0.24795,0.32904999999999995,0.08109999999999995,identifiable,3.909343618216403e-05,0.0025689161595566514,True,True,True,True,False,accepted,0.007882076712848518,0.034999999999999996,False
P3,Anchor loss only,restricted_learned,20261002,20260901,20261002,0.0,0.3090904951095581,0.3,0.318,0.26695,0.3482249999999999,0.08127499999999988,identifiable,5.240558130867792e-05,0.002499066004878754,True,True,True,True,False,accepted,0.009090495109558117,0.034999999999999996,False
P3,Anchor loss only,restricted_learned,20261002,20260901,20261002,0.06999999999999995,0.3176196813583374,0.3072599711143988,0.317,0.26495,0.352,0.08704999999999996,identifiable,6.218536181645027e-05,0.0026136155540043117,True,True,True,True,False,accepted,0.010359710243938614,0.034999999999999996,False
P3,Anchor loss only,restricted_learned,20261002,20260901,20261002,0.1399999999999999,0.3259739279747009,0.3144013400366208,0.32699999999999996,0.274975,0.349025,0.07404999999999995,identifiable,0.0001072928232929663,0.002472965365203452,True,True,True,True,False,accepted,0.011572587938080137,0.034999999999999996,False
P3,Anchor loss only,restricted_learned,20261002,20260901,20261002,0.20999999999999996,0.33394503593444824,0.32131313015705354,0.346,0.27387500000000004,0.358075,0.08419999999999994,identifiable,5.993869787812891e-05,0.00314043673721036,True,True,True,True,False,accepted,0.012631905777394703,0.034999999999999996,False
P3,Anchor loss only,restricted_learned,20261002,20260901,20261002,0.2799999999999999,0.3413749933242798,0.3278985972803901,0.33699999999999997,0.28400000000000003,0.366075,0.08207499999999995,identifiable,5.573332608636099e-05,0.0023783118517428994,True,True,True,True,False,accepted,0.013476396043889671,0.034999999999999996,False
P3,Anchor loss only,restricted_learned,20261002,20260901,20261002,0.34999999999999987,0.34816476702690125,0.334080026040365,0.364,0.2998,0.40705,0.10725000000000001,weakly identifiable / abstain,0.0001627230755396162,0.0031366871338458524,True,True,True,False,True,resampling interval exceeds resolution threshold,0.014084740986536226,0.034999999999999996,False
P3,Anchor loss only,restricted_learned,20261002,20260901,20261002,0.41999999999999993,0.3542715311050415,0.3398013036044313,0.33199999999999996,0.313,0.3721,0.059099999999999986,identifiable,3.6936755771222264e-05,0.002378467450285317,True,True,True,True,False,accepted,0.014470227500610222,0.034999999999999996,False
P3,Anchor loss only,restricted_learned,20261002,20260901,20261002,0.49,0.35969769954681396,0.3450282740744384,0.351,0.308975,0.3681499999999999,0.05917499999999992,identifiable,4.0173724338877706e-05,0.0020095030725731282,True,True,True,True,False,accepted,0.014669425472375541,0.034999999999999996,False
P3,Anchor loss only,restricted_learned,20261002,20260901,20261002,0.5599999999999998,0.3644771873950958,0.3497472196340497,0.34199999999999997,0.316,0.380025,0.064025,identifiable,4.738744938585032e-05,0.002193630490840619,True,True,True,True,False,accepted,0.014729967761046125,0.034999999999999996,False
P3,Anchor loss only,restricted_learned,20261002,20260901,20261002,0.6299999999999999,0.3686625361442566,0.3539620181344406,0.367,0.3439,0.396025,0.05212500000000003,identifiable,2.298692087598203e-05,0.0020858117281550305,True,True,True,True,False,accepted,0.014700518009815977,0.034999999999999996,False
P3,Anchor loss only,restricted_learned,20261002,20260901,20261002,0.7,0.372314989566803,0.357690580326136,0.354,0.33797499999999997,0.428175,0.0902,weakly identifiable / abstain,2.9081312963232256e-05,0.0041758638305439385,True,True,True,False,True,resampling interval exceeds resolution threshold,0.014624409240666991,0.034999999999999996,False
P4,Restricted rollout-only,restricted_learned,20261002,20260901,20261002,-0.7,0.2295655906200409,0.242309419673864,0.22299999999999998,0.180875,0.25717499999999993,0.07629999999999992,identifiable,5.579594440828184e-06,0.0023009945213233185,True,True,True,True,False,accepted,0.012743829053823097,0.034999999999999996,False
P4,Restricted rollout-only,restricted_learned,20261002,20260901,20261002,-0.63,0.23449644446372986,0.24603798186555936,0.255,0.186975,0.275075,0.08810000000000001,identifiable,0.0001691793667985824,0.002814067601410951,True,True,True,True,False,accepted,0.011541537401829505,0.034999999999999996,False
P4,Restricted rollout-only,restricted_learned,20261002,20260901,20261002,-0.5599999999999999,0.24020200967788696,0.2502527803659503,0.316,0.209925,0.37342499999999984,0.16349999999999984,weakly identifiable / abstain,0.0005788725640019201,0.004015197362055056,True,True,True,False,True,resampling interval exceeds resolution threshold,0.010050770688063315,0.034999999999999996,False
P4,Restricted rollout-only,restricted_learned,20261002,20260901,20261002,-0.49,0.24672983586788177,0.25497172592556155,0.214,0.17195,0.2633249999999999,0.09137499999999993,weakly identifiable / abstain,6.870484475577611e-05,0.002652867876827601,True,True,True,False,True,resampling interval exceeds resolution threshold,0.00824189005767978,0.034999999999999996,False
P4,Restricted rollout-only,restricted_learned,20261002,20260901,20261002,-0.42,0.25409141182899475,0.2601986963955687,0.252,0.19490000000000002,0.28427499999999994,0.08937499999999993,identifiable,1.1661838481972279e-05,0.002699311391056441,True,True,True,True,False,accepted,0.006107284566573945,0.034999999999999996,False
P4,Restricted rollout-only,restricted_learned,20261002,20260901,20261002,-0.35,0.2622482478618622,0.2659199739596349,0.22699999999999998,0.189975,0.27005,0.08007500000000001,identifiable,8.874161323026512e-05,0.0021571610748129114,True,True,True,True,False,accepted,0.0036717260977727206,0.034999999999999996,False
P4,Restricted rollout-only,restricted_learned,20261002,20260901,20261002,-0.28,0.27110230922698975,0.27210140271960986,0.27,0.22497499999999998,0.303025,0.07805000000000001,identifiable,1.9547822318611084e-06,0.0021537188063661494,True,True,True,True,False,accepted,0.0009990934926201178,0.034999999999999996,False
P4,Restricted rollout-only,restricted_learned,20261002,20260901,20261002,-0.21000000000000002,0.280495285987854,0.27868686984294644,0.254,0.222,0.28902500000000003,0.06702500000000003,identifiable,6.837326990299383e-05,0.002018085504264781,True,True,True,True,False,accepted,0.0018084161449075653,0.034999999999999996,False
P4,Restricted rollout-only,restricted_learned,20261002,20260901,20261002,-0.14,0.29021936655044556,0.2855986599633792,0.29400000000000004,0.246975,0.33199999999999996,0.08502499999999996,identifiable,0.00011729305523904521,0.0021366897362879063,True,True,True,True,False,accepted,0.00462070658706637,0.034999999999999996,False
P4,Restricted rollout-only,restricted_learned,20261002,20260901,20261002,-0.07000000000000006,0.30003881454467773,0.2927400288856012,0.299,0.24795,0.32904999999999995,0.08109999999999995,identifiable,3.8984845876284596e-05,0.0025689161595566514,True,True,True,True,False,accepted,0.007298785659076545,0.034999999999999996,False
P4,Restricted rollout-only,restricted_learned,20261002,20260901,20261002,0.0,0.3097173571586609,0.3,0.318,0.26695,0.3482249999999999,0.08127499999999988,identifiable,5.1867856821179663e-05,0.002499066004878754,True,True,True,True,False,accepted,0.0097173571586609,0.034999999999999996,False
P4,Restricted rollout-only,restricted_learned,20261002,20260901,20261002,0.06999999999999995,0.31904470920562744,0.3072599711143988,0.317,0.26495,0.352,0.08704999999999996,identifiable,6.246495031288069e-05,0.0026136155540043117,True,True,True,True,False,accepted,0.011784738091228653,0.034999999999999996,False
P4,Restricted rollout-only,restricted_learned,20261002,20260901,20261002,0.1399999999999999,0.32785534858703613,0.3144013400366208,0.32699999999999996,0.274975,0.349025,0.07404999999999995,identifiable,0.00010721532596039477,0.002472965365203452,True,True,True,True,False,accepted,0.013454008550415342,0.034999999999999996,False
P4,Restricted rollout-only,restricted_learned,20261002,20260901,20261002,0.20999999999999996,0.33603715896606445,0.32131313015705354,0.346,0.27387500000000004,0.358075,0.08419999999999994,identifiable,5.716258850633508e-05,0.00314043673721036,True,True,True,True,False,accepted,0.014724028809010914,0.034999999999999996,False
P4,Restricted rollout-only,restricted_learned,20261002,20260901,20261002,0.2799999999999999,0.3435300290584564,0.3278985972803901,0.33699999999999997,0.28400000000000003,0.366075,0.08207499999999995,identifiable,5.719649438394735e-05,0.0023783118517428994,True,True,True,True,False,accepted,0.015631431778066307,0.034999999999999996,False
P4,Restricted rollout-only,restricted_learned,20261002,20260901,20261002,0.34999999999999987,0.350318044424057,0.334080026040365,0.364,0.2998,0.40705,0.10725000000000001,weakly identifiable / abstain,0.00015879679226448246,0.0031366871338458524,True,True,True,False,True,resampling interval exceeds resolution threshold,0.016238018383691988,0.034999999999999996,False
P4,Restricted rollout-only,restricted_learned,20261002,20260901,20261002,0.41999999999999993,0.3564184904098511,0.3398013036044313,0.33199999999999996,0.313,0.3721,0.059099999999999986,identifiable,4.3400048014884e-05,0.002378467450285317,True,True,True,True,False,accepted,0.016617186805419792,0.034999999999999996,False
P4,Restricted rollout-only,restricted_learned,20261002,20260901,20261002,0.49,0.36187073588371277,0.3450282740744384,0.351,0.308975,0.3681499999999999,0.05917499999999992,identifiable,4.307320759427985e-05,0.0020095030725731282,True,True,True,True,False,accepted,0.016842461809274345,0.034999999999999996,False
P4,Restricted rollout-only,restricted_learned,20261002,20260901,20261002,0.5599999999999998,0.36672696471214294,0.3497472196340497,0.34199999999999997,0.316,0.380025,0.064025,identifiable,5.448624430661008e-05,0.002193630490840619,True,True,True,True,False,accepted,0.016979745078093245,0.034999999999999996,False
P4,Restricted rollout-only,restricted_learned,20261002,20260901,20261002,0.6299999999999999,0.37104472517967224,0.3539620181344406,0.367,0.3439,0.396025,0.05212500000000003,identifiable,2.3914663270548973e-05,0.0020858117281550305,True,True,True,True,False,accepted,0.017082707045231627,0.034999999999999996,False
P4,Restricted rollout-only,restricted_learned,20261002,20260901,20261002,0.7,0.37488219141960144,0.357690580326136,0.354,0.33797499999999997,0.428175,0.0902,weakly identifiable / abstain,3.5630962995998986e-05,0.0041758638305439385,True,True,True,False,True,resampling interval exceeds resolution threshold,0.017191611093465453,0.034999999999999996,False
P1,Full identifiability-aware,restricted_learned,20261003,20260901,20261003,-0.7,0.2575264573097229,0.242309419673864,0.22299999999999998,0.180875,0.25717499999999993,0.07629999999999992,identifiable,5.094776231061399e-05,0.0023009945213233185,False,True,True,False,True,neural delay outside resampling minimizer interval,0.01521703763585891,0.034999999999999996,False
P1,Full identifiability-aware,restricted_learned,20261003,20260901,20261003,-0.63,0.25808730721473694,0.24603798186555936,0.255,0.186975,0.275075,0.08810000000000001,identifiable,0.0001526884391196831,0.002814067601410951,True,True,True,True,False,accepted,0.012049325349177575,0.034999999999999996,False
P1,Full identifiability-aware,restricted_learned,20261003,20260901,20261003,-0.5599999999999999,0.2593008875846863,0.2502527803659503,0.316,0.209925,0.37342499999999984,0.16349999999999984,weakly identifiable / abstain,0.0004887320504462352,0.004015197362055056,True,True,True,False,True,resampling interval exceeds resolution threshold,0.009048107218736001,0.034999999999999996,False
P1,Full identifiability-aware,restricted_learned,20261003,20260901,20261003,-0.49,0.2613060474395752,0.25497172592556155,0.214,0.17195,0.2633249999999999,0.09137499999999993,weakly identifiable / abstain,0.0001174356329450004,0.002652867876827601,True,True,True,False,True,resampling interval exceeds resolution threshold,0.006334321514013641,0.034999999999999996,False
P1,Full identifiability-aware,restricted_learned,20261003,20260901,20261003,-0.42,0.2642676532268524,0.2601986963955687,0.252,0.19490000000000002,0.28427499999999994,0.08937499999999993,identifiable,1.7933476169493933e-05,0.002699311391056441,True,True,True,True,False,accepted,0.004068956831283721,0.034999999999999996,False
P1,Full identifiability-aware,restricted_learned,20261003,20260901,20261003,-0.35,0.2683708369731903,0.2659199739596349,0.22699999999999998,0.189975,0.27005,0.08007500000000001,identifiable,0.00010997821824704438,0.0021571610748129114,True,True,True,True,False,accepted,0.0024508630135554044,0.034999999999999996,False
P1,Full identifiability-aware,restricted_learned,20261003,20260901,20261003,-0.28,0.27380019426345825,0.27210140271960986,0.27,0.22497499999999998,0.303025,0.07805000000000001,identifiable,2.7122581956588853e-06,0.0021537188063661494,True,True,True,True,False,accepted,0.001698791543848388,0.034999999999999996,False
P1,Full identifiability-aware,restricted_learned,20261003,20260901,20261003,-0.21000000000000002,0.2806932032108307,0.27868686984294644,0.254,0.222,0.28902500000000003,0.06702500000000003,identifiable,6.889049321920624e-05,0.002018085504264781,True,True,True,True,False,accepted,0.00200633336788425,0.034999999999999996,False
P1,Full identifiability-aware,restricted_learned,20261003,20260901,20261003,-0.14,0.2890641987323761,0.2855986599633792,0.29400000000000004,0.246975,0.33199999999999996,0.08502499999999996,identifiable,0.00011780748443043035,0.0021366897362879063,True,True,True,True,False,accepted,0.003465538768996912,0.034999999999999996,False
P1,Full identifiability-aware,restricted_learned,20261003,20260901,20261003,-0.07000000000000006,0.29871469736099243,0.2927400288856012,0.299,0.24795,0.32904999999999995,0.08109999999999995,identifiable,3.890599265051244e-05,0.0025689161595566514,True,True,True,True,False,accepted,0.005974668475391243,0.034999999999999996,False
P1,Full identifiability-aware,restricted_learned,20261003,20260901,20261003,0.0,0.3091825842857361,0.3,0.318,0.26695,0.3482249999999999,0.08127499999999988,identifiable,5.2326586886962145e-05,0.002499066004878754,True,True,True,True,False,accepted,0.009182584285736095,0.034999999999999996,False
P1,Full identifiability-aware,restricted_learned,20261003,20260901,20261003,0.06999999999999995,0.3197968006134033,0.3072599711143988,0.317,0.26495,0.352,0.08704999999999996,identifiable,6.271929362202117e-05,0.0026136155540043117,True,True,True,True,False,accepted,0.012536829499004531,0.034999999999999996,False
P1,Full identifiability-aware,restricted_learned,20261003,20260901,20261003,0.1399999999999999,0.32984858751296997,0.3144013400366208,0.32699999999999996,0.274975,0.349025,0.07404999999999995,identifiable,0.0001075650291566485,0.002472965365203452,True,True,True,True,False,accepted,0.01544724747634918,0.034999999999999996,False
P1,Full identifiability-aware,restricted_learned,20261003,20260901,20261003,0.20999999999999996,0.3387894034385681,0.32131313015705354,0.346,0.27387500000000004,0.358075,0.08419999999999994,identifiable,5.433658254261274e-05,0.00314043673721036,True,True,True,True,False,accepted,0.017476273281514576,0.034999999999999996,False
P1,Full identifiability-aware,restricted_learned,20261003,20260901,20261003,0.2799999999999999,0.3463388979434967,0.3278985972803901,0.33699999999999997,0.28400000000000003,0.366075,0.08207499999999995,identifiable,5.995965661973232e-05,0.0023783118517428994,True,True,True,True,False,accepted,0.01844030066310659,0.034999999999999996,False
P1,Full identifiability-aware,restricted_learned,20261003,20260901,20261003,0.34999999999999987,0.35246652364730835,0.334080026040365,0.364,0.2998,0.40705,0.10725000000000001,weakly identifiable / abstain,0.00015544819725223246,0.0031366871338458524,True,True,True,False,True,resampling interval exceeds resolution threshold,0.01838649760694333,0.034999999999999996,False
P1,Full identifiability-aware,restricted_learned,20261003,20260901,20261003,0.41999999999999993,0.357302188873291,0.3398013036044313,0.33199999999999996,0.313,0.3721,0.059099999999999986,identifiable,4.6229827474675484e-05,0.002378467450285317,True,True,True,True,False,accepted,0.017500885268859734,0.034999999999999996,False
P1,Full identifiability-aware,restricted_learned,20261003,20260901,20261003,0.49,0.3610445559024811,0.3450282740744384,0.351,0.308975,0.3681499999999999,0.05917499999999992,identifiable,4.1889019534505996e-05,0.0020095030725731282,True,True,True,True,False,accepted,0.016016281828042656,0.034999999999999996,False
P1,Full identifiability-aware,restricted_learned,20261003,20260901,20261003,0.5599999999999998,0.3638991117477417,0.3497472196340497,0.34199999999999997,0.316,0.380025,0.064025,identifiable,4.565848734121855e-05,0.002193630490840619,True,True,True,True,False,accepted,0.014151892113692,0.034999999999999996,False
P1,Full identifiability-aware,restricted_learned,20261003,20260901,20261003,0.6299999999999999,0.3660488724708557,0.3539620181344406,0.367,0.3439,0.396025,0.05212500000000003,identifiable,2.285506651022342e-05,0.0020858117281550305,True,True,True,True,False,accepted,0.012086854336415098,0.034999999999999996,False
P1,Full identifiability-aware,restricted_learned,20261003,20260901,20261003,0.7,0.3676448464393616,0.357690580326136,0.354,0.33797499999999997,0.428175,0.0902,weakly identifiable / abstain,1.9367298814994486e-05,0.0041758638305439385,True,True,True,False,True,resampling interval exceeds resolution threshold,0.009954266113225585,0.034999999999999996,False
P2,Profile initialization only,restricted_learned,20261003,20260901,20261003,-0.7,0.24773257970809937,0.242309419673864,0.22299999999999998,0.180875,0.25717499999999993,0.07629999999999992,identifiable,2.815890984013799e-05,0.0023009945213233185,True,True,True,True,False,accepted,0.005423160034235375,0.034999999999999996,False
P2,Profile initialization only,restricted_learned,20261003,20260901,20261003,-0.63,0.25100812315940857,0.24603798186555936,0.255,0.186975,0.275075,0.08810000000000001,identifiable,0.0001526815842025526,0.002814067601410951,True,True,True,True,False,accepted,0.004970141293849206,0.034999999999999996,False
P2,Profile initialization only,restricted_learned,20261003,20260901,20261003,-0.5599999999999999,0.2552292048931122,0.2502527803659503,0.316,0.209925,0.37342499999999984,0.16349999999999984,weakly identifiable / abstain,0.0005057087937081824,0.004015197362055056,True,True,True,False,True,resampling interval exceeds resolution threshold,0.0049764245271619045,0.034999999999999996,False
P2,Profile initialization only,restricted_learned,20261003,20260901,20261003,-0.49,0.26048630475997925,0.25497172592556155,0.214,0.17195,0.2633249999999999,0.09137499999999993,weakly identifiable / abstain,0.0001142367461443822,0.002652867876827601,True,True,True,False,True,resampling interval exceeds resolution threshold,0.005514578834417694,0.034999999999999996,False
P2,Profile initialization only,restricted_learned,20261003,20260901,20261003,-0.42,0.2668212354183197,0.2601986963955687,0.252,0.19490000000000002,0.28427499999999994,0.08937499999999993,identifiable,2.0992076751397005e-05,0.002699311391056441,True,True,True,True,False,accepted,0.006622539022751006,0.034999999999999996,False
P2,Profile initialization only,restricted_learned,20261003,20260901,20261003,-0.35,0.27419567108154297,0.2659199739596349,0.22699999999999998,0.189975,0.27005,0.08007500000000001,identifiable,0.0001332343331805755,0.0021571610748129114,False,True,True,False,True,neural delay outside resampling minimizer interval,0.008275697121908066,0.034999999999999996,False
P2,Profile initialization only,restricted_learned,20261003,20260901,20261003,-0.28,0.2824651002883911,0.27210140271960986,0.27,0.22497499999999998,0.303025,0.07805000000000001,identifiable,1.0116008477855168e-05,0.0021537188063661494,True,True,True,True,False,accepted,0.01036369756878125,0.034999999999999996,False
P2,Profile initialization only,restricted_learned,20261003,20260901,20261003,-0.21000000000000002,0.29137247800827026,0.27868686984294644,0.254,0.222,0.28902500000000003,0.06702500000000003,identifiable,0.00010264625377328867,0.002018085504264781,False,True,True,False,True,neural delay outside resampling minimizer interval,0.012685608165323825,0.034999999999999996,False
P2,Profile initialization only,restricted_learned,20261003,20260901,20261003,-0.14,0.30057287216186523,0.2855986599633792,0.29400000000000004,0.246975,0.33199999999999996,0.08502499999999996,identifiable,0.0001182577226214816,0.0021366897362879063,True,True,True,True,False,accepted,0.014974212198486048,0.034999999999999996,False
P2,Profile initialization only,restricted_learned,20261003,20260901,20261003,-0.07000000000000006,0.3096866011619568,0.2927400288856012,0.299,0.24795,0.32904999999999995,0.08109999999999995,identifiable,4.5268498804939885e-05,0.0025689161595566514,True,True,True,True,False,accepted,0.016946572276355598,0.034999999999999996,False
P2,Profile initialization only,restricted_learned,20261003,20260901,20261003,0.0,0.31836414337158203,0.3,0.318,0.26695,0.3482249999999999,0.08127499999999988,identifiable,4.85555508336512e-05,0.002499066004878754,True,True,True,True,False,accepted,0.018364143371582042,0.034999999999999996,False
P2,Profile initialization only,restricted_learned,20261003,20260901,20261003,0.06999999999999995,0.3263390064239502,0.3072599711143988,0.317,0.26495,0.352,0.08704999999999996,identifiable,6.761017874064147e-05,0.0026136155540043117,True,True,True,True,False,accepted,0.019079035309551406,0.034999999999999996,False
P2,Profile initialization only,restricted_learned,20261003,20260901,20261003,0.1399999999999999,0.333452045917511,0.3144013400366208,0.32699999999999996,0.274975,0.349025,0.07404999999999995,identifiable,0.00010934308051301237,0.002472965365203452,True,True,True,True,False,accepted,0.019050705880890195,0.034999999999999996,False
P2,Profile initialization only,restricted_learned,20261003,20260901,20261003,0.20999999999999996,0.33964645862579346,0.32131313015705354,0.346,0.27387500000000004,0.358075,0.08419999999999994,identifiable,5.3647030046692656e-05,0.00314043673721036,True,True,True,True,False,accepted,0.018333328468739918,0.034999999999999996,False
P2,Profile initialization only,restricted_learned,20261003,20260901,20261003,0.2799999999999999,0.34494340419769287,0.3278985972803901,0.33699999999999997,0.28400000000000003,0.366075,0.08207499999999995,identifiable,5.8454266755550727e-05,0.0023783118517428994,True,True,True,True,False,accepted,0.017044806917302757,0.034999999999999996,False
P2,Profile initialization only,restricted_learned,20261003,20260901,20261003,0.34999999999999987,0.349412739276886,0.334080026040365,0.364,0.2998,0.40705,0.10725000000000001,weakly identifiable / abstain,0.00016038119585895887,0.0031366871338458524,True,True,True,False,True,resampling interval exceeds resolution threshold,0.015332713236520967,0.034999999999999996,False
P2,Profile initialization only,restricted_learned,20261003,20260901,20261003,0.41999999999999993,0.35314738750457764,0.3398013036044313,0.33199999999999996,0.313,0.3721,0.059099999999999986,identifiable,3.378702122666858e-05,0.002378467450285317,True,True,True,True,False,accepted,0.013346083900146355,0.034999999999999996,False
P2,Profile initialization only,restricted_learned,20261003,20260901,20261003,0.49,0.35624587535858154,0.3450282740744384,0.351,0.308975,0.3681499999999999,0.05917499999999992,identifiable,3.685981252130636e-05,0.0020095030725731282,True,True,True,True,False,accepted,0.01121760128414312,0.034999999999999996,False
P2,Profile initialization only,restricted_learned,20261003,20260901,20261003,0.5599999999999998,0.35880202054977417,0.3497472196340497,0.34199999999999997,0.316,0.380025,0.064025,identifiable,3.239444991275047e-05,0.002193630490840619,True,True,True,True,False,accepted,0.00905480091572447,0.034999999999999996,False
P2,Profile initialization only,restricted_learned,20261003,20260901,20261003,0.6299999999999999,0.3609003722667694,0.3539620181344406,0.367,0.3439,0.396025,0.05212500000000003,identifiable,2.5424666254064542e-05,0.0020858117281550305,True,True,True,True,False,accepted,0.0069383541323287945,0.034999999999999996,False
P2,Profile initialization only,restricted_learned,20261003,20260901,20261003,0.7,0.36261463165283203,0.357690580326136,0.354,0.33797499999999997,0.428175,0.0902,weakly identifiable / abstain,1.2113295924585476e-05,0.0041758638305439385,True,True,True,False,True,resampling interval exceeds resolution threshold,0.004924051326696044,0.034999999999999996,False
P3,Anchor loss only,restricted_learned,20261003,20260901,20261003,-0.7,0.2545259892940521,0.242309419673864,0.22299999999999998,0.180875,0.25717499999999993,0.07629999999999992,identifiable,4.3182021440368125e-05,0.0023009945213233185,True,True,True,True,False,accepted,0.012216569620188134,0.034999999999999996,False
P3,Anchor loss only,restricted_learned,20261003,20260901,20261003,-0.63,0.2581828236579895,0.24603798186555936,0.255,0.186975,0.275075,0.08810000000000001,identifiable,0.00015272027814988134,0.002814067601410951,True,True,True,True,False,accepted,0.012144841792430139,0.034999999999999996,False
P3,Anchor loss only,restricted_learned,20261003,20260901,20261003,-0.5599999999999999,0.26229339838027954,0.2502527803659503,0.316,0.209925,0.37342499999999984,0.16349999999999984,weakly identifiable / abstain,0.0004770243496886273,0.004015197362055056,True,True,True,False,True,resampling interval exceeds resolution threshold,0.012040618014329263,0.034999999999999996,False
P3,Anchor loss only,restricted_learned,20261003,20260901,20261003,-0.49,0.2668805718421936,0.25497172592556155,0.214,0.17195,0.2633249999999999,0.09137499999999993,weakly identifiable / abstain,0.0001406401844413975,0.002652867876827601,False,True,True,False,True,resampling interval exceeds resolution threshold,0.01190884591663205,0.034999999999999996,False
P3,Anchor loss only,restricted_learned,20261003,20260901,20261003,-0.42,0.2719569206237793,0.2601986963955687,0.252,0.19490000000000002,0.28427499999999994,0.08937499999999993,identifiable,2.894259293317945e-05,0.002699311391056441,True,True,True,True,False,accepted,0.011758224228210601,0.034999999999999996,False
P3,Anchor loss only,restricted_learned,20261003,20260901,20261003,-0.35,0.27752020955085754,0.2659199739596349,0.22699999999999998,0.189975,0.27005,0.08007500000000001,identifiable,0.0001478439125224877,0.0021571610748129114,False,True,True,False,True,neural delay outside resampling minimizer interval,0.01160023559122264,0.034999999999999996,False
P3,Anchor loss only,restricted_learned,20261003,20260901,20261003,-0.28,0.2835482358932495,0.27210140271960986,0.27,0.22497499999999998,0.303025,0.07805000000000001,identifiable,1.1572826680598391e-05,0.0021537188063661494,True,True,True,True,False,accepted,0.011446833173639648,0.034999999999999996,False
P3,Anchor loss only,restricted_learned,20261003,20260901,20261003,-0.21000000000000002,0.2899946868419647,0.27868686984294644,0.254,0.222,0.28902500000000003,0.06702500000000003,identifiable,9.764800628529463e-05,0.002018085504264781,False,True,True,False,True,neural delay outside resampling minimizer interval,0.011307816999018283,0.034999999999999996,False
P3,Anchor loss only,restricted_learned,20261003,20260901,20261003,-0.14,0.2967870533466339,0.2855986599633792,0.29400000000000004,0.246975,0.33199999999999996,0.08502499999999996,identifiable,0.00011673266906979618,0.0021366897362879063,True,True,True,True,False,accepted,0.011188393383254724,0.034999999999999996,False
P3,Anchor loss only,restricted_learned,20261003,20260901,20261003,-0.07000000000000006,0.30382731556892395,0.2927400288856012,0.299,0.24795,0.32904999999999995,0.08109999999999995,identifiable,4.027438860540934e-05,0.0025689161595566514,True,True,True,True,False,accepted,0.011087286683322761,0.034999999999999996,False
P3,Anchor loss only,restricted_learned,20261003,20260901,20261003,0.0,0.3109974265098572,0.3,0.318,0.26695,0.3482249999999999,0.08127499999999988,identifiable,5.0874279358222394e-05,0.002499066004878754,True,True,True,True,False,accepted,0.010997426509857189,0.034999999999999996,False
P3,Anchor loss only,restricted_learned,20261003,20260901,20261003,0.06999999999999995,0.3181682527065277,0.3072599711143988,0.317,0.26495,0.352,0.08704999999999996,identifiable,6.22641129641402e-05,0.0026136155540043117,True,True,True,True,False,accepted,0.010908281592128921,0.034999999999999996,False
P3,Anchor loss only,restricted_learned,20261003,20260901,20261003,0.1399999999999999,0.3252109885215759,0.3144013400366208,0.32699999999999996,0.274975,0.349025,0.07404999999999995,identifiable,0.00010744895719331364,0.002472965365203452,True,True,True,True,False,accepted,0.010809648484955137,0.034999999999999996,False
P3,Anchor loss only,restricted_learned,20261003,20260901,20261003,0.20999999999999996,0.33200860023498535,0.32131313015705354,0.346,0.27387500000000004,0.358075,0.08419999999999994,identifiable,6.298351893888392e-05,0.00314043673721036,True,True,True,True,False,accepted,0.010695470077931812,0.034999999999999996,False
P3,Anchor loss only,restricted_learned,20261003,20260901,20261003,0.2799999999999999,0.33846479654312134,0.3278985972803901,0.33699999999999997,0.28400000000000003,0.366075,0.08207499999999995,identifiable,5.466987108311518e-05,0.0023783118517428994,True,True,True,True,False,accepted,0.010566199262731224,0.034999999999999996,False
P3,Anchor loss only,restricted_learned,20261003,20260901,20261003,0.34999999999999987,0.3445092439651489,0.334080026040365,0.364,0.2998,0.40705,0.10725000000000001,weakly identifiable / abstain,0.00017072106219210662,0.0031366871338458524,True,True,True,False,True,resampling interval exceeds resolution threshold,0.010429217924783907,0.034999999999999996,False
P3,Anchor loss only,restricted_learned,20261003,20260901,20261003,0.41999999999999993,0.35009825229644775,0.3398013036044313,0.33199999999999996,0.313,0.3721,0.059099999999999986,identifiable,2.6077827517301127e-05,0.002378467450285317,True,True,True,True,False,accepted,0.010296948692016472,0.034999999999999996,False
P3,Anchor loss only,restricted_learned,20261003,20260901,20261003,0.49,0.35521262884140015,0.3450282740744384,0.351,0.308975,0.3681499999999999,0.05917499999999992,identifiable,3.6179112599898915e-05,0.0020095030725731282,True,True,True,True,False,accepted,0.010184354766961723,0.034999999999999996,False
P3,Anchor loss only,restricted_learned,20261003,20260901,20261003,0.5599999999999998,0.35985302925109863,0.3497472196340497,0.34199999999999997,0.316,0.380025,0.064025,identifiable,3.485057090133409e-05,0.002193630490840619,True,True,True,True,False,accepted,0.010105809617048933,0.034999999999999996,False
P3,Anchor loss only,restricted_learned,20261003,20260901,20261003,0.6299999999999999,0.36403530836105347,0.3539620181344406,0.367,0.3439,0.396025,0.05212500000000003,identifiable,2.341469202307344e-05,0.0020858117281550305,True,True,True,True,False,accepted,0.010073290226612852,0.034999999999999996,False
P3,Anchor loss only,restricted_learned,20261003,20260901,20261003,0.7,0.36778536438941956,0.357690580326136,0.354,0.33797499999999997,0.428175,0.0902,weakly identifiable / abstain,1.9613845195591652e-05,0.0041758638305439385,True,True,True,False,True,resampling interval exceeds resolution threshold,0.010094784063283568,0.034999999999999996,False
P4,Restricted rollout-only,restricted_learned,20261003,20260901,20261003,-0.7,0.2514079809188843,0.242309419673864,0.22299999999999998,0.180875,0.25717499999999993,0.07629999999999992,identifiable,3.584548350092629e-05,0.0023009945213233185,True,True,True,True,False,accepted,0.009098561245020287,0.034999999999999996,False
P4,Restricted rollout-only,restricted_learned,20261003,20260901,20261003,-0.63,0.2561679482460022,0.24603798186555936,0.255,0.186975,0.275075,0.08810000000000001,identifiable,0.00015227268828384236,0.002814067601410951,True,True,True,True,False,accepted,0.010129966380442834,0.034999999999999996,False
P4,Restricted rollout-only,restricted_learned,20261003,20260901,20261003,-0.5599999999999999,0.26151278614997864,0.2502527803659503,0.316,0.209925,0.37342499999999984,0.16349999999999984,weakly identifiable / abstain,0.00048001703185911507,0.004015197362055056,True,True,True,False,True,resampling interval exceeds resolution threshold,0.01126000578402836,0.034999999999999996,False
P4,Restricted rollout-only,restricted_learned,20261003,20260901,20261003,-0.49,0.2674438953399658,0.25497172592556155,0.214,0.17195,0.2633249999999999,0.09137499999999993,weakly identifiable / abstain,0.00014313110670012785,0.002652867876827601,False,True,True,False,True,resampling interval exceeds resolution threshold,0.012472169414404266,0.034999999999999996,False
P4,Restricted rollout-only,restricted_learned,20261003,20260901,20261003,-0.42,0.2739337384700775,0.2601986963955687,0.252,0.19490000000000002,0.28427499999999994,0.08937499999999993,identifiable,3.264463854815286e-05,0.002699311391056441,True,True,True,True,False,accepted,0.013735042074508819,0.034999999999999996,False
P4,Restricted rollout-only,restricted_learned,20261003,20260901,20261003,-0.35,0.280920147895813,0.2659199739596349,0.22699999999999998,0.189975,0.27005,0.08007500000000001,identifiable,0.00016376891846410667,0.0021571610748129114,False,True,True,False,True,neural delay outside resampling minimizer interval,0.015000173936178085,0.034999999999999996,False
P4,Restricted rollout-only,restricted_learned,20261003,20260901,20261003,-0.28,0.28830409049987793,0.27210140271960986,0.27,0.22497499999999998,0.303025,0.07805000000000001,identifiable,1.9361168797078592e-05,0.0021537188063661494,True,True,True,True,False,accepted,0.016202687780268066,0.034999999999999996,False
P4,Restricted rollout-only,restricted_learned,20261003,20260901,20261003,-0.21000000000000002,0.2959531247615814,0.27868686984294644,0.254,0.222,0.28902500000000003,0.06702500000000003,identifiable,0.00012055677914586088,0.002018085504264781,False,True,True,False,True,neural delay outside resampling minimizer interval,0.017266254918634982,0.034999999999999996,False
P4,Restricted rollout-only,restricted_learned,20261003,20260901,20261003,-0.14,0.30371108651161194,0.2855986599633792,0.29400000000000004,0.246975,0.33199999999999996,0.08502499999999996,identifiable,0.00012053550966891234,0.0021366897362879063,True,True,True,True,False,accepted,0.018112426548232752,0.034999999999999996,False
P4,Restricted rollout-only,restricted_learned,20261003,20260901,20261003,-0.07000000000000006,0.31141239404678345,0.2927400288856012,0.299,0.24795,0.32904999999999995,0.08109999999999995,identifiable,4.743314085139673e-05,0.0025689161595566514,True,True,True,True,False,accepted,0.01867236516118226,0.034999999999999996,False
P4,Restricted rollout-only,restricted_learned,20261003,20260901,20261003,0.0,0.31889864802360535,0.3,0.318,0.26695,0.3482249999999999,0.08127499999999988,identifiable,4.8599123363803066e-05,0.002499066004878754,True,True,True,True,False,accepted,0.018898648023605358,0.034999999999999996,False
P4,Restricted rollout-only,restricted_learned,20261003,20260901,20261003,0.06999999999999995,0.32603317499160767,0.3072599711143988,0.317,0.26495,0.352,0.08704999999999996,identifiable,6.726170293574548e-05,0.0026136155540043117,True,True,True,True,False,accepted,0.018773203877208877,0.034999999999999996,False
P4,Restricted rollout-only,restricted_learned,20261003,20260901,20261003,0.1399999999999999,0.33271127939224243,0.3144013400366208,0.32699999999999996,0.274975,0.349025,0.07404999999999995,identifiable,0.00010885692124019761,0.002472965365203452,True,True,True,True,False,accepted,0.01830993935562164,0.034999999999999996,False
P4,Restricted rollout-only,restricted_learned,20261003,20260901,20261003,0.20999999999999996,0.3388640880584717,0.32131313015705354,0.346,0.27387500000000004,0.358075,0.08419999999999994,identifiable,5.426961026762019e-05,0.00314043673721036,True,True,True,True,False,accepted,0.01755095790141814,0.034999999999999996,False
P4,Restricted rollout-only,restricted_learned,20261003,20260901,20261003,0.2799999999999999,0.3444571793079376,0.3278985972803901,0.33699999999999997,0.28400000000000003,0.366075,0.08207499999999995,identifiable,5.8001660105287166e-05,0.0023783118517428994,True,True,True,True,False,accepted,0.016558582027547508,0.034999999999999996,False
P4,Restricted rollout-only,restricted_learned,20261003,20260901,20261003,0.34999999999999987,0.3494851291179657,0.334080026040365,0.364,0.2998,0.40705,0.10725000000000001,weakly identifiable / abstain,0.0001602513559555138,0.0031366871338458524,True,True,True,False,True,resampling interval exceeds resolution threshold,0.01540510307760068,0.034999999999999996,False
P4,Restricted rollout-only,restricted_learned,20261003,20260901,20261003,0.41999999999999993,0.3539646565914154,0.3398013036044313,0.33199999999999996,0.313,0.3721,0.059099999999999986,identifiable,3.6051401626539674e-05,0.002378467450285317,True,True,True,True,False,accepted,0.014163352986984123,0.034999999999999996,False
P4,Restricted rollout-only,restricted_learned,20261003,20260901,20261003,0.49,0.3579274117946625,0.3450282740744384,0.351,0.308975,0.3681499999999999,0.05917499999999992,identifiable,3.826518417413137e-05,0.0020095030725731282,True,True,True,True,False,accepted,0.012899137720224052,0.034999999999999996,False
P4,Restricted rollout-only,restricted_learned,20261003,20260901,20261003,0.5599999999999998,0.36141377687454224,0.3497472196340497,0.34199999999999997,0.316,0.380025,0.064025,identifiable,3.877515962915894e-05,0.002193630490840619,True,True,True,True,False,accepted,0.011666557240492537,0.034999999999999996,False
P4,Restricted rollout-only,restricted_learned,20261003,20260901,20261003,0.6299999999999999,0.3644683361053467,0.3539620181344406,0.367,0.3439,0.396025,0.05212500000000003,identifiable,2.3261232589034763e-05,0.0020858117281550305,True,True,True,True,False,accepted,0.010506317970906065,0.034999999999999996,False
P4,Restricted rollout-only,restricted_learned,20261003,20260901,20261003,0.7,0.3671364188194275,0.357690580326136,0.354,0.33797499999999997,0.428175,0.0902,weakly identifiable / abstain,1.847523492252626e-05,0.0041758638305439385,True,True,True,False,True,resampling interval exceeds resolution threshold,0.009445838493291503,0.034999999999999996,False
P1,Full identifiability-aware,restricted_learned,20261101,20260902,20261001,-0.7,0.24549582600593567,0.242309419673864,0.22299999999999998,0.180875,0.25717499999999993,0.07629999999999992,identifiable,2.399544962868562e-05,0.0023009945213233185,True,True,True,True,False,accepted,0.0031864063320716784,0.034999999999999996,False
P1,Full identifiability-aware,restricted_learned,20261101,20260902,20261001,-0.63,0.24807091057300568,0.24603798186555936,0.255,0.186975,0.275075,0.08810000000000001,identifiable,0.00015392439938130193,0.002814067601410951,True,True,True,True,False,accepted,0.002032928707446313,0.034999999999999996,False
P1,Full identifiability-aware,restricted_learned,20261101,20260902,20261001,-0.5599999999999999,0.251162588596344,0.2502527803659503,0.316,0.209925,0.37342499999999984,0.16349999999999984,weakly identifiable / abstain,0.0005238730125381267,0.004015197362055056,True,True,True,False,True,resampling interval exceeds resolution threshold,0.0009098082303937161,0.034999999999999996,False
P1,Full identifiability-aware,restricted_learned,20261101,20260902,20261001,-0.49,0.25481075048446655,0.25497172592556155,0.214,0.17195,0.2633249999999999,0.09137499999999993,weakly identifiable / abstain,9.357444148337766e-05,0.002652867876827601,True,True,True,False,True,resampling interval exceeds resolution threshold,0.0001609754410950015,0.034999999999999996,False
P1,Full identifiability-aware,restricted_learned,20261101,20260902,20261001,-0.42,0.2590557932853699,0.2601986963955687,0.252,0.19490000000000002,0.28427499999999994,0.08937499999999993,identifiable,1.3530398475813861e-05,0.002699311391056441,True,True,True,True,False,accepted,0.001142903110198823,0.034999999999999996,False
P1,Full identifiability-aware,restricted_learned,20261101,20260902,20261001,-0.35,0.26394569873809814,0.2659199739596349,0.22699999999999998,0.189975,0.27005,0.08007500000000001,identifiable,9.42917617961919e-05,0.0021571610748129114,True,True,True,True,False,accepted,0.0019742752215367587,0.034999999999999996,False
P1,Full identifiability-aware,restricted_learned,20261101,20260902,20261001,-0.28,0.26954829692840576,0.27210140271960986,0.27,0.22497499999999998,0.303025,0.07805000000000001,identifiable,1.8635871648687357e-06,0.0021537188063661494,True,True,True,True,False,accepted,0.002553105791204102,0.034999999999999996,False
P1,Full identifiability-aware,restricted_learned,20261101,20260902,20261001,-0.21000000000000002,0.2759651243686676,0.27868686984294644,0.254,0.222,0.28902500000000003,0.06702500000000003,identifiable,5.754582912925468e-05,0.002018085504264781,True,True,True,True,False,accepted,0.002721745474278836,0.034999999999999996,False
P1,Full identifiability-aware,restricted_learned,20261101,20260902,20261001,-0.14,0.28333520889282227,0.2855986599633792,0.29400000000000004,0.246975,0.33199999999999996,0.08502499999999996,identifiable,0.00012226135569722732,0.0021366897362879063,True,True,True,True,False,accepted,0.002263451070556921,0.034999999999999996,False
P1,Full identifiability-aware,restricted_learned,20261101,20260902,20261001,-0.07000000000000006,0.29180189967155457,0.2927400288856012,0.299,0.24795,0.32904999999999995,0.08109999999999995,identifiable,4.1492300217464755e-05,0.0025689161595566514,True,True,True,True,False,accepted,0.0009381292140466235,0.034999999999999996,False
P1,Full identifiability-aware,restricted_learned,20261101,20260902,20261001,0.0,0.30140775442123413,0.3,0.318,0.26695,0.3482249999999999,0.08127499999999988,identifiable,6.243434657121749e-05,0.002499066004878754,True,True,True,True,False,accepted,0.001407754421234142,0.034999999999999996,False
P1,Full identifiability-aware,restricted_learned,20261101,20260902,20261001,0.06999999999999995,0.31191298365592957,0.3072599711143988,0.317,0.26495,0.352,0.08704999999999996,identifiable,6.335633872908727e-05,0.0026136155540043117,True,True,True,True,False,accepted,0.004653012541530777,0.034999999999999996,False
P1,Full identifiability-aware,restricted_learned,20261101,20260902,20261001,0.1399999999999999,0.32264113426208496,0.3144013400366208,0.32699999999999996,0.274975,0.349025,0.07404999999999995,identifiable,0.0001084381506054826,0.002472965365203452,True,True,True,True,False,accepted,0.00823979422546417,0.034999999999999996,False
P1,Full identifiability-aware,restricted_learned,20261101,20260902,20261001,0.20999999999999996,0.33255356550216675,0.32131313015705354,0.346,0.27387500000000004,0.358075,0.08419999999999994,identifiable,6.2093940972777e-05,0.00314043673721036,True,True,True,True,False,accepted,0.011240435345113209,0.034999999999999996,False
P1,Full identifiability-aware,restricted_learned,20261101,20260902,20261001,0.2799999999999999,0.3406200408935547,0.3278985972803901,0.33699999999999997,0.28400000000000003,0.366075,0.08207499999999995,identifiable,5.5356717350512206e-05,0.0023783118517428994,True,True,True,True,False,accepted,0.012721443613164574,0.034999999999999996,False
P1,Full identifiability-aware,restricted_learned,20261101,20260902,20261001,0.34999999999999987,0.346221923828125,0.334080026040365,0.364,0.2998,0.40705,0.10725000000000001,weakly identifiable / abstain,0.00016676564698972257,0.0031366871338458524,True,True,True,False,True,resampling interval exceeds resolution threshold,0.012141897787759981,0.034999999999999996,False
P1,Full identifiability-aware,restricted_learned,20261101,20260902,20261001,0.41999999999999993,0.34927886724472046,0.3398013036044313,0.33199999999999996,0.313,0.3721,0.059099999999999986,identifiable,2.421971648798653e-05,0.002378467450285317,True,True,True,True,False,accepted,0.009477563640289177,0.034999999999999996,False
P1,Full identifiability-aware,restricted_learned,20261101,20260902,20261001,0.49,0.3501061201095581,0.3450282740744384,0.351,0.308975,0.3681499999999999,0.05917499999999992,identifiable,3.493356215217265e-05,0.0020095030725731282,True,True,True,True,False,accepted,0.005077846035119682,0.034999999999999996,False
P1,Full identifiability-aware,restricted_learned,20261101,20260902,20261001,0.5599999999999998,0.34920111298561096,0.3497472196340497,0.34199999999999997,0.316,0.380025,0.064025,identifiable,1.664957361040798e-05,0.002193630490840619,True,True,True,True,False,accepted,0.0005461066484387378,0.034999999999999996,False
P1,Full identifiability-aware,restricted_learned,20261101,20260902,20261001,0.6299999999999999,0.3470892906188965,0.3539620181344406,0.367,0.3439,0.396025,0.05212500000000003,identifiable,5.080127000464505e-05,0.0020858117281550305,True,True,True,True,False,accepted,0.00687272751554413,0.034999999999999996,False
P1,Full identifiability-aware,restricted_learned,20261101,20260902,20261001,0.7,0.34424203634262085,0.357690580326136,0.354,0.33797499999999997,0.428175,0.0902,weakly identifiable / abstain,1.4172251923998929e-05,0.0041758638305439385,True,True,True,False,True,resampling interval exceeds resolution threshold,0.013448543983515138,0.034999999999999996,False
P2,Profile initialization only,restricted_learned,20261101,20260902,20261001,-0.7,0.304364949464798,0.242309419673864,0.22299999999999998,0.180875,0.25717499999999993,0.07629999999999992,identifiable,0.0002605274301869166,0.0023009945213233185,False,True,True,False,True,neural delay outside resampling minimizer interval,0.06205552979093398,0.034999999999999996,False
P2,Profile initialization only,restricted_learned,20261101,20260902,20261001,-0.63,0.3119175434112549,0.24603798186555936,0.255,0.186975,0.275075,0.08810000000000001,identifiable,0.00028875127912753154,0.002814067601410951,False,True,True,False,True,neural delay outside resampling minimizer interval,0.06587956154569552,0.034999999999999996,False
P2,Profile initialization only,restricted_learned,20261101,20260902,20261001,-0.5599999999999999,0.3199846148490906,0.2502527803659503,0.316,0.209925,0.37342499999999984,0.16349999999999984,weakly identifiable / abstain,0.00037705914133232053,0.004015197362055056,True,True,True,False,True,resampling interval exceeds resolution threshold,0.0697318344831403,0.034999999999999996,False
P2,Profile initialization only,restricted_learned,20261101,20260902,20261001,-0.49,0.32849085330963135,0.25497172592556155,0.214,0.17195,0.2633249999999999,0.09137499999999993,weakly identifiable / abstain,0.00056118455850165,0.002652867876827601,False,True,True,False,True,resampling interval exceeds resolution threshold,0.0735191273840698,0.034999999999999996,False
P2,Profile initialization only,restricted_learned,20261101,20260902,20261001,-0.42,0.3373453617095947,0.2601986963955687,0.252,0.19490000000000002,0.28427499999999994,0.08937499999999993,identifiable,0.0003357179793612139,0.002699311391056441,False,True,True,False,True,neural delay outside resampling minimizer interval,0.07714666531402603,0.034999999999999996,False
P2,Profile initialization only,restricted_learned,20261101,20260902,20261001,-0.35,0.3464444875717163,0.2659199739596349,0.22699999999999998,0.189975,0.27005,0.08007500000000001,identifiable,0.0006626312760508894,0.0021571610748129114,False,True,True,False,True,neural delay outside resampling minimizer interval,0.0805245136120814,0.034999999999999996,False
P2,Profile initialization only,restricted_learned,20261101,20260902,20261001,-0.28,0.3556710183620453,0.27210140271960986,0.27,0.22497499999999998,0.303025,0.07805000000000001,identifiable,0.00036781360198699057,0.0021537188063661494,False,True,True,False,True,neural delay outside resampling minimizer interval,0.08356961564243542,0.034999999999999996,False
P2,Profile initialization only,restricted_learned,20261101,20260902,20261001,-0.21000000000000002,0.3648889362812042,0.27868686984294644,0.254,0.222,0.28902500000000003,0.06702500000000003,identifiable,0.0006325564159192885,0.002018085504264781,False,True,True,False,True,neural delay outside resampling minimizer interval,0.08620206643825779,0.034999999999999996,False
P2,Profile initialization only,restricted_learned,20261101,20260902,20261001,-0.14,0.37393614649772644,0.2855986599633792,0.29400000000000004,0.246975,0.33199999999999996,0.08502499999999996,identifiable,0.0004069948700034687,0.0021366897362879063,False,True,True,False,True,neural delay outside resampling minimizer interval,0.08833748653434725,0.034999999999999996,False
P2,Profile initialization only,restricted_learned,20261101,20260902,20261001,-0.07000000000000006,0.38262179493904114,0.2927400288856012,0.299,0.24795,0.32904999999999995,0.08109999999999995,identifiable,0.00040456943291150105,0.0025689161595566514,False,True,True,False,True,neural delay outside resampling minimizer interval,0.08988176605343995,0.034999999999999996,False
P2,Profile initialization only,restricted_learned,20261101,20260902,20261001,0.0,0.3907355070114136,0.3,0.318,0.26695,0.3482249999999999,0.08127499999999988,identifiable,0.0003191291411754315,0.002499066004878754,False,True,True,False,True,neural delay outside resampling minimizer interval,0.09073550701141359,0.034999999999999996,False
P2,Profile initialization only,restricted_learned,20261101,20260902,20261001,0.06999999999999995,0.39807114005088806,0.3072599711143988,0.317,0.26495,0.352,0.08704999999999996,identifiable,0.00043426006050280145,0.0026136155540043117,False,True,True,False,True,neural delay outside resampling minimizer interval,0.09081116893648927,0.034999999999999996,False
P2,Profile initialization only,restricted_learned,20261101,20260902,20261001,0.1399999999999999,0.404458612203598,0.3144013400366208,0.32699999999999996,0.274975,0.349025,0.07404999999999995,identifiable,0.0004357011744627468,0.002472965365203452,False,True,True,False,True,neural delay outside resampling minimizer interval,0.09005727216697723,0.034999999999999996,False
P2,Profile initialization only,restricted_learned,20261101,20260902,20261001,0.20999999999999996,0.40979182720184326,0.32131313015705354,0.346,0.27387500000000004,0.358075,0.08419999999999994,identifiable,0.0002938042135216632,0.00314043673721036,False,True,True,False,True,neural delay outside resampling minimizer interval,0.08847869704478972,0.034999999999999996,False
P2,Profile initialization only,restricted_learned,20261101,20260902,20261001,0.2799999999999999,0.4140402376651764,0.3278985972803901,0.33699999999999997,0.28400000000000003,0.366075,0.08207499999999995,identifiable,0.0004129664809046032,0.0023783118517428994,False,True,True,False,True,neural delay outside resampling minimizer interval,0.08614164038478628,0.034999999999999996,False
P2,Profile initialization only,restricted_learned,20261101,20260902,20261001,0.34999999999999987,0.41724270582199097,0.334080026040365,0.364,0.2998,0.40705,0.10725000000000001,weakly identifiable / abstain,0.00031630806052755005,0.0031366871338458524,False,True,True,False,True,resampling interval exceeds resolution threshold,0.08316267978162595,0.034999999999999996,False
P2,Profile initialization only,restricted_learned,20261101,20260902,20261001,0.41999999999999993,0.41948869824409485,0.3398013036044313,0.33199999999999996,0.313,0.3721,0.059099999999999986,identifiable,0.0004922305652034951,0.002378467450285317,False,True,True,False,True,neural delay outside resampling minimizer interval,0.07968739463966357,0.034999999999999996,False
P2,Profile initialization only,restricted_learned,20261101,20260902,20261001,0.49,0.4208965599536896,0.3450282740744384,0.351,0.308975,0.3681499999999999,0.05917499999999992,identifiable,0.0003588400894622521,0.0020095030725731282,False,True,True,False,True,neural delay outside resampling minimizer interval,0.07586828587925115,0.034999999999999996,False
P2,Profile initialization only,restricted_learned,20261101,20260902,20261001,0.5599999999999998,0.4215950667858124,0.3497472196340497,0.34199999999999997,0.316,0.380025,0.064025,identifiable,0.0004268328402808183,0.002193630490840619,False,True,True,False,True,neural delay outside resampling minimizer interval,0.07184784715176268,0.034999999999999996,False
P2,Profile initialization only,restricted_learned,20261101,20260902,20261001,0.6299999999999999,0.4217112064361572,0.3539620181344406,0.367,0.3439,0.396025,0.05212500000000003,identifiable,0.00022787565958385715,0.0020858117281550305,False,True,True,False,True,neural delay outside resampling minimizer interval,0.06774918830171661,0.034999999999999996,False
P2,Profile initialization only,restricted_learned,20261101,20260902,20261001,0.7,0.421362966299057,0.357690580326136,0.354,0.33797499999999997,0.428175,0.0902,weakly identifiable / abstain,0.0003005677570795981,0.0041758638305439385,True,True,True,False,True,resampling interval exceeds resolution threshold,0.06367238597292102,0.034999999999999996,False
P3,Anchor loss only,restricted_learned,20261101,20260902,20261001,-0.7,0.24375230073928833,0.242309419673864,0.22299999999999998,0.180875,0.25717499999999993,0.07629999999999992,identifiable,2.1014807203517877e-05,0.0023009945213233185,True,True,True,True,False,accepted,0.0014428810654243396,0.034999999999999996,False
P3,Anchor loss only,restricted_learned,20261101,20260902,20261001,-0.63,0.24624677002429962,0.24603798186555936,0.255,0.186975,0.275075,0.08810000000000001,identifiable,0.0001550675116235944,0.002814067601410951,True,True,True,True,False,accepted,0.00020878815874025847,0.034999999999999996,False
P3,Anchor loss only,restricted_learned,20261101,20260902,20261001,-0.5599999999999999,0.24945983290672302,0.2502527803659503,0.316,0.209925,0.37342499999999984,0.16349999999999984,weakly identifiable / abstain,0.0005318428843614578,0.004015197362055056,True,True,True,False,True,resampling interval exceeds resolution threshold,0.0007929474592272556,0.034999999999999996,False
P3,Anchor loss only,restricted_learned,20261101,20260902,20261001,-0.49,0.25350672006607056,0.25497172592556155,0.214,0.17195,0.2633249999999999,0.09137499999999993,weakly identifiable / abstain,8.920302910420634e-05,0.002652867876827601,True,True,True,False,True,resampling interval exceeds resolution threshold,0.0014650058594909976,0.034999999999999996,False
P3,Anchor loss only,restricted_learned,20261101,20260902,20261001,-0.42,0.25850290060043335,0.2601986963955687,0.252,0.19490000000000002,0.28427499999999994,0.08937499999999993,identifiable,1.3219123071672308e-05,0.002699311391056441,True,True,True,True,False,accepted,0.0016957957951353464,0.034999999999999996,False
P3,Anchor loss only,restricted_learned,20261101,20260902,20261001,-0.35,0.2645438015460968,0.2659199739596349,0.22699999999999998,0.189975,0.27005,0.08007500000000001,identifiable,9.631873034299324e-05,0.0021571610748129114,True,True,True,True,False,accepted,0.0013761724135381015,0.034999999999999996,False
P3,Anchor loss only,restricted_learned,20261101,20260902,20261001,-0.28,0.2716691792011261,0.27210140271960986,0.27,0.22497499999999998,0.303025,0.07805000000000001,identifiable,2.0585379491538697e-06,0.0021537188063661494,True,True,True,True,False,accepted,0.0004322235184837653,0.034999999999999996,False
P3,Anchor loss only,restricted_learned,20261101,20260902,20261001,-0.21000000000000002,0.27981036901474,0.27868686984294644,0.254,0.222,0.28902500000000003,0.06702500000000003,identifiable,6.660218791350215e-05,0.002018085504264781,True,True,True,True,False,accepted,0.0011234991717935516,0.034999999999999996,False
P3,Anchor loss only,restricted_learned,20261101,20260902,20261001,-0.14,0.2887374758720398,0.2855986599633792,0.29400000000000004,0.246975,0.33199999999999996,0.08502499999999996,identifiable,0.00011798370066818256,0.0021366897362879063,True,True,True,True,False,accepted,0.0031388159086606082,0.034999999999999996,False
P3,Anchor loss only,restricted_learned,20261101,20260902,20261001,-0.07000000000000006,0.29804298281669617,0.2927400288856012,0.299,0.24795,0.32904999999999995,0.08109999999999995,identifiable,3.892438569468349e-05,0.0025689161595566514,True,True,True,True,False,accepted,0.005302953931094978,0.034999999999999996,False
P3,Anchor loss only,restricted_learned,20261101,20260902,20261001,0.0,0.30719852447509766,0.3,0.318,0.26695,0.3482249999999999,0.08127499999999988,identifiable,5.4301463485344594e-05,0.002499066004878754,True,True,True,True,False,accepted,0.007198524475097667,0.034999999999999996,False
P3,Anchor loss only,restricted_learned,20261101,20260902,20261001,0.06999999999999995,0.3156792223453522,0.3072599711143988,0.317,0.26495,0.352,0.08704999999999996,identifiable,6.21642276774765e-05,0.0026136155540043117,True,True,True,True,False,accepted,0.008419251230953384,0.034999999999999996,False
P3,Anchor loss only,restricted_learned,20261101,20260902,20261001,0.1399999999999999,0.3230931758880615,0.3144013400366208,0.32699999999999996,0.274975,0.349025,0.07404999999999995,identifiable,0.00010820206032903402,0.002472965365203452,True,True,True,True,False,accepted,0.008691835851440732,0.034999999999999996,False
P3,Anchor loss only,restricted_learned,20261101,20260902,20261001,0.20999999999999996,0.32924580574035645,0.32131313015705354,0.346,0.27387500000000004,0.358075,0.08419999999999994,identifiable,6.814105119496578e-05,0.00314043673721036,True,True,True,True,False,accepted,0.007932675583302906,0.034999999999999996,False
P3,Anchor loss only,restricted_learned,20261101,20260902,20261001,0.2799999999999999,0.33412450551986694,0.3278985972803901,0.33699999999999997,0.28400000000000003,0.366075,0.08207499999999995,identifiable,5.502314024065843e-05,0.0023783118517428994,True,True,True,True,False,accepted,0.0062259082394768295,0.034999999999999996,False
P3,Anchor loss only,restricted_learned,20261101,20260902,20261001,0.34999999999999987,0.33783847093582153,0.334080026040365,0.364,0.2998,0.40705,0.10725000000000001,weakly identifiable / abstain,0.0001895859067807856,0.0031366871338458524,True,True,True,False,True,resampling interval exceeds resolution threshold,0.003758444895456514,0.034999999999999996,False
P3,Anchor loss only,restricted_learned,20261101,20260902,20261001,0.41999999999999993,0.34055495262145996,0.3398013036044313,0.33199999999999996,0.313,0.3721,0.059099999999999986,identifiable,9.785641342647994e-06,0.002378467450285317,True,True,True,True,False,accepted,0.0007536490170286791,0.034999999999999996,False
P3,Anchor loss only,restricted_learned,20261101,20260902,20261001,0.49,0.342454195022583,0.3450282740744384,0.351,0.308975,0.3681499999999999,0.05917499999999992,identifiable,3.970891696952752e-05,0.0020095030725731282,True,True,True,True,False,accepted,0.0025740790518554157,0.034999999999999996,False
P3,Anchor loss only,restricted_learned,20261101,20260902,20261001,0.5599999999999998,0.34370413422584534,0.3497472196340497,0.34199999999999997,0.316,0.380025,0.064025,identifiable,1.3114980155428595e-05,0.002193630490840619,True,True,True,True,False,accepted,0.006043085408204363,0.034999999999999996,False
P3,Anchor loss only,restricted_learned,20261101,20260902,20261001,0.6299999999999999,0.34445035457611084,0.3539620181344406,0.367,0.3439,0.396025,0.05212500000000003,identifiable,5.874932962928729e-05,0.0020858117281550305,True,True,True,True,False,accepted,0.009511663558329775,0.034999999999999996,False
P3,Anchor loss only,restricted_learned,20261101,20260902,20261001,0.7,0.34481340646743774,0.357690580326136,0.354,0.33797499999999997,0.428175,0.0902,weakly identifiable / abstain,1.342518948629116e-05,0.0041758638305439385,True,True,True,False,True,resampling interval exceeds resolution threshold,0.012877173858698243,0.034999999999999996,False
P4,Restricted rollout-only,restricted_learned,20261101,20260902,20261001,-0.7,0.3080379366874695,0.242309419673864,0.22299999999999998,0.180875,0.25717499999999993,0.07629999999999992,identifiable,0.0002838542132953648,0.0023009945213233185,False,True,True,False,True,neural delay outside resampling minimizer interval,0.06572851701360549,0.034999999999999996,False
P4,Restricted rollout-only,restricted_learned,20261101,20260902,20261001,-0.63,0.3163009583950043,0.24603798186555936,0.255,0.186975,0.275075,0.08810000000000001,identifiable,0.0003102149562190285,0.002814067601410951,False,True,True,False,True,neural delay outside resampling minimizer interval,0.07026297652944491,0.034999999999999996,False
P4,Restricted rollout-only,restricted_learned,20261101,20260902,20261001,-0.5599999999999999,0.3250131905078888,0.2502527803659503,0.316,0.209925,0.37342499999999984,0.16349999999999984,weakly identifiable / abstain,0.00037948367354656803,0.004015197362055056,True,True,True,False,True,resampling interval exceeds resolution threshold,0.07476041014193852,0.034999999999999996,False
P4,Restricted rollout-only,restricted_learned,20261101,20260902,20261001,-0.49,0.3340601325035095,0.25497172592556155,0.214,0.17195,0.2633249999999999,0.09137499999999993,weakly identifiable / abstain,0.0006136234321451024,0.002652867876827601,False,True,True,False,True,resampling interval exceeds resolution threshold,0.07908840657794797,0.034999999999999996,False
P4,Restricted rollout-only,restricted_learned,20261101,20260902,20261001,-0.42,0.3432962894439697,0.2601986963955687,0.252,0.19490000000000002,0.28427499999999994,0.08937499999999993,identifiable,0.0003820599537367483,0.002699311391056441,False,True,True,False,True,neural delay outside resampling minimizer interval,0.08309759304840103,0.034999999999999996,False
P4,Restricted rollout-only,restricted_learned,20261101,20260902,20261001,-0.35,0.35255393385887146,0.2659199739596349,0.22699999999999998,0.189975,0.27005,0.08007500000000001,identifiable,0.0007271949199488891,0.0021571610748129114,False,True,True,False,True,neural delay outside resampling minimizer interval,0.08663395989923656,0.034999999999999996,False
P4,Restricted rollout-only,restricted_learned,20261101,20260902,20261001,-0.28,0.3616562783718109,0.27210140271960986,0.27,0.22497499999999998,0.303025,0.07805000000000001,identifiable,0.00041969084728375874,0.0021537188063661494,False,True,True,False,True,neural delay outside resampling minimizer interval,0.08955487565220105,0.034999999999999996,False
P4,Restricted rollout-only,restricted_learned,20261101,20260902,20261001,-0.21000000000000002,0.3704334497451782,0.27868686984294644,0.254,0.222,0.28902500000000003,0.06702500000000003,identifiable,0.0006928866078617818,0.002018085504264781,False,True,True,False,True,neural delay outside resampling minimizer interval,0.09174657990223178,0.034999999999999996,False
P4,Restricted rollout-only,restricted_learned,20261101,20260902,20261001,-0.14,0.37873733043670654,0.2855986599633792,0.29400000000000004,0.246975,0.33199999999999996,0.08502499999999996,identifiable,0.0004425835710455422,0.0021366897362879063,False,True,True,False,True,neural delay outside resampling minimizer interval,0.09313867047332736,0.034999999999999996,False
P4,Restricted rollout-only,restricted_learned,20261101,20260902,20261001,-0.07000000000000006,0.3864532709121704,0.2927400288856012,0.299,0.24795,0.32904999999999995,0.08109999999999995,identifiable,0.000438192251920238,0.0025689161595566514,False,True,True,False,True,neural delay outside resampling minimizer interval,0.09371324202656922,0.034999999999999996,False
P4,Restricted rollout-only,restricted_learned,20261101,20260902,20261001,0.0,0.39350584149360657,0.3,0.318,0.26695,0.3482249999999999,0.08127499999999988,identifiable,0.00033975794817971545,0.002499066004878754,False,True,True,False,True,neural delay outside resampling minimizer interval,0.09350584149360658,0.034999999999999996,False
P4,Restricted rollout-only,restricted_learned,20261101,20260902,20261001,0.06999999999999995,0.39985886216163635,0.3072599711143988,0.317,0.26495,0.352,0.08704999999999996,identifiable,0.0004505073577427471,0.0026136155540043117,False,True,True,False,True,neural delay outside resampling minimizer interval,0.09259889104723756,0.034999999999999996,False
P4,Restricted rollout-only,restricted_learned,20261101,20260902,20261001,0.1399999999999999,0.40551072359085083,0.3144013400366208,0.32699999999999996,0.274975,0.349025,0.07404999999999995,identifiable,0.00044458749043228813,0.002472965365203452,False,True,True,False,True,neural delay outside resampling minimizer interval,0.09110938355423004,0.034999999999999996,False
P4,Restricted rollout-only,restricted_learned,20261101,20260902,20261001,0.20999999999999996,0.4104868471622467,0.32131313015705354,0.346,0.27387500000000004,0.358075,0.08419999999999994,identifiable,0.0002990448558456714,0.00314043673721036,False,True,True,False,True,neural delay outside resampling minimizer interval,0.08917371700519316,0.034999999999999996,False
P4,Restricted rollout-only,restricted_learned,20261101,20260902,20261001,0.2799999999999999,0.4148314297199249,0.3278985972803901,0.33699999999999997,0.28400000000000003,0.366075,0.08207499999999995,identifiable,0.00042025792614171865,0.0023783118517428994,False,True,True,False,True,neural delay outside resampling minimizer interval,0.08693283243953481,0.034999999999999996,False
P4,Restricted rollout-only,restricted_learned,20261101,20260902,20261001,0.34999999999999987,0.4185997247695923,0.334080026040365,0.364,0.2998,0.40705,0.10725000000000001,weakly identifiable / abstain,0.00032496380615503845,0.0031366871338458524,False,True,True,False,True,resampling interval exceeds resolution threshold,0.08451969872922727,0.034999999999999996,False
P4,Restricted rollout-only,restricted_learned,20261101,20260902,20261001,0.41999999999999993,0.42185184359550476,0.3398013036044313,0.33199999999999996,0.313,0.3721,0.059099999999999986,identifiable,0.0005185078660130266,0.002378467450285317,False,True,True,False,True,neural delay outside resampling minimizer interval,0.08205053999107348,0.034999999999999996,False
P4,Restricted rollout-only,restricted_learned,20261101,20260902,20261001,0.49,0.42464810609817505,0.3450282740744384,0.351,0.308975,0.3681499999999999,0.05917499999999992,identifiable,0.00039395741878709464,0.0020095030725731282,False,True,True,False,True,neural delay outside resampling minimizer interval,0.07961983202373663,0.034999999999999996,False
P4,Restricted rollout-only,restricted_learned,20261101,20260902,20261001,0.5599999999999998,0.4270460605621338,0.3497472196340497,0.34199999999999997,0.316,0.380025,0.064025,identifiable,0.0004841627111370582,0.002193630490840619,False,True,True,False,True,neural delay outside resampling minimizer interval,0.07729884092808409,0.034999999999999996,False
P4,Restricted rollout-only,restricted_learned,20261101,20260902,20261001,0.6299999999999999,0.4290987551212311,0.3539620181344406,0.367,0.3439,0.396025,0.05212500000000003,identifiable,0.00028625655755813094,0.0020858117281550305,False,True,True,False,True,neural delay outside resampling minimizer interval,0.07513673698679046,0.034999999999999996,False
P4,Restricted rollout-only,restricted_learned,20261101,20260902,20261001,0.7,0.43085384368896484,0.357690580326136,0.354,0.33797499999999997,0.428175,0.0902,weakly identifiable / abstain,0.00038790599193482987,0.0041758638305439385,False,True,True,False,True,resampling interval exceeds resolution threshold,0.07316326336282886,0.034999999999999996,False
P1,Full identifiability-aware,restricted_learned,20261102,20260902,20261002,-0.7,0.24091073870658875,0.242309419673864,0.22299999999999998,0.180875,0.25717499999999993,0.07629999999999992,identifiable,1.666254999492369e-05,0.0023009945213233185,True,True,True,True,False,accepted,0.0013986809672752454,0.034999999999999996,False
P1,Full identifiability-aware,restricted_learned,20261102,20260902,20261002,-0.63,0.24391475319862366,0.24603798186555936,0.255,0.186975,0.275075,0.08810000000000001,identifiable,0.00015692881972904034,0.002814067601410951,True,True,True,True,False,accepted,0.002123228666935706,0.034999999999999996,False
P1,Full identifiability-aware,restricted_learned,20261102,20260902,20261002,-0.5599999999999999,0.24750807881355286,0.2502527803659503,0.316,0.209925,0.37342499999999984,0.16349999999999984,weakly identifiable / abstain,0.000541234944246601,0.004015197362055056,True,True,True,False,True,resampling interval exceeds resolution threshold,0.0027447015523974216,0.034999999999999996,False
P1,Full identifiability-aware,restricted_learned,20261102,20260902,20261002,-0.49,0.25173836946487427,0.25497172592556155,0.214,0.17195,0.2633249999999999,0.09137499999999993,weakly identifiable / abstain,8.348956773162141e-05,0.002652867876827601,True,True,True,False,True,resampling interval exceeds resolution threshold,0.0032333564606872867,0.034999999999999996,False
P1,Full identifiability-aware,restricted_learned,20261102,20260902,20261002,-0.42,0.2566472887992859,0.2601986963955687,0.252,0.19490000000000002,0.28427499999999994,0.08937499999999993,identifiable,1.2348263212571751e-05,0.002699311391056441,True,True,True,True,False,accepted,0.0035514075962828073,0.034999999999999996,False
P1,Full identifiability-aware,restricted_learned,20261102,20260902,20261002,-0.35,0.2622731626033783,0.2659199739596349,0.22699999999999998,0.189975,0.27005,0.08007500000000001,identifiable,8.882185137679102e-05,0.0021571610748129114,True,True,True,True,False,accepted,0.0036468113562566074,0.034999999999999996,False
P1,Full identifiability-aware,restricted_learned,20261102,20260902,20261002,-0.28,0.26865968108177185,0.27210140271960986,0.27,0.22497499999999998,0.303025,0.07805000000000001,identifiable,1.9160075497766997e-06,0.0021537188063661494,True,True,True,True,False,accepted,0.0034417216378380133,0.034999999999999996,False
P1,Full identifiability-aware,restricted_learned,20261102,20260902,20261002,-0.21000000000000002,0.275873064994812,0.27868686984294644,0.254,0.222,0.28902500000000003,0.06702500000000003,identifiable,5.735104232607195e-05,0.002018085504264781,True,True,True,True,False,accepted,0.002813804848134427,0.034999999999999996,False
P1,Full identifiability-aware,restricted_learned,20261102,20260902,20261002,-0.14,0.2840269207954407,0.2855986599633792,0.29400000000000004,0.246975,0.33199999999999996,0.08502499999999996,identifiable,0.000121549808432177,0.0021366897362879063,True,True,True,True,False,accepted,0.0015717391679385129,0.034999999999999996,False
P1,Full identifiability-aware,restricted_learned,20261102,20260902,20261002,-0.07000000000000006,0.2932976186275482,0.2927400288856012,0.299,0.24795,0.32904999999999995,0.08109999999999995,identifiable,4.0500490167049265e-05,0.0025689161595566514,True,True,True,True,False,accepted,0.0005575897419470288,0.034999999999999996,False
P1,Full identifiability-aware,restricted_learned,20261102,20260902,20261002,0.0,0.30386611819267273,0.3,0.318,0.26695,0.3482249999999999,0.08127499999999988,identifiable,5.854573291309211e-05,0.002499066004878754,True,True,True,True,False,accepted,0.0038661181926727406,0.034999999999999996,False
P1,Full identifiability-aware,restricted_learned,20261102,20260902,20261002,0.06999999999999995,0.3156861364841461,0.3072599711143988,0.317,0.26495,0.352,0.08704999999999996,identifiable,6.216338391878696e-05,0.0026136155540043117,True,True,True,True,False,accepted,0.00842616536974733,0.034999999999999996,False
P1,Full identifiability-aware,restricted_learned,20261102,20260902,20261002,0.1399999999999999,0.3281063437461853,0.3144013400366208,0.32699999999999996,0.274975,0.349025,0.07404999999999995,identifiable,0.00010723294759059943,0.002472965365203452,True,True,True,True,False,accepted,0.013705003709564512,0.034999999999999996,False
P1,Full identifiability-aware,restricted_learned,20261102,20260902,20261002,0.20999999999999996,0.33976003527641296,0.32131313015705354,0.346,0.27387500000000004,0.358075,0.08419999999999994,identifiable,5.355906122567586e-05,0.00314043673721036,True,True,True,True,False,accepted,0.018446905119359425,0.034999999999999996,False
P1,Full identifiability-aware,restricted_learned,20261102,20260902,20261002,0.2799999999999999,0.34914860129356384,0.3278985972803901,0.33699999999999997,0.28400000000000003,0.366075,0.08207499999999995,identifiable,6.368902684239305e-05,0.0023783118517428994,True,True,True,True,False,accepted,0.02125000401317373,0.034999999999999996,False
P1,Full identifiability-aware,restricted_learned,20261102,20260902,20261002,0.34999999999999987,0.35545259714126587,0.334080026040365,0.364,0.2998,0.40705,0.10725000000000001,weakly identifiable / abstain,0.00015173777657409278,0.0031366871338458524,True,True,True,False,True,resampling interval exceeds resolution threshold,0.02137257110090085,0.034999999999999996,False
P1,Full identifiability-aware,restricted_learned,20261102,20260902,20261002,0.41999999999999993,0.3587278723716736,0.3398013036044313,0.33199999999999996,0.313,0.3721,0.059099999999999986,identifiable,5.1009760608602224e-05,0.002378467450285317,True,True,True,True,False,accepted,0.018926568767242302,0.034999999999999996,False
P1,Full identifiability-aware,restricted_learned,20261102,20260902,20261002,0.49,0.35953134298324585,0.3450282740744384,0.351,0.308975,0.3681499999999999,0.05917499999999992,identifiable,3.9979915477913974e-05,0.0020095030725731282,True,True,True,True,False,accepted,0.014503068908807426,0.034999999999999996,False
P1,Full identifiability-aware,restricted_learned,20261102,20260902,20261002,0.5599999999999998,0.3585236668586731,0.3497472196340497,0.34199999999999997,0.316,0.380025,0.064025,identifiable,3.177351745539407e-05,0.002193630490840619,True,True,True,True,False,accepted,0.008776447224623396,0.034999999999999996,False
P1,Full identifiability-aware,restricted_learned,20261102,20260902,20261002,0.6299999999999999,0.356279194355011,0.3539620181344406,0.367,0.3439,0.396025,0.05212500000000003,identifiable,3.091493912488272e-05,0.0020858117281550305,True,True,True,True,False,accepted,0.0023171762205703716,0.034999999999999996,False
P1,Full identifiability-aware,restricted_learned,20261102,20260902,20261002,0.7,0.35324394702911377,0.357690580326136,0.354,0.33797499999999997,0.428175,0.0902,weakly identifiable / abstain,7.531325266778474e-06,0.0041758638305439385,True,True,True,False,True,resampling interval exceeds resolution threshold,0.004446633297022218,0.034999999999999996,False
P2,Profile initialization only,restricted_learned,20261102,20260902,20261002,-0.7,0.24724100530147552,0.242309419673864,0.22299999999999998,0.180875,0.25717499999999993,0.07629999999999992,identifiable,2.7209734262020502e-05,0.0023009945213233185,True,True,True,True,False,accepted,0.004931585627611534,0.034999999999999996,False
P2,Profile initialization only,restricted_learned,20261102,20260902,20261002,-0.63,0.2524440288543701,0.24603798186555936,0.255,0.186975,0.275075,0.08810000000000001,identifiable,0.0001523507373588932,0.002814067601410951,True,True,True,True,False,accepted,0.006406046988810754,0.034999999999999996,False
P2,Profile initialization only,restricted_learned,20261102,20260902,20261002,-0.5599999999999999,0.2584024965763092,0.2502527803659503,0.316,0.209925,0.37342499999999984,0.16349999999999984,weakly identifiable / abstain,0.0004923752455003965,0.004015197362055056,True,True,True,False,True,resampling interval exceeds resolution threshold,0.008149716210358926,0.034999999999999996,False
P2,Profile initialization only,restricted_learned,20261102,20260902,20261002,-0.49,0.2651110291481018,0.25497172592556155,0.214,0.17195,0.2633249999999999,0.09137499999999993,weakly identifiable / abstain,0.0001330000600335761,0.002652867876827601,False,True,True,False,True,resampling interval exceeds resolution threshold,0.010139303222540252,0.034999999999999996,False
P2,Profile initialization only,restricted_learned,20261102,20260902,20261002,-0.42,0.2725294828414917,0.2601986963955687,0.252,0.19490000000000002,0.28427499999999994,0.08937499999999993,identifiable,2.998753128894207e-05,0.002699311391056441,True,True,True,True,False,accepted,0.012330786445923003,0.034999999999999996,False
P2,Profile initialization only,restricted_learned,20261102,20260902,20261002,-0.35,0.28058892488479614,0.2659199739596349,0.22699999999999998,0.189975,0.27005,0.08007500000000001,identifiable,0.00016217989258268564,0.0021571610748129114,False,True,True,False,True,neural delay outside resampling minimizer interval,0.01466895092516124,0.034999999999999996,False
P2,Profile initialization only,restricted_learned,20261102,20260902,20261002,-0.28,0.28920698165893555,0.27210140271960986,0.27,0.22497499999999998,0.303025,0.07805000000000001,identifiable,2.1093584740780084e-05,0.0021537188063661494,True,True,True,True,False,accepted,0.017105578939325683,0.034999999999999996,False
P2,Profile initialization only,restricted_learned,20261102,20260902,20261002,-0.21000000000000002,0.29830774664878845,0.27868686984294644,0.254,0.222,0.28902500000000003,0.06702500000000003,identifiable,0.00013057591760481967,0.002018085504264781,False,True,True,False,True,neural delay outside resampling minimizer interval,0.019620876805842014,0.034999999999999996,False
P2,Profile initialization only,restricted_learned,20261102,20260902,20261002,-0.14,0.3078330159187317,0.2855986599633792,0.29400000000000004,0.246975,0.33199999999999996,0.08502499999999996,identifiable,0.0001249246324714418,0.0021366897362879063,True,True,True,True,False,accepted,0.022234355955352503,0.034999999999999996,False
P2,Profile initialization only,restricted_learned,20261102,20260902,20261002,-0.07000000000000006,0.31772592663764954,0.2927400288856012,0.299,0.24795,0.32904999999999995,0.08109999999999995,identifiable,5.8021571359913414e-05,0.0025689161595566514,True,True,True,True,False,accepted,0.024985897752048347,0.034999999999999996,False
P2,Profile initialization only,restricted_learned,20261102,20260902,20261002,0.0,0.32787561416625977,0.3,0.318,0.26695,0.3482249999999999,0.08127499999999988,identifiable,5.387885191267743e-05,0.002499066004878754,True,True,True,True,False,accepted,0.027875614166259777,0.034999999999999996,False
P2,Profile initialization only,restricted_learned,20261102,20260902,20261002,0.06999999999999995,0.3380434513092041,0.3072599711143988,0.317,0.26495,0.352,0.08704999999999996,identifiable,8.85070848607503e-05,0.0026136155540043117,True,True,True,True,False,accepted,0.030783480194805313,0.034999999999999996,False
P2,Profile initialization only,restricted_learned,20261102,20260902,20261002,0.1399999999999999,0.3478323221206665,0.3144013400366208,0.32699999999999996,0.274975,0.349025,0.07404999999999995,identifiable,0.00013092443274901578,0.002472965365203452,True,True,True,True,False,accepted,0.03343098208404571,0.034999999999999996,False
P2,Profile initialization only,restricted_learned,20261102,20260902,20261002,0.20999999999999996,0.3567611873149872,0.32131313015705354,0.346,0.27387500000000004,0.358075,0.08419999999999994,identifiable,5.848144779348684e-05,0.00314043673721036,True,True,True,True,False,accepted,0.03544805715793364,0.034999999999999996,True
P2,Profile initialization only,restricted_learned,20261102,20260902,20261002,0.2799999999999999,0.3644200563430786,0.3278985972803901,0.33699999999999997,0.28400000000000003,0.366075,0.08207499999999995,identifiable,0.00010083987520562548,0.0023783118517428994,True,True,True,True,False,accepted,0.0365214590626885,0.034999999999999996,True
P2,Profile initialization only,restricted_learned,20261102,20260902,20261002,0.34999999999999987,0.37059855461120605,0.334080026040365,0.364,0.2998,0.40705,0.10725000000000001,weakly identifiable / abstain,0.00014975697291351472,0.0031366871338458524,True,True,True,False,True,resampling interval exceeds resolution threshold,0.036518528570841036,0.034999999999999996,False
P2,Profile initialization only,restricted_learned,20261102,20260902,20261002,0.41999999999999993,0.375306099653244,0.3398013036044313,0.33199999999999996,0.313,0.3721,0.059099999999999986,identifiable,0.0001256914921389088,0.002378467450285317,False,True,True,False,True,neural delay outside resampling minimizer interval,0.03550479604881274,0.034999999999999996,False
P2,Profile initialization only,restricted_learned,20261102,20260902,20261002,0.49,0.37870413064956665,0.3450282740744384,0.351,0.308975,0.3681499999999999,0.05917499999999992,identifiable,8.690866730259296e-05,0.0020095030725731282,False,True,True,False,True,neural delay outside resampling minimizer interval,0.03367585657512823,0.034999999999999996,False
P2,Profile initialization only,restricted_learned,20261102,20260902,20261002,0.5599999999999998,0.38101840019226074,0.3497472196340497,0.34199999999999997,0.316,0.380025,0.064025,identifiable,0.00011485505346095558,0.002193630490840619,False,True,True,False,True,neural delay outside resampling minimizer interval,0.03127118055821104,0.034999999999999996,False
P2,Profile initialization only,restricted_learned,20261102,20260902,20261002,0.6299999999999999,0.3824763894081116,0.3539620181344406,0.367,0.3439,0.396025,0.05212500000000003,identifiable,3.9410363636253044e-05,0.0020858117281550305,True,True,True,True,False,accepted,0.028514371273670958,0.034999999999999996,False
P2,Profile initialization only,restricted_learned,20261102,20260902,20261002,0.7,0.3832767903804779,0.357690580326136,0.354,0.33797499999999997,0.428175,0.0902,weakly identifiable / abstain,6.306870579800626e-05,0.0041758638305439385,True,True,True,False,True,resampling interval exceeds resolution threshold,0.025586210054341918,0.034999999999999996,False
P3,Anchor loss only,restricted_learned,20261102,20260902,20261002,-0.7,0.2382613718509674,0.242309419673864,0.22299999999999998,0.180875,0.25717499999999993,0.07629999999999992,identifiable,1.3178402408222485e-05,0.0023009945213233185,True,True,True,True,False,accepted,0.004048047822896583,0.034999999999999996,False
P3,Anchor loss only,restricted_learned,20261102,20260902,20261002,-0.63,0.24191159009933472,0.24603798186555936,0.255,0.186975,0.275075,0.08810000000000001,identifiable,0.00015890047034504667,0.002814067601410951,True,True,True,True,False,accepted,0.004126391766224646,0.034999999999999996,False
P3,Anchor loss only,restricted_learned,20261102,20260902,20261002,-0.5599999999999999,0.24638867378234863,0.2502527803659503,0.316,0.209925,0.37342499999999984,0.16349999999999984,weakly identifiable / abstain,0.0005467472539983692,0.004015197362055056,True,True,True,False,True,resampling interval exceeds resolution threshold,0.0038641065836016453,0.034999999999999996,False
P3,Anchor loss only,restricted_learned,20261102,20260902,20261002,-0.49,0.25179868936538696,0.25497172592556155,0.214,0.17195,0.2633249999999999,0.09137499999999993,weakly identifiable / abstain,8.367883744213873e-05,0.002652867876827601,True,True,True,False,True,resampling interval exceeds resolution threshold,0.0031730365601745913,0.034999999999999996,False
P3,Anchor loss only,restricted_learned,20261102,20260902,20261002,-0.42,0.2582162320613861,0.2601986963955687,0.252,0.19490000000000002,0.28427499999999994,0.08937499999999993,identifiable,1.3060385102337684e-05,0.002699311391056441,True,True,True,True,False,accepted,0.0019824643341825876,0.034999999999999996,False
P3,Anchor loss only,restricted_learned,20261102,20260902,20261002,-0.35,0.2656515836715698,0.2659199739596349,0.22699999999999998,0.189975,0.27005,0.08007500000000001,identifiable,0.00010013929709804613,0.0021571610748129114,True,True,True,True,False,accepted,0.00026839028806507903,0.034999999999999996,False
P3,Anchor loss only,restricted_learned,20261102,20260902,20261002,-0.28,0.2740134000778198,0.27210140271960986,0.27,0.22497499999999998,0.303025,0.07805000000000001,identifiable,2.795869446229938e-06,0.0021537188063661494,True,True,True,True,False,accepted,0.0019119973582099603,0.034999999999999996,False
P3,Anchor loss only,restricted_learned,20261102,20260902,20261002,-0.21000000000000002,0.2830809950828552,0.27868686984294644,0.254,0.222,0.28902500000000003,0.06702500000000003,identifiable,7.545226262392434e-05,0.002018085504264781,True,True,True,True,False,accepted,0.004394125239908786,0.034999999999999996,False
P3,Anchor loss only,restricted_learned,20261102,20260902,20261002,-0.14,0.2925083637237549,0.2855986599633792,0.29400000000000004,0.246975,0.33199999999999996,0.08502499999999996,identifiable,0.00011663961209436335,0.0021366897362879063,True,True,True,True,False,accepted,0.006909703760375696,0.034999999999999996,False
P3,Anchor loss only,restricted_learned,20261102,20260902,20261002,-0.07000000000000006,0.3018750250339508,0.2927400288856012,0.299,0.24795,0.32904999999999995,0.08109999999999995,identifiable,3.9419998913817124e-05,0.0025689161595566514,True,True,True,True,False,accepted,0.009134996148349617,0.034999999999999996,False
P3,Anchor loss only,restricted_learned,20261102,20260902,20261002,0.0,0.3107724189758301,0.3,0.318,0.26695,0.3482249999999999,0.08127499999999988,identifiable,5.1043724304295414e-05,0.002499066004878754,True,True,True,True,False,accepted,0.01077241897583009,0.034999999999999996,False
P3,Anchor loss only,restricted_learned,20261102,20260902,20261002,0.06999999999999995,0.31888654828071594,0.3072599711143988,0.317,0.26495,0.352,0.08704999999999996,identifiable,6.242449831125e-05,0.0026136155540043117,True,True,True,True,False,accepted,0.011626577166317154,0.034999999999999996,False
P3,Anchor loss only,restricted_learned,20261102,20260902,20261002,0.1399999999999999,0.32604044675827026,0.3144013400366208,0.32699999999999996,0.274975,0.349025,0.07404999999999995,identifiable,0.00010728380044685262,0.002472965365203452,True,True,True,True,False,accepted,0.011639106721649473,0.034999999999999996,False
P3,Anchor loss only,restricted_learned,20261102,20260902,20261002,0.20999999999999996,0.3321872055530548,0.32131313015705354,0.346,0.27387500000000004,0.358075,0.08419999999999994,identifiable,6.269197126575263e-05,0.00314043673721036,True,True,True,True,False,accepted,0.01087407539600127,0.034999999999999996,False
P3,Anchor loss only,restricted_learned,20261102,20260902,20261002,0.2799999999999999,0.33737343549728394,0.3278985972803901,0.33699999999999997,0.28400000000000003,0.366075,0.08207499999999995,identifiable,5.4540046333178406e-05,0.0023783118517428994,True,True,True,True,False,accepted,0.009474838216893822,0.034999999999999996,False
P3,Anchor loss only,restricted_learned,20261102,20260902,20261002,0.34999999999999987,0.3416973948478699,0.334080026040365,0.364,0.2998,0.40705,0.10725000000000001,weakly identifiable / abstain,0.0001779964821845347,0.0031366871338458524,True,True,True,False,True,resampling interval exceeds resolution threshold,0.007617368807504854,0.034999999999999996,False
P3,Anchor loss only,restricted_learned,20261102,20260902,20261002,0.41999999999999993,0.34527623653411865,0.3398013036044313,0.33199999999999996,0.313,0.3721,0.059099999999999986,identifiable,1.6362591831929157e-05,0.002378467450285317,True,True,True,True,False,accepted,0.0054749329296873706,0.034999999999999996,False
P3,Anchor loss only,restricted_learned,20261102,20260902,20261002,0.49,0.34822604060173035,0.3450282740744384,0.351,0.308975,0.3681499999999999,0.05917499999999992,identifiable,3.537176372573711e-05,0.0020095030725731282,True,True,True,True,False,accepted,0.003197766527291923,0.034999999999999996,False
P3,Anchor loss only,restricted_learned,20261102,20260902,20261002,0.5599999999999998,0.35065165162086487,0.3497472196340497,0.34199999999999997,0.316,0.380025,0.064025,identifiable,1.8254408361322047e-05,0.002193630490840619,True,True,True,True,False,accepted,0.0009044319868151685,0.034999999999999996,False
P3,Anchor loss only,restricted_learned,20261102,20260902,20261002,0.6299999999999999,0.35264334082603455,0.3539620181344406,0.367,0.3439,0.396025,0.05212500000000003,identifiable,3.735355135343635e-05,0.0020858117281550305,True,True,True,True,False,accepted,0.0013186773084060688,0.034999999999999996,False
P3,Anchor loss only,restricted_learned,20261102,20260902,20261002,0.7,0.3542766571044922,0.357690580326136,0.354,0.33797499999999997,0.428175,0.0902,weakly identifiable / abstain,7.464135465209132e-06,0.0041758638305439385,True,True,True,False,True,resampling interval exceeds resolution threshold,0.0034139232216438,0.034999999999999996,False
P4,Restricted rollout-only,restricted_learned,20261102,20260902,20261002,-0.7,0.24863383173942566,0.242309419673864,0.22299999999999998,0.180875,0.25717499999999993,0.07629999999999992,identifiable,2.994814225936803e-05,0.0023009945213233185,True,True,True,True,False,accepted,0.006324412065561669,0.034999999999999996,False
P4,Restricted rollout-only,restricted_learned,20261102,20260902,20261002,-0.63,0.254591166973114,0.24603798186555936,0.255,0.186975,0.275075,0.08810000000000001,identifiable,0.00015216540990600454,0.002814067601410951,True,True,True,True,False,accepted,0.00855318510755465,0.034999999999999996,False
P4,Restricted rollout-only,restricted_learned,20261102,20260902,20261002,-0.5599999999999999,0.2613644599914551,0.2502527803659503,0.316,0.209925,0.37342499999999984,0.16349999999999984,weakly identifiable / abstain,0.00048058973554533657,0.004015197362055056,True,True,True,False,True,resampling interval exceeds resolution threshold,0.0111116796255048,0.034999999999999996,False
P4,Restricted rollout-only,restricted_learned,20261102,20260902,20261002,-0.49,0.2689518630504608,0.25497172592556155,0.214,0.17195,0.2633249999999999,0.09137499999999993,weakly identifiable / abstain,0.00014990172111417624,0.002652867876827601,False,True,True,False,True,resampling interval exceeds resolution threshold,0.013980137124899261,0.034999999999999996,False
P4,Restricted rollout-only,restricted_learned,20261102,20260902,20261002,-0.42,0.27729833126068115,0.2601986963955687,0.252,0.19490000000000002,0.28427499999999994,0.08937499999999993,identifiable,3.976496645091132e-05,0.002699311391056441,True,True,True,True,False,accepted,0.017099634865112456,0.034999999999999996,False
P4,Restricted rollout-only,restricted_learned,20261102,20260902,20261002,-0.35,0.2862868905067444,0.2659199739596349,0.22699999999999998,0.189975,0.27005,0.08007500000000001,identifiable,0.00019096534170226633,0.0021571610748129114,False,True,True,False,True,neural delay outside resampling minimizer interval,0.02036691654710948,0.034999999999999996,False
P4,Restricted rollout-only,restricted_learned,20261102,20260902,20261002,-0.28,0.2957402765750885,0.27210140271960986,0.27,0.22497499999999998,0.303025,0.07805000000000001,identifiable,3.6071787892797474e-05,0.0021537188063661494,True,True,True,True,False,accepted,0.023638873855478637,0.034999999999999996,False
P4,Restricted rollout-only,restricted_learned,20261102,20260902,20261002,-0.21000000000000002,0.3054354786872864,0.27868686984294644,0.254,0.222,0.28902500000000003,0.06702500000000003,identifiable,0.0001641753734901467,0.002018085504264781,False,True,True,False,True,neural delay outside resampling minimizer interval,0.02674860884433994,0.034999999999999996,False
P4,Restricted rollout-only,restricted_learned,20261102,20260902,20261002,-0.14,0.3151289224624634,0.2855986599633792,0.29400000000000004,0.246975,0.33199999999999996,0.08502499999999996,identifiable,0.0001365719483189466,0.0021366897362879063,True,True,True,True,False,accepted,0.029530262499084192,0.034999999999999996,False
P4,Restricted rollout-only,restricted_learned,20261102,20260902,20261002,-0.07000000000000006,0.3245859146118164,0.2927400288856012,0.299,0.24795,0.32904999999999995,0.08109999999999995,identifiable,7.427481946933645e-05,0.0025689161595566514,True,True,True,True,False,accepted,0.03184588572621522,0.034999999999999996,False
P4,Restricted rollout-only,restricted_learned,20261102,20260902,20261002,0.0,0.33360686898231506,0.3,0.318,0.26695,0.3482249999999999,0.08127499999999988,identifiable,6.160268364318194e-05,0.002499066004878754,True,True,True,True,False,accepted,0.033606868982315075,0.034999999999999996,False
P4,Restricted rollout-only,restricted_learned,20261102,20260902,20261002,0.06999999999999995,0.3420431613922119,0.3072599711143988,0.317,0.26495,0.352,0.08704999999999996,identifiable,9.920277223198713e-05,0.0026136155540043117,True,True,True,True,False,accepted,0.034783190277813125,0.034999999999999996,False
P4,Restricted rollout-only,restricted_learned,20261102,20260902,20261002,0.1399999999999999,0.34980225563049316,0.3144013400366208,0.32699999999999996,0.274975,0.349025,0.07404999999999995,identifiable,0.00013567884890047896,0.002472965365203452,False,True,True,False,True,neural delay outside resampling minimizer interval,0.03540091559387237,0.034999999999999996,False
P4,Restricted rollout-only,restricted_learned,20261102,20260902,20261002,0.20999999999999996,0.3568428158760071,0.32131313015705354,0.346,0.27387500000000004,0.358075,0.08419999999999994,identifiable,5.858631317507843e-05,0.00314043673721036,True,True,True,True,False,accepted,0.03552968571895354,0.034999999999999996,True
P4,Restricted rollout-only,restricted_learned,20261102,20260902,20261002,0.2799999999999999,0.36316463351249695,0.3278985972803901,0.33699999999999997,0.28400000000000003,0.366075,0.08207499999999995,identifiable,9.671319338660356e-05,0.0023783118517428994,True,True,True,True,False,accepted,0.035266036232106834,0.034999999999999996,True
P4,Restricted rollout-only,restricted_learned,20261102,20260902,20261002,0.34999999999999987,0.36879676580429077,0.334080026040365,0.364,0.2998,0.40705,0.10725000000000001,weakly identifiable / abstain,0.00014852170033980607,0.0031366871338458524,True,True,True,False,True,resampling interval exceeds resolution threshold,0.03471673976392575,0.034999999999999996,False
P4,Restricted rollout-only,restricted_learned,20261102,20260902,20261002,0.41999999999999993,0.3737865388393402,0.3398013036044313,0.33199999999999996,0.313,0.3721,0.059099999999999986,identifiable,0.0001173890777574204,0.002378467450285317,False,True,True,False,True,neural delay outside resampling minimizer interval,0.03398523523490893,0.034999999999999996,False
P4,Restricted rollout-only,restricted_learned,20261102,20260902,20261002,0.49,0.37819066643714905,0.3450282740744384,0.351,0.308975,0.3681499999999999,0.05917499999999992,identifiable,8.501365154863076e-05,0.0020095030725731282,False,True,True,False,True,neural delay outside resampling minimizer interval,0.033162392362710624,0.034999999999999996,False
P4,Restricted rollout-only,restricted_learned,20261102,20260902,20261002,0.5599999999999998,0.38206884264945984,0.3497472196340497,0.34199999999999997,0.316,0.380025,0.064025,identifiable,0.00012032972201446322,0.002193630490840619,False,True,True,False,True,neural delay outside resampling minimizer interval,0.03232162301541014,0.034999999999999996,False
P4,Restricted rollout-only,restricted_learned,20261102,20260902,20261002,0.6299999999999999,0.38547974824905396,0.3539620181344406,0.367,0.3439,0.396025,0.05212500000000003,identifiable,4.647062164938549e-05,0.0020858117281550305,True,True,True,True,False,accepted,0.03151773011461334,0.034999999999999996,False
P4,Restricted rollout-only,restricted_learned,20261102,20260902,20261002,0.7,0.38847842812538147,0.357690580326136,0.354,0.33797499999999997,0.428175,0.0902,weakly identifiable / abstain,8.464542938889604e-05,0.0041758638305439385,True,True,True,False,True,resampling interval exceeds resolution threshold,0.030787847799245482,0.034999999999999996,False
P1,Full identifiability-aware,restricted_learned,20261103,20260902,20261003,-0.7,0.24093972146511078,0.242309419673864,0.22299999999999998,0.180875,0.25717499999999993,0.07629999999999992,identifiable,1.6702774085087456e-05,0.0023009945213233185,True,True,True,True,False,accepted,0.0013696982087532117,0.034999999999999996,False
P1,Full identifiability-aware,restricted_learned,20261103,20260902,20261003,-0.63,0.2433795928955078,0.24603798186555936,0.255,0.186975,0.275075,0.08810000000000001,identifiable,0.00015742883875508864,0.002814067601410951,True,True,True,True,False,accepted,0.0026583889700515506,0.034999999999999996,False
P1,Full identifiability-aware,restricted_learned,20261103,20260902,20261003,-0.5599999999999999,0.24633735418319702,0.2502527803659503,0.316,0.209925,0.37342499999999984,0.16349999999999984,weakly identifiable / abstain,0.000547001677559085,0.004015197362055056,True,True,True,False,True,resampling interval exceeds resolution threshold,0.003915426182753257,0.034999999999999996,False
P1,Full identifiability-aware,restricted_learned,20261103,20260902,20261003,-0.49,0.24991539120674133,0.25497172592556155,0.214,0.17195,0.2633249999999999,0.09137499999999993,weakly identifiable / abstain,7.786529253952269e-05,0.002652867876827601,True,True,True,False,True,resampling interval exceeds resolution threshold,0.005056334718820221,0.034999999999999996,False
P1,Full identifiability-aware,restricted_learned,20261103,20260902,20261003,-0.42,0.25423210859298706,0.2601986963955687,0.252,0.19490000000000002,0.28427499999999994,0.08937499999999993,identifiable,1.1688000106056632e-05,0.002699311391056441,True,True,True,True,False,accepted,0.0059665878025816355,0.034999999999999996,False
P1,Full identifiability-aware,restricted_learned,20261103,20260902,20261003,-0.35,0.25941920280456543,0.2659199739596349,0.22699999999999998,0.189975,0.27005,0.08007500000000001,identifiable,8.00499162846109e-05,0.0021571610748129114,True,True,True,True,False,accepted,0.0065007711550694736,0.034999999999999996,False
P1,Full identifiability-aware,restricted_learned,20261103,20260902,20261003,-0.28,0.26561135053634644,0.27210140271960986,0.27,0.22497499999999998,0.303025,0.07805000000000001,identifiable,2.711080799036088e-06,0.0021537188063661494,True,True,True,True,False,accepted,0.006490052183263428,0.034999999999999996,False
P1,Full identifiability-aware,restricted_learned,20261103,20260902,20261003,-0.21000000000000002,0.27292272448539734,0.27868686984294644,0.254,0.222,0.28902500000000003,0.06702500000000003,identifiable,5.143095009243864e-05,0.002018085504264781,True,True,True,True,False,accepted,0.0057641453575491,0.034999999999999996,False
P1,Full identifiability-aware,restricted_learned,20261103,20260902,20261003,-0.14,0.28140395879745483,0.2855986599633792,0.29400000000000004,0.246975,0.33199999999999996,0.08502499999999996,identifiable,0.00012446367165494588,0.0021366897362879063,True,True,True,True,False,accepted,0.004194701165924353,0.034999999999999996,False
P1,Full identifiability-aware,restricted_learned,20261103,20260902,20261003,-0.07000000000000006,0.29097920656204224,0.2927400288856012,0.299,0.24795,0.32904999999999995,0.08109999999999995,identifiable,4.213433470238231e-05,0.0025689161595566514,True,True,True,True,False,accepted,0.0017608223235589526,0.034999999999999996,False
P1,Full identifiability-aware,restricted_learned,20261103,20260902,20261003,0.0,0.3013807535171509,0.3,0.318,0.26695,0.3482249999999999,0.08127499999999988,identifiable,6.248022006465398e-05,0.002499066004878754,True,True,True,True,False,accepted,0.00138075351715089,0.034999999999999996,False
P1,Full identifiability-aware,restricted_learned,20261103,20260902,20261003,0.06999999999999995,0.3121218681335449,0.3072599711143988,0.317,0.26495,0.352,0.08704999999999996,identifiable,6.324845826892158e-05,0.0026136155540043117,True,True,True,True,False,accepted,0.004861897019146133,0.034999999999999996,False
P1,Full identifiability-aware,restricted_learned,20261103,20260902,20261003,0.1399999999999999,0.3225509226322174,0.3144013400366208,0.32699999999999996,0.274975,0.349025,0.07404999999999995,identifiable,0.00010848738198982786,0.002472965365203452,True,True,True,True,False,accepted,0.008149582595596616,0.034999999999999996,False
P1,Full identifiability-aware,restricted_learned,20261103,20260902,20261003,0.20999999999999996,0.33198922872543335,0.32131313015705354,0.346,0.27387500000000004,0.358075,0.08419999999999994,identifiable,6.301646503373421e-05,0.00314043673721036,True,True,True,True,False,accepted,0.01067609856837981,0.034999999999999996,False
P1,Full identifiability-aware,restricted_learned,20261103,20260902,20261003,0.2799999999999999,0.3398888409137726,0.3278985972803901,0.33699999999999997,0.28400000000000003,0.366075,0.08207499999999995,identifiable,5.505056543427042e-05,0.0023783118517428994,True,True,True,True,False,accepted,0.011990243633382469,0.034999999999999996,False
P1,Full identifiability-aware,restricted_learned,20261103,20260902,20261003,0.34999999999999987,0.3459303379058838,0.334080026040365,0.364,0.2998,0.40705,0.10725000000000001,weakly identifiable / abstain,0.00016740578875901085,0.0031366871338458524,True,True,True,False,True,resampling interval exceeds resolution threshold,0.01185031186551877,0.034999999999999996,False
P1,Full identifiability-aware,restricted_learned,20261103,20260902,20261003,0.41999999999999993,0.3500319719314575,0.3398013036044313,0.33199999999999996,0.313,0.3721,0.059099999999999986,identifiable,2.5919950203563768e-05,0.002378467450285317,True,True,True,True,False,accepted,0.010230668327026238,0.034999999999999996,False
P1,Full identifiability-aware,restricted_learned,20261103,20260902,20261003,0.49,0.35230037569999695,0.3450282740744384,0.351,0.308975,0.3681499999999999,0.05917499999999992,identifiable,3.504230445332902e-05,0.0020095030725731282,True,True,True,True,False,accepted,0.007272101625558525,0.034999999999999996,False
P1,Full identifiability-aware,restricted_learned,20261103,20260902,20261003,0.5599999999999998,0.35296815633773804,0.3497472196340497,0.34199999999999997,0.316,0.380025,0.064025,identifiable,2.1373078826281176e-05,0.002193630490840619,True,True,True,True,False,accepted,0.0032209367036883374,0.034999999999999996,False
P1,Full identifiability-aware,restricted_learned,20261103,20260902,20261003,0.6299999999999999,0.3523409962654114,0.3539620181344406,0.367,0.3439,0.396025,0.05212500000000003,identifiable,3.797289996223476e-05,0.0020858117281550305,True,True,True,True,False,accepted,0.0016210218690292377,0.034999999999999996,False
P1,Full identifiability-aware,restricted_learned,20261103,20260902,20261003,0.7,0.35075628757476807,0.357690580326136,0.354,0.33797499999999997,0.428175,0.0902,weakly identifiable / abstain,8.280607294893795e-06,0.0041758638305439385,True,True,True,False,True,resampling interval exceeds resolution threshold,0.006934292751367921,0.034999999999999996,False
P2,Profile initialization only,restricted_learned,20261103,20260902,20261003,-0.7,0.25379693508148193,0.242309419673864,0.22299999999999998,0.180875,0.25717499999999993,0.07629999999999992,identifiable,4.1396238073577746e-05,0.0023009945213233185,True,True,True,True,False,accepted,0.011487515407617943,0.034999999999999996,False
P2,Profile initialization only,restricted_learned,20261103,20260902,20261003,-0.63,0.25751495361328125,0.24603798186555936,0.255,0.186975,0.275075,0.08810000000000001,identifiable,0.00015253843392878206,0.002814067601410951,True,True,True,True,False,accepted,0.011476971747721887,0.034999999999999996,False
P2,Profile initialization only,restricted_learned,20261103,20260902,20261003,-0.5599999999999999,0.2617953419685364,0.2502527803659503,0.316,0.209925,0.37342499999999984,0.16349999999999984,weakly identifiable / abstain,0.00047892605262482416,0.004015197362055056,True,True,True,False,True,resampling interval exceeds resolution threshold,0.011542561602586099,0.034999999999999996,False
P2,Profile initialization only,restricted_learned,20261103,20260902,20261003,-0.49,0.2666992247104645,0.25497172592556155,0.214,0.17195,0.2633249999999999,0.09137499999999993,weakly identifiable / abstain,0.0001398498400300977,0.002652867876827601,False,True,True,False,True,resampling interval exceeds resolution threshold,0.011727498784902923,0.034999999999999996,False
P2,Profile initialization only,restricted_learned,20261103,20260902,20261003,-0.42,0.27228179574012756,0.2601986963955687,0.252,0.19490000000000002,0.28427499999999994,0.08937499999999993,identifiable,2.95338047605224e-05,0.002699311391056441,True,True,True,True,False,accepted,0.012083099344558867,0.034999999999999996,False
P2,Profile initialization only,restricted_learned,20261103,20260902,20261003,-0.35,0.2785864472389221,0.2659199739596349,0.22699999999999998,0.189975,0.27005,0.08007500000000001,identifiable,0.00015273193344428427,0.0021571610748129114,False,True,True,False,True,neural delay outside resampling minimizer interval,0.012666473279287216,0.034999999999999996,False
P2,Profile initialization only,restricted_learned,20261103,20260902,20261003,-0.28,0.28563717007637024,0.27210140271960986,0.27,0.22497499999999998,0.303025,0.07805000000000001,identifiable,1.4714442219636478e-05,0.0021537188063661494,True,True,True,True,False,accepted,0.013535767356760375,0.034999999999999996,False
P2,Profile initialization only,restricted_learned,20261103,20260902,20261003,-0.21000000000000002,0.2934291660785675,0.27868686984294644,0.254,0.222,0.28902500000000003,0.06702500000000003,identifiable,0.00011043815523027503,0.002018085504264781,False,True,True,False,True,neural delay outside resampling minimizer interval,0.014742296235621066,0.034999999999999996,False
P2,Profile initialization only,restricted_learned,20261103,20260902,20261003,-0.14,0.30191677808761597,0.2855986599633792,0.29400000000000004,0.246975,0.33199999999999996,0.08502499999999996,identifiable,0.0001191132133793791,0.0021366897362879063,True,True,True,True,False,accepted,0.01631811812423678,0.034999999999999996,False
P2,Profile initialization only,restricted_learned,20261103,20260902,20261003,-0.07000000000000006,0.31100019812583923,0.2927400288856012,0.299,0.24795,0.32904999999999995,0.08109999999999995,identifiable,4.687506061577164e-05,0.0025689161595566514,True,True,True,True,False,accepted,0.018260169240238044,0.034999999999999996,False
P2,Profile initialization only,restricted_learned,20261103,20260902,20261003,0.0,0.32051312923431396,0.3,0.318,0.26695,0.3482249999999999,0.08127499999999988,identifiable,4.894121055288834e-05,0.002499066004878754,True,True,True,True,False,accepted,0.020513129234313976,0.034999999999999996,False
P2,Profile initialization only,restricted_learned,20261103,20260902,20261003,0.06999999999999995,0.330218106508255,0.3072599711143988,0.317,0.26495,0.352,0.08704999999999996,identifiable,7.281323588434248e-05,0.0026136155540043117,True,True,True,True,False,accepted,0.022958135393856216,0.034999999999999996,False
P2,Profile initialization only,restricted_learned,20261103,20260902,20261003,0.1399999999999999,0.3398166298866272,0.3144013400366208,0.32699999999999996,0.274975,0.349025,0.07404999999999995,identifiable,0.00011603733890090022,0.002472965365203452,True,True,True,True,False,accepted,0.025415289850006406,0.034999999999999996,False
P2,Profile initialization only,restricted_learned,20261103,20260902,20261003,0.20999999999999996,0.3489784598350525,0.32131313015705354,0.346,0.27387500000000004,0.358075,0.08419999999999994,identifiable,5.1875229870428716e-05,0.00314043673721036,True,True,True,True,False,accepted,0.02766532967799895,0.034999999999999996,False
P2,Profile initialization only,restricted_learned,20261103,20260902,20261003,0.2799999999999999,0.357385516166687,0.3278985972803901,0.33699999999999997,0.28400000000000003,0.366075,0.08207499999999995,identifiable,8.020961236223812e-05,0.0023783118517428994,True,True,True,True,False,accepted,0.029486918886296898,0.034999999999999996,False
P2,Profile initialization only,restricted_learned,20261103,20260902,20261003,0.34999999999999987,0.3647766709327698,0.334080026040365,0.364,0.2998,0.40705,0.10725000000000001,weakly identifiable / abstain,0.00014719944464688118,0.0031366871338458524,True,True,True,False,True,resampling interval exceeds resolution threshold,0.030696644892404756,0.034999999999999996,False
P2,Profile initialization only,restricted_learned,20261103,20260902,20261003,0.41999999999999993,0.3709781765937805,0.3398013036044313,0.33199999999999996,0.313,0.3721,0.059099999999999986,identifiable,0.00010280979699531107,0.002378467450285317,True,True,True,True,False,accepted,0.031176872989349236,0.034999999999999996,False
P2,Profile initialization only,restricted_learned,20261103,20260902,20261003,0.49,0.3759130537509918,0.3450282740744384,0.351,0.308975,0.3681499999999999,0.05917499999999992,identifiable,7.703710916715638e-05,0.0020095030725731282,False,True,True,False,True,neural delay outside resampling minimizer interval,0.030884779676553398,0.034999999999999996,False
P2,Profile initialization only,restricted_learned,20261103,20260902,20261003,0.5599999999999998,0.37959104776382446,0.3497472196340497,0.34199999999999997,0.316,0.380025,0.064025,identifiable,0.00010766000846421049,0.002193630490840619,True,True,True,True,False,accepted,0.029843828129774763,0.034999999999999996,False
P2,Profile initialization only,restricted_learned,20261103,20260902,20261003,0.6299999999999999,0.38208985328674316,0.3539620181344406,0.367,0.3439,0.396025,0.05212500000000003,identifiable,3.858024532682766e-05,0.0020858117281550305,True,True,True,True,False,accepted,0.02812783515230255,0.034999999999999996,False
P2,Profile initialization only,restricted_learned,20261103,20260902,20261003,0.7,0.3835344910621643,0.357690580326136,0.354,0.33797499999999997,0.428175,0.0902,weakly identifiable / abstain,6.405849345395371e-05,0.0041758638305439385,True,True,True,False,True,resampling interval exceeds resolution threshold,0.02584391073602832,0.034999999999999996,False
P3,Anchor loss only,restricted_learned,20261103,20260902,20261003,-0.7,0.238922581076622,0.242309419673864,0.22299999999999998,0.180875,0.25717499999999993,0.07629999999999992,identifiable,1.3993127865662548e-05,0.0023009945213233185,True,True,True,True,False,accepted,0.0033868385972419812,0.034999999999999996,False
P3,Anchor loss only,restricted_learned,20261103,20260902,20261003,-0.63,0.24210020899772644,0.24603798186555936,0.255,0.186975,0.275075,0.08810000000000001,identifiable,0.0001587006868309215,0.002814067601410951,True,True,True,True,False,accepted,0.003937772867832923,0.034999999999999996,False
P3,Anchor loss only,restricted_learned,20261103,20260902,20261003,-0.5599999999999999,0.24591100215911865,0.2502527803659503,0.316,0.209925,0.37342499999999984,0.16349999999999984,weakly identifiable / abstain,0.0005491219075433971,0.004015197362055056,True,True,True,False,True,resampling interval exceeds resolution threshold,0.004341778206831626,0.034999999999999996,False
P3,Anchor loss only,restricted_learned,20261103,20260902,20261003,-0.49,0.25045856833457947,0.25497172592556155,0.214,0.17195,0.2633249999999999,0.09137499999999993,weakly identifiable / abstain,7.951821284197062e-05,0.002652867876827601,True,True,True,False,True,resampling interval exceeds resolution threshold,0.0045131575909820865,0.034999999999999996,False
P3,Anchor loss only,restricted_learned,20261103,20260902,20261003,-0.42,0.25583866238594055,0.2601986963955687,0.252,0.19490000000000002,0.28427499999999994,0.08937499999999993,identifiable,1.2063929008947542e-05,0.002699311391056441,True,True,True,True,False,accepted,0.004360034009628144,0.034999999999999996,False
P3,Anchor loss only,restricted_learned,20261103,20260902,20261003,-0.35,0.26211705803871155,0.2659199739596349,0.22699999999999998,0.189975,0.27005,0.08007500000000001,identifiable,8.831911523862994e-05,0.0021571610748129114,True,True,True,True,False,accepted,0.0038029159209233554,0.034999999999999996,False
P3,Anchor loss only,restricted_learned,20261103,20260902,20261003,-0.28,0.26929888129234314,0.27210140271960986,0.27,0.22497499999999998,0.303025,0.07805000000000001,identifiable,1.8685894466861854e-06,0.0021537188063661494,True,True,True,True,False,accepted,0.0028025214272667243,0.034999999999999996,False
P3,Anchor loss only,restricted_learned,20261103,20260902,20261003,-0.21000000000000002,0.27729466557502747,0.27868686984294644,0.254,0.222,0.28902500000000003,0.06702500000000003,identifiable,6.0517355642625494e-05,0.002018085504264781,True,True,True,True,False,accepted,0.0013922042679189728,0.034999999999999996,False
P3,Anchor loss only,restricted_learned,20261103,20260902,20261003,-0.14,0.28589922189712524,0.2855986599633792,0.29400000000000004,0.246975,0.33199999999999996,0.08502499999999996,identifiable,0.0001198802261905968,0.0021366897362879063,True,True,True,True,False,accepted,0.00030056193374605744,0.034999999999999996,False
P3,Anchor loss only,restricted_learned,20261103,20260902,20261003,-0.07000000000000006,0.29480040073394775,0.2927400288856012,0.299,0.24795,0.32904999999999995,0.08109999999999995,identifiable,3.974049370790298e-05,0.0025689161595566514,True,True,True,True,False,accepted,0.002060371848346565,0.034999999999999996,False
P3,Anchor loss only,restricted_learned,20261103,20260902,20261003,0.0,0.30362680554389954,0.3,0.318,0.26695,0.3482249999999999,0.08127499999999988,identifiable,5.8901863507232146e-05,0.002499066004878754,True,True,True,True,False,accepted,0.0036268055438995472,0.034999999999999996,False
P3,Anchor loss only,restricted_learned,20261103,20260902,20261003,0.06999999999999995,0.3120197057723999,0.3072599711143988,0.317,0.26495,0.352,0.08704999999999996,identifiable,6.329630017666374e-05,0.0026136155540043117,True,True,True,True,False,accepted,0.0047597346580011135,0.034999999999999996,False
P3,Anchor loss only,restricted_learned,20261103,20260902,20261003,0.1399999999999999,0.319699227809906,0.3144013400366208,0.32699999999999996,0.274975,0.349025,0.07404999999999995,identifiable,0.00011048832687919948,0.002472965365203452,True,True,True,True,False,accepted,0.005297887773285215,0.034999999999999996,False
P3,Anchor loss only,restricted_learned,20261103,20260902,20261003,0.20999999999999996,0.3264982998371124,0.32131313015705354,0.346,0.27387500000000004,0.358075,0.08419999999999994,identifiable,7.41966258045279e-05,0.00314043673721036,True,True,True,True,False,accepted,0.0051851696800588876,0.034999999999999996,False
P3,Anchor loss only,restricted_learned,20261103,20260902,20261003,0.2799999999999999,0.3323599696159363,0.3278985972803901,0.33699999999999997,0.28400000000000003,0.366075,0.08207499999999995,identifiable,5.5847043604805296e-05,0.0023783118517428994,True,True,True,True,False,accepted,0.004461372335546165,0.034999999999999996,False
P3,Anchor loss only,restricted_learned,20261103,20260902,20261003,0.34999999999999987,0.3373109698295593,0.334080026040365,0.364,0.2998,0.40705,0.10725000000000001,weakly identifiable / abstain,0.00019132040658729975,0.0031366871338458524,True,True,True,False,True,resampling interval exceeds resolution threshold,0.003230943789194307,0.034999999999999996,False
P3,Anchor loss only,restricted_learned,20261103,20260902,20261003,0.41999999999999993,0.3414291739463806,0.3398013036044313,0.33199999999999996,0.313,0.3721,0.059099999999999986,identifiable,1.0783859012957684e-05,0.002378467450285317,True,True,True,True,False,accepted,0.0016278703419493334,0.034999999999999996,False
P3,Anchor loss only,restricted_learned,20261103,20260902,20261003,0.49,0.34481585025787354,0.3450282740744384,0.351,0.308975,0.3681499999999999,0.05917499999999992,identifiable,3.738102177323516e-05,0.0020095030725731282,True,True,True,True,False,accepted,0.0002124238165648884,0.034999999999999996,False
P3,Anchor loss only,restricted_learned,20261103,20260902,20261003,0.5599999999999998,0.34757715463638306,0.3497472196340497,0.34199999999999997,0.316,0.380025,0.064025,identifiable,1.5193282721617602e-05,0.002193630490840619,True,True,True,True,False,accepted,0.002170064997666643,0.034999999999999996,False
P3,Anchor loss only,restricted_learned,20261103,20260902,20261003,0.6299999999999999,0.3498132824897766,0.3539620181344406,0.367,0.3439,0.396025,0.05212500000000003,identifiable,4.365691672975137e-05,0.0020858117281550305,True,True,True,True,False,accepted,0.004148735644664003,0.034999999999999996,False
P3,Anchor loss only,restricted_learned,20261103,20260902,20261003,0.7,0.35161370038986206,0.357690580326136,0.354,0.33797499999999997,0.428175,0.0902,weakly identifiable / abstain,7.932438347369444e-06,0.0041758638305439385,True,True,True,False,True,resampling interval exceeds resolution threshold,0.006076879936273927,0.034999999999999996,False
P4,Restricted rollout-only,restricted_learned,20261103,20260902,20261003,-0.7,0.2517675757408142,0.242309419673864,0.22299999999999998,0.180875,0.25717499999999993,0.07629999999999992,identifiable,3.665091767489012e-05,0.0023009945213233185,True,True,True,True,False,accepted,0.009458156066950218,0.034999999999999996,False
P4,Restricted rollout-only,restricted_learned,20261103,20260902,20261003,-0.63,0.25689074397087097,0.24603798186555936,0.255,0.186975,0.275075,0.08810000000000001,identifiable,0.00015239203631376875,0.002814067601410951,True,True,True,True,False,accepted,0.010852762105311609,0.034999999999999996,False
P4,Restricted rollout-only,restricted_learned,20261103,20260902,20261003,-0.5599999999999999,0.2625114619731903,0.2502527803659503,0.316,0.209925,0.37342499999999984,0.16349999999999984,weakly identifiable / abstain,0.00047619824854282185,0.004015197362055056,True,True,True,False,True,resampling interval exceeds resolution threshold,0.01225868160724003,0.034999999999999996,False
P4,Restricted rollout-only,restricted_learned,20261103,20260902,20261003,-0.49,0.26863545179367065,0.25497172592556155,0.214,0.17195,0.2633249999999999,0.09137499999999993,weakly identifiable / abstain,0.00014847165229655613,0.002652867876827601,False,True,True,False,True,resampling interval exceeds resolution threshold,0.0136637258681091,0.034999999999999996,False
P4,Restricted rollout-only,restricted_learned,20261103,20260902,20261003,-0.42,0.27525073289871216,0.2601986963955687,0.252,0.19490000000000002,0.28427499999999994,0.08937499999999993,identifiable,3.531275690267078e-05,0.002699311391056441,True,True,True,True,False,accepted,0.015052036503143462,0.034999999999999996,False
P4,Restricted rollout-only,restricted_learned,20261103,20260902,20261003,-0.35,0.28232359886169434,0.2659199739596349,0.22699999999999998,0.189975,0.27005,0.08007500000000001,identifiable,0.00017064489413382396,0.0021571610748129114,False,True,True,False,True,neural delay outside resampling minimizer interval,0.016403624902059433,0.034999999999999996,False
P4,Restricted rollout-only,restricted_learned,20261103,20260902,20261003,-0.28,0.28979694843292236,0.27210140271960986,0.27,0.22497499999999998,0.303025,0.07805000000000001,identifiable,2.2271038917294918e-05,0.0021537188063661494,True,True,True,True,False,accepted,0.0176955457133125,0.034999999999999996,False
P4,Restricted rollout-only,restricted_learned,20261103,20260902,20261003,-0.21000000000000002,0.2975901663303375,0.27868686984294644,0.254,0.222,0.28902500000000003,0.06702500000000003,identifiable,0.000127469071000524,0.002018085504264781,False,True,True,False,True,neural delay outside resampling minimizer interval,0.018903296487391086,0.034999999999999996,False
P4,Restricted rollout-only,restricted_learned,20261103,20260902,20261003,-0.14,0.3056028187274933,0.2855986599633792,0.29400000000000004,0.246975,0.33199999999999996,0.08502499999999996,identifiable,0.00012235608012513724,0.0021366897362879063,True,True,True,True,False,accepted,0.0200041587641141,0.034999999999999996,False
P4,Restricted rollout-only,restricted_learned,20261103,20260902,20261003,-0.07000000000000006,0.3137204945087433,0.2927400288856012,0.299,0.24795,0.32904999999999995,0.08109999999999995,identifiable,5.08157635990285e-05,0.0025689161595566514,True,True,True,True,False,accepted,0.020980465623142097,0.034999999999999996,False
P4,Restricted rollout-only,restricted_learned,20261103,20260902,20261003,0.0,0.3218234181404114,0.3,0.318,0.26695,0.3482249999999999,0.08127499999999988,identifiable,4.940556573162855e-05,0.002499066004878754,True,True,True,True,False,accepted,0.021823418140411388,0.034999999999999996,False
P4,Restricted rollout-only,restricted_learned,20261103,20260902,20261003,0.06999999999999995,0.3297952115535736,0.3072599711143988,0.317,0.26495,0.352,0.08704999999999996,identifiable,7.216205007564824e-05,0.0026136155540043117,True,True,True,True,False,accepted,0.02253524043917482,0.034999999999999996,False
P4,Restricted rollout-only,restricted_learned,20261103,20260902,20261003,0.1399999999999999,0.33753135800361633,0.3144013400366208,0.32699999999999996,0.274975,0.349025,0.07404999999999995,identifiable,0.00011311384684766065,0.002472965365203452,True,True,True,True,False,accepted,0.023130017966995542,0.034999999999999996,False
P4,Restricted rollout-only,restricted_learned,20261103,20260902,20261003,0.20999999999999996,0.3449450135231018,0.32131313015705354,0.346,0.27387500000000004,0.358075,0.08419999999999994,identifiable,5.133856420625578e-05,0.00314043673721036,True,True,True,True,False,accepted,0.023631883366048267,0.034999999999999996,False
P4,Restricted rollout-only,restricted_learned,20261103,20260902,20261003,0.2799999999999999,0.35197076201438904,0.3278985972803901,0.33699999999999997,0.28400000000000003,0.366075,0.08207499999999995,identifiable,6.840857558364651e-05,0.0023783118517428994,True,True,True,True,False,accepted,0.024072164733998924,0.034999999999999996,False
P4,Restricted rollout-only,restricted_learned,20261103,20260902,20261003,0.34999999999999987,0.3585650324821472,0.334080026040365,0.364,0.2998,0.40705,0.10725000000000001,weakly identifiable / abstain,0.0001490388632303786,0.0031366871338458524,True,True,True,False,True,resampling interval exceeds resolution threshold,0.024485006441782198,0.034999999999999996,False
P4,Restricted rollout-only,restricted_learned,20261103,20260902,20261003,0.41999999999999993,0.3647044599056244,0.3398013036044313,0.33199999999999996,0.313,0.3721,0.059099999999999986,identifiable,7.389237101066969e-05,0.002378467450285317,True,True,True,True,False,accepted,0.024903156301193108,0.034999999999999996,False
P4,Restricted rollout-only,restricted_learned,20261103,20260902,20261003,0.49,0.3703831434249878,0.3450282740744384,0.351,0.308975,0.3681499999999999,0.05917499999999992,identifiable,6.0544103439941686e-05,0.0020095030725731282,False,True,True,False,True,neural delay outside resampling minimizer interval,0.02535486935054937,0.034999999999999996,False
P4,Restricted rollout-only,restricted_learned,20261103,20260902,20261003,0.5599999999999998,0.3756088614463806,0.3497472196340497,0.34199999999999997,0.316,0.380025,0.064025,identifiable,8.892471367976244e-05,0.002193630490840619,True,True,True,True,False,accepted,0.025861641812330916,0.034999999999999996,False
P4,Restricted rollout-only,restricted_learned,20261103,20260902,20261003,0.6299999999999999,0.38039934635162354,0.3539620181344406,0.367,0.3439,0.396025,0.05212500000000003,identifiable,3.525299156965302e-05,0.0020858117281550305,True,True,True,True,False,accepted,0.02643732821718292,0.034999999999999996,False
P4,Restricted rollout-only,restricted_learned,20261103,20260902,20261003,0.7,0.38477903604507446,0.357690580326136,0.354,0.33797499999999997,0.428175,0.0902,weakly identifiable / abstain,6.893919703631184e-05,0.0041758638305439385,True,True,True,False,True,resampling interval exceeds resolution threshold,0.027088455718938476,0.034999999999999996,False
P1,Full identifiability-aware,restricted_learned,20261201,20260903,20261001,-0.7,0.22746574878692627,0.242309419673864,0.22299999999999998,0.180875,0.25717499999999993,0.07629999999999992,identifiable,4.631592302739096e-06,0.0023009945213233185,True,True,True,True,False,accepted,0.014843670886937721,0.034999999999999996,False
P1,Full identifiability-aware,restricted_learned,20261201,20260903,20261001,-0.63,0.2306613028049469,0.24603798186555936,0.255,0.186975,0.275075,0.08810000000000001,identifiable,0.00017633318749316396,0.002814067601410951,True,True,True,True,False,accepted,0.015376679060612464,0.034999999999999996,False
P1,Full identifiability-aware,restricted_learned,20261201,20260903,20261001,-0.5599999999999999,0.23436293005943298,0.2502527803659503,0.316,0.209925,0.37342499999999984,0.16349999999999984,weakly identifiable / abstain,0.0006117834954687447,0.004015197362055056,True,True,True,False,True,resampling interval exceeds resolution threshold,0.015889850306517295,0.034999999999999996,False
P1,Full identifiability-aware,restricted_learned,20261201,20260903,20261001,-0.49,0.23864150047302246,0.25497172592556155,0.214,0.17195,0.2633249999999999,0.09137499999999993,weakly identifiable / abstain,4.9188651930557855e-05,0.002652867876827601,True,True,True,False,True,resampling interval exceeds resolution threshold,0.016330225452539093,0.034999999999999996,False
P1,Full identifiability-aware,restricted_learned,20261201,20260903,20261001,-0.42,0.24356834590435028,0.2601986963955687,0.252,0.19490000000000002,0.28427499999999994,0.08937499999999993,identifiable,1.5222023883280447e-05,0.002699311391056441,True,True,True,True,False,accepted,0.016630350491218415,0.034999999999999996,False
P1,Full identifiability-aware,restricted_learned,20261201,20260903,20261001,-0.35,0.24920903146266937,0.2659199739596349,0.22699999999999998,0.189975,0.27005,0.08007500000000001,identifiable,5.4575985343583634e-05,0.0021571610748129114,True,True,True,True,False,accepted,0.01671094249696553,0.034999999999999996,False
P1,Full identifiability-aware,restricted_learned,20261201,20260903,20261001,-0.28,0.2556142807006836,0.27210140271960986,0.27,0.22497499999999998,0.303025,0.07805000000000001,identifiable,1.197457015210187e-05,0.0021537188063661494,True,True,True,True,False,accepted,0.01648712201892627,0.034999999999999996,False
P1,Full identifiability-aware,restricted_learned,20261201,20260903,20261001,-0.21000000000000002,0.2628081738948822,0.27868686984294644,0.254,0.222,0.28902500000000003,0.06702500000000003,identifiable,3.7761950334545094e-05,0.002018085504264781,True,True,True,True,False,accepted,0.015878695948064236,0.034999999999999996,False
P1,Full identifiability-aware,restricted_learned,20261201,20260903,20261001,-0.14,0.27077415585517883,0.2855986599633792,0.29400000000000004,0.246975,0.33199999999999996,0.08502499999999996,identifiable,0.0001429495761172153,0.0021366897362879063,True,True,True,True,False,accepted,0.014824504108200354,0.034999999999999996,False
P1,Full identifiability-aware,restricted_learned,20261201,20260903,20261001,-0.07000000000000006,0.27944204211235046,0.2927400288856012,0.299,0.24795,0.32904999999999995,0.08109999999999995,identifiable,5.894475068489023e-05,0.0025689161595566514,True,True,True,True,False,accepted,0.013297986773250725,0.034999999999999996,False
P1,Full identifiability-aware,restricted_learned,20261201,20260903,20261001,0.0,0.2886796295642853,0.3,0.318,0.26695,0.3482249999999999,0.08127499999999988,identifiable,9.275726416700607e-05,0.002499066004878754,True,True,True,True,False,accepted,0.01132037043571471,0.034999999999999996,False
P1,Full identifiability-aware,restricted_learned,20261201,20260903,20261001,0.06999999999999995,0.2982943654060364,0.3072599711143988,0.317,0.26495,0.352,0.08704999999999996,identifiable,8.14310647477293e-05,0.0026136155540043117,True,True,True,True,False,accepted,0.008965605708362412,0.034999999999999996,False
P1,Full identifiability-aware,restricted_learned,20261201,20260903,20261001,0.1399999999999999,0.3080480694770813,0.3144013400366208,0.32699999999999996,0.274975,0.349025,0.07404999999999995,identifiable,0.00012833113133513778,0.002472965365203452,True,True,True,True,False,accepted,0.006353270559539492,0.034999999999999996,False
P1,Full identifiability-aware,restricted_learned,20261201,20260903,20261001,0.20999999999999996,0.3176838755607605,0.32131313015705354,0.346,0.27387500000000004,0.358075,0.08419999999999994,identifiable,9.991863913254391e-05,0.00314043673721036,True,True,True,True,False,accepted,0.003629254596293041,0.034999999999999996,False
P1,Full identifiability-aware,restricted_learned,20261201,20260903,20261001,0.2799999999999999,0.3269590139389038,0.3278985972803901,0.33699999999999997,0.28400000000000003,0.366075,0.08207499999999995,identifiable,6.074672471628192e-05,0.0023783118517428994,True,True,True,True,False,accepted,0.0009395833414863053,0.034999999999999996,False
P1,Full identifiability-aware,restricted_learned,20261201,20260903,20261001,0.34999999999999987,0.33567383885383606,0.334080026040365,0.364,0.2998,0.40705,0.10725000000000001,weakly identifiable / abstain,0.0001969105715069266,0.0031366871338458524,True,True,True,False,True,resampling interval exceeds resolution threshold,0.0015938128134710405,0.034999999999999996,False
P1,Full identifiability-aware,restricted_learned,20261201,20260903,20261001,0.41999999999999993,0.3436899185180664,0.3398013036044313,0.33199999999999996,0.313,0.3721,0.059099999999999986,identifiable,1.382753421690037e-05,0.002378467450285317,True,True,True,True,False,accepted,0.0038886149136351245,0.034999999999999996,False
P1,Full identifiability-aware,restricted_learned,20261201,20260903,20261001,0.49,0.35093367099761963,0.3450282740744384,0.351,0.308975,0.3681499999999999,0.05917499999999992,identifiable,3.489280551331492e-05,0.0020095030725731282,True,True,True,True,False,accepted,0.005905396923181205,0.034999999999999996,False
P1,Full identifiability-aware,restricted_learned,20261201,20260903,20261001,0.5599999999999998,0.3573884963989258,0.3497472196340497,0.34199999999999997,0.316,0.380025,0.064025,identifiable,2.9321345277279525e-05,0.002193630490840619,True,True,True,True,False,accepted,0.0076412767648760815,0.034999999999999996,False
P1,Full identifiability-aware,restricted_learned,20261201,20260903,20261001,0.6299999999999999,0.36308079957962036,0.3539620181344406,0.367,0.3439,0.396025,0.05212500000000003,identifiable,2.3882011058564772e-05,0.0020858117281550305,True,True,True,True,False,accepted,0.009118781445179747,0.034999999999999996,False
P1,Full identifiability-aware,restricted_learned,20261201,20260903,20261001,0.7,0.36806488037109375,0.357690580326136,0.354,0.33797499999999997,0.428175,0.0902,weakly identifiable / abstain,2.0112801631330872e-05,0.0041758638305439385,True,True,True,False,True,resampling interval exceeds resolution threshold,0.010374300044957763,0.034999999999999996,False
P2,Profile initialization only,restricted_learned,20261201,20260903,20261001,-0.7,0.2645927965641022,0.242309419673864,0.22299999999999998,0.180875,0.25717499999999993,0.07629999999999992,identifiable,7.196202779058487e-05,0.0023009945213233185,False,True,True,False,True,neural delay outside resampling minimizer interval,0.022283376890238182,0.034999999999999996,False
P2,Profile initialization only,restricted_learned,20261201,20260903,20261001,-0.63,0.26984643936157227,0.24603798186555936,0.255,0.186975,0.275075,0.08810000000000001,identifiable,0.00016199706665990125,0.002814067601410951,True,True,True,True,False,accepted,0.023808457496012903,0.034999999999999996,False
P2,Profile initialization only,restricted_learned,20261201,20260903,20261001,-0.5599999999999999,0.2756901979446411,0.2502527803659503,0.316,0.209925,0.37342499999999984,0.16349999999999984,weakly identifiable / abstain,0.0004325812181616507,0.004015197362055056,True,True,True,False,True,resampling interval exceeds resolution threshold,0.025437417578690835,0.034999999999999996,False
P2,Profile initialization only,restricted_learned,20261201,20260903,20261001,-0.49,0.28214210271835327,0.25497172592556155,0.214,0.17195,0.2633249999999999,0.09137499999999993,weakly identifiable / abstain,0.0002169843899850606,0.002652867876827601,False,True,True,False,True,resampling interval exceeds resolution threshold,0.027170376792791717,0.034999999999999996,False
P2,Profile initialization only,restricted_learned,20261201,20260903,20261001,-0.42,0.2891976833343506,0.2601986963955687,0.252,0.19490000000000002,0.28427499999999994,0.08937499999999993,identifiable,7.310900975794708e-05,0.002699311391056441,False,True,True,False,True,neural delay outside resampling minimizer interval,0.02899898693878189,0.034999999999999996,False
P2,Profile initialization only,restricted_learned,20261201,20260903,20261001,-0.35,0.2968231439590454,0.2659199739596349,0.22699999999999998,0.189975,0.27005,0.08007500000000001,identifiable,0.0002515681191974955,0.0021571610748129114,False,True,True,False,True,neural delay outside resampling minimizer interval,0.030903169999410507,0.034999999999999996,False
P2,Profile initialization only,restricted_learned,20261201,20260903,20261001,-0.28,0.30494916439056396,0.27210140271960986,0.27,0.22497499999999998,0.303025,0.07805000000000001,identifiable,6.437069574884066e-05,0.0021537188063661494,False,True,True,False,True,neural delay outside resampling minimizer interval,0.0328477616709541,0.034999999999999996,False
P2,Profile initialization only,restricted_learned,20261201,20260903,20261001,-0.21000000000000002,0.3134682774543762,0.27868686984294644,0.254,0.222,0.28902500000000003,0.06702500000000003,identifiable,0.00020793886991410184,0.002018085504264781,False,True,True,False,True,neural delay outside resampling minimizer interval,0.03478140761142978,0.034999999999999996,False
P2,Profile initialization only,restricted_learned,20261201,20260903,20261001,-0.14,0.32223671674728394,0.2855986599633792,0.29400000000000004,0.246975,0.33199999999999996,0.08502499999999996,identifiable,0.00015265677926855795,0.0021366897362879063,True,True,True,True,False,accepted,0.03663805678390475,0.034999999999999996,True
P2,Profile initialization only,restricted_learned,20261201,20260903,20261001,-0.07000000000000006,0.3310827612876892,0.2927400288856012,0.299,0.24795,0.32904999999999995,0.08109999999999995,identifiable,9.418245088718531e-05,0.0025689161595566514,False,True,True,False,True,neural delay outside resampling minimizer interval,0.03834273240208802,0.034999999999999996,False
P2,Profile initialization only,restricted_learned,20261201,20260903,20261001,0.0,0.3398207426071167,0.3,0.318,0.26695,0.3482249999999999,0.08127499999999988,identifiable,7.376655744129065e-05,0.002499066004878754,True,True,True,True,False,accepted,0.03982074260711671,0.034999999999999996,True
P2,Profile initialization only,restricted_learned,20261201,20260903,20261001,0.06999999999999995,0.3482688069343567,0.3072599711143988,0.317,0.26495,0.352,0.08704999999999996,identifiable,0.0001194315291419387,0.0026136155540043117,True,True,True,True,False,accepted,0.0410088358199579,0.034999999999999996,True
P2,Profile initialization only,restricted_learned,20261201,20260903,20261001,0.1399999999999999,0.3562670946121216,0.3144013400366208,0.32699999999999996,0.274975,0.349025,0.07404999999999995,identifiable,0.0001542969859357305,0.002472965365203452,False,True,True,False,True,neural delay outside resampling minimizer interval,0.04186575457550079,0.034999999999999996,False
P2,Profile initialization only,restricted_learned,20261201,20260903,20261001,0.20999999999999996,0.3636919856071472,0.32131313015705354,0.346,0.27387500000000004,0.358075,0.08419999999999994,identifiable,7.048089303144579e-05,0.00314043673721036,False,True,True,False,True,neural delay outside resampling minimizer interval,0.04237885545009368,0.034999999999999996,False
P2,Profile initialization only,restricted_learned,20261201,20260903,20261001,0.2799999999999999,0.37046319246292114,0.3278985972803901,0.33699999999999997,0.28400000000000003,0.366075,0.08207499999999995,identifiable,0.00012332691596114498,0.0023783118517428994,False,True,True,False,True,neural delay outside resampling minimizer interval,0.04256459518253103,0.034999999999999996,False
P2,Profile initialization only,restricted_learned,20261201,20260903,20261001,0.34999999999999987,0.3765440285205841,0.334080026040365,0.364,0.2998,0.40705,0.10725000000000001,weakly identifiable / abstain,0.00015660582105913784,0.0031366871338458524,True,True,True,False,True,resampling interval exceeds resolution threshold,0.04246400248021909,0.034999999999999996,False
P2,Profile initialization only,restricted_learned,20261201,20260903,20261001,0.41999999999999993,0.3819357454776764,0.3398013036044313,0.33199999999999996,0.313,0.3721,0.059099999999999986,identifiable,0.00016529491136269193,0.002378467450285317,False,True,True,False,True,neural delay outside resampling minimizer interval,0.04213444187324511,0.034999999999999996,False
P2,Profile initialization only,restricted_learned,20261201,20260903,20261001,0.49,0.38666823506355286,0.3450282740744384,0.351,0.308975,0.3681499999999999,0.05917499999999992,identifiable,0.00012067339150795235,0.0020095030725731282,False,True,True,False,True,neural delay outside resampling minimizer interval,0.04163996098911443,0.034999999999999996,False
P2,Profile initialization only,restricted_learned,20261201,20260903,20261001,0.5599999999999998,0.3907903730869293,0.3497472196340497,0.34199999999999997,0.316,0.380025,0.064025,identifiable,0.0001711812423613919,0.002193630490840619,False,True,True,False,True,neural delay outside resampling minimizer interval,0.04104315345287962,0.034999999999999996,False
P2,Profile initialization only,restricted_learned,20261201,20260903,20261001,0.6299999999999999,0.3943612575531006,0.3539620181344406,0.367,0.3439,0.396025,0.05212500000000003,identifiable,7.45715067097881e-05,0.0020858117281550305,True,True,True,True,False,accepted,0.04039923941865997,0.034999999999999996,True
P2,Profile initialization only,restricted_learned,20261201,20260903,20261001,0.7,0.3974435329437256,0.357690580326136,0.354,0.33797499999999997,0.428175,0.0902,weakly identifiable / abstain,0.00012997272997246733,0.0041758638305439385,True,True,True,False,True,resampling interval exceeds resolution threshold,0.0397529526175896,0.034999999999999996,False
P3,Anchor loss only,restricted_learned,20261201,20260903,20261001,-0.7,0.22580724954605103,0.242309419673864,0.22299999999999998,0.180875,0.25717499999999993,0.07629999999999992,identifiable,4.123771694479083e-06,0.0023009945213233185,True,True,True,True,False,accepted,0.016502170127812965,0.034999999999999996,False
P3,Anchor loss only,restricted_learned,20261201,20260903,20261001,-0.63,0.22975274920463562,0.24603798186555936,0.255,0.186975,0.275075,0.08810000000000001,identifiable,0.00017821108919166518,0.002814067601410951,True,True,True,True,False,accepted,0.016285232660923743,0.034999999999999996,False
P3,Anchor loss only,restricted_learned,20261201,20260903,20261001,-0.5599999999999999,0.2342158854007721,0.2502527803659503,0.316,0.209925,0.37342499999999984,0.16349999999999984,weakly identifiable / abstain,0.000612642405470917,0.004015197362055056,True,True,True,False,True,resampling interval exceeds resolution threshold,0.016036894965178183,0.034999999999999996,False
P3,Anchor loss only,restricted_learned,20261201,20260903,20261001,-0.49,0.23924040794372559,0.25497172592556155,0.214,0.17195,0.2633249999999999,0.09137499999999993,weakly identifiable / abstain,5.0446701076307676e-05,0.002652867876827601,True,True,True,False,True,resampling interval exceeds resolution threshold,0.01573131798183597,0.034999999999999996,False
P3,Anchor loss only,restricted_learned,20261201,20260903,20261001,-0.42,0.24486082792282104,0.2601986963955687,0.252,0.19490000000000002,0.28427499999999994,0.08937499999999993,identifiable,1.4227722195057008e-05,0.002699311391056441,True,True,True,True,False,accepted,0.015337868472747651,0.034999999999999996,False
P3,Anchor loss only,restricted_learned,20261201,20260903,20261001,-0.35,0.2510965168476105,0.2659199739596349,0.22699999999999998,0.189975,0.27005,0.08007500000000001,identifiable,5.858184910092705e-05,0.0021571610748129114,True,True,True,True,False,accepted,0.01482345711202443,0.034999999999999996,False
P3,Anchor loss only,restricted_learned,20261201,20260903,20261001,-0.28,0.2579460144042969,0.27210140271960986,0.27,0.22497499999999998,0.303025,0.07805000000000001,identifiable,8.889464450035032e-06,0.0021537188063661494,True,True,True,True,False,accepted,0.014155388315312989,0.034999999999999996,False
P3,Anchor loss only,restricted_learned,20261201,20260903,20261001,-0.21000000000000002,0.26538097858428955,0.27868686984294644,0.254,0.222,0.28902500000000003,0.06702500000000003,identifiable,4.026978891516561e-05,0.002018085504264781,True,True,True,True,False,accepted,0.013305891258656888,0.034999999999999996,False
P3,Anchor loss only,restricted_learned,20261201,20260903,20261001,-0.14,0.2733428180217743,0.2855986599633792,0.29400000000000004,0.246975,0.33199999999999996,0.08502499999999996,identifiable,0.00013749351159011275,0.0021366897362879063,True,True,True,True,False,accepted,0.012255841941604895,0.034999999999999996,False
P3,Anchor loss only,restricted_learned,20261201,20260903,20261001,-0.07000000000000006,0.28174179792404175,0.2927400288856012,0.299,0.24795,0.32904999999999995,0.08109999999999995,identifiable,5.444459765979864e-05,0.0025689161595566514,True,True,True,True,False,accepted,0.010998230961559441,0.034999999999999996,False
P3,Anchor loss only,restricted_learned,20261201,20260903,20261001,0.0,0.2904603183269501,0.3,0.318,0.26695,0.3482249999999999,0.08127499999999988,identifiable,8.748160081092655e-05,0.002499066004878754,True,True,True,True,False,accepted,0.009539681673049916,0.034999999999999996,False
P3,Anchor loss only,restricted_learned,20261201,20260903,20261001,0.06999999999999995,0.29936033487319946,0.3072599711143988,0.317,0.26495,0.352,0.08704999999999996,identifiable,7.923875423646468e-05,0.0026136155540043117,True,True,True,True,False,accepted,0.007899636241199326,0.034999999999999996,False
P3,Anchor loss only,restricted_learned,20261201,20260903,20261001,0.1399999999999999,0.30829381942749023,0.3144013400366208,0.32699999999999996,0.274975,0.349025,0.07404999999999995,identifiable,0.0001278028685584238,0.002472965365203452,True,True,True,True,False,accepted,0.006107520609130557,0.034999999999999996,False
P3,Anchor loss only,restricted_learned,20261201,20260903,20261001,0.20999999999999996,0.3171146810054779,0.32131313015705354,0.346,0.27387500000000004,0.358075,0.08419999999999994,identifiable,0.00010190447354374253,0.00314043673721036,True,True,True,True,False,accepted,0.004198449151575634,0.034999999999999996,False
P3,Anchor loss only,restricted_learned,20261201,20260903,20261001,0.2799999999999999,0.3256899118423462,0.3278985972803901,0.33699999999999997,0.28400000000000003,0.366075,0.08207499999999995,identifiable,6.244092891346337e-05,0.0023783118517428994,True,True,True,True,False,accepted,0.0022086854380439225,0.034999999999999996,False
P3,Anchor loss only,restricted_learned,20261201,20260903,20261001,0.34999999999999987,0.3339079022407532,0.334080026040365,0.364,0.2998,0.40705,0.10725000000000001,weakly identifiable / abstain,0.00020330853096511468,0.0031366871338458524,True,True,True,False,True,resampling interval exceeds resolution threshold,0.0001721237996118452,0.034999999999999996,False
P3,Anchor loss only,restricted_learned,20261201,20260903,20261001,0.41999999999999993,0.34168365597724915,0.3398013036044313,0.33199999999999996,0.313,0.3721,0.059099999999999986,identifiable,1.1091412645027066e-05,0.002378467450285317,True,True,True,True,False,accepted,0.0018823523728178637,0.034999999999999996,False
P3,Anchor loss only,restricted_learned,20261201,20260903,20261001,0.49,0.3489599823951721,0.3450282740744384,0.351,0.308975,0.3681499999999999,0.05917499999999992,identifiable,3.5136469922515746e-05,0.0020095030725731282,True,True,True,True,False,accepted,0.003931708320733696,0.034999999999999996,False
P3,Anchor loss only,restricted_learned,20261201,20260903,20261001,0.5599999999999998,0.3557056784629822,0.3497472196340497,0.34199999999999997,0.316,0.380025,0.064025,identifiable,2.599615534702711e-05,0.002193630490840619,True,True,True,True,False,accepted,0.005958458828932478,0.034999999999999996,False
P3,Anchor loss only,restricted_learned,20261201,20260903,20261001,0.6299999999999999,0.3619121313095093,0.3539620181344406,0.367,0.3439,0.396025,0.05212500000000003,identifiable,2.462550183719139e-05,0.0020858117281550305,True,True,True,True,False,accepted,0.007950113175068663,0.034999999999999996,False
P3,Anchor loss only,restricted_learned,20261201,20260903,20261001,0.7,0.3675882816314697,0.357690580326136,0.354,0.33797499999999997,0.428175,0.0902,weakly identifiable / abstain,1.9268052785222817e-05,0.0041758638305439385,True,True,True,False,True,resampling interval exceeds resolution threshold,0.00989770130533374,0.034999999999999996,False
P4,Restricted rollout-only,restricted_learned,20261201,20260903,20261001,-0.7,0.26482072472572327,0.242309419673864,0.22299999999999998,0.180875,0.25717499999999993,0.07629999999999992,identifiable,7.269978326836777e-05,0.0023009945213233185,False,True,True,False,True,neural delay outside resampling minimizer interval,0.022511305051859276,0.034999999999999996,False
P4,Restricted rollout-only,restricted_learned,20261201,20260903,20261001,-0.63,0.2698364853858948,0.24603798186555936,0.255,0.186975,0.275075,0.08810000000000001,identifiable,0.00016198458620067416,0.002814067601410951,True,True,True,True,False,accepted,0.023798503520335412,0.034999999999999996,False
P4,Restricted rollout-only,restricted_learned,20261201,20260903,20261001,-0.5599999999999999,0.2753484845161438,0.2502527803659503,0.316,0.209925,0.37342499999999984,0.16349999999999984,weakly identifiable / abstain,0.0004335539624548088,0.004015197362055056,True,True,True,False,True,resampling interval exceeds resolution threshold,0.02509570415019352,0.034999999999999996,False
P4,Restricted rollout-only,restricted_learned,20261201,20260903,20261001,-0.49,0.28135934472084045,0.25497172592556155,0.214,0.17195,0.2633249999999999,0.09137499999999993,weakly identifiable / abstain,0.00021261969222999638,0.002652867876827601,False,True,True,False,True,resampling interval exceeds resolution threshold,0.0263876187952789,0.034999999999999996,False
P4,Restricted rollout-only,restricted_learned,20261201,20260903,20261001,-0.42,0.28785330057144165,0.2601986963955687,0.252,0.19490000000000002,0.28427499999999994,0.08937499999999993,identifiable,6.87030715660213e-05,0.002699311391056441,False,True,True,False,True,neural delay outside resampling minimizer interval,0.027654604175872954,0.034999999999999996,False
P4,Restricted rollout-only,restricted_learned,20261201,20260903,20261001,-0.35,0.2947923541069031,0.2659199739596349,0.22699999999999998,0.189975,0.27005,0.08007500000000001,identifiable,0.0002391466129631146,0.0021571610748129114,False,True,True,False,True,neural delay outside resampling minimizer interval,0.028872380147268173,0.034999999999999996,False
P4,Restricted rollout-only,restricted_learned,20261201,20260903,20261001,-0.28,0.30211448669433594,0.27210140271960986,0.27,0.22497499999999998,0.303025,0.07805000000000001,identifiable,5.476691812071965e-05,0.0021537188063661494,True,True,True,True,False,accepted,0.030013083974726074,0.034999999999999996,False
P4,Restricted rollout-only,restricted_learned,20261201,20260903,20261001,-0.21000000000000002,0.3097337782382965,0.27868686984294644,0.254,0.222,0.28902500000000003,0.06702500000000003,identifiable,0.0001868159199688353,0.002018085504264781,False,True,True,False,True,neural delay outside resampling minimizer interval,0.03104690839535007,0.034999999999999996,False
P4,Restricted rollout-only,restricted_learned,20261201,20260903,20261001,-0.14,0.3175438344478607,0.2855986599633792,0.29400000000000004,0.246975,0.33199999999999996,0.08502499999999996,identifiable,0.0001415197252785565,0.0021366897362879063,True,True,True,True,False,accepted,0.03194517448448153,0.034999999999999996,False
P4,Restricted rollout-only,restricted_learned,20261201,20260903,20261001,-0.07000000000000006,0.3254241347312927,0.2927400288856012,0.299,0.24795,0.32904999999999995,0.08109999999999995,identifiable,7.659776588367377e-05,0.0025689161595566514,True,True,True,True,False,accepted,0.032684105845691536,0.034999999999999996,False
P4,Restricted rollout-only,restricted_learned,20261201,20260903,20261001,0.0,0.3332483172416687,0.3,0.318,0.26695,0.3482249999999999,0.08127499999999988,identifiable,6.101835103087497e-05,0.002499066004878754,True,True,True,True,False,accepted,0.03324831724166871,0.034999999999999996,False
P4,Restricted rollout-only,restricted_learned,20261201,20260903,20261001,0.06999999999999995,0.34089410305023193,0.3072599711143988,0.317,0.26495,0.352,0.08704999999999996,identifiable,9.594878677001601e-05,0.0026136155540043117,True,True,True,True,False,accepted,0.033634131935833145,0.034999999999999996,False
P4,Restricted rollout-only,restricted_learned,20261201,20260903,20261001,0.1399999999999999,0.3482518196105957,0.3144013400366208,0.32699999999999996,0.274975,0.349025,0.07404999999999995,identifiable,0.00013190328330149584,0.002472965365203452,True,True,True,True,False,accepted,0.03385047957397491,0.034999999999999996,False
P4,Restricted rollout-only,restricted_learned,20261201,20260903,20261001,0.20999999999999996,0.35523122549057007,0.32131313015705354,0.346,0.27387500000000004,0.358075,0.08419999999999994,identifiable,5.66083285230292e-05,0.00314043673721036,True,True,True,True,False,accepted,0.03391809533351653,0.034999999999999996,False
P4,Restricted rollout-only,restricted_learned,20261201,20260903,20261001,0.2799999999999999,0.36176544427871704,0.3278985972803901,0.33699999999999997,0.28400000000000003,0.366075,0.08207499999999995,identifiable,9.234776967349165e-05,0.0023783118517428994,True,True,True,True,False,accepted,0.03386684699832693,0.034999999999999996,False
P4,Restricted rollout-only,restricted_learned,20261201,20260903,20261001,0.34999999999999987,0.3678117096424103,0.334080026040365,0.364,0.2998,0.40705,0.10725000000000001,weakly identifiable / abstain,0.00014801508557724517,0.0031366871338458524,True,True,True,False,True,resampling interval exceeds resolution threshold,0.03373168360204526,0.034999999999999996,False
P4,Restricted rollout-only,restricted_learned,20261201,20260903,20261001,0.41999999999999993,0.3733499050140381,0.3398013036044313,0.33199999999999996,0.313,0.3721,0.059099999999999986,identifiable,0.00011506199622052658,0.002378467450285317,False,True,True,False,True,neural delay outside resampling minimizer interval,0.033548601409606804,0.034999999999999996,False
P4,Restricted rollout-only,restricted_learned,20261201,20260903,20261001,0.49,0.37837907671928406,0.3450282740744384,0.351,0.308975,0.3681499999999999,0.05917499999999992,identifiable,8.57090076108833e-05,0.0020095030725731282,False,True,True,False,True,neural delay outside resampling minimizer interval,0.033350802644845634,0.034999999999999996,False
P4,Restricted rollout-only,restricted_learned,20261201,20260903,20261001,0.5599999999999998,0.3829135298728943,0.3497472196340497,0.34199999999999997,0.316,0.380025,0.064025,identifiable,0.00012483265784829208,0.002193630490840619,False,True,True,False,True,neural delay outside resampling minimizer interval,0.03316631023884459,0.034999999999999996,False
P4,Restricted rollout-only,restricted_learned,20261201,20260903,20261001,0.6299999999999999,0.3869783878326416,0.3539620181344406,0.367,0.3439,0.396025,0.05212500000000003,identifiable,5.0440981136313895e-05,0.0020858117281550305,True,True,True,True,False,accepted,0.03301636969820099,0.034999999999999996,False
P4,Restricted rollout-only,restricted_learned,20261201,20260903,20261001,0.7,0.39060595631599426,0.357690580326136,0.354,0.33797499999999997,0.428175,0.0902,weakly identifiable / abstain,9.44712952840308e-05,0.0041758638305439385,True,True,True,False,True,resampling interval exceeds resolution threshold,0.032915375989858275,0.034999999999999996,False
P1,Full identifiability-aware,restricted_learned,20261202,20260903,20261002,-0.7,0.2297130823135376,0.242309419673864,0.22299999999999998,0.180875,0.25717499999999993,0.07629999999999992,identifiable,5.657579792658425e-06,0.0023009945213233185,True,True,True,True,False,accepted,0.012596337360326393,0.034999999999999996,False
P1,Full identifiability-aware,restricted_learned,20261202,20260903,20261002,-0.63,0.2333822101354599,0.24603798186555936,0.255,0.186975,0.275075,0.08810000000000001,identifiable,0.00017112782623396715,0.002814067601410951,True,True,True,True,False,accepted,0.012655771730099463,0.034999999999999996,False
P1,Full identifiability-aware,restricted_learned,20261202,20260903,20261002,-0.5599999999999999,0.23772408068180084,0.2502527803659503,0.316,0.209925,0.37342499999999984,0.16349999999999984,weakly identifiable / abstain,0.0005925322249745138,0.004015197362055056,True,True,True,False,True,resampling interval exceeds resolution threshold,0.012528699684149436,0.034999999999999996,False
P1,Full identifiability-aware,restricted_learned,20261202,20260903,20261002,-0.49,0.2428310066461563,0.25497172592556155,0.214,0.17195,0.2633249999999999,0.09137499999999993,weakly identifiable / abstain,5.862072388150785e-05,0.002652867876827601,True,True,True,False,True,resampling interval exceeds resolution threshold,0.012140719279405243,0.034999999999999996,False
P1,Full identifiability-aware,restricted_learned,20261202,20260903,20261002,-0.42,0.24877965450286865,0.2601986963955687,0.252,0.19490000000000002,0.28427499999999994,0.08937499999999993,identifiable,1.2179360947907944e-05,0.002699311391056441,True,True,True,True,False,accepted,0.011419041892700044,0.034999999999999996,False
P1,Full identifiability-aware,restricted_learned,20261202,20260903,20261002,-0.35,0.2556118965148926,0.2659199739596349,0.22699999999999998,0.189975,0.27005,0.08007500000000001,identifiable,6.946818374458998e-05,0.0021571610748129114,True,True,True,True,False,accepted,0.010308077444742325,0.034999999999999996,False
P1,Full identifiability-aware,restricted_learned,20261202,20260903,20261002,-0.28,0.26331257820129395,0.27210140271960986,0.27,0.22497499999999998,0.303025,0.07805000000000001,identifiable,3.9353234256290024e-06,0.0021537188063661494,True,True,True,True,False,accepted,0.008788824518315919,0.034999999999999996,False
P1,Full identifiability-aware,restricted_learned,20261202,20260903,20261002,-0.21000000000000002,0.2717892825603485,0.27868686984294644,0.254,0.222,0.28902500000000003,0.06702500000000003,identifiable,4.9393267586943034e-05,0.002018085504264781,True,True,True,True,False,accepted,0.006897587282597928,0.034999999999999996,False
P1,Full identifiability-aware,restricted_learned,20261202,20260903,20261002,-0.14,0.2808634340763092,0.2855986599633792,0.29400000000000004,0.246975,0.33199999999999996,0.08502499999999996,identifiable,0.0001251375688137824,0.0021366897362879063,True,True,True,True,False,accepted,0.004735225887069983,0.034999999999999996,False
P1,Full identifiability-aware,restricted_learned,20261202,20260903,20261002,-0.07000000000000006,0.290280282497406,0.2927400288856012,0.299,0.24795,0.32904999999999995,0.08109999999999995,identifiable,4.275304516521673e-05,0.0025689161595566514,True,True,True,True,False,accepted,0.002459746388195183,0.034999999999999996,False
P1,Full identifiability-aware,restricted_learned,20261202,20260903,20261002,0.0,0.2997405230998993,0.3,0.318,0.26695,0.3482249999999999,0.08127499999999988,identifiable,6.542724380166798e-05,0.002499066004878754,True,True,True,True,False,accepted,0.0002594769001006969,0.034999999999999996,False
P1,Full identifiability-aware,restricted_learned,20261202,20260903,20261002,0.06999999999999995,0.3089448809623718,0.3072599711143988,0.317,0.26495,0.352,0.08704999999999996,identifiable,6.545590891636652e-05,0.0026136155540043117,True,True,True,True,False,accepted,0.0016849098479730373,0.034999999999999996,False
P1,Full identifiability-aware,restricted_learned,20261202,20260903,20261002,0.1399999999999999,0.3176385760307312,0.3144013400366208,0.32699999999999996,0.274975,0.349025,0.07404999999999995,identifiable,0.00011251448088768188,0.002472965365203452,True,True,True,True,False,accepted,0.00323723599411041,0.034999999999999996,False
P1,Full identifiability-aware,restricted_learned,20261202,20260903,20261002,0.20999999999999996,0.32564038038253784,0.32131313015705354,0.346,0.27387500000000004,0.358075,0.08419999999999994,identifiable,7.627610533654519e-05,0.00314043673721036,True,True,True,True,False,accepted,0.004327250225484303,0.034999999999999996,False
P1,Full identifiability-aware,restricted_learned,20261202,20260903,20261002,0.2799999999999999,0.3328510522842407,0.3278985972803901,0.33699999999999997,0.28400000000000003,0.366075,0.08207499999999995,identifiable,5.557447902606149e-05,0.0023783118517428994,True,True,True,True,False,accepted,0.004952455003850609,0.034999999999999996,False
P1,Full identifiability-aware,restricted_learned,20261202,20260903,20261002,0.34999999999999987,0.3392445147037506,0.334080026040365,0.364,0.2998,0.40705,0.10725000000000001,weakly identifiable / abstain,0.00018514898657995857,0.0031366871338458524,True,True,True,False,True,resampling interval exceeds resolution threshold,0.005164488663385591,0.034999999999999996,False
P1,Full identifiability-aware,restricted_learned,20261202,20260903,20261002,0.41999999999999993,0.3448489308357239,0.3398013036044313,0.33199999999999996,0.313,0.3721,0.059099999999999986,identifiable,1.5642470688445414e-05,0.002378467450285317,True,True,True,True,False,accepted,0.005047627231292595,0.034999999999999996,False
P1,Full identifiability-aware,restricted_learned,20261202,20260903,20261002,0.49,0.34972628951072693,0.3450282740744384,0.351,0.308975,0.3681499999999999,0.05917499999999992,identifiable,3.49893845156433e-05,0.0020095030725731282,True,True,True,True,False,accepted,0.004698015436288505,0.034999999999999996,False
P1,Full identifiability-aware,restricted_learned,20261202,20260903,20261002,0.5599999999999998,0.353954941034317,0.3497472196340497,0.34199999999999997,0.316,0.380025,0.064025,identifiable,2.292257455646922e-05,0.002193630490840619,True,True,True,True,False,accepted,0.004207721400267317,0.034999999999999996,False
P1,Full identifiability-aware,restricted_learned,20261202,20260903,20261002,0.6299999999999999,0.3576171398162842,0.3539620181344406,0.367,0.3439,0.396025,0.05212500000000003,identifiable,2.9019965574017777e-05,0.0020858117281550305,True,True,True,True,False,accepted,0.003655121681843565,0.034999999999999996,False
P1,Full identifiability-aware,restricted_learned,20261202,20260903,20261002,0.7,0.36079147458076477,0.357690580326136,0.354,0.33797499999999997,0.428175,0.0902,weakly identifiable / abstain,1.0304404432497473e-05,0.0041758638305439385,True,True,True,False,True,resampling interval exceeds resolution threshold,0.003100894254628783,0.034999999999999996,False
P2,Profile initialization only,restricted_learned,20261202,20260903,20261002,-0.7,0.25489068031311035,0.242309419673864,0.22299999999999998,0.180875,0.25717499999999993,0.07629999999999992,identifiable,4.4083131239620216e-05,0.0023009945213233185,True,True,True,True,False,accepted,0.012581260639246361,0.034999999999999996,False
P2,Profile initialization only,restricted_learned,20261202,20260903,20261002,-0.63,0.259523868560791,0.24603798186555936,0.255,0.186975,0.275075,0.08810000000000001,identifiable,0.00015321130697987177,0.002814067601410951,True,True,True,True,False,accepted,0.013485886695231653,0.034999999999999996,False
P2,Profile initialization only,restricted_learned,20261202,20260903,20261002,-0.5599999999999999,0.2648540139198303,0.2502527803659503,0.316,0.209925,0.37342499999999984,0.16349999999999984,weakly identifiable / abstain,0.0004675207211838589,0.004015197362055056,True,True,True,False,True,resampling interval exceeds resolution threshold,0.014601233553880044,0.034999999999999996,False
P2,Profile initialization only,restricted_learned,20261202,20260903,20261002,-0.49,0.27087584137916565,0.25497172592556155,0.214,0.17195,0.2633249999999999,0.09137499999999993,weakly identifiable / abstain,0.00015881920465972288,0.002652867876827601,False,True,True,False,True,resampling interval exceeds resolution threshold,0.015904115453604095,0.034999999999999996,False
P2,Profile initialization only,restricted_learned,20261202,20260903,20261002,-0.42,0.2775288224220276,0.2601986963955687,0.252,0.19490000000000002,0.28427499999999994,0.08937499999999993,identifiable,4.029157224283609e-05,0.002699311391056441,True,True,True,True,False,accepted,0.017330126026458892,0.034999999999999996,False
P2,Profile initialization only,restricted_learned,20261202,20260903,20261002,-0.35,0.2846880257129669,0.2659199739596349,0.22699999999999998,0.189975,0.27005,0.08007500000000001,identifiable,0.00018260432753073715,0.0021571610748129114,False,True,True,False,True,neural delay outside resampling minimizer interval,0.018768051753332016,0.034999999999999996,False
P2,Profile initialization only,restricted_learned,20261202,20260903,20261002,-0.28,0.2921673059463501,0.27210140271960986,0.27,0.22497499999999998,0.303025,0.07805000000000001,identifiable,2.7351438613319455e-05,0.0021537188063661494,True,True,True,True,False,accepted,0.020065903226740234,0.034999999999999996,False
P2,Profile initialization only,restricted_learned,20261202,20260903,20261002,-0.21000000000000002,0.29973742365837097,0.27868686984294644,0.254,0.222,0.28902500000000003,0.06702500000000003,identifiable,0.00013691753774294074,0.002018085504264781,False,True,True,False,True,neural delay outside resampling minimizer interval,0.021050553815424533,0.034999999999999996,False
P2,Profile initialization only,restricted_learned,20261202,20260903,20261002,-0.14,0.307156503200531,0.2855986599633792,0.29400000000000004,0.246975,0.33199999999999996,0.08502499999999996,identifiable,0.00012409475400796562,0.0021366897362879063,True,True,True,True,False,accepted,0.02155784323715182,0.034999999999999996,False
P2,Profile initialization only,restricted_learned,20261202,20260903,20261002,-0.07000000000000006,0.31420373916625977,0.2927400288856012,0.299,0.24795,0.32904999999999995,0.08109999999999995,identifiable,5.159349833302593e-05,0.0025689161595566514,True,True,True,True,False,accepted,0.021463710280658577,0.034999999999999996,False
P2,Profile initialization only,restricted_learned,20261202,20260903,20261002,0.0,0.3207069933414459,0.3,0.318,0.26695,0.3482249999999999,0.08127499999999988,identifiable,4.8997279945995264e-05,0.002499066004878754,True,True,True,True,False,accepted,0.020706993341445934,0.034999999999999996,False
P2,Profile initialization only,restricted_learned,20261202,20260903,20261002,0.06999999999999995,0.32655656337738037,0.3072599711143988,0.317,0.26495,0.352,0.08704999999999996,identifiable,6.785807129333498e-05,0.0026136155540043117,True,True,True,True,False,accepted,0.019296592262981582,0.034999999999999996,False
P2,Profile initialization only,restricted_learned,20261202,20260903,20261002,0.1399999999999999,0.3317050337791443,0.3144013400366208,0.32699999999999996,0.274975,0.349025,0.07404999999999995,identifiable,0.00010829903728623371,0.002472965365203452,True,True,True,True,False,accepted,0.017303693742523496,0.034999999999999996,False
P2,Profile initialization only,restricted_learned,20261202,20260903,20261002,0.20999999999999996,0.33615642786026,0.32131313015705354,0.346,0.27387500000000004,0.358075,0.08419999999999994,identifiable,5.7026444858850535e-05,0.00314043673721036,True,True,True,True,False,accepted,0.01484329770320647,0.034999999999999996,False
P2,Profile initialization only,restricted_learned,20261202,20260903,20261002,0.2799999999999999,0.33995121717453003,0.3278985972803901,0.33699999999999997,0.28400000000000003,0.366075,0.08207499999999995,identifiable,5.507014215829758e-05,0.0023783118517428994,True,True,True,True,False,accepted,0.012052619894139915,0.034999999999999996,False
P2,Profile initialization only,restricted_learned,20261202,20260903,20261002,0.34999999999999987,0.3431510925292969,0.334080026040365,0.364,0.2998,0.40705,0.10725000000000001,weakly identifiable / abstain,0.0001741057619087151,0.0031366871338458524,True,True,True,False,True,resampling interval exceeds resolution threshold,0.009071066488931856,0.034999999999999996,False
P2,Profile initialization only,restricted_learned,20261202,20260903,20261002,0.41999999999999993,0.34582725167274475,0.3398013036044313,0.33199999999999996,0.313,0.3721,0.059099999999999986,identifiable,1.7316620494638406e-05,0.002378467450285317,True,True,True,True,False,accepted,0.006025948068313469,0.034999999999999996,False
P2,Profile initialization only,restricted_learned,20261202,20260903,20261002,0.49,0.3480514883995056,0.3450282740744384,0.351,0.308975,0.3681499999999999,0.05917499999999992,identifiable,3.542772327442219e-05,0.0020095030725731282,True,True,True,True,False,accepted,0.0030232143250671917,0.034999999999999996,False
P2,Profile initialization only,restricted_learned,20261202,20260903,20261002,0.5599999999999998,0.3498912751674652,0.3497472196340497,0.34199999999999997,0.316,0.380025,0.064025,identifiable,1.7372201557745926e-05,0.002193630490840619,True,True,True,True,False,accepted,0.00014405553341551025,0.034999999999999996,False
P2,Profile initialization only,restricted_learned,20261202,20260903,20261002,0.6299999999999999,0.3514072895050049,0.3539620181344406,0.367,0.3439,0.396025,0.05212500000000003,identifiable,3.996979617208985e-05,0.0020858117281550305,True,True,True,True,False,accepted,0.002554728629435732,0.034999999999999996,False
P2,Profile initialization only,restricted_learned,20261202,20260903,20261002,0.7,0.35265210270881653,0.357690580326136,0.354,0.33797499999999997,0.428175,0.0902,weakly identifiable / abstain,7.637445992816798e-06,0.0041758638305439385,True,True,True,False,True,resampling interval exceeds resolution threshold,0.005038477617319459,0.034999999999999996,False
P3,Anchor loss only,restricted_learned,20261202,20260903,20261002,-0.7,0.22948729991912842,0.242309419673864,0.22299999999999998,0.180875,0.25717499999999993,0.07629999999999992,identifiable,5.538198700424457e-06,0.0023009945213233185,True,True,True,True,False,accepted,0.012822119754735573,0.034999999999999996,False
P3,Anchor loss only,restricted_learned,20261202,20260903,20261002,-0.63,0.2343990057706833,0.24603798186555936,0.255,0.186975,0.275075,0.08810000000000001,identifiable,0.00016934513884666846,0.002814067601410951,True,True,True,True,False,accepted,0.011638976094876075,0.034999999999999996,False
P3,Anchor loss only,restricted_learned,20261202,20260903,20261002,-0.5599999999999999,0.2398785948753357,0.2502527803659503,0.316,0.209925,0.37342499999999984,0.16349999999999984,weakly identifiable / abstain,0.0005806275372875367,0.004015197362055056,True,True,True,False,True,resampling interval exceeds resolution threshold,0.010374185490614585,0.034999999999999996,False
P3,Anchor loss only,restricted_learned,20261202,20260903,20261002,-0.49,0.24593165516853333,0.25497172592556155,0.214,0.17195,0.2633249999999999,0.09137499999999993,weakly identifiable / abstain,6.653349903461635e-05,0.002652867876827601,True,True,True,False,True,resampling interval exceeds resolution threshold,0.009040070757028229,0.034999999999999996,False
P3,Anchor loss only,restricted_learned,20261202,20260903,20261002,-0.42,0.25254133343696594,0.2601986963955687,0.252,0.19490000000000002,0.28427499999999994,0.08937499999999993,identifiable,1.1550271157242587e-05,0.002699311391056441,True,True,True,True,False,accepted,0.007657362958602754,0.034999999999999996,False
P3,Anchor loss only,restricted_learned,20261202,20260903,20261002,-0.35,0.25966399908065796,0.2659199739596349,0.22699999999999998,0.189975,0.27005,0.08007500000000001,identifiable,8.077333494294866e-05,0.0021571610748129114,True,True,True,True,False,accepted,0.006255974878976944,0.034999999999999996,False
P3,Anchor loss only,restricted_learned,20261202,20260903,20261002,-0.28,0.2672274708747864,0.27210140271960986,0.27,0.22497499999999998,0.303025,0.07805000000000001,identifiable,2.168936625112544e-06,0.0021537188063661494,True,True,True,True,False,accepted,0.004873931844823487,0.034999999999999996,False
P3,Anchor loss only,restricted_learned,20261202,20260903,20261002,-0.21000000000000002,0.27513259649276733,0.27868686984294644,0.254,0.222,0.28902500000000003,0.06702500000000003,identifiable,5.578429810079578e-05,0.002018085504264781,True,True,True,True,False,accepted,0.0035542733501791046,0.034999999999999996,False
P3,Anchor loss only,restricted_learned,20261202,20260903,20261002,-0.14,0.283258855342865,0.2855986599633792,0.29400000000000004,0.246975,0.33199999999999996,0.08502499999999996,identifiable,0.0001223401811610621,0.0021366897362879063,True,True,True,True,False,accepted,0.0023398046205141965,0.034999999999999996,False
P3,Anchor loss only,restricted_learned,20261202,20260903,20261002,-0.07000000000000006,0.2914735674858093,0.2927400288856012,0.299,0.24795,0.32904999999999995,0.08109999999999995,identifiable,4.174764009596911e-05,0.0025689161595566514,True,True,True,True,False,accepted,0.0012664613997918628,0.034999999999999996,False
P3,Anchor loss only,restricted_learned,20261202,20260903,20261002,0.0,0.29964250326156616,0.3,0.318,0.26695,0.3482249999999999,0.08127499999999988,identifiable,6.561447458833404e-05,0.002499066004878754,True,True,True,True,False,accepted,0.0003574967384338268,0.034999999999999996,False
P3,Anchor loss only,restricted_learned,20261202,20260903,20261002,0.06999999999999995,0.30764082074165344,0.3072599711143988,0.317,0.26495,0.352,0.08704999999999996,identifiable,6.671219652446998e-05,0.0026136155540043117,True,True,True,True,False,accepted,0.00038084962725465354,0.034999999999999996,False
P3,Anchor loss only,restricted_learned,20261202,20260903,20261002,0.1399999999999999,0.31536149978637695,0.3144013400366208,0.32699999999999996,0.274975,0.349025,0.07404999999999995,identifiable,0.00011531691749174286,0.002472965365203452,True,True,True,True,False,accepted,0.000960159749756162,0.034999999999999996,False
P3,Anchor loss only,restricted_learned,20261202,20260903,20261002,0.20999999999999996,0.3227209448814392,0.32131313015705354,0.346,0.27387500000000004,0.358075,0.08419999999999994,identifiable,8.403724074793971e-05,0.00314043673721036,True,True,True,True,False,accepted,0.0014078147243856698,0.034999999999999996,False
P3,Anchor loss only,restricted_learned,20261202,20260903,20261002,0.2799999999999999,0.3296602964401245,0.3278985972803901,0.33699999999999997,0.28400000000000003,0.366075,0.08207499999999995,identifiable,5.784644499559806e-05,0.0023783118517428994,True,True,True,True,False,accepted,0.0017616991597343978,0.034999999999999996,False
P3,Anchor loss only,restricted_learned,20261202,20260903,20261002,0.34999999999999987,0.33614465594291687,0.334080026040365,0.364,0.2998,0.40705,0.10725000000000001,weakly identifiable / abstain,0.00019526257399600036,0.0031366871338458524,True,True,True,False,True,resampling interval exceeds resolution threshold,0.002064629902551851,0.034999999999999996,False
P3,Anchor loss only,restricted_learned,20261202,20260903,20261002,0.41999999999999993,0.342159628868103,0.3398013036044313,0.33199999999999996,0.313,0.3721,0.059099999999999986,identifiable,1.168754581880314e-05,0.002378467450285317,True,True,True,True,False,accepted,0.0023583252636717456,0.034999999999999996,False
P3,Anchor loss only,restricted_learned,20261202,20260903,20261002,0.49,0.34770727157592773,0.3450282740744384,0.351,0.308975,0.3681499999999999,0.05917499999999992,identifiable,3.557784875905321e-05,0.0020095030725731282,True,True,True,True,False,accepted,0.002678997501489311,0.034999999999999996,False
P3,Anchor loss only,restricted_learned,20261202,20260903,20261002,0.5599999999999998,0.35280150175094604,0.3497472196340497,0.34199999999999997,0.316,0.380025,0.064025,identifiable,2.1132623626672814e-05,0.002193630490840619,True,True,True,True,False,accepted,0.003054282116896345,0.034999999999999996,False
P3,Anchor loss only,restricted_learned,20261202,20260903,20261002,0.6299999999999999,0.35746437311172485,0.3539620181344406,0.367,0.3439,0.396025,0.05212500000000003,identifiable,2.9224697289497772e-05,0.0020858117281550305,True,True,True,True,False,accepted,0.003502354977284239,0.034999999999999996,False
P3,Anchor loss only,restricted_learned,20261202,20260903,20261002,0.7,0.3617228865623474,0.357690580326136,0.354,0.33797499999999997,0.428175,0.0902,weakly identifiable / abstain,1.1173468611297085e-05,0.0041758638305439385,True,True,True,False,True,resampling interval exceeds resolution threshold,0.004032306236211425,0.034999999999999996,False
P4,Restricted rollout-only,restricted_learned,20261202,20260903,20261002,-0.7,0.2569947838783264,0.242309419673864,0.22299999999999998,0.180875,0.25717499999999993,0.07629999999999992,identifiable,4.9511925524651026e-05,0.0023009945213233185,True,True,True,True,False,accepted,0.014685364204462426,0.034999999999999996,False
P4,Restricted rollout-only,restricted_learned,20261202,20260903,20261002,-0.63,0.2623906433582306,0.24603798186555936,0.255,0.186975,0.275075,0.08810000000000001,identifiable,0.00015475782201302215,0.002814067601410951,True,True,True,True,False,accepted,0.016352661492671228,0.034999999999999996,False
P4,Restricted rollout-only,restricted_learned,20261202,20260903,20261002,-0.5599999999999999,0.26816701889038086,0.2502527803659503,0.316,0.209925,0.37342499999999984,0.16349999999999984,weakly identifiable / abstain,0.0004559356097531667,0.004015197362055056,True,True,True,False,True,resampling interval exceeds resolution threshold,0.01791423852443058,0.034999999999999996,False
P4,Restricted rollout-only,restricted_learned,20261202,20260903,20261002,-0.49,0.27425917983055115,0.25497172592556155,0.214,0.17195,0.2633249999999999,0.09137499999999993,weakly identifiable / abstain,0.00017522175947649193,0.002652867876827601,False,True,True,False,True,resampling interval exceeds resolution threshold,0.019287453904989593,0.034999999999999996,False
P4,Restricted rollout-only,restricted_learned,20261202,20260903,20261002,-0.42,0.28058183193206787,0.2601986963955687,0.252,0.19490000000000002,0.28427499999999994,0.08937499999999993,identifiable,4.769527911048171e-05,0.002699311391056441,True,True,True,True,False,accepted,0.020383135536499175,0.034999999999999996,False
P4,Restricted rollout-only,restricted_learned,20261202,20260903,20261002,-0.35,0.2870335578918457,0.2659199739596349,0.22699999999999998,0.189975,0.27005,0.08007500000000001,identifiable,0.00019493835113407583,0.0021571610748129114,False,True,True,False,True,neural delay outside resampling minimizer interval,0.0211135839322108,0.034999999999999996,False
P4,Restricted rollout-only,restricted_learned,20261202,20260903,20261002,-0.28,0.293504536151886,0.27210140271960986,0.27,0.22497499999999998,0.303025,0.07805000000000001,identifiable,3.0470873408745167e-05,0.0021537188063661494,True,True,True,True,False,accepted,0.021403133432276122,0.034999999999999996,False
P4,Restricted rollout-only,restricted_learned,20261202,20260903,20261002,-0.21000000000000002,0.29988521337509155,0.27868686984294644,0.254,0.222,0.28902500000000003,0.06702500000000003,identifiable,0.00013758006951891972,0.002018085504264781,False,True,True,False,True,neural delay outside resampling minimizer interval,0.021198343532145114,0.034999999999999996,False
P4,Restricted rollout-only,restricted_learned,20261202,20260903,20261002,-0.14,0.3060747981071472,0.2855986599633792,0.29400000000000004,0.246975,0.33199999999999996,0.08502499999999996,identifiable,0.0001228540355690115,0.0021366897362879063,True,True,True,True,False,accepted,0.02047613814376803,0.034999999999999996,False
P4,Restricted rollout-only,restricted_learned,20261202,20260903,20261002,-0.07000000000000006,0.3119886517524719,0.2927400288856012,0.299,0.24795,0.32904999999999995,0.08109999999999995,identifiable,4.8213347592488965e-05,0.0025689161595566514,True,True,True,True,False,accepted,0.019248622866870735,0.034999999999999996,False
P4,Restricted rollout-only,restricted_learned,20261202,20260903,20261002,0.0,0.31756216287612915,0.3,0.318,0.26695,0.3482249999999999,0.08127499999999988,identifiable,4.853570615134711e-05,0.002499066004878754,True,True,True,True,False,accepted,0.01756216287612916,0.034999999999999996,False
P4,Restricted rollout-only,restricted_learned,20261202,20260903,20261002,0.06999999999999995,0.3227519392967224,0.3072599711143988,0.317,0.26495,0.352,0.08704999999999996,identifiable,6.432162706217127e-05,0.0026136155540043117,True,True,True,True,False,accepted,0.015491968182323623,0.034999999999999996,False
P4,Restricted rollout-only,restricted_learned,20261202,20260903,20261002,0.1399999999999999,0.32753485441207886,0.3144013400366208,0.32699999999999996,0.274975,0.349025,0.07404999999999995,identifiable,0.00010720820616258011,0.002472965365203452,True,True,True,True,False,accepted,0.013133514375458066,0.034999999999999996,False
P4,Restricted rollout-only,restricted_learned,20261202,20260903,20261002,0.20999999999999996,0.3319050669670105,0.32131313015705354,0.346,0.27387500000000004,0.358075,0.08419999999999994,identifiable,6.316419902273005e-05,0.00314043673721036,True,True,True,True,False,accepted,0.010591936809956959,0.034999999999999996,False
P4,Restricted rollout-only,restricted_learned,20261202,20260903,20261002,0.2799999999999999,0.33587032556533813,0.3278985972803901,0.33699999999999997,0.28400000000000003,0.366075,0.08207499999999995,identifiable,5.459673203922984e-05,0.0023783118517428994,True,True,True,True,False,accepted,0.007971728284948021,0.034999999999999996,False
P4,Restricted rollout-only,restricted_learned,20261202,20260903,20261002,0.34999999999999987,0.33944815397262573,0.334080026040365,0.364,0.2998,0.40705,0.10725000000000001,weakly identifiable / abstain,0.00018453034758620786,0.0031366871338458524,True,True,True,False,True,resampling interval exceeds resolution threshold,0.005368127932260713,0.034999999999999996,False
P4,Restricted rollout-only,restricted_learned,20261202,20260903,20261002,0.41999999999999993,0.34266260266304016,0.3398013036044313,0.33199999999999996,0.313,0.3721,0.059099999999999986,identifiable,1.2361258783093125e-05,0.002378467450285317,True,True,True,True,False,accepted,0.0028612990586088793,0.034999999999999996,False
P4,Restricted rollout-only,restricted_learned,20261202,20260903,20261002,0.49,0.34554147720336914,0.3450282740744384,0.351,0.308975,0.3681499999999999,0.05917499999999992,identifiable,3.682723492712069e-05,0.0020095030725731282,True,True,True,True,False,accepted,0.0005132031289307171,0.034999999999999996,False
P4,Restricted rollout-only,restricted_learned,20261202,20260903,20261002,0.5599999999999998,0.34811410307884216,0.3497472196340497,0.34199999999999997,0.316,0.380025,0.064025,identifiable,1.5628546812955037e-05,0.002193630490840619,True,True,True,True,False,accepted,0.0016331165552075366,0.034999999999999996,False
P4,Restricted rollout-only,restricted_learned,20261202,20260903,20261002,0.6299999999999999,0.35040974617004395,0.3539620181344406,0.367,0.3439,0.396025,0.05212500000000003,identifiable,4.223892063038766e-05,0.0020858117281550305,True,True,True,True,False,accepted,0.0035522719643966694,0.034999999999999996,False
P4,Restricted rollout-only,restricted_learned,20261202,20260903,20261002,0.7,0.35245686769485474,0.357690580326136,0.354,0.33797499999999997,0.428175,0.0902,weakly identifiable / abstain,7.683199588727978e-06,0.0041758638305439385,True,True,True,False,True,resampling interval exceeds resolution threshold,0.005233712631281251,0.034999999999999996,False
P1,Full identifiability-aware,restricted_learned,20261203,20260903,20261003,-0.7,0.22795282304286957,0.242309419673864,0.22299999999999998,0.180875,0.25717499999999993,0.07629999999999992,identifiable,4.81269394512419e-06,0.0023009945213233185,True,True,True,True,False,accepted,0.014356596630994423,0.034999999999999996,False
P1,Full identifiability-aware,restricted_learned,20261203,20260903,20261003,-0.63,0.23118744790554047,0.24603798186555936,0.255,0.186975,0.275075,0.08810000000000001,identifiable,0.00017527401807634956,0.002814067601410951,True,True,True,True,False,accepted,0.014850533960018897,0.034999999999999996,False
P1,Full identifiability-aware,restricted_learned,20261203,20260903,20261003,-0.5599999999999999,0.23495396971702576,0.2502527803659503,0.316,0.209925,0.37342499999999984,0.16349999999999984,weakly identifiable / abstain,0.000608331143794022,0.004015197362055056,True,True,True,False,True,resampling interval exceeds resolution threshold,0.015298810648924521,0.034999999999999996,False
P1,Full identifiability-aware,restricted_learned,20261203,20260903,20261003,-0.49,0.2393331229686737,0.25497172592556155,0.214,0.17195,0.2633249999999999,0.09137499999999993,weakly identifiable / abstain,5.064604745250515e-05,0.002652867876827601,True,True,True,False,True,resampling interval exceeds resolution threshold,0.015638602956887848,0.034999999999999996,False
P1,Full identifiability-aware,restricted_learned,20261203,20260903,20261003,-0.42,0.24440506100654602,0.2601986963955687,0.252,0.19490000000000002,0.28427499999999994,0.08937499999999993,identifiable,1.456421850805209e-05,0.002699311391056441,True,True,True,True,False,accepted,0.015793635389022675,0.034999999999999996,False
P1,Full identifiability-aware,restricted_learned,20261203,20260903,20261003,-0.35,0.2502392530441284,0.2659199739596349,0.22699999999999998,0.189975,0.27005,0.08007500000000001,identifiable,5.6725690939858106e-05,0.0021571610748129114,True,True,True,True,False,accepted,0.015680720915506485,0.034999999999999996,False
P1,Full identifiability-aware,restricted_learned,20261203,20260903,20261003,-0.28,0.25687986612319946,0.27210140271960986,0.27,0.22497499999999998,0.303025,0.07805000000000001,identifiable,1.0229303131083182e-05,0.0021537188063661494,True,True,True,True,False,accepted,0.015221536596410401,0.034999999999999996,False
P1,Full identifiability-aware,restricted_learned,20261203,20260903,20261003,-0.21000000000000002,0.2643278241157532,0.27868686984294644,0.254,0.222,0.28902500000000003,0.06702500000000003,identifiable,3.916357149082105e-05,0.002018085504264781,True,True,True,True,False,accepted,0.014359045727193265,0.034999999999999996,False
P1,Full identifiability-aware,restricted_learned,20261203,20260903,20261003,-0.14,0.2725231945514679,0.2855986599633792,0.29400000000000004,0.246975,0.33199999999999996,0.08502499999999996,identifiable,0.00013916765935764535,0.0021366897362879063,True,True,True,True,False,accepted,0.013075465411911291,0.034999999999999996,False
P1,Full identifiability-aware,restricted_learned,20261203,20260903,20261003,-0.07000000000000006,0.28133440017700195,0.2927400288856012,0.299,0.24795,0.32904999999999995,0.08109999999999995,identifiable,5.520115130382644e-05,0.0025689161595566514,True,True,True,True,False,accepted,0.011405628708599236,0.034999999999999996,False
P1,Full identifiability-aware,restricted_learned,20261203,20260903,20261003,0.0,0.290561318397522,0.3,0.318,0.26695,0.3482249999999999,0.08127499999999988,identifiable,8.719227634074082e-05,0.002499066004878754,True,True,True,True,False,accepted,0.009438681602478016,0.034999999999999996,False
P1,Full identifiability-aware,restricted_learned,20261203,20260903,20261003,0.06999999999999995,0.29995572566986084,0.3072599711143988,0.317,0.26495,0.352,0.08704999999999996,identifiable,7.806033053626774e-05,0.0026136155540043117,True,True,True,True,False,accepted,0.007304245444537949,0.034999999999999996,False
P1,Full identifiability-aware,restricted_learned,20261203,20260903,20261003,0.1399999999999999,0.3092552423477173,0.3144013400366208,0.32699999999999996,0.274975,0.349025,0.07404999999999995,identifiable,0.00012576560442100355,0.002472965365203452,True,True,True,True,False,accepted,0.005146097688903506,0.034999999999999996,False
P1,Full identifiability-aware,restricted_learned,20261203,20260903,20261003,0.20999999999999996,0.3182207942008972,0.32131313015705354,0.346,0.27387500000000004,0.358075,0.08419999999999994,identifiable,9.807290260361086e-05,0.00314043673721036,True,True,True,True,False,accepted,0.0030923359561563224,0.034999999999999996,False
P1,Full identifiability-aware,restricted_learned,20261203,20260903,20261003,0.2799999999999999,0.3266652822494507,0.3278985972803901,0.33699999999999997,0.28400000000000003,0.366075,0.08207499999999995,identifiable,6.11298537712611e-05,0.0023783118517428994,True,True,True,True,False,accepted,0.0012333150309394303,0.034999999999999996,False
P1,Full identifiability-aware,restricted_learned,20261203,20260903,20261003,0.34999999999999987,0.3344672620296478,0.334080026040365,0.364,0.2998,0.40705,0.10725000000000001,weakly identifiable / abstain,0.00020124728821264076,0.0031366871338458524,True,True,True,False,True,resampling interval exceeds resolution threshold,0.0003872359892828081,0.034999999999999996,False
P1,Full identifiability-aware,restricted_learned,20261203,20260903,20261003,0.41999999999999993,0.34156858921051025,0.3398013036044313,0.33199999999999996,0.313,0.3721,0.059099999999999986,identifiable,1.095234898728964e-05,0.002378467450285317,True,True,True,True,False,accepted,0.0017672856060789721,0.034999999999999996,False
P1,Full identifiability-aware,restricted_learned,20261203,20260903,20261003,0.49,0.34796300530433655,0.3450282740744384,0.351,0.308975,0.3681499999999999,0.05917499999999992,identifiable,3.546111650292994e-05,0.0020095030725731282,True,True,True,True,False,accepted,0.0029347312298981243,0.034999999999999996,False
P1,Full identifiability-aware,restricted_learned,20261203,20260903,20261003,0.5599999999999998,0.3536800146102905,0.3497472196340497,0.34199999999999997,0.316,0.380025,0.064025,identifiable,2.2489704083206127e-05,0.002193630490840619,True,True,True,True,False,accepted,0.003932794976240828,0.034999999999999996,False
P1,Full identifiability-aware,restricted_learned,20261203,20260903,20261003,0.6299999999999999,0.358770489692688,0.3539620181344406,0.367,0.3439,0.396025,0.05212500000000003,identifiable,2.7583123671196307e-05,0.0020858117281550305,True,True,True,True,False,accepted,0.004808471558247374,0.034999999999999996,False
P1,Full identifiability-aware,restricted_learned,20261203,20260903,20261003,0.7,0.3632950186729431,0.357690580326136,0.354,0.33797499999999997,0.428175,0.0902,weakly identifiable / abstain,1.289734283964112e-05,0.0041758638305439385,True,True,True,False,True,resampling interval exceeds resolution threshold,0.005604438346807128,0.034999999999999996,False
P2,Profile initialization only,restricted_learned,20261203,20260903,20261003,-0.7,0.2602360248565674,0.242309419673864,0.22299999999999998,0.180875,0.25717499999999993,0.07629999999999992,identifiable,5.855152226346239e-05,0.0023009945213233185,False,True,True,False,True,neural delay outside resampling minimizer interval,0.017926605182703392,0.034999999999999996,False
P2,Profile initialization only,restricted_learned,20261203,20260903,20261003,-0.63,0.26590320467948914,0.24603798186555936,0.255,0.186975,0.275075,0.08810000000000001,identifiable,0.0001575856127910148,0.002814067601410951,True,True,True,True,False,accepted,0.019865222813929773,0.034999999999999996,False
P2,Profile initialization only,restricted_learned,20261203,20260903,20261003,-0.5599999999999999,0.27239754796028137,0.2502527803659503,0.316,0.209925,0.37342499999999984,0.16349999999999984,weakly identifiable / abstain,0.0004423012844845302,0.004015197362055056,True,True,True,False,True,resampling interval exceeds resolution threshold,0.022144767594331094,0.034999999999999996,False
P2,Profile initialization only,restricted_learned,20261203,20260903,20261003,-0.49,0.27971288561820984,0.25497172592556155,0.214,0.17195,0.2633249999999999,0.09137499999999993,weakly identifiable / abstain,0.000203588189445171,0.002652867876827601,False,True,True,False,True,resampling interval exceeds resolution threshold,0.024741159692648285,0.034999999999999996,False
P2,Profile initialization only,restricted_learned,20261203,20260903,20261003,-0.42,0.2877684533596039,0.2601986963955687,0.252,0.19490000000000002,0.28427499999999994,0.08937499999999993,identifiable,6.843288424464129e-05,0.002699311391056441,False,True,True,False,True,neural delay outside resampling minimizer interval,0.027569756964035186,0.034999999999999996,False
P2,Profile initialization only,restricted_learned,20261203,20260903,20261003,-0.35,0.29639726877212524,0.2659199739596349,0.22699999999999998,0.189975,0.27005,0.08007500000000001,identifiable,0.00024893783449748773,0.0021571610748129114,False,True,True,False,True,neural delay outside resampling minimizer interval,0.03047729481249034,0.034999999999999996,False
P2,Profile initialization only,restricted_learned,20261203,20260903,20261003,-0.28,0.30535513162612915,0.27210140271960986,0.27,0.22497499999999998,0.303025,0.07805000000000001,identifiable,6.58202031790777e-05,0.0021537188063661494,False,True,True,False,True,neural delay outside resampling minimizer interval,0.033253728906519286,0.034999999999999996,False
P2,Profile initialization only,restricted_learned,20261203,20260903,20261003,-0.21000000000000002,0.3143526315689087,0.27868686984294644,0.254,0.222,0.28902500000000003,0.06702500000000003,identifiable,0.00021313578134906047,0.002018085504264781,False,True,True,False,True,neural delay outside resampling minimizer interval,0.03566576172596225,0.034999999999999996,False
P2,Profile initialization only,restricted_learned,20261203,20260903,20261003,-0.14,0.32310158014297485,0.2855986599633792,0.29400000000000004,0.246975,0.33199999999999996,0.08502499999999996,identifiable,0.00015492668325803161,0.0021366897362879063,True,True,True,True,False,accepted,0.03750292017959567,0.034999999999999996,True
P2,Profile initialization only,restricted_learned,20261203,20260903,20261003,-0.07000000000000006,0.33136022090911865,0.2927400288856012,0.299,0.24795,0.32904999999999995,0.08109999999999995,identifiable,9.513858926556863e-05,0.0025689161595566514,False,True,True,False,True,neural delay outside resampling minimizer interval,0.03862019202351746,0.034999999999999996,False
P2,Profile initialization only,restricted_learned,20261203,20260903,20261003,0.0,0.338961124420166,0.3,0.318,0.26695,0.3482249999999999,0.08127499999999988,identifiable,7.184273452292406e-05,0.002499066004878754,True,True,True,True,False,accepted,0.03896112442016603,0.034999999999999996,True
P2,Profile initialization only,restricted_learned,20261203,20260903,20261003,0.06999999999999995,0.3458172380924225,0.3072599711143988,0.317,0.26495,0.352,0.08704999999999996,identifiable,0.0001109487990076706,0.0026136155540043117,True,True,True,True,False,accepted,0.038557266978023697,0.034999999999999996,True
P2,Profile initialization only,restricted_learned,20261203,20260903,20261003,0.1399999999999999,0.351910263299942,0.3144013400366208,0.32699999999999996,0.274975,0.349025,0.07404999999999995,identifiable,0.0001412374327065524,0.002472965365203452,False,True,True,False,True,neural delay outside resampling minimizer interval,0.037508923263321226,0.034999999999999996,False
P2,Profile initialization only,restricted_learned,20261203,20260903,20261003,0.20999999999999996,0.3572709560394287,0.32131313015705354,0.346,0.27387500000000004,0.358075,0.08419999999999994,identifiable,5.916885189104496e-05,0.00314043673721036,True,True,True,True,False,accepted,0.03595782588237517,0.034999999999999996,True
P2,Profile initialization only,restricted_learned,20261203,20260903,20261003,0.2799999999999999,0.36195898056030273,0.3278985972803901,0.33699999999999997,0.28400000000000003,0.366075,0.08207499999999995,identifiable,9.292937936820747e-05,0.0023783118517428994,True,True,True,True,False,accepted,0.03406038327991262,0.034999999999999996,False
P2,Profile initialization only,restricted_learned,20261203,20260903,20261003,0.34999999999999987,0.36604684591293335,0.334080026040365,0.364,0.2998,0.40705,0.10725000000000001,weakly identifiable / abstain,0.0001473969540419905,0.0031366871338458524,True,True,True,False,True,resampling interval exceeds resolution threshold,0.03196681987256833,0.034999999999999996,False
P2,Profile initialization only,restricted_learned,20261203,20260903,20261003,0.41999999999999993,0.3696092367172241,0.3398013036044313,0.33199999999999996,0.313,0.3721,0.059099999999999986,identifiable,9.608393924709168e-05,0.002378467450285317,True,True,True,True,False,accepted,0.02980793311279284,0.034999999999999996,False
P2,Profile initialization only,restricted_learned,20261203,20260903,20261003,0.49,0.3727167248725891,0.3450282740744384,0.351,0.308975,0.3681499999999999,0.05917499999999992,identifiable,6.701261200260684e-05,0.0020095030725731282,False,True,True,False,True,neural delay outside resampling minimizer interval,0.027688450798150688,0.034999999999999996,False
P2,Profile initialization only,restricted_learned,20261203,20260903,20261003,0.5599999999999998,0.37543267011642456,0.3497472196340497,0.34199999999999997,0.316,0.380025,0.064025,identifiable,8.814323091619404e-05,0.002193630490840619,True,True,True,True,False,accepted,0.02568545048237486,0.034999999999999996,False
P2,Profile initialization only,restricted_learned,20261203,20260903,20261003,0.6299999999999999,0.3778125047683716,0.3539620181344406,0.367,0.3439,0.396025,0.05212500000000003,identifiable,3.090238388140937e-05,0.0020858117281550305,True,True,True,True,False,accepted,0.023850486633930967,0.034999999999999996,False
P2,Profile initialization only,restricted_learned,20261203,20260903,20261003,0.7,0.37990379333496094,0.357690580326136,0.354,0.33797499999999997,0.428175,0.0902,weakly identifiable / abstain,5.0939720961760386e-05,0.0041758638305439385,True,True,True,False,True,resampling interval exceeds resolution threshold,0.02221321300882495,0.034999999999999996,False
P3,Anchor loss only,restricted_learned,20261203,20260903,20261003,-0.7,0.22547543048858643,0.242309419673864,0.22299999999999998,0.180875,0.25717499999999993,0.07629999999999992,identifiable,4.052539586282949e-06,0.0023009945213233185,True,True,True,True,False,accepted,0.016833989185277565,0.034999999999999996,False
P3,Anchor loss only,restricted_learned,20261203,20260903,20261003,-0.63,0.22995589673519135,0.24603798186555936,0.255,0.186975,0.275075,0.08810000000000001,identifiable,0.0001777785281619236,0.002814067601410951,True,True,True,True,False,accepted,0.016082085130368018,0.034999999999999996,False
P3,Anchor loss only,restricted_learned,20261203,20260903,20261003,-0.5599999999999999,0.2349545806646347,0.2502527803659503,0.316,0.209925,0.37342499999999984,0.16349999999999984,weakly identifiable / abstain,0.0006083275751570045,0.004015197362055056,True,True,True,False,True,resampling interval exceeds resolution threshold,0.015298199701315573,0.034999999999999996,False
P3,Anchor loss only,restricted_learned,20261203,20260903,20261003,-0.49,0.24049276113510132,0.25497172592556155,0.214,0.17195,0.2633249999999999,0.09137499999999993,weakly identifiable / abstain,5.3180119866012585e-05,0.002652867876827601,True,True,True,False,True,resampling interval exceeds resolution threshold,0.014478964790460236,0.034999999999999996,False
P3,Anchor loss only,restricted_learned,20261203,20260903,20261003,-0.42,0.24657590687274933,0.2601986963955687,0.252,0.19490000000000002,0.28427499999999994,0.08937499999999993,identifiable,1.3160950843032753e-05,0.002699311391056441,True,True,True,True,False,accepted,0.013622789522819367,0.034999999999999996,False
P3,Anchor loss only,restricted_learned,20261203,20260903,20261003,-0.35,0.25318920612335205,0.2659199739596349,0.22699999999999998,0.189975,0.27005,0.08007500000000001,identifiable,6.340140608225289e-05,0.0021571610748129114,True,True,True,True,False,accepted,0.012730767836282852,0.034999999999999996,False
P3,Anchor loss only,restricted_learned,20261203,20260903,20261003,-0.28,0.26029449701309204,0.27210140271960986,0.27,0.22497499999999998,0.303025,0.07805000000000001,identifiable,6.363201466677715e-06,0.0021537188063661494,True,True,True,True,False,accepted,0.011806905706517823,0.034999999999999996,False
P3,Anchor loss only,restricted_learned,20261203,20260903,20261003,-0.21000000000000002,0.2678292393684387,0.27868686984294644,0.254,0.222,0.28902500000000003,0.06702500000000003,identifiable,4.3265697849372425e-05,0.002018085504264781,True,True,True,True,False,accepted,0.010857630474507718,0.034999999999999996,False
P3,Anchor loss only,restricted_learned,20261203,20260903,20261003,-0.14,0.2757085859775543,0.2855986599633792,0.29400000000000004,0.246975,0.33199999999999996,0.08502499999999996,identifiable,0.00013302458371345843,0.0021366897362879063,True,True,True,True,False,accepted,0.009890073985824865,0.034999999999999996,False
P3,Anchor loss only,restricted_learned,20261203,20260903,20261003,-0.07000000000000006,0.28383034467697144,0.2927400288856012,0.299,0.24795,0.32904999999999995,0.08109999999999995,identifiable,5.085421738221351e-05,0.0025689161595566514,True,True,True,True,False,accepted,0.008909684208629753,0.034999999999999996,False
P3,Anchor loss only,restricted_learned,20261203,20260903,20261003,0.0,0.29208236932754517,0.3,0.318,0.26695,0.3482249999999999,0.08127499999999988,identifiable,8.295898179970997e-05,0.002499066004878754,True,True,True,True,False,accepted,0.007917630672454823,0.034999999999999996,False
P3,Anchor loss only,restricted_learned,20261203,20260903,20261003,0.06999999999999995,0.3003508746623993,0.3072599711143988,0.317,0.26495,0.352,0.08704999999999996,identifiable,7.73192219856534e-05,0.0026136155540043117,True,True,True,True,False,accepted,0.006909096451999497,0.034999999999999996,False
P3,Anchor loss only,restricted_learned,20261203,20260903,20261003,0.1399999999999999,0.30852845311164856,0.3144013400366208,0.32699999999999996,0.274975,0.349025,0.07404999999999995,identifiable,0.00012729850124808313,0.002472965365203452,True,True,True,True,False,accepted,0.0058728869249722315,0.034999999999999996,False
P3,Anchor loss only,restricted_learned,20261203,20260903,20261003,0.20999999999999996,0.3165205121040344,0.32131313015705354,0.346,0.27387500000000004,0.358075,0.08419999999999994,identifiable,0.00010403719260665216,0.00314043673721036,True,True,True,True,False,accepted,0.004792618053019115,0.034999999999999996,False
P3,Anchor loss only,restricted_learned,20261203,20260903,20261003,0.2799999999999999,0.32424914836883545,0.3278985972803901,0.33699999999999997,0.28400000000000003,0.366075,0.08207499999999995,identifiable,6.459485736320415e-05,0.0023783118517428994,True,True,True,True,False,accepted,0.0036494489115546647,0.034999999999999996,False
P3,Anchor loss only,restricted_learned,20261203,20260903,20261003,0.34999999999999987,0.33165496587753296,0.334080026040365,0.364,0.2998,0.40705,0.10725000000000001,weakly identifiable / abstain,0.00021205952723173094,0.0031366871338458524,True,True,True,False,True,resampling interval exceeds resolution threshold,0.00242506016283206,0.034999999999999996,False
P3,Anchor loss only,restricted_learned,20261203,20260903,20261003,0.41999999999999993,0.33869653940200806,0.3398013036044313,0.33199999999999996,0.313,0.3721,0.059099999999999986,identifiable,7.994017932890272e-06,0.002378467450285317,True,True,True,True,False,accepted,0.0011047642024232252,0.034999999999999996,False
P3,Anchor loss only,restricted_learned,20261203,20260903,20261003,0.49,0.34534865617752075,0.3450282740744384,0.351,0.308975,0.3681499999999999,0.05917499999999992,identifiable,3.696772462215187e-05,0.0020095030725731282,True,True,True,True,False,accepted,0.0003203821030823284,0.034999999999999996,False
P3,Anchor loss only,restricted_learned,20261203,20260903,20261003,0.5599999999999998,0.35159963369369507,0.3497472196340497,0.34199999999999997,0.316,0.380025,0.064025,identifiable,1.9451292147405884e-05,0.002193630490840619,True,True,True,True,False,accepted,0.0018524140596453686,0.034999999999999996,False
P3,Anchor loss only,restricted_learned,20261203,20260903,20261003,0.6299999999999999,0.3574484586715698,0.3539620181344406,0.367,0.3439,0.396025,0.05212500000000003,identifiable,2.9246025174021048e-05,0.0020858117281550305,True,True,True,True,False,accepted,0.0034864405371292095,0.034999999999999996,False
P3,Anchor loss only,restricted_learned,20261203,20260903,20261003,0.7,0.3629022240638733,0.357690580326136,0.354,0.33797499999999997,0.428175,0.0902,weakly identifiable / abstain,1.2428220834128662e-05,0.0041758638305439385,True,True,True,False,True,resampling interval exceeds resolution threshold,0.005211643737737304,0.034999999999999996,False
P4,Restricted rollout-only,restricted_learned,20261203,20260903,20261003,-0.7,0.2604302167892456,0.242309419673864,0.22299999999999998,0.180875,0.25717499999999993,0.07629999999999992,identifiable,5.91207429386719e-05,0.0023009945213233185,False,True,True,False,True,neural delay outside resampling minimizer interval,0.018120797115381615,0.034999999999999996,False
P4,Restricted rollout-only,restricted_learned,20261203,20260903,20261003,-0.63,0.26677998900413513,0.24603798186555936,0.255,0.186975,0.275075,0.08810000000000001,identifiable,0.0001584574514041733,0.002814067601410951,True,True,True,True,False,accepted,0.02074200713857577,0.034999999999999996,False
P4,Restricted rollout-only,restricted_learned,20261203,20260903,20261003,-0.5599999999999999,0.2736629843711853,0.2502527803659503,0.316,0.209925,0.37342499999999984,0.16349999999999984,weakly identifiable / abstain,0.00043847281781760853,0.004015197362055056,True,True,True,False,True,resampling interval exceeds resolution threshold,0.023410204005235025,0.034999999999999996,False
P4,Restricted rollout-only,restricted_learned,20261203,20260903,20261003,-0.49,0.2810091972351074,0.25497172592556155,0.214,0.17195,0.2633249999999999,0.09137499999999993,weakly identifiable / abstain,0.0002106723116261531,0.002652867876827601,False,True,True,False,True,resampling interval exceeds resolution threshold,0.026037471309545868,0.034999999999999996,False
P4,Restricted rollout-only,restricted_learned,20261203,20260903,20261003,-0.42,0.2887135148048401,0.2601986963955687,0.252,0.19490000000000002,0.28427499999999994,0.08937499999999993,identifiable,7.150620580103977e-05,0.002699311391056441,False,True,True,False,True,neural delay outside resampling minimizer interval,0.028514818409271392,0.034999999999999996,False
P4,Restricted rollout-only,restricted_learned,20261203,20260903,20261003,-0.35,0.296642005443573,0.2659199739596349,0.22699999999999998,0.189975,0.27005,0.08007500000000001,identifiable,0.0002504493738926217,0.0021571610748129114,False,True,True,False,True,neural delay outside resampling minimizer interval,0.030722031483938095,0.034999999999999996,False
P4,Restricted rollout-only,restricted_learned,20261203,20260903,20261003,-0.28,0.3046432435512543,0.27210140271960986,0.27,0.22497499999999998,0.303025,0.07805000000000001,identifiable,6.330475899141924e-05,0.0021537188063661494,False,True,True,False,True,neural delay outside resampling minimizer interval,0.03254184083164441,0.034999999999999996,False
P4,Restricted rollout-only,restricted_learned,20261203,20260903,20261003,-0.21000000000000002,0.3125635087490082,0.27868686984294644,0.254,0.222,0.28902500000000003,0.06702500000000003,identifiable,0.0002026986081537887,0.002018085504264781,False,True,True,False,True,neural delay outside resampling minimizer interval,0.03387663890606174,0.034999999999999996,False
P4,Restricted rollout-only,restricted_learned,20261203,20260903,20261003,-0.14,0.32026201486587524,0.2855986599633792,0.29400000000000004,0.246975,0.33199999999999996,0.08502499999999996,identifiable,0.00014772275810760524,0.0021366897362879063,True,True,True,True,False,accepted,0.03466335490249606,0.034999999999999996,False
P4,Restricted rollout-only,restricted_learned,20261203,20260903,20261003,-0.07000000000000006,0.3276224732398987,0.2927400288856012,0.299,0.24795,0.32904999999999995,0.08109999999999995,identifiable,8.303693055067158e-05,0.0025689161595566514,True,True,True,True,False,accepted,0.03488244435429749,0.034999999999999996,False
P4,Restricted rollout-only,restricted_learned,20261203,20260903,20261003,0.0,0.3345597982406616,0.3,0.318,0.26695,0.3482249999999999,0.08127499999999988,identifiable,6.321300326626355e-05,0.002499066004878754,True,True,True,True,False,accepted,0.03455979824066163,0.034999999999999996,False
P4,Restricted rollout-only,restricted_learned,20261203,20260903,20261003,0.06999999999999995,0.3410210907459259,0.3072599711143988,0.317,0.26495,0.352,0.08704999999999996,identifiable,9.629727336446205e-05,0.0026136155540043117,True,True,True,True,False,accepted,0.033761119631527114,0.034999999999999996,False
P4,Restricted rollout-only,restricted_learned,20261203,20260903,20261003,0.1399999999999999,0.34698250889778137,0.3144013400366208,0.32699999999999996,0.274975,0.349025,0.07404999999999995,identifiable,0.00012900007540561306,0.002472965365203452,True,True,True,True,False,accepted,0.03258116886116058,0.034999999999999996,False
P4,Restricted rollout-only,restricted_learned,20261203,20260903,20261003,0.20999999999999996,0.3524436950683594,0.32131313015705354,0.346,0.27387500000000004,0.358075,0.08419999999999994,identifiable,5.392410418844387e-05,0.00314043673721036,True,True,True,True,False,accepted,0.031130564911305836,0.034999999999999996,False
P4,Restricted rollout-only,restricted_learned,20261203,20260903,20261003,0.2799999999999999,0.357421338558197,0.3278985972803901,0.33699999999999997,0.28400000000000003,0.366075,0.08207499999999995,identifiable,8.029990091890595e-05,0.0023783118517428994,True,True,True,True,False,accepted,0.029522741277806908,0.034999999999999996,False
P4,Restricted rollout-only,restricted_learned,20261203,20260903,20261003,0.34999999999999987,0.36194345355033875,0.334080026040365,0.364,0.2998,0.40705,0.10725000000000001,weakly identifiable / abstain,0.0001474434675685783,0.0031366871338458524,True,True,True,False,True,resampling interval exceeds resolution threshold,0.027863427509973726,0.034999999999999996,False
P4,Restricted rollout-only,restricted_learned,20261203,20260903,20261003,0.41999999999999993,0.3660443127155304,0.3398013036044313,0.33199999999999996,0.313,0.3721,0.059099999999999986,identifiable,7.963895324955821e-05,0.002378467450285317,True,True,True,True,False,accepted,0.026243009111099114,0.034999999999999996,False
P4,Restricted rollout-only,restricted_learned,20261203,20260903,20261003,0.49,0.3697609007358551,0.3450282740744384,0.351,0.308975,0.3681499999999999,0.05917499999999992,identifiable,5.893708507269214e-05,0.0020095030725731282,False,True,True,False,True,neural delay outside resampling minimizer interval,0.02473262666141668,0.034999999999999996,False
P4,Restricted rollout-only,restricted_learned,20261203,20260903,20261003,0.5599999999999998,0.3731302320957184,0.3497472196340497,0.34199999999999997,0.316,0.380025,0.064025,identifiable,7.828317125277468e-05,0.002193630490840619,True,True,True,True,False,accepted,0.023383012461668684,0.034999999999999996,False
P4,Restricted rollout-only,restricted_learned,20261203,20260903,20261003,0.6299999999999999,0.37618786096572876,0.3539620181344406,0.367,0.3439,0.396025,0.05212500000000003,identifiable,2.864698644481629e-05,0.0020858117281550305,True,True,True,True,False,accepted,0.022225842831288145,0.034999999999999996,False
P4,Restricted rollout-only,restricted_learned,20261203,20260903,20261003,0.7,0.3789668679237366,0.357690580326136,0.354,0.33797499999999997,0.428175,0.0902,weakly identifiable / abstain,4.7830813590675565e-05,0.0041758638305439385,True,True,True,False,True,resampling interval exceeds resolution threshold,0.021276287597600585,0.034999999999999996,False
P1,Full identifiability-aware,restricted_learned,20261301,20260904,20261001,-0.7,0.2501325011253357,0.242309419673864,0.22299999999999998,0.180875,0.25717499999999993,0.07629999999999992,identifiable,3.3055536905159195e-05,0.0023009945213233185,True,True,True,True,False,accepted,0.007823081451471703,0.034999999999999996,False
P1,Full identifiability-aware,restricted_learned,20261301,20260904,20261001,-0.63,0.251095175743103,0.24603798186555936,0.255,0.186975,0.275075,0.08810000000000001,identifiable,0.00015265925297102564,0.002814067601410951,True,True,True,True,False,accepted,0.005057193877543664,0.034999999999999996,False
P1,Full identifiability-aware,restricted_learned,20261301,20260904,20261001,-0.5599999999999999,0.2523958683013916,0.2502527803659503,0.316,0.209925,0.37342499999999984,0.16349999999999984,weakly identifiable / abstain,0.0005182398812370595,0.004015197362055056,True,True,True,False,True,resampling interval exceeds resolution threshold,0.0021430879354413235,0.034999999999999996,False
P1,Full identifiability-aware,restricted_learned,20261301,20260904,20261001,-0.49,0.2540929913520813,0.25497172592556155,0.214,0.17195,0.2633249999999999,0.09137499999999993,weakly identifiable / abstain,9.114615785583425e-05,0.002652867876827601,True,True,True,False,True,resampling interval exceeds resolution threshold,0.0008787345734802554,0.034999999999999996,False
P1,Full identifiability-aware,restricted_learned,20261301,20260904,20261001,-0.42,0.2562544345855713,0.2601986963955687,0.252,0.19490000000000002,0.28427499999999994,0.08937499999999993,identifiable,1.2202915548046337e-05,0.002699311391056441,True,True,True,True,False,accepted,0.003944261809997407,0.034999999999999996,False
P1,Full identifiability-aware,restricted_learned,20261301,20260904,20261001,-0.35,0.2589578330516815,0.2659199739596349,0.22699999999999998,0.189975,0.27005,0.08007500000000001,identifiable,7.869021830416395e-05,0.0021571610748129114,True,True,True,True,False,accepted,0.006962140907953385,0.034999999999999996,False
P1,Full identifiability-aware,restricted_learned,20261301,20260904,20261001,-0.28,0.26228949427604675,0.27210140271960986,0.27,0.22497499999999998,0.303025,0.07805000000000001,identifiable,4.6536820268162795e-06,0.0021537188063661494,True,True,True,True,False,accepted,0.009811908443563111,0.034999999999999996,False
P1,Full identifiability-aware,restricted_learned,20261301,20260904,20261001,-0.21000000000000002,0.2663409113883972,0.27868686984294644,0.254,0.222,0.28902500000000003,0.06702500000000003,identifiable,4.137397657332378e-05,0.002018085504264781,True,True,True,True,False,accepted,0.012345958454549222,0.034999999999999996,False
P1,Full identifiability-aware,restricted_learned,20261301,20260904,20261001,-0.14,0.271201491355896,0.2855986599633792,0.29400000000000004,0.246975,0.33199999999999996,0.08502499999999996,identifiable,0.00014199691489425454,0.0021366897362879063,True,True,True,True,False,accepted,0.01439716860748319,0.034999999999999996,False
P1,Full identifiability-aware,restricted_learned,20261301,20260904,20261001,-0.07000000000000006,0.27694594860076904,0.2927400288856012,0.299,0.24795,0.32904999999999995,0.08109999999999995,identifiable,6.446486584982402e-05,0.0025689161595566514,True,True,True,True,False,accepted,0.015794080284832146,0.034999999999999996,False
P1,Full identifiability-aware,restricted_learned,20261301,20260904,20261001,0.0,0.28361546993255615,0.3,0.318,0.26695,0.3482249999999999,0.08127499999999988,identifiable,0.00010961513716866849,0.002499066004878754,True,True,True,True,False,accepted,0.016384530067443837,0.034999999999999996,False
P1,Full identifiability-aware,restricted_learned,20261301,20260904,20261001,0.06999999999999995,0.29119420051574707,0.3072599711143988,0.317,0.26495,0.352,0.08704999999999996,identifiable,9.943610112855189e-05,0.0026136155540043117,True,True,True,True,False,accepted,0.01606577059865172,0.034999999999999996,False
P1,Full identifiability-aware,restricted_learned,20261301,20260904,20261001,0.1399999999999999,0.29958564043045044,0.3144013400366208,0.32699999999999996,0.274975,0.349025,0.07404999999999995,identifiable,0.00015111218649000599,0.002472965365203452,True,True,True,True,False,accepted,0.014815699606170352,0.034999999999999996,False
P1,Full identifiability-aware,restricted_learned,20261301,20260904,20261001,0.20999999999999996,0.308599591255188,0.32131313015705354,0.346,0.27387500000000004,0.358075,0.08419999999999994,identifiable,0.00013655774203288115,0.00314043673721036,True,True,True,True,False,accepted,0.012713538901865551,0.034999999999999996,False
P1,Full identifiability-aware,restricted_learned,20261301,20260904,20261001,0.2799999999999999,0.31795960664749146,0.3278985972803901,0.33699999999999997,0.28400000000000003,0.366075,0.08207499999999995,identifiable,7.705060442760572e-05,0.0023783118517428994,True,True,True,True,False,accepted,0.009938990632898659,0.034999999999999996,False
P1,Full identifiability-aware,restricted_learned,20261301,20260904,20261001,0.34999999999999987,0.32733723521232605,0.334080026040365,0.364,0.2998,0.40705,0.10725000000000001,weakly identifiable / abstain,0.00023059993095511351,0.0031366871338458524,True,True,True,False,True,resampling interval exceeds resolution threshold,0.006742790828038969,0.034999999999999996,False
P1,Full identifiability-aware,restricted_learned,20261301,20260904,20261001,0.41999999999999993,0.33640432357788086,0.3398013036044313,0.33199999999999996,0.313,0.3721,0.059099999999999986,identifiable,6.413893042194436e-06,0.002378467450285317,True,True,True,True,False,accepted,0.0033969800265504224,0.034999999999999996,False
P1,Full identifiability-aware,restricted_learned,20261301,20260904,20261001,0.49,0.34488558769226074,0.3450282740744384,0.351,0.308975,0.3681499999999999,0.05917499999999992,identifiable,3.732070790603076e-05,0.0020095030725731282,True,True,True,True,False,accepted,0.00014268638217768137,0.034999999999999996,False
P1,Full identifiability-aware,restricted_learned,20261301,20260904,20261001,0.5599999999999998,0.352592796087265,0.3497472196340497,0.34199999999999997,0.316,0.380025,0.064025,identifiable,2.0831495629023077e-05,0.002193630490840619,True,True,True,True,False,accepted,0.002845576453215315,0.034999999999999996,False
P1,Full identifiability-aware,restricted_learned,20261301,20260904,20261001,0.6299999999999999,0.35943180322647095,0.3539620181344406,0.367,0.3439,0.396025,0.05212500000000003,identifiable,2.6851198874215382e-05,0.0020858117281550305,True,True,True,True,False,accepted,0.005469785092030333,0.034999999999999996,False
P1,Full identifiability-aware,restricted_learned,20261301,20260904,20261001,0.7,0.36538904905319214,0.357690580326136,0.354,0.33797499999999997,0.428175,0.0902,weakly identifiable / abstain,1.5701916262324823e-05,0.0041758638305439385,True,True,True,False,True,resampling interval exceeds resolution threshold,0.007698468727056151,0.034999999999999996,False
P2,Profile initialization only,restricted_learned,20261301,20260904,20261001,-0.7,0.2510932385921478,0.242309419673864,0.22299999999999998,0.180875,0.25717499999999993,0.07629999999999992,identifiable,3.514051165348454e-05,0.0023009945213233185,True,True,True,True,False,accepted,0.008783818918283837,0.034999999999999996,False
P2,Profile initialization only,restricted_learned,20261301,20260904,20261001,-0.63,0.25559332966804504,0.24603798186555936,0.255,0.186975,0.275075,0.08810000000000001,identifiable,0.00015221205033968922,0.002814067601410951,True,True,True,True,False,accepted,0.00955534780248568,0.034999999999999996,False
P2,Profile initialization only,restricted_learned,20261301,20260904,20261001,-0.5599999999999999,0.26066017150878906,0.2502527803659503,0.316,0.209925,0.37342499999999984,0.16349999999999984,weakly identifiable / abstain,0.0004833338124535331,0.004015197362055056,True,True,True,False,True,resampling interval exceeds resolution threshold,0.010407391142838784,0.034999999999999996,False
P2,Profile initialization only,restricted_learned,20261301,20260904,20261001,-0.49,0.26633310317993164,0.25497172592556155,0.214,0.17195,0.2633249999999999,0.09137499999999993,weakly identifiable / abstain,0.00013825421454237083,0.002652867876827601,False,True,True,False,True,resampling interval exceeds resolution threshold,0.011361377254370086,0.034999999999999996,False
P2,Profile initialization only,restricted_learned,20261301,20260904,20261001,-0.42,0.2726394534111023,0.2601986963955687,0.252,0.19490000000000002,0.28427499999999994,0.08937499999999993,identifiable,3.018898128170691e-05,0.002699311391056441,True,True,True,True,False,accepted,0.012440757015533599,0.034999999999999996,False
P2,Profile initialization only,restricted_learned,20261301,20260904,20261001,-0.35,0.279587984085083,0.2659199739596349,0.22699999999999998,0.189975,0.27005,0.08007500000000001,identifiable,0.0001574137370507943,0.0021571610748129114,False,True,True,False,True,neural delay outside resampling minimizer interval,0.013668010125448105,0.034999999999999996,False
P2,Profile initialization only,restricted_learned,20261301,20260904,20261001,-0.28,0.287162184715271,0.27210140271960986,0.27,0.22497499999999998,0.303025,0.07805000000000001,identifiable,1.728014889680178e-05,0.0021537188063661494,True,True,True,True,False,accepted,0.015060781995661132,0.034999999999999996,False
P2,Profile initialization only,restricted_learned,20261301,20260904,20261001,-0.21000000000000002,0.2953141927719116,0.27868686984294644,0.254,0.222,0.28902500000000003,0.06702500000000003,identifiable,0.00011794217184153097,0.002018085504264781,False,True,True,False,True,neural delay outside resampling minimizer interval,0.016627322928965182,0.034999999999999996,False
P2,Profile initialization only,restricted_learned,20261301,20260904,20261001,-0.14,0.30396080017089844,0.2855986599633792,0.29400000000000004,0.246975,0.33199999999999996,0.08502499999999996,identifiable,0.00012074863284766781,0.0021366897362879063,True,True,True,True,False,accepted,0.01836214020751925,0.034999999999999996,False
P2,Profile initialization only,restricted_learned,20261301,20260904,20261001,-0.07000000000000006,0.31298381090164185,0.2927400288856012,0.299,0.24795,0.32904999999999995,0.08109999999999995,identifiable,4.9664580689733295e-05,0.0025689161595566514,True,True,True,True,False,accepted,0.020243782016040657,0.034999999999999996,False
P2,Profile initialization only,restricted_learned,20261301,20260904,20261001,0.0,0.32223474979400635,0.3,0.318,0.26695,0.3482249999999999,0.08127499999999988,identifiable,4.9591510808291864e-05,0.002499066004878754,True,True,True,True,False,accepted,0.02223474979400636,0.034999999999999996,False
P2,Profile initialization only,restricted_learned,20261301,20260904,20261001,0.06999999999999995,0.3315451741218567,0.3072599711143988,0.317,0.26495,0.352,0.08704999999999996,identifiable,7.49916798882356e-05,0.0026136155540043117,True,True,True,True,False,accepted,0.0242852030074579,0.034999999999999996,False
P2,Profile initialization only,restricted_learned,20261301,20260904,20261001,0.1399999999999999,0.34074050188064575,0.3144013400366208,0.32699999999999996,0.274975,0.349025,0.07404999999999995,identifiable,0.000117389917984893,0.002472965365203452,True,True,True,True,False,accepted,0.02633916184402496,0.034999999999999996,False
P2,Profile initialization only,restricted_learned,20261301,20260904,20261001,0.20999999999999996,0.3496554493904114,0.32131313015705354,0.346,0.27387500000000004,0.358075,0.08419999999999994,identifiable,5.217117562962231e-05,0.00314043673721036,True,True,True,True,False,accepted,0.028342319233357838,0.034999999999999996,False
P2,Profile initialization only,restricted_learned,20261301,20260904,20261001,0.2799999999999999,0.35814741253852844,0.3278985972803901,0.33699999999999997,0.28400000000000003,0.366075,0.08207499999999995,identifiable,8.21478268224935e-05,0.0023783118517428994,True,True,True,True,False,accepted,0.03024881525813833,0.034999999999999996,False
P2,Profile initialization only,restricted_learned,20261301,20260904,20261001,0.34999999999999987,0.3661063611507416,0.334080026040365,0.364,0.2998,0.40705,0.10725000000000001,weakly identifiable / abstain,0.0001474144676676511,0.0031366871338458524,True,True,True,False,True,resampling interval exceeds resolution threshold,0.03202633511037656,0.034999999999999996,False
P2,Profile initialization only,restricted_learned,20261301,20260904,20261001,0.41999999999999993,0.3734586834907532,0.3398013036044313,0.33199999999999996,0.313,0.3721,0.059099999999999986,identifiable,0.00011564174146724437,0.002378467450285317,False,True,True,False,True,neural delay outside resampling minimizer interval,0.03365737988632189,0.034999999999999996,False
P2,Profile initialization only,restricted_learned,20261301,20260904,20261001,0.49,0.38016682863235474,0.3450282740744384,0.351,0.308975,0.3681499999999999,0.05917499999999992,identifiable,9.248225747551506e-05,0.0020095030725731282,False,True,True,False,True,neural delay outside resampling minimizer interval,0.03513855455791631,0.034999999999999996,False
P2,Profile initialization only,restricted_learned,20261301,20260904,20261001,0.5599999999999998,0.3862241804599762,0.3497472196340497,0.34199999999999997,0.316,0.380025,0.064025,identifiable,0.00014335864514768005,0.002193630490840619,False,True,True,False,True,neural delay outside resampling minimizer interval,0.0364769608259265,0.034999999999999996,False
P2,Profile initialization only,restricted_learned,20261301,20260904,20261001,0.6299999999999999,0.39164865016937256,0.3539620181344406,0.367,0.3439,0.396025,0.05212500000000003,identifiable,6.484715498602488e-05,0.0020858117281550305,True,True,True,True,False,accepted,0.037686632034931944,0.034999999999999996,True
P2,Profile initialization only,restricted_learned,20261301,20260904,20261001,0.7,0.3964753746986389,0.357690580326136,0.354,0.33797499999999997,0.428175,0.0902,weakly identifiable / abstain,0.00012458399575355253,0.0041758638305439385,True,True,True,False,True,resampling interval exceeds resolution threshold,0.03878479437250293,0.034999999999999996,False
P3,Anchor loss only,restricted_learned,20261301,20260904,20261001,-0.7,0.24644213914871216,0.242309419673864,0.22299999999999998,0.180875,0.25717499999999993,0.07629999999999992,identifiable,2.571038689354682e-05,0.0023009945213233185,True,True,True,True,False,accepted,0.004132719474848168,0.034999999999999996,False
P3,Anchor loss only,restricted_learned,20261301,20260904,20261001,-0.63,0.248696431517601,0.24603798186555936,0.255,0.186975,0.275075,0.08810000000000001,identifiable,0.00015360522425511038,0.002814067601410951,True,True,True,True,False,accepted,0.00265844965204165,0.034999999999999996,False
P3,Anchor loss only,restricted_learned,20261301,20260904,20261001,-0.5599999999999999,0.2512640058994293,0.2502527803659503,0.316,0.209925,0.37342499999999984,0.16349999999999984,weakly identifiable / abstain,0.0005234073961104263,0.004015197362055056,True,True,True,False,True,resampling interval exceeds resolution threshold,0.0010112255334790432,0.034999999999999996,False
P3,Anchor loss only,restricted_learned,20261301,20260904,20261001,-0.49,0.254185289144516,0.25497172592556155,0.214,0.17195,0.2633249999999999,0.09137499999999993,weakly identifiable / abstain,9.145841472323593e-05,0.002652867876827601,True,True,True,False,True,resampling interval exceeds resolution threshold,0.000786436781045563,0.034999999999999996,False
P3,Anchor loss only,restricted_learned,20261301,20260904,20261001,-0.42,0.25750285387039185,0.2601986963955687,0.252,0.19490000000000002,0.28427499999999994,0.08937499999999993,identifiable,1.2711022672724693e-05,0.002699311391056441,True,True,True,True,False,accepted,0.0026958425251768503,0.034999999999999996,False
P3,Anchor loss only,restricted_learned,20261301,20260904,20261001,-0.35,0.26125970482826233,0.2659199739596349,0.22699999999999998,0.189975,0.27005,0.08007500000000001,identifiable,8.562341719260349e-05,0.0021571610748129114,True,True,True,True,False,accepted,0.004660269131372574,0.034999999999999996,False
P3,Anchor loss only,restricted_learned,20261301,20260904,20261001,-0.28,0.2654969096183777,0.27210140271960986,0.27,0.22497499999999998,0.303025,0.07805000000000001,identifiable,2.7599685051422243e-06,0.0021537188063661494,True,True,True,True,False,accepted,0.006604493101232178,0.034999999999999996,False
P3,Anchor loss only,restricted_learned,20261301,20260904,20261001,-0.21000000000000002,0.2702503800392151,0.27868686984294644,0.254,0.222,0.28902500000000003,0.06702500000000003,identifiable,4.6826972416932243e-05,0.002018085504264781,True,True,True,True,False,accepted,0.00843648980373135,0.034999999999999996,False
P3,Anchor loss only,restricted_learned,20261301,20260904,20261001,-0.14,0.2755464017391205,0.2855986599633792,0.29400000000000004,0.246975,0.33199999999999996,0.08502499999999996,identifiable,0.00013331576226853104,0.0021366897362879063,True,True,True,True,False,accepted,0.010052258224258703,0.034999999999999996,False
P3,Anchor loss only,restricted_learned,20261301,20260904,20261001,-0.07000000000000006,0.2813965678215027,0.2927400288856012,0.299,0.24795,0.32904999999999995,0.08109999999999995,identifiable,5.508570354219938e-05,0.0025689161595566514,True,True,True,True,False,accepted,0.011343461064098503,0.034999999999999996,False
P3,Anchor loss only,restricted_learned,20261301,20260904,20261001,0.0,0.2877921760082245,0.3,0.318,0.26695,0.3482249999999999,0.08127499999999988,identifiable,9.551065837900848e-05,0.002499066004878754,True,True,True,True,False,accepted,0.012207823991775502,0.034999999999999996,False
P3,Anchor loss only,restricted_learned,20261301,20260904,20261001,0.06999999999999995,0.29469943046569824,0.3072599711143988,0.317,0.26495,0.352,0.08704999999999996,identifiable,8.980986694249518e-05,0.0026136155540043117,True,True,True,True,False,accepted,0.012560540648700547,0.034999999999999996,False
P3,Anchor loss only,restricted_learned,20261301,20260904,20261001,0.1399999999999999,0.30205589532852173,0.3144013400366208,0.32699999999999996,0.274975,0.349025,0.07404999999999995,identifiable,0.0001435978109919573,0.002472965365203452,True,True,True,True,False,accepted,0.012345444708099063,0.034999999999999996,False
P3,Anchor loss only,restricted_learned,20261301,20260904,20261001,0.20999999999999996,0.3097701370716095,0.32131313015705354,0.346,0.27387500000000004,0.358075,0.08419999999999994,identifiable,0.00013125334817489382,0.00314043673721036,True,True,True,True,False,accepted,0.011542993085444042,0.034999999999999996,False
P3,Anchor loss only,restricted_learned,20261301,20260904,20261001,0.2799999999999999,0.3177248239517212,0.3278985972803901,0.33699999999999997,0.28400000000000003,0.366075,0.08207499999999995,identifiable,7.762252625452234e-05,0.0023783118517428994,True,True,True,True,False,accepted,0.010173773328668922,0.034999999999999996,False
P3,Anchor loss only,restricted_learned,20261301,20260904,20261001,0.34999999999999987,0.32578402757644653,0.334080026040365,0.364,0.2998,0.40705,0.10725000000000001,weakly identifiable / abstain,0.00023784159867170517,0.0031366871338458524,True,True,True,False,True,resampling interval exceeds resolution threshold,0.008295998463918486,0.034999999999999996,False
P3,Anchor loss only,restricted_learned,20261301,20260904,20261001,0.41999999999999993,0.33380359411239624,0.3398013036044313,0.33199999999999996,0.313,0.3721,0.059099999999999986,identifiable,5.451075403728012e-06,0.002378467450285317,True,True,True,True,False,accepted,0.0059977094920350416,0.034999999999999996,False
P3,Anchor loss only,restricted_learned,20261301,20260904,20261001,0.49,0.34164300560951233,0.3450282740744384,0.351,0.308975,0.3681499999999999,0.05917499999999992,identifiable,4.068067847049497e-05,0.0020095030725731282,True,True,True,True,False,accepted,0.0033852684649260945,0.034999999999999996,False
P3,Anchor loss only,restricted_learned,20261301,20260904,20261001,0.5599999999999998,0.3491765558719635,0.3497472196340497,0.34199999999999997,0.316,0.380025,0.064025,identifiable,1.662386131104679e-05,0.002193630490840619,True,True,True,True,False,accepted,0.0005706637620861987,0.034999999999999996,False
P3,Anchor loss only,restricted_learned,20261301,20260904,20261001,0.6299999999999999,0.35630178451538086,0.3539620181344406,0.367,0.3439,0.396025,0.05212500000000003,identifiable,3.0881470726034484e-05,0.0020858117281550305,True,True,True,True,False,accepted,0.0023397663809402447,0.034999999999999996,False
P3,Anchor loss only,restricted_learned,20261301,20260904,20261001,0.7,0.3629443347454071,0.357690580326136,0.354,0.33797499999999997,0.428175,0.0902,weakly identifiable / abstain,1.247433367321514e-05,0.0041758638305439385,True,True,True,False,True,resampling interval exceeds resolution threshold,0.005253754419271117,0.034999999999999996,False
P4,Restricted rollout-only,restricted_learned,20261301,20260904,20261001,-0.7,0.24849164485931396,0.242309419673864,0.22299999999999998,0.180875,0.25717499999999993,0.07629999999999992,identifiable,2.9662599731239146e-05,0.0023009945213233185,True,True,True,True,False,accepted,0.006182225185449974,0.034999999999999996,False
P4,Restricted rollout-only,restricted_learned,20261301,20260904,20261001,-0.63,0.25351083278656006,0.24603798186555936,0.255,0.186975,0.275075,0.08810000000000001,identifiable,0.0001522102806143356,0.002814067601410951,True,True,True,True,False,accepted,0.0074728509210006955,0.034999999999999996,False
P4,Restricted rollout-only,restricted_learned,20261301,20260904,20261001,-0.5599999999999999,0.2590813636779785,0.2502527803659503,0.316,0.209925,0.37342499999999984,0.16349999999999984,weakly identifiable / abstain,0.0004896116310955491,0.004015197362055056,True,True,True,False,True,resampling interval exceeds resolution threshold,0.008828583312028238,0.034999999999999996,False
P4,Restricted rollout-only,restricted_learned,20261301,20260904,20261001,-0.49,0.26522529125213623,0.25497172592556155,0.214,0.17195,0.2633249999999999,0.09137499999999993,weakly identifiable / abstain,0.00013348879771257643,0.002652867876827601,False,True,True,False,True,resampling interval exceeds resolution threshold,0.010253565326574676,0.034999999999999996,False
P4,Restricted rollout-only,restricted_learned,20261301,20260904,20261001,-0.42,0.27194878458976746,0.2601986963955687,0.252,0.19490000000000002,0.28427499999999994,0.08937499999999993,identifiable,2.8928427707126702e-05,0.002699311391056441,True,True,True,True,False,accepted,0.01175008819419876,0.034999999999999996,False
P4,Restricted rollout-only,restricted_learned,20261301,20260904,20261001,-0.35,0.2792370319366455,0.2659199739596349,0.22699999999999998,0.189975,0.27005,0.08007500000000001,identifiable,0.00015576056265214527,0.0021571610748129114,False,True,True,False,True,neural delay outside resampling minimizer interval,0.013317057977010605,0.034999999999999996,False
P4,Restricted rollout-only,restricted_learned,20261301,20260904,20261001,-0.28,0.28704965114593506,0.27210140271960986,0.27,0.22497499999999998,0.303025,0.07805000000000001,identifiable,1.7078065289575075e-05,0.0021537188063661494,True,True,True,True,False,accepted,0.014948248426325195,0.034999999999999996,False
P4,Restricted rollout-only,restricted_learned,20261301,20260904,20261001,-0.21000000000000002,0.2953181564807892,0.27868686984294644,0.254,0.222,0.28902500000000003,0.06702500000000003,identifiable,0.00011795839194375009,0.002018085504264781,False,True,True,False,True,neural delay outside resampling minimizer interval,0.016631286637842746,0.034999999999999996,False
P4,Restricted rollout-only,restricted_learned,20261301,20260904,20261001,-0.14,0.3039456903934479,0.2855986599633792,0.29400000000000004,0.246975,0.33199999999999996,0.08502499999999996,identifiable,0.00012073573710215773,0.0021366897362879063,True,True,True,True,False,accepted,0.01834703043006869,0.034999999999999996,False
P4,Restricted rollout-only,restricted_learned,20261301,20260904,20261001,-0.07000000000000006,0.3128109574317932,0.2927400288856012,0.299,0.24795,0.32904999999999995,0.08109999999999995,identifiable,4.9412301670911295e-05,0.0025689161595566514,True,True,True,True,False,accepted,0.020070928546192024,0.034999999999999996,False
P4,Restricted rollout-only,restricted_learned,20261301,20260904,20261001,0.0,0.32177531719207764,0.3,0.318,0.26695,0.3482249999999999,0.08127499999999988,identifiable,4.938666561960923e-05,0.002499066004878754,True,True,True,True,False,accepted,0.021775317192077648,0.034999999999999996,False
P4,Restricted rollout-only,restricted_learned,20261301,20260904,20261001,0.06999999999999995,0.33069294691085815,0.3072599711143988,0.317,0.26495,0.352,0.08704999999999996,identifiable,7.357055219902217e-05,0.0026136155540043117,True,True,True,True,False,accepted,0.023432975796459365,0.034999999999999996,False
P4,Restricted rollout-only,restricted_learned,20261301,20260904,20261001,0.1399999999999999,0.33942216634750366,0.3144013400366208,0.32699999999999996,0.274975,0.349025,0.07404999999999995,identifiable,0.00011549522771017272,0.002472965365203452,True,True,True,True,False,accepted,0.02502082631088287,0.034999999999999996,False
P4,Restricted rollout-only,restricted_learned,20261301,20260904,20261001,0.20999999999999996,0.3478359580039978,0.32131313015705354,0.346,0.27387500000000004,0.358075,0.08419999999999994,identifiable,5.152951713325038e-05,0.00314043673721036,True,True,True,True,False,accepted,0.026522827846944264,0.034999999999999996,False
P4,Restricted rollout-only,restricted_learned,20261301,20260904,20261001,0.2799999999999999,0.3558298349380493,0.3278985972803901,0.33699999999999997,0.28400000000000003,0.366075,0.08207499999999995,identifiable,7.645147788005988e-05,0.0023783118517428994,True,True,True,True,False,accepted,0.027931237657659203,0.034999999999999996,False
P4,Restricted rollout-only,restricted_learned,20261301,20260904,20261001,0.34999999999999987,0.36332687735557556,0.334080026040365,0.364,0.2998,0.40705,0.10725000000000001,weakly identifiable / abstain,0.00014720840937233398,0.0031366871338458524,True,True,True,False,True,resampling interval exceeds resolution threshold,0.029246851315210542,0.034999999999999996,False
P4,Restricted rollout-only,restricted_learned,20261301,20260904,20261001,0.41999999999999993,0.3702782392501831,0.3398013036044313,0.33199999999999996,0.313,0.3721,0.059099999999999986,identifiable,9.934549722951844e-05,0.002378467450285317,True,True,True,True,False,accepted,0.030476935645751824,0.034999999999999996,False
P4,Restricted rollout-only,restricted_learned,20261301,20260904,20261001,0.49,0.3766613304615021,0.3450282740744384,0.351,0.308975,0.3681499999999999,0.05917499999999992,identifiable,7.959020382336354e-05,0.0020095030725731282,False,True,True,False,True,neural delay outside resampling minimizer interval,0.03163305638706365,0.034999999999999996,False
P4,Restricted rollout-only,restricted_learned,20261301,20260904,20261001,0.5599999999999998,0.38247573375701904,0.3497472196340497,0.34199999999999997,0.316,0.380025,0.064025,identifiable,0.00012249881431024227,0.002193630490840619,False,True,True,False,True,neural delay outside resampling minimizer interval,0.03272851412296934,0.034999999999999996,False
P4,Restricted rollout-only,restricted_learned,20261301,20260904,20261001,0.6299999999999999,0.3877381682395935,0.3539620181344406,0.367,0.3439,0.396025,0.05212500000000003,identifiable,5.259111914030387e-05,0.0020858117281550305,True,True,True,True,False,accepted,0.03377615010515289,0.034999999999999996,False
P4,Restricted rollout-only,restricted_learned,20261301,20260904,20261001,0.7,0.3924773335456848,0.357690580326136,0.354,0.33797499999999997,0.428175,0.0902,weakly identifiable / abstain,0.00010359491521143571,0.0041758638305439385,True,True,True,False,True,resampling interval exceeds resolution threshold,0.03478675321954883,0.034999999999999996,False
P1,Full identifiability-aware,restricted_learned,20261302,20260904,20261002,-0.7,0.25161251425743103,0.242309419673864,0.22299999999999998,0.180875,0.25717499999999993,0.07629999999999992,identifiable,3.630360506034231e-05,0.0023009945213233185,True,True,True,True,False,accepted,0.00930309458356704,0.034999999999999996,False
P1,Full identifiability-aware,restricted_learned,20261302,20260904,20261002,-0.63,0.2527342438697815,0.24603798186555936,0.255,0.186975,0.275075,0.08810000000000001,identifiable,0.00015230079952320395,0.002814067601410951,True,True,True,True,False,accepted,0.006696262004222131,0.034999999999999996,False
P1,Full identifiability-aware,restricted_learned,20261302,20260904,20261002,-0.5599999999999999,0.25426867604255676,0.2502527803659503,0.316,0.209925,0.37342499999999984,0.16349999999999984,weakly identifiable / abstain,0.0005098911494113394,0.004015197362055056,True,True,True,False,True,resampling interval exceeds resolution threshold,0.004015895676606485,0.034999999999999996,False
P1,Full identifiability-aware,restricted_learned,20261302,20260904,20261002,-0.49,0.25631433725357056,0.25497172592556155,0.214,0.17195,0.2633249999999999,0.09137499999999993,weakly identifiable / abstain,9.879425701165205e-05,0.002652867876827601,True,True,True,False,True,resampling interval exceeds resolution threshold,0.0013426113280090024,0.034999999999999996,False
P1,Full identifiability-aware,restricted_learned,20261302,20260904,20261002,-0.42,0.2589794993400574,0.2601986963955687,0.252,0.19490000000000002,0.28427499999999994,0.08937499999999993,identifiable,1.3483031752990458e-05,0.002699311391056441,True,True,True,True,False,accepted,0.001219197055511323,0.034999999999999996,False
P1,Full identifiability-aware,restricted_learned,20261302,20260904,20261002,-0.35,0.2623777389526367,0.2659199739596349,0.22699999999999998,0.189975,0.27005,0.08007500000000001,identifiable,8.915864043918262e-05,0.0021571610748129114,True,True,True,True,False,accepted,0.0035422350069981845,0.034999999999999996,False
P1,Full identifiability-aware,restricted_learned,20261302,20260904,20261002,-0.28,0.26661840081214905,0.27210140271960986,0.27,0.22497499999999998,0.303025,0.07805000000000001,identifiable,2.343897247265866e-06,0.0021537188063661494,True,True,True,True,False,accepted,0.005483001907460816,0.034999999999999996,False
P1,Full identifiability-aware,restricted_learned,20261302,20260904,20261002,-0.21000000000000002,0.2717900276184082,0.27868686984294644,0.254,0.222,0.28902500000000003,0.06702500000000003,identifiable,4.9394546381545844e-05,0.002018085504264781,True,True,True,True,False,accepted,0.0068968422245382355,0.034999999999999996,False
P1,Full identifiability-aware,restricted_learned,20261302,20260904,20261002,-0.14,0.2779355049133301,0.2855986599633792,0.29400000000000004,0.246975,0.33199999999999996,0.08502499999999996,identifiable,0.00012930095191970118,0.0021366897362879063,True,True,True,True,False,accepted,0.007663155050049109,0.034999999999999996,False
P1,Full identifiability-aware,restricted_learned,20261302,20260904,20261002,-0.07000000000000006,0.28502243757247925,0.2927400288856012,0.299,0.24795,0.32904999999999995,0.08109999999999995,identifiable,4.9011608320017015e-05,0.0025689161595566514,True,True,True,True,False,accepted,0.007717591313121941,0.034999999999999996,False
P1,Full identifiability-aware,restricted_learned,20261302,20260904,20261002,0.0,0.29291796684265137,0.3,0.318,0.26695,0.3482249999999999,0.08127499999999988,identifiable,8.074305209072004e-05,0.002499066004878754,True,True,True,True,False,accepted,0.007082033157348622,0.034999999999999996,False
P1,Full identifiability-aware,restricted_learned,20261302,20260904,20261002,0.06999999999999995,0.30138200521469116,0.3072599711143988,0.317,0.26495,0.352,0.08704999999999996,identifiable,7.544340300717374e-05,0.0026136155540043117,True,True,True,True,False,accepted,0.005877965899707627,0.034999999999999996,False
P1,Full identifiability-aware,restricted_learned,20261302,20260904,20261002,0.1399999999999999,0.31009119749069214,0.3144013400366208,0.32699999999999996,0.274975,0.349025,0.07404999999999995,identifiable,0.00012407544432372006,0.002472965365203452,True,True,True,True,False,accepted,0.004310142545928652,0.034999999999999996,False
P1,Full identifiability-aware,restricted_learned,20261302,20260904,20261002,0.20999999999999996,0.31869083642959595,0.32131313015705354,0.346,0.27387500000000004,0.358075,0.08419999999999994,identifiable,9.649152280869747e-05,0.00314043673721036,True,True,True,True,False,accepted,0.002622293727457592,0.034999999999999996,False
P1,Full identifiability-aware,restricted_learned,20261302,20260904,20261002,0.2799999999999999,0.32685792446136475,0.3278985972803901,0.33699999999999997,0.28400000000000003,0.366075,0.08207499999999995,identifiable,6.087858081961891e-05,0.0023783118517428994,True,True,True,True,False,accepted,0.0010406728190253678,0.034999999999999996,False
P1,Full identifiability-aware,restricted_learned,20261302,20260904,20261002,0.34999999999999987,0.3343506157398224,0.334080026040365,0.364,0.2998,0.40705,0.10725000000000001,weakly identifiable / abstain,0.0002016747177227038,0.0031366871338458524,True,True,True,False,True,resampling interval exceeds resolution threshold,0.00027058969945736866,0.034999999999999996,False
P1,Full identifiability-aware,restricted_learned,20261302,20260904,20261002,0.41999999999999993,0.3410288095474243,0.3398013036044313,0.33199999999999996,0.313,0.3721,0.059099999999999986,identifiable,1.029999960398473e-05,0.002378467450285317,True,True,True,True,False,accepted,0.0012275059429930346,0.034999999999999996,False
P1,Full identifiability-aware,restricted_learned,20261302,20260904,20261002,0.49,0.3468477725982666,0.3450282740744384,0.351,0.308975,0.3681499999999999,0.05917499999999992,identifiable,3.5990879375171937e-05,0.0020095030725731282,True,True,True,True,False,accepted,0.001819498523828178,0.034999999999999996,False
P1,Full identifiability-aware,restricted_learned,20261302,20260904,20261002,0.5599999999999998,0.3518347144126892,0.3497472196340497,0.34199999999999997,0.316,0.380025,0.064025,identifiable,1.975949227836182e-05,0.002193630490840619,True,True,True,True,False,accepted,0.0020874947786395093,0.034999999999999996,False
P1,Full identifiability-aware,restricted_learned,20261302,20260904,20261002,0.6299999999999999,0.3560623228549957,0.3539620181344406,0.367,0.3439,0.396025,0.05212500000000003,identifiable,3.123624458453789e-05,0.0020858117281550305,True,True,True,True,False,accepted,0.002100304720555113,0.034999999999999996,False
P1,Full identifiability-aware,restricted_learned,20261302,20260904,20261002,0.7,0.3596251606941223,0.357690580326136,0.354,0.33797499999999997,0.428175,0.0902,weakly identifiable / abstain,9.38576928514569e-06,0.0041758638305439385,True,True,True,False,True,resampling interval exceeds resolution threshold,0.0019345803679863272,0.034999999999999996,False
P2,Profile initialization only,restricted_learned,20261302,20260904,20261002,-0.7,0.25518298149108887,0.242309419673864,0.22299999999999998,0.180875,0.25717499999999993,0.07629999999999992,identifiable,4.481944296319161e-05,0.0023009945213233185,True,True,True,True,False,accepted,0.012873561817224877,0.034999999999999996,False
P2,Profile initialization only,restricted_learned,20261302,20260904,20261002,-0.63,0.25980454683303833,0.24603798186555936,0.255,0.186975,0.275075,0.08810000000000001,identifiable,0.0001533284471599316,0.002814067601410951,True,True,True,True,False,accepted,0.013766564967478967,0.034999999999999996,False
P2,Profile initialization only,restricted_learned,20261302,20260904,20261002,-0.5599999999999999,0.2653752565383911,0.2502527803659503,0.316,0.209925,0.37342499999999984,0.16349999999999984,weakly identifiable / abstain,0.0004656491069568193,0.004015197362055056,True,True,True,False,True,resampling interval exceeds resolution threshold,0.015122476172440835,0.034999999999999996,False
P2,Profile initialization only,restricted_learned,20261302,20260904,20261002,-0.49,0.2719647288322449,0.25497172592556155,0.214,0.17195,0.2633249999999999,0.09137499999999993,weakly identifiable / abstain,0.00016399371068159707,0.002652867876827601,False,True,True,False,True,resampling interval exceeds resolution threshold,0.01699300290668332,0.034999999999999996,False
P2,Profile initialization only,restricted_learned,20261302,20260904,20261002,-0.42,0.27957355976104736,0.2601986963955687,0.252,0.19490000000000002,0.28427499999999994,0.08937499999999993,identifiable,4.515711973289645e-05,0.002699311391056441,True,True,True,True,False,accepted,0.019374863365478667,0.034999999999999996,False
P2,Profile initialization only,restricted_learned,20261302,20260904,20261002,-0.35,0.2881055176258087,0.2659199739596349,0.22699999999999998,0.189975,0.27005,0.08007500000000001,identifiable,0.00020073969498879483,0.0021571610748129114,False,True,True,False,True,neural delay outside resampling minimizer interval,0.022185543666173813,0.034999999999999996,False
P2,Profile initialization only,restricted_learned,20261302,20260904,20261002,-0.28,0.2973542809486389,0.27210140271960986,0.27,0.22497499999999998,0.303025,0.07805000000000001,identifiable,4.042776962834401e-05,0.0021537188063661494,True,True,True,True,False,accepted,0.025252878229029052,0.034999999999999996,False
P2,Profile initialization only,restricted_learned,20261302,20260904,20261002,-0.21000000000000002,0.3070145845413208,0.27868686984294644,0.254,0.222,0.28902500000000003,0.06702500000000003,identifiable,0.00017227508631280754,0.002018085504264781,False,True,True,False,True,neural delay outside resampling minimizer interval,0.028327714698374362,0.034999999999999996,False
P2,Profile initialization only,restricted_learned,20261302,20260904,20261002,-0.14,0.3167198896408081,0.2855986599633792,0.29400000000000004,0.246975,0.33199999999999996,0.08502499999999996,identifiable,0.00013977106444161547,0.0021366897362879063,True,True,True,True,False,accepted,0.03112122967742892,0.034999999999999996,False
P2,Profile initialization only,restricted_learned,20261302,20260904,20261002,-0.07000000000000006,0.32609647512435913,0.2927400288856012,0.299,0.24795,0.32904999999999995,0.08109999999999995,identifiable,7.850568477027151e-05,0.0025689161595566514,True,True,True,True,False,accepted,0.03335644623875794,0.034999999999999996,False
P2,Profile initialization only,restricted_learned,20261302,20260904,20261002,0.0,0.33481669425964355,0.3,0.318,0.26695,0.3482249999999999,0.08127499999999988,identifiable,6.365797586625536e-05,0.002499066004878754,True,True,True,True,False,accepted,0.034816694259643566,0.034999999999999996,False
P2,Profile initialization only,restricted_learned,20261302,20260904,20261002,0.06999999999999995,0.3426356911659241,0.3072599711143988,0.317,0.26495,0.352,0.08704999999999996,identifiable,0.00010095093039413297,0.0026136155540043117,True,True,True,True,False,accepted,0.03537572005152528,0.034999999999999996,True
P2,Profile initialization only,restricted_learned,20261302,20260904,20261002,0.1399999999999999,0.3494057059288025,0.3144013400366208,0.32699999999999996,0.274975,0.349025,0.07404999999999995,identifiable,0.0001346919601801154,0.002472965365203452,False,True,True,False,True,neural delay outside resampling minimizer interval,0.0350043658921817,0.034999999999999996,False
P2,Profile initialization only,restricted_learned,20261302,20260904,20261002,0.20999999999999996,0.35507071018218994,0.32131313015705354,0.346,0.27387500000000004,0.358075,0.08419999999999994,identifiable,5.6421406273410795e-05,0.00314043673721036,True,True,True,True,False,accepted,0.0337575800251364,0.034999999999999996,False
P2,Profile initialization only,restricted_learned,20261302,20260904,20261002,0.2799999999999999,0.35965055227279663,0.3278985972803901,0.33699999999999997,0.28400000000000003,0.366075,0.08207499999999995,identifiable,8.619773989482286e-05,0.0023783118517428994,True,True,True,True,False,accepted,0.03175195499240652,0.034999999999999996,False
P2,Profile initialization only,restricted_learned,20261302,20260904,20261002,0.34999999999999987,0.3632206916809082,0.334080026040365,0.364,0.2998,0.40705,0.10725000000000001,weakly identifiable / abstain,0.00014721601032113295,0.0031366871338458524,True,True,True,False,True,resampling interval exceeds resolution threshold,0.029140665640543184,0.034999999999999996,False
P2,Profile initialization only,restricted_learned,20261302,20260904,20261002,0.41999999999999993,0.36589425802230835,0.3398013036044313,0.33199999999999996,0.313,0.3721,0.059099999999999986,identifiable,7.898612501466062e-05,0.002378467450285317,True,True,True,True,False,accepted,0.026092954417877068,0.034999999999999996,False
P2,Profile initialization only,restricted_learned,20261302,20260904,20261002,0.49,0.36780664324760437,0.3450282740744384,0.351,0.308975,0.3681499999999999,0.05917499999999992,identifiable,5.4234136433373235e-05,0.0020095030725731282,True,True,True,True,False,accepted,0.022778369173165947,0.034999999999999996,False
P2,Profile initialization only,restricted_learned,20261302,20260904,20261002,0.5599999999999998,0.36910292506217957,0.3497472196340497,0.34199999999999997,0.316,0.380025,0.064025,identifiable,6.269270354769043e-05,0.002193630490840619,True,True,True,True,False,accepted,0.019355705428129866,0.034999999999999996,False
P2,Profile initialization only,restricted_learned,20261302,20260904,20261002,0.6299999999999999,0.3699272871017456,0.3539620181344406,0.367,0.3439,0.396025,0.05212500000000003,identifiable,2.3376668665235735e-05,0.0020858117281550305,True,True,True,True,False,accepted,0.01596526896730499,0.034999999999999996,False
P2,Profile initialization only,restricted_learned,20261302,20260904,20261002,0.7,0.3704140782356262,0.357690580326136,0.354,0.33797499999999997,0.428175,0.0902,weakly identifiable / abstain,2.4783514906906006e-05,0.0041758638305439385,True,True,True,False,True,resampling interval exceeds resolution threshold,0.012723497909490233,0.034999999999999996,False
P3,Anchor loss only,restricted_learned,20261302,20260904,20261002,-0.7,0.2502475380897522,0.242309419673864,0.22299999999999998,0.180875,0.25717499999999993,0.07629999999999992,identifiable,3.330432676241156e-05,0.0023009945213233185,True,True,True,True,False,accepted,0.007938118415888207,0.034999999999999996,False
P3,Anchor loss only,restricted_learned,20261302,20260904,20261002,-0.63,0.2532980144023895,0.24603798186555936,0.255,0.186975,0.275075,0.08810000000000001,identifiable,0.00015222894050533363,0.002814067601410951,True,True,True,True,False,accepted,0.007260032536830163,0.034999999999999996,False
P3,Anchor loss only,restricted_learned,20261302,20260904,20261002,-0.5599999999999999,0.25667792558670044,0.2502527803659503,0.316,0.209925,0.37342499999999984,0.16349999999999984,weakly identifiable / abstain,0.0004995308356462244,0.004015197362055056,True,True,True,False,True,resampling interval exceeds resolution threshold,0.006425145220750161,0.034999999999999996,False
P3,Anchor loss only,restricted_learned,20261302,20260904,20261002,-0.49,0.26040756702423096,0.25497172592556155,0.214,0.17195,0.2633249999999999,0.09137499999999993,weakly identifiable / abstain,0.00011393187495090679,0.002652867876827601,True,True,True,False,True,resampling interval exceeds resolution threshold,0.005435841098669403,0.034999999999999996,False
P3,Anchor loss only,restricted_learned,20261302,20260904,20261002,-0.42,0.2645033001899719,0.2601986963955687,0.252,0.19490000000000002,0.28427499999999994,0.08937499999999993,identifiable,1.8193460299836946e-05,0.002699311391056441,True,True,True,True,False,accepted,0.004304603794403228,0.034999999999999996,False
P3,Anchor loss only,restricted_learned,20261302,20260904,20261002,-0.35,0.2689759135246277,0.2659199739596349,0.22699999999999998,0.189975,0.27005,0.08007500000000001,identifiable,0.00011224668547823569,0.0021571610748129114,True,True,True,True,False,accepted,0.0030559395649927823,0.034999999999999996,False
P3,Anchor loss only,restricted_learned,20261302,20260904,20261002,-0.28,0.27382832765579224,0.27210140271960986,0.27,0.22497499999999998,0.303025,0.07805000000000001,identifiable,2.723111999619321e-06,0.0021537188063661494,True,True,True,True,False,accepted,0.0017269249361823724,0.034999999999999996,False
P3,Anchor loss only,restricted_learned,20261302,20260904,20261002,-0.21000000000000002,0.27905380725860596,0.27868686984294644,0.254,0.222,0.28902500000000003,0.06702500000000003,identifiable,6.470017884606827e-05,0.002018085504264781,True,True,True,True,False,accepted,0.00036693741565951843,0.034999999999999996,False
P3,Anchor loss only,restricted_learned,20261302,20260904,20261002,-0.14,0.284633994102478,0.2855986599633792,0.29400000000000004,0.246975,0.33199999999999996,0.08502499999999996,identifiable,0.00012098077685003811,0.0021366897362879063,True,True,True,True,False,accepted,0.0009646658609011594,0.034999999999999996,False
P3,Anchor loss only,restricted_learned,20261302,20260904,20261002,-0.07000000000000006,0.29053765535354614,0.2927400288856012,0.299,0.24795,0.32904999999999995,0.08109999999999995,identifiable,4.252521028729425e-05,0.0025689161595566514,True,True,True,True,False,accepted,0.0022023735320550464,0.034999999999999996,False
P3,Anchor loss only,restricted_learned,20261302,20260904,20261002,0.0,0.296720415353775,0.3,0.318,0.26695,0.3482249999999999,0.08127499999999988,identifiable,7.160201561217041e-05,0.002499066004878754,True,True,True,True,False,accepted,0.0032795846462249645,0.034999999999999996,False
P3,Anchor loss only,restricted_learned,20261302,20260904,20261002,0.06999999999999995,0.3031252920627594,0.3072599711143988,0.317,0.26495,0.352,0.08704999999999996,identifiable,7.254596753303719e-05,0.0026136155540043117,True,True,True,True,False,accepted,0.004134679051639389,0.034999999999999996,False
P3,Anchor loss only,restricted_learned,20261302,20260904,20261002,0.1399999999999999,0.309684693813324,0.3144013400366208,0.32699999999999996,0.274975,0.349025,0.07404999999999995,identifiable,0.00012489193318796808,0.002472965365203452,True,True,True,True,False,accepted,0.0047166462232968165,0.034999999999999996,False
P3,Anchor loss only,restricted_learned,20261302,20260904,20261002,0.20999999999999996,0.31632375717163086,0.32131313015705354,0.346,0.27387500000000004,0.358075,0.08419999999999994,identifiable,0.00010474816028791342,0.00314043673721036,True,True,True,True,False,accepted,0.00498937298542268,0.034999999999999996,False
P3,Anchor loss only,restricted_learned,20261302,20260904,20261002,0.2799999999999999,0.3229639530181885,0.3278985972803901,0.33699999999999997,0.28400000000000003,0.366075,0.08207499999999995,identifiable,6.67279531885299e-05,0.0023783118517428994,True,True,True,True,False,accepted,0.004934644262201637,0.034999999999999996,False
P3,Anchor loss only,restricted_learned,20261302,20260904,20261002,0.34999999999999987,0.3295278549194336,0.334080026040365,0.364,0.2998,0.40705,0.10725000000000001,weakly identifiable / abstain,0.000220901128313101,0.0031366871338458524,True,True,True,False,True,resampling interval exceeds resolution threshold,0.004552171120931425,0.034999999999999996,False
P3,Anchor loss only,restricted_learned,20261302,20260904,20261002,0.41999999999999993,0.3359430432319641,0.3398013036044313,0.33199999999999996,0.313,0.3721,0.059099999999999986,identifiable,6.1667522172632415e-06,0.002378467450285317,True,True,True,True,False,accepted,0.0038582603724671705,0.034999999999999996,False
P3,Anchor loss only,restricted_learned,20261302,20260904,20261002,0.49,0.34214580059051514,0.3450282740744384,0.351,0.308975,0.3681499999999999,0.05917499999999992,identifiable,4.005980914587072e-05,0.0020095030725731282,True,True,True,True,False,accepted,0.002882473483923287,0.034999999999999996,False
P3,Anchor loss only,restricted_learned,20261302,20260904,20261002,0.5599999999999998,0.34808385372161865,0.3497472196340497,0.34199999999999997,0.316,0.380025,0.064025,identifiable,1.5600873512800507e-05,0.002193630490840619,True,True,True,True,False,accepted,0.0016633659124310474,0.034999999999999996,False
P3,Anchor loss only,restricted_learned,20261302,20260904,20261002,0.6299999999999999,0.35371747612953186,0.3539620181344406,0.367,0.3439,0.396025,0.05212500000000003,identifiable,3.525503953545493e-05,0.0020858117281550305,True,True,True,True,False,accepted,0.00024454200490875433,0.034999999999999996,False
P3,Anchor loss only,restricted_learned,20261302,20260904,20261002,0.7,0.3590198755264282,0.357690580326136,0.354,0.33797499999999997,0.428175,0.0902,weakly identifiable / abstain,8.963488178149957e-06,0.0041758638305439385,True,True,True,False,True,resampling interval exceeds resolution threshold,0.0013292952002922354,0.034999999999999996,False
P4,Restricted rollout-only,restricted_learned,20261302,20260904,20261002,-0.7,0.26055142283439636,0.242309419673864,0.22299999999999998,0.180875,0.25717499999999993,0.07629999999999992,identifiable,5.947602539509871e-05,0.0023009945213233185,False,True,True,False,True,neural delay outside resampling minimizer interval,0.018242003160532372,0.034999999999999996,False
P4,Restricted rollout-only,restricted_learned,20261302,20260904,20261002,-0.63,0.2665504813194275,0.24603798186555936,0.255,0.186975,0.275075,0.08810000000000001,identifiable,0.0001582271214485321,0.002814067601410951,True,True,True,True,False,accepted,0.020512499453868127,0.034999999999999996,False
P4,Restricted rollout-only,restricted_learned,20261302,20260904,20261002,-0.5599999999999999,0.273212730884552,0.2502527803659503,0.316,0.209925,0.37342499999999984,0.16349999999999984,weakly identifiable / abstain,0.00043981953324199373,0.004015197362055056,True,True,True,False,True,resampling interval exceeds resolution threshold,0.022959950518601724,0.034999999999999996,False
P4,Restricted rollout-only,restricted_learned,20261302,20260904,20261002,-0.49,0.28048181533813477,0.25497172592556155,0.214,0.17195,0.2633249999999999,0.09137499999999993,weakly identifiable / abstain,0.00020778050894697776,0.002652867876827601,False,True,True,False,True,resampling interval exceeds resolution threshold,0.02551008941257321,0.034999999999999996,False
P4,Restricted rollout-only,restricted_learned,20261302,20260904,20261002,-0.42,0.2882485091686249,0.2601986963955687,0.252,0.19490000000000002,0.28427499999999994,0.08937499999999993,identifiable,6.998381818057e-05,0.002699311391056441,False,True,True,False,True,neural delay outside resampling minimizer interval,0.028049812773056182,0.034999999999999996,False
P4,Restricted rollout-only,restricted_learned,20261302,20260904,20261002,-0.35,0.2963537573814392,0.2659199739596349,0.22699999999999998,0.189975,0.27005,0.08007500000000001,identifiable,0.00024866910002148976,0.0021571610748129114,False,True,True,False,True,neural delay outside resampling minimizer interval,0.030433783421804306,0.034999999999999996,False
P4,Restricted rollout-only,restricted_learned,20261302,20260904,20261002,-0.28,0.30460333824157715,0.27210140271960986,0.27,0.22497499999999998,0.303025,0.07805000000000001,identifiable,6.316571473246285e-05,0.0021537188063661494,False,True,True,False,True,neural delay outside resampling minimizer interval,0.032501935521967285,0.034999999999999996,False
P4,Restricted rollout-only,restricted_learned,20261302,20260904,20261002,-0.21000000000000002,0.3127915561199188,0.27868686984294644,0.254,0.222,0.28902500000000003,0.06702500000000003,identifiable,0.00020400807050831608,0.002018085504264781,False,True,True,False,True,neural delay outside resampling minimizer interval,0.034104686276972385,0.034999999999999996,False
P4,Restricted rollout-only,restricted_learned,20261302,20260904,20261002,-0.14,0.32072705030441284,0.2855986599633792,0.29400000000000004,0.246975,0.33199999999999996,0.08502499999999996,identifiable,0.00014885280826894103,0.0021366897362879063,True,True,True,True,False,accepted,0.035128390341033655,0.034999999999999996,True
P4,Restricted rollout-only,restricted_learned,20261302,20260904,20261002,-0.07000000000000006,0.32825344800949097,0.2927400288856012,0.299,0.24795,0.32904999999999995,0.08109999999999995,identifiable,8.497573374458593e-05,0.0025689161595566514,True,True,True,True,False,accepted,0.03551341912388978,0.034999999999999996,True
P4,Restricted rollout-only,restricted_learned,20261302,20260904,20261002,0.0,0.3352595269680023,0.3,0.318,0.26695,0.3482249999999999,0.08127499999999988,identifiable,6.445156284740331e-05,0.002499066004878754,True,True,True,True,False,accepted,0.03525952696800233,0.034999999999999996,True
P4,Restricted rollout-only,restricted_learned,20261302,20260904,20261002,0.06999999999999995,0.34168004989624023,0.3072599711143988,0.317,0.26495,0.352,0.08704999999999996,identifiable,9.816740890377432e-05,0.0026136155540043117,True,True,True,True,False,accepted,0.034420078781841446,0.034999999999999996,False
P4,Restricted rollout-only,restricted_learned,20261302,20260904,20261002,0.1399999999999999,0.34748923778533936,0.3144013400366208,0.32699999999999996,0.274975,0.349025,0.07404999999999995,identifiable,0.0001301467514242157,0.002472965365203452,True,True,True,True,False,accepted,0.033087897748718564,0.034999999999999996,False
P4,Restricted rollout-only,restricted_learned,20261302,20260904,20261002,0.20999999999999996,0.3526916205883026,0.32131313015705354,0.346,0.27387500000000004,0.358075,0.08419999999999994,identifiable,5.4123265589550776e-05,0.00314043673721036,True,True,True,True,False,accepted,0.03137849043124907,0.034999999999999996,False
P4,Restricted rollout-only,restricted_learned,20261302,20260904,20261002,0.2799999999999999,0.35731253027915955,0.3278985972803901,0.33699999999999997,0.28400000000000003,0.366075,0.08207499999999995,identifiable,8.002565506167284e-05,0.0023783118517428994,True,True,True,True,False,accepted,0.029413932998769432,0.034999999999999996,False
P4,Restricted rollout-only,restricted_learned,20261302,20260904,20261002,0.34999999999999987,0.36139029264450073,0.334080026040365,0.364,0.2998,0.40705,0.10725000000000001,weakly identifiable / abstain,0.00014761832885834368,0.0031366871338458524,True,True,True,False,True,resampling interval exceeds resolution threshold,0.027310266604135713,0.034999999999999996,False
P4,Restricted rollout-only,restricted_learned,20261302,20260904,20261002,0.41999999999999993,0.36497020721435547,0.3398013036044313,0.33199999999999996,0.313,0.3721,0.059099999999999986,identifiable,7.500457191406617e-05,0.002378467450285317,True,True,True,True,False,accepted,0.025168903609924187,0.034999999999999996,False
P4,Restricted rollout-only,restricted_learned,20261302,20260904,20261002,0.49,0.36810046434402466,0.3450282740744384,0.351,0.308975,0.3681499999999999,0.05917499999999992,identifiable,5.490414974507752e-05,0.0020095030725731282,True,True,True,True,False,accepted,0.023072190269586235,0.034999999999999996,False
P4,Restricted rollout-only,restricted_learned,20261302,20260904,20261002,0.5599999999999998,0.3708295226097107,0.3497472196340497,0.34199999999999997,0.316,0.380025,0.064025,identifiable,6.91228472512648e-05,0.002193630490840619,True,True,True,True,False,accepted,0.021082302975660994,0.034999999999999996,False
P4,Restricted rollout-only,restricted_learned,20261302,20260904,20261002,0.6299999999999999,0.37320423126220703,0.3539620181344406,0.367,0.3439,0.396025,0.05212500000000003,identifiable,2.545897973357704e-05,0.0020858117281550305,True,True,True,True,False,accepted,0.019242213127766417,0.034999999999999996,False
P4,Restricted rollout-only,restricted_learned,20261302,20260904,20261002,0.7,0.3752690553665161,0.357690580326136,0.354,0.33797499999999997,0.428175,0.0902,weakly identifiable / abstain,3.669973013707122e-05,0.0041758638305439385,True,True,True,False,True,resampling interval exceeds resolution threshold,0.017578475040380126,0.034999999999999996,False
P1,Full identifiability-aware,restricted_learned,20261303,20260904,20261003,-0.7,0.251594603061676,0.242309419673864,0.22299999999999998,0.180875,0.25717499999999993,0.07629999999999992,identifiable,3.62634868821099e-05,0.0023009945213233185,True,True,True,True,False,accepted,0.009285183387812035,0.034999999999999996,False
P1,Full identifiability-aware,restricted_learned,20261303,20260904,20261003,-0.63,0.2521066665649414,0.24603798186555936,0.255,0.186975,0.275075,0.08810000000000001,identifiable,0.00015240878791342207,0.002814067601410951,True,True,True,True,False,accepted,0.006068684699382043,0.034999999999999996,False
P1,Full identifiability-aware,restricted_learned,20261303,20260904,20261003,-0.5599999999999999,0.25296202301979065,0.2502527803659503,0.316,0.209925,0.37342499999999984,0.16349999999999984,weakly identifiable / abstain,0.0005156820465888319,0.004015197362055056,True,True,True,False,True,resampling interval exceeds resolution threshold,0.0027092426538403713,0.034999999999999996,False
P1,Full identifiability-aware,restricted_learned,20261303,20260904,20261003,-0.49,0.2542325258255005,0.25497172592556155,0.214,0.17195,0.2633249999999999,0.09137499999999993,weakly identifiable / abstain,9.161822329115056e-05,0.002652867876827601,True,True,True,False,True,resampling interval exceeds resolution threshold,0.000739200100061066,0.034999999999999996,False
P1,Full identifiability-aware,restricted_learned,20261303,20260904,20261003,-0.42,0.25599902868270874,0.2601986963955687,0.252,0.19490000000000002,0.28427499999999994,0.08937499999999993,identifiable,1.210851016604096e-05,0.002699311391056441,True,True,True,True,False,accepted,0.004199667712859956,0.034999999999999996,False
P1,Full identifiability-aware,restricted_learned,20261303,20260904,20261003,-0.35,0.2583509087562561,0.2659199739596349,0.22699999999999998,0.189975,0.27005,0.08007500000000001,identifiable,7.695041309261995e-05,0.0021571610748129114,True,True,True,True,False,accepted,0.0075690652033788,0.034999999999999996,False
P1,Full identifiability-aware,restricted_learned,20261303,20260904,20261003,-0.28,0.2613835036754608,0.27210140271960986,0.27,0.22497499999999998,0.303025,0.07805000000000001,identifiable,5.381105535481984e-06,0.0021537188063661494,True,True,True,True,False,accepted,0.010717899044149048,0.034999999999999996,False
P1,Full identifiability-aware,restricted_learned,20261303,20260904,20261003,-0.21000000000000002,0.2651934027671814,0.27868686984294644,0.254,0.222,0.28902500000000003,0.06702500000000003,identifiable,4.006072008913323e-05,0.002018085504264781,True,True,True,True,False,accepted,0.013493467075765042,0.034999999999999996,False
P1,Full identifiability-aware,restricted_learned,20261303,20260904,20261003,-0.14,0.26986896991729736,0.2855986599633792,0.29400000000000004,0.246975,0.33199999999999996,0.08502499999999996,identifiable,0.0001450210619857935,0.0021366897362879063,True,True,True,True,False,accepted,0.015729690046081823,0.034999999999999996,False
P1,Full identifiability-aware,restricted_learned,20261303,20260904,20261003,-0.07000000000000006,0.2754758596420288,0.2927400288856012,0.299,0.24795,0.32904999999999995,0.08109999999999995,identifiable,6.804992359485486e-05,0.0025689161595566514,True,True,True,True,False,accepted,0.01726416924357238,0.034999999999999996,False
P1,Full identifiability-aware,restricted_learned,20261303,20260904,20261003,0.0,0.28203660249710083,0.3,0.318,0.26695,0.3482249999999999,0.08127499999999988,identifiable,0.00011542037402839557,0.002499066004878754,True,True,True,True,False,accepted,0.01796339750289916,0.034999999999999996,False
P1,Full identifiability-aware,restricted_learned,20261303,20260904,20261003,0.06999999999999995,0.28950756788253784,0.3072599711143988,0.317,0.26495,0.352,0.08704999999999996,identifiable,0.00010458985752896882,0.0026136155540043117,True,True,True,True,False,accepted,0.017752403231860947,0.034999999999999996,False
P1,Full identifiability-aware,restricted_learned,20261303,20260904,20261003,0.1399999999999999,0.2977592945098877,0.3144013400366208,0.32699999999999996,0.274975,0.349025,0.07404999999999995,identifiable,0.00015711162302285058,0.002472965365203452,True,True,True,True,False,accepted,0.016642045526733096,0.034999999999999996,False
P1,Full identifiability-aware,restricted_learned,20261303,20260904,20261003,0.20999999999999996,0.30657100677490234,0.32131313015705354,0.346,0.27387500000000004,0.358075,0.08419999999999994,identifiable,0.00014615105547193024,0.00314043673721036,True,True,True,True,False,accepted,0.014742123382151195,0.034999999999999996,False
P1,Full identifiability-aware,restricted_learned,20261303,20260904,20261003,0.2799999999999999,0.31564784049987793,0.3278985972803901,0.33699999999999997,0.28400000000000003,0.366075,0.08207499999999995,identifiable,8.289724635857748e-05,0.0023783118517428994,True,True,True,True,False,accepted,0.012250756780512184,0.034999999999999996,False
P1,Full identifiability-aware,restricted_learned,20261303,20260904,20261003,0.34999999999999987,0.3246605694293976,0.334080026040365,0.364,0.2998,0.40705,0.10725000000000001,weakly identifiable / abstain,0.0002432757178387272,0.0031366871338458524,True,True,True,False,True,resampling interval exceeds resolution threshold,0.009419456610967436,0.034999999999999996,False
P1,Full identifiability-aware,restricted_learned,20261303,20260904,20261003,0.41999999999999993,0.3332971930503845,0.3398013036044313,0.33199999999999996,0.313,0.3721,0.059099999999999986,identifiable,5.371783911515137e-06,0.002378467450285317,True,True,True,True,False,accepted,0.00650411055404676,0.034999999999999996,False
P1,Full identifiability-aware,restricted_learned,20261303,20260904,20261003,0.49,0.3413076400756836,0.3450282740744384,0.351,0.308975,0.3681499999999999,0.05917499999999992,identifiable,4.110809018832044e-05,0.0020095030725731282,True,True,True,True,False,accepted,0.00372063399875483,0.034999999999999996,False
P1,Full identifiability-aware,restricted_learned,20261303,20260904,20261003,0.5599999999999998,0.3485279083251953,0.3497472196340497,0.34199999999999997,0.316,0.380025,0.064025,identifiable,1.6007112106201974e-05,0.002193630490840619,True,True,True,True,False,accepted,0.0012193113088543872,0.034999999999999996,False
P1,Full identifiability-aware,restricted_learned,20261303,20260904,20261003,0.6299999999999999,0.3548808991909027,0.3539620181344406,0.367,0.3439,0.396025,0.05212500000000003,identifiable,3.316183607843896e-05,0.0020858117281550305,True,True,True,True,False,accepted,0.0009188810564620953,0.034999999999999996,False
P1,Full identifiability-aware,restricted_learned,20261303,20260904,20261003,0.7,0.3603610694408417,0.357690580326136,0.354,0.33797499999999997,0.428175,0.0902,weakly identifiable / abstain,9.947058219276786e-06,0.0041758638305439385,True,True,True,False,True,resampling interval exceeds resolution threshold,0.0026704891147056875,0.034999999999999996,False
P2,Profile initialization only,restricted_learned,20261303,20260904,20261003,-0.7,0.2713477611541748,0.242309419673864,0.22299999999999998,0.180875,0.25717499999999993,0.07629999999999992,identifiable,9.560967881282984e-05,0.0023009945213233185,False,True,True,False,True,neural delay outside resampling minimizer interval,0.029038341480310814,0.034999999999999996,False
P2,Profile initialization only,restricted_learned,20261303,20260904,20261003,-0.63,0.27609920501708984,0.24603798186555936,0.255,0.186975,0.275075,0.08810000000000001,identifiable,0.0001716408636054805,0.002814067601410951,False,True,True,False,True,neural delay outside resampling minimizer interval,0.03006122315153048,0.034999999999999996,False
P2,Profile initialization only,restricted_learned,20261303,20260904,20261003,-0.5599999999999999,0.28174471855163574,0.2502527803659503,0.316,0.209925,0.37342499999999984,0.16349999999999984,weakly identifiable / abstain,0.00041674812060315023,0.004015197362055056,True,True,True,False,True,resampling interval exceeds resolution threshold,0.031491938185685464,0.034999999999999996,False
P2,Profile initialization only,restricted_learned,20261303,20260904,20261003,-0.49,0.2883338928222656,0.25497172592556155,0.214,0.17195,0.2633249999999999,0.09137499999999993,weakly identifiable / abstain,0.00025326333037639436,0.002652867876827601,False,True,True,False,True,resampling interval exceeds resolution threshold,0.03336216689670407,0.034999999999999996,False
P2,Profile initialization only,restricted_learned,20261303,20260904,20261003,-0.42,0.29585957527160645,0.2601986963955687,0.252,0.19490000000000002,0.28427499999999994,0.08937499999999993,identifiable,9.731336904927516e-05,0.002699311391056441,False,True,True,False,True,neural delay outside resampling minimizer interval,0.03566087887603775,0.034999999999999996,False
P2,Profile initialization only,restricted_learned,20261303,20260904,20261003,-0.35,0.30423977971076965,0.2659199739596349,0.22699999999999998,0.189975,0.27005,0.08007500000000001,identifiable,0.000299924249623723,0.0021571610748129114,False,True,True,False,True,neural delay outside resampling minimizer interval,0.03831980575113475,0.034999999999999996,False
P2,Profile initialization only,restricted_learned,20261303,20260904,20261003,-0.28,0.31330978870391846,0.27210140271960986,0.27,0.22497499999999998,0.303025,0.07805000000000001,identifiable,9.731263032934328e-05,0.0021537188063661494,False,True,True,False,True,neural delay outside resampling minimizer interval,0.04120838598430859,0.034999999999999996,False
P2,Profile initialization only,restricted_learned,20261303,20260904,20261003,-0.21000000000000002,0.32283124327659607,0.27868686984294644,0.254,0.222,0.28902500000000003,0.06702500000000003,identifiable,0.00026676591079282145,0.002018085504264781,False,True,True,False,True,neural delay outside resampling minimizer interval,0.04414437343364963,0.034999999999999996,False
P2,Profile initialization only,restricted_learned,20261303,20260904,20261003,-0.14,0.3325192928314209,0.2855986599633792,0.29400000000000004,0.246975,0.33199999999999996,0.08502499999999996,identifiable,0.00018412511868904987,0.0021366897362879063,False,True,True,False,True,neural delay outside resampling minimizer interval,0.04692063286804171,0.034999999999999996,False
P2,Profile initialization only,restricted_learned,20261303,20260904,20261003,-0.07000000000000006,0.34208112955093384,0.2927400288856012,0.299,0.24795,0.32904999999999995,0.08109999999999995,identifiable,0.00013784965679243595,0.0025689161595566514,False,True,True,False,True,neural delay outside resampling minimizer interval,0.04934110066533265,0.034999999999999996,False
P2,Profile initialization only,restricted_learned,20261303,20260904,20261003,0.0,0.3512534201145172,0.3,0.318,0.26695,0.3482249999999999,0.08127499999999988,identifiable,0.00010640760613786096,0.002499066004878754,False,True,True,False,True,neural delay outside resampling minimizer interval,0.05125342011451722,0.034999999999999996,False
P2,Profile initialization only,restricted_learned,20261303,20260904,20261003,0.06999999999999995,0.35982853174209595,0.3072599711143988,0.317,0.26495,0.352,0.08704999999999996,identifiable,0.0001684190928270599,0.0026136155540043117,False,True,True,False,True,neural delay outside resampling minimizer interval,0.05256856062769716,0.034999999999999996,False
P2,Profile initialization only,restricted_learned,20261303,20260904,20261003,0.1399999999999999,0.3676651418209076,0.3144013400366208,0.32699999999999996,0.274975,0.349025,0.07404999999999995,identifiable,0.00019830317539981597,0.002472965365203452,False,True,True,False,True,neural delay outside resampling minimizer interval,0.0532638017842868,0.034999999999999996,False
P2,Profile initialization only,restricted_learned,20261303,20260904,20261003,0.20999999999999996,0.37468522787094116,0.32131313015705354,0.346,0.27387500000000004,0.358075,0.08419999999999994,identifiable,0.00010123461271356558,0.00314043673721036,False,True,True,False,True,neural delay outside resampling minimizer interval,0.05337209771388762,0.034999999999999996,False
P2,Profile initialization only,restricted_learned,20261303,20260904,20261003,0.2799999999999999,0.38086390495300293,0.3278985972803901,0.33699999999999997,0.28400000000000003,0.366075,0.08207499999999995,identifiable,0.0001722400510515219,0.0023783118517428994,False,True,True,False,True,neural delay outside resampling minimizer interval,0.052965307672612816,0.034999999999999996,False
P2,Profile initialization only,restricted_learned,20261303,20260904,20261003,0.34999999999999987,0.3862163722515106,0.334080026040365,0.364,0.2998,0.40705,0.10725000000000001,weakly identifiable / abstain,0.00017682794240530083,0.0031366871338458524,True,True,True,False,True,resampling interval exceeds resolution threshold,0.0521363462111456,0.034999999999999996,False
P2,Profile initialization only,restricted_learned,20261303,20260904,20261003,0.41999999999999993,0.39078593254089355,0.3398013036044313,0.33199999999999996,0.313,0.3721,0.059099999999999986,identifiable,0.0002267525963675852,0.002378467450285317,False,True,True,False,True,neural delay outside resampling minimizer interval,0.05098462893646227,0.034999999999999996,False
P2,Profile initialization only,restricted_learned,20261303,20260904,20261003,0.49,0.3946337103843689,0.3450282740744384,0.351,0.308975,0.3681499999999999,0.05917499999999992,identifiable,0.000162708823954117,0.0020095030725731282,False,True,True,False,True,neural delay outside resampling minimizer interval,0.04960543630993047,0.034999999999999996,False
P2,Profile initialization only,restricted_learned,20261303,20260904,20261003,0.5599999999999998,0.3978308439254761,0.3497472196340497,0.34199999999999997,0.316,0.380025,0.064025,identifiable,0.00021922682671902702,0.002193630490840619,False,True,True,False,True,neural delay outside resampling minimizer interval,0.048083624291426375,0.034999999999999996,False
P2,Profile initialization only,restricted_learned,20261303,20260904,20261003,0.6299999999999999,0.40045204758644104,0.3539620181344406,0.367,0.3439,0.396025,0.05212500000000003,identifiable,0.00010004204566887889,0.0020858117281550305,False,True,True,False,True,neural delay outside resampling minimizer interval,0.046490029452000425,0.034999999999999996,False
P2,Profile initialization only,restricted_learned,20261303,20260904,20261003,0.7,0.4025714099407196,0.357690580326136,0.354,0.33797499999999997,0.428175,0.0902,weakly identifiable / abstain,0.00016049769662902495,0.0041758638305439385,True,True,True,False,True,resampling interval exceeds resolution threshold,0.04488082961458362,0.034999999999999996,False
P3,Anchor loss only,restricted_learned,20261303,20260904,20261003,-0.7,0.24616128206253052,0.242309419673864,0.22299999999999998,0.180875,0.25717499999999993,0.07629999999999992,identifiable,2.5189819385435474e-05,0.0023009945213233185,True,True,True,True,False,accepted,0.003851862388666527,0.034999999999999996,False
P3,Anchor loss only,restricted_learned,20261303,20260904,20261003,-0.63,0.2488987147808075,0.24603798186555936,0.255,0.186975,0.275075,0.08810000000000001,identifiable,0.0001535020082291432,0.002814067601410951,True,True,True,True,False,accepted,0.002860732915248132,0.034999999999999996,False
P3,Anchor loss only,restricted_learned,20261303,20260904,20261003,-0.5599999999999999,0.25190478563308716,0.2502527803659503,0.316,0.209925,0.37342499999999984,0.16349999999999984,weakly identifiable / abstain,0.0005204655157660284,0.004015197362055056,True,True,True,False,True,resampling interval exceeds resolution threshold,0.0016520052671368801,0.034999999999999996,False
P3,Anchor loss only,restricted_learned,20261303,20260904,20261003,-0.49,0.255204439163208,0.25497172592556155,0.214,0.17195,0.2633249999999999,0.09137499999999993,weakly identifiable / abstain,9.492304051663131e-05,0.002652867876827601,True,True,True,False,True,resampling interval exceeds resolution threshold,0.00023271323764645357,0.034999999999999996,False
P3,Anchor loss only,restricted_learned,20261303,20260904,20261003,-0.42,0.25882285833358765,0.2601986963955687,0.252,0.19490000000000002,0.28427499999999994,0.08937499999999993,identifiable,1.3396294382492196e-05,0.002699311391056441,True,True,True,True,False,accepted,0.0013758380619810495,0.034999999999999996,False
P3,Anchor loss only,restricted_learned,20261303,20260904,20261003,-0.35,0.2627847194671631,0.2659199739596349,0.22699999999999998,0.189975,0.27005,0.08007500000000001,identifiable,9.046932480396456e-05,0.0021571610748129114,True,True,True,True,False,accepted,0.0031352544924718173,0.034999999999999996,False
P3,Anchor loss only,restricted_learned,20261303,20260904,20261003,-0.28,0.2671127915382385,0.27210140271960986,0.27,0.22497499999999998,0.303025,0.07805000000000001,identifiable,2.1945633305996382e-06,0.0021537188063661494,True,True,True,True,False,accepted,0.0049886111813713385,0.034999999999999996,False
P3,Anchor loss only,restricted_learned,20261303,20260904,20261003,-0.21000000000000002,0.2718261480331421,0.27868686984294644,0.254,0.222,0.28902500000000003,0.06702500000000003,identifiable,4.945654234389004e-05,0.002018085504264781,True,True,True,True,False,accepted,0.006860721809804349,0.034999999999999996,False
P3,Anchor loss only,restricted_learned,20261303,20260904,20261003,-0.14,0.2769380211830139,0.2855986599633792,0.29400000000000004,0.246975,0.33199999999999996,0.08502499999999996,identifiable,0.00013090701023875856,0.0021366897362879063,True,True,True,True,False,accepted,0.00866063878036527,0.034999999999999996,False
P3,Anchor loss only,restricted_learned,20261303,20260904,20261003,-0.07000000000000006,0.2824528217315674,0.2927400288856012,0.299,0.24795,0.32904999999999995,0.08109999999999995,identifiable,5.317324760778358e-05,0.0025689161595566514,True,True,True,True,False,accepted,0.010287207154033806,0.034999999999999996,False
P3,Anchor loss only,restricted_learned,20261303,20260904,20261003,0.0,0.28836363554000854,0.3,0.318,0.26695,0.3482249999999999,0.08127499999999988,identifiable,9.372977007268582e-05,0.002499066004878754,True,True,True,True,False,accepted,0.011636364459991444,0.034999999999999996,False
P3,Anchor loss only,restricted_learned,20261303,20260904,20261003,0.06999999999999995,0.2946488857269287,0.3072599711143988,0.317,0.26495,0.352,0.08704999999999996,identifiable,8.993950132774473e-05,0.0026136155540043117,True,True,True,True,False,accepted,0.012611085387470078,0.034999999999999996,False
P3,Anchor loss only,restricted_learned,20261303,20260904,20261003,0.1399999999999999,0.3012703061103821,0.3144013400366208,0.32699999999999996,0.274975,0.349025,0.07404999999999995,identifiable,0.00014591566036849108,0.002472965365203452,True,True,True,True,False,accepted,0.013131033926238711,0.034999999999999996,False
P3,Anchor loss only,restricted_learned,20261303,20260904,20261003,0.20999999999999996,0.30817168951034546,0.32131313015705354,0.346,0.27387500000000004,0.358075,0.08419999999999994,identifiable,0.00013853211409058542,0.00314043673721036,True,True,True,True,False,accepted,0.01314144064670808,0.034999999999999996,False
P3,Anchor loss only,restricted_learned,20261303,20260904,20261003,0.2799999999999999,0.31527942419052124,0.3278985972803901,0.33699999999999997,0.28400000000000003,0.366075,0.08207499999999995,identifiable,8.388778462979571e-05,0.0023783118517428994,True,True,True,True,False,accepted,0.012619173089868874,0.034999999999999996,False
P3,Anchor loss only,restricted_learned,20261303,20260904,20261003,0.34999999999999987,0.3225055932998657,0.334080026040365,0.364,0.2998,0.40705,0.10725000000000001,weakly identifiable / abstain,0.0002541415886166972,0.0031366871338458524,True,True,True,False,True,resampling interval exceeds resolution threshold,0.011574432740499296,0.034999999999999996,False
P3,Anchor loss only,restricted_learned,20261303,20260904,20261003,0.41999999999999993,0.32975244522094727,0.3398013036044313,0.33199999999999996,0.313,0.3721,0.059099999999999986,identifiable,5.7406520328751235e-06,0.002378467450285317,True,True,True,True,False,accepted,0.010048858383484016,0.034999999999999996,False
P3,Anchor loss only,restricted_learned,20261303,20260904,20261003,0.49,0.33691930770874023,0.3450282740744384,0.351,0.308975,0.3681499999999999,0.05917499999999992,identifiable,4.812536663430147e-05,0.0020095030725731282,True,True,True,True,False,accepted,0.00810896636569819,0.034999999999999996,False
P3,Anchor loss only,restricted_learned,20261303,20260904,20261003,0.5599999999999998,0.34390968084335327,0.3497472196340497,0.34199999999999997,0.316,0.380025,0.064025,identifiable,1.3166743778511222e-05,0.002193630490840619,True,True,True,True,False,accepted,0.005837538790696428,0.034999999999999996,False
P3,Anchor loss only,restricted_learned,20261303,20260904,20261003,0.6299999999999999,0.3506377339363098,0.3539620181344406,0.367,0.3439,0.396025,0.05212500000000003,identifiable,4.170707590683114e-05,0.0020858117281550305,True,True,True,True,False,accepted,0.0033242841981308002,0.034999999999999996,False
P3,Anchor loss only,restricted_learned,20261303,20260904,20261003,0.7,0.3570333421230316,0.357690580326136,0.354,0.33797499999999997,0.428175,0.0902,weakly identifiable / abstain,7.96706028470544e-06,0.0041758638305439385,True,True,True,False,True,resampling interval exceeds resolution threshold,0.0006572382031043711,0.034999999999999996,False
P4,Restricted rollout-only,restricted_learned,20261303,20260904,20261003,-0.7,0.2685566544532776,0.242309419673864,0.22299999999999998,0.180875,0.25717499999999993,0.07629999999999992,identifiable,8.541873321653542e-05,0.0023009945213233185,False,True,True,False,True,neural delay outside resampling minimizer interval,0.026247234779413597,0.034999999999999996,False
P4,Restricted rollout-only,restricted_learned,20261303,20260904,20261003,-0.63,0.27586066722869873,0.24603798186555936,0.255,0.186975,0.275075,0.08810000000000001,identifiable,0.00017121462946440618,0.002814067601410951,False,True,True,False,True,neural delay outside resampling minimizer interval,0.029822685363139367,0.034999999999999996,False
P4,Restricted rollout-only,restricted_learned,20261303,20260904,20261003,-0.5599999999999999,0.28364938497543335,0.2502527803659503,0.316,0.209925,0.37342499999999984,0.16349999999999984,weakly identifiable / abstain,0.00041231369932443244,0.004015197362055056,True,True,True,False,True,resampling interval exceeds resolution threshold,0.03339660460948307,0.034999999999999996,False
P4,Restricted rollout-only,restricted_learned,20261303,20260904,20261003,-0.49,0.29184311628341675,0.25497172592556155,0.214,0.17195,0.2633249999999999,0.09137499999999993,weakly identifiable / abstain,0.00027516586346372046,0.002652867876827601,False,True,True,False,True,resampling interval exceeds resolution threshold,0.036871390357855194,0.034999999999999996,False
P4,Restricted rollout-only,restricted_learned,20261303,20260904,20261003,-0.42,0.3003354072570801,0.2601986963955687,0.252,0.19490000000000002,0.28427499999999994,0.08937499999999993,identifiable,0.00011579676413849868,0.002699311391056441,False,True,True,False,True,neural delay outside resampling minimizer interval,0.04013671086151138,0.034999999999999996,False
P4,Restricted rollout-only,restricted_learned,20261303,20260904,20261003,-0.35,0.30899888277053833,0.2659199739596349,0.22699999999999998,0.189975,0.27005,0.08007500000000001,identifiable,0.00033340228312656614,0.0021571610748129114,False,True,True,False,True,neural delay outside resampling minimizer interval,0.04307890881090343,0.034999999999999996,False
P4,Restricted rollout-only,restricted_learned,20261303,20260904,20261003,-0.28,0.3176945447921753,0.27210140271960986,0.27,0.22497499999999998,0.303025,0.07805000000000001,identifiable,0.00011731731285481382,0.0021537188063661494,False,True,True,False,True,neural delay outside resampling minimizer interval,0.04559314207256543,0.034999999999999996,False
P4,Restricted rollout-only,restricted_learned,20261303,20260904,20261003,-0.21000000000000002,0.32628268003463745,0.27868686984294644,0.254,0.222,0.28902500000000003,0.06702500000000003,identifiable,0.0002905638687914699,0.002018085504264781,False,True,True,False,True,neural delay outside resampling minimizer interval,0.04759581019169101,0.034999999999999996,False
P4,Restricted rollout-only,restricted_learned,20261303,20260904,20261003,-0.14,0.3346339464187622,0.2855986599633792,0.29400000000000004,0.246975,0.33199999999999996,0.08502499999999996,identifiable,0.00019178948940485054,0.0021366897362879063,False,True,True,False,True,neural delay outside resampling minimizer interval,0.04903528645538302,0.034999999999999996,False
P4,Restricted rollout-only,restricted_learned,20261303,20260904,20261003,-0.07000000000000006,0.3426384925842285,0.2927400288856012,0.299,0.24795,0.32904999999999995,0.08109999999999995,identifiable,0.00014040154389200905,0.0025689161595566514,False,True,True,False,True,neural delay outside resampling minimizer interval,0.04989846369862733,0.034999999999999996,False
P4,Restricted rollout-only,restricted_learned,20261303,20260904,20261003,0.0,0.3502112627029419,0.3,0.318,0.26695,0.3482249999999999,0.08127499999999988,identifiable,0.00010288426415135902,0.002499066004878754,False,True,True,False,True,neural delay outside resampling minimizer interval,0.050211262702941906,0.034999999999999996,False
P4,Restricted rollout-only,restricted_learned,20261303,20260904,20261003,0.06999999999999995,0.3572944700717926,0.3072599711143988,0.317,0.26495,0.352,0.08704999999999996,identifiable,0.00015641704386965715,0.0026136155540043117,False,True,True,False,True,neural delay outside resampling minimizer interval,0.050034498957393814,0.034999999999999996,False
P4,Restricted rollout-only,restricted_learned,20261303,20260904,20261003,0.1399999999999999,0.3638559579849243,0.3144013400366208,0.32699999999999996,0.274975,0.349025,0.07404999999999995,identifiable,0.00018201204896250227,0.002472965365203452,False,True,True,False,True,neural delay outside resampling minimizer interval,0.049454617948303525,0.034999999999999996,False
P4,Restricted rollout-only,restricted_learned,20261303,20260904,20261003,0.20999999999999996,0.3698858618736267,0.32131313015705354,0.346,0.27387500000000004,0.358075,0.08419999999999994,identifiable,8.604140267360572e-05,0.00314043673721036,False,True,True,False,True,neural delay outside resampling minimizer interval,0.04857273171657317,0.034999999999999996,False
P4,Restricted rollout-only,restricted_learned,20261303,20260904,20261003,0.2799999999999999,0.3753921389579773,0.3278985972803901,0.33699999999999997,0.28400000000000003,0.366075,0.08207499999999995,identifiable,0.0001449054062941523,0.0023783118517428994,False,True,True,False,True,neural delay outside resampling minimizer interval,0.04749354167758718,0.034999999999999996,False
P4,Restricted rollout-only,restricted_learned,20261303,20260904,20261003,0.34999999999999987,0.3803955614566803,0.334080026040365,0.364,0.2998,0.40705,0.10725000000000001,weakly identifiable / abstain,0.00016331608543522603,0.0031366871338458524,True,True,True,False,True,resampling interval exceeds resolution threshold,0.04631553541631528,0.034999999999999996,False
P4,Restricted rollout-only,restricted_learned,20261303,20260904,20261003,0.41999999999999993,0.3849255442619324,0.3398013036044313,0.33199999999999996,0.313,0.3721,0.059099999999999986,identifiable,0.00018496329780508564,0.002378467450285317,False,True,True,False,True,neural delay outside resampling minimizer interval,0.04512424065750109,0.034999999999999996,False
P4,Restricted rollout-only,restricted_learned,20261303,20260904,20261003,0.49,0.38901638984680176,0.3450282740744384,0.351,0.308975,0.3681499999999999,0.05917499999999992,identifiable,0.00013219586119867785,0.0020095030725731282,False,True,True,False,True,neural delay outside resampling minimizer interval,0.043988115772363334,0.034999999999999996,False
P4,Restricted rollout-only,restricted_learned,20261303,20260904,20261003,0.5599999999999998,0.3927045464515686,0.3497472196340497,0.34199999999999997,0.316,0.380025,0.064025,identifiable,0.00018363058006004977,0.002193630490840619,False,True,True,False,True,neural delay outside resampling minimizer interval,0.042957326817518904,0.034999999999999996,False
P4,Restricted rollout-only,restricted_learned,20261303,20260904,20261003,0.6299999999999999,0.3960264325141907,0.3539620181344406,0.367,0.3439,0.396025,0.05212500000000003,identifiable,8.102201495983801e-05,0.0020858117281550305,False,True,True,False,True,neural delay outside resampling minimizer interval,0.04206441437975006,0.034999999999999996,False
P4,Restricted rollout-only,restricted_learned,20261303,20260904,20261003,0.7,0.39901745319366455,0.357690580326136,0.354,0.33797499999999997,0.428175,0.0902,weakly identifiable / abstain,0.0001389729565591207,0.0041758638305439385,True,True,True,False,True,resampling interval exceeds resolution threshold,0.041326872867528563,0.034999999999999996,False
P1,Full identifiability-aware,restricted_learned,20261401,20260905,20261001,-0.7,0.23788079619407654,0.242309419673864,0.22299999999999998,0.180875,0.25717499999999993,0.07629999999999992,identifiable,1.2718756334102841e-05,0.0023009945213233185,True,True,True,True,False,accepted,0.004428623479787452,0.034999999999999996,False
P1,Full identifiability-aware,restricted_learned,20261401,20260905,20261001,-0.63,0.24445214867591858,0.24603798186555936,0.255,0.186975,0.275075,0.08810000000000001,identifiable,0.00015646511500866486,0.002814067601410951,True,True,True,True,False,accepted,0.001585833189640784,0.034999999999999996,False
P1,Full identifiability-aware,restricted_learned,20261401,20260905,20261001,-0.5599999999999999,0.25151747465133667,0.2502527803659503,0.316,0.209925,0.37342499999999984,0.16349999999999984,weakly identifiable / abstain,0.0005222436971043752,0.004015197362055056,True,True,True,False,True,resampling interval exceeds resolution threshold,0.0012646942853863918,0.034999999999999996,False
P1,Full identifiability-aware,restricted_learned,20261401,20260905,20261001,-0.49,0.25898751616477966,0.25497172592556155,0.214,0.17195,0.2633249999999999,0.09137499999999993,weakly identifiable / abstain,0.00010851678466467213,0.002652867876827601,True,True,True,False,True,resampling interval exceeds resolution threshold,0.004015790239218109,0.034999999999999996,False
P1,Full identifiability-aware,restricted_learned,20261401,20260905,20261001,-0.42,0.2667468786239624,0.2601986963955687,0.252,0.19490000000000002,0.28427499999999994,0.08937499999999993,identifiable,2.089646328371513e-05,0.002699311391056441,True,True,True,True,False,accepted,0.006548182228393706,0.034999999999999996,False
P1,Full identifiability-aware,restricted_learned,20261401,20260905,20261001,-0.35,0.2746625542640686,0.2659199739596349,0.22699999999999998,0.189975,0.27005,0.08007500000000001,identifiable,0.0001352301355049041,0.0021571610748129114,False,True,True,False,True,neural delay outside resampling minimizer interval,0.0087425803044337,0.034999999999999996,False
P1,Full identifiability-aware,restricted_learned,20261401,20260905,20261001,-0.28,0.28259536623954773,0.27210140271960986,0.27,0.22497499999999998,0.303025,0.07805000000000001,identifiable,1.0284589761838192e-05,0.0021537188063661494,True,True,True,True,False,accepted,0.010493963519937866,0.034999999999999996,False
P1,Full identifiability-aware,restricted_learned,20261401,20260905,20261001,-0.21000000000000002,0.29041168093681335,0.27868686984294644,0.254,0.222,0.28902500000000003,0.06702500000000003,identifiable,9.914929846855144e-05,0.002018085504264781,False,True,True,False,True,neural delay outside resampling minimizer interval,0.011724811093866916,0.034999999999999996,False
P1,Full identifiability-aware,restricted_learned,20261401,20260905,20261001,-0.14,0.29799365997314453,0.2855986599633792,0.29400000000000004,0.246975,0.33199999999999996,0.08502499999999996,identifiable,0.00011706389196495894,0.0021366897362879063,True,True,True,True,False,accepted,0.012395000009765345,0.034999999999999996,False
P1,Full identifiability-aware,restricted_learned,20261401,20260905,20261001,-0.07000000000000006,0.30524611473083496,0.2927400288856012,0.299,0.24795,0.32904999999999995,0.08109999999999995,identifiable,4.1150687159011154e-05,0.0025689161595566514,True,True,True,True,False,accepted,0.012506085845233772,0.034999999999999996,False
P1,Full identifiability-aware,restricted_learned,20261401,20260905,20261001,0.0,0.3120998740196228,0.3,0.318,0.26695,0.3482249999999999,0.08127499999999988,identifiable,5.016960913126027e-05,0.002499066004878754,True,True,True,True,False,accepted,0.012099874019622814,0.034999999999999996,False
P1,Full identifiability-aware,restricted_learned,20261401,20260905,20261001,0.06999999999999995,0.31851115822792053,0.3072599711143988,0.317,0.26495,0.352,0.08704999999999996,identifiable,6.234067896712108e-05,0.0026136155540043117,True,True,True,True,False,accepted,0.011251187113521743,0.034999999999999996,False
P1,Full identifiability-aware,restricted_learned,20261401,20260905,20261001,0.1399999999999999,0.3244589567184448,0.3144013400366208,0.32699999999999996,0.274975,0.349025,0.07404999999999995,identifiable,0.00010766431595058605,0.002472965365203452,True,True,True,True,False,accepted,0.010057616681824033,0.034999999999999996,False
P1,Full identifiability-aware,restricted_learned,20261401,20260905,20261001,0.20999999999999996,0.329941064119339,0.32131313015705354,0.346,0.27387500000000004,0.358075,0.08419999999999994,identifiable,6.674935688997666e-05,0.00314043673721036,True,True,True,True,False,accepted,0.00862793396228545,0.034999999999999996,False
P1,Full identifiability-aware,restricted_learned,20261401,20260905,20261001,0.2799999999999999,0.3349691331386566,0.3278985972803901,0.33699999999999997,0.28400000000000003,0.366075,0.08207499999999995,identifiable,5.47645289169491e-05,0.0023783118517428994,True,True,True,True,False,accepted,0.007070535858266502,0.034999999999999996,False
P1,Full identifiability-aware,restricted_learned,20261401,20260905,20261001,0.34999999999999987,0.3395647704601288,0.334080026040365,0.364,0.2998,0.40705,0.10725000000000001,weakly identifiable / abstain,0.0001841760764926111,0.0031366871338458524,True,True,True,False,True,resampling interval exceeds resolution threshold,0.005484744419763765,0.034999999999999996,False
P1,Full identifiability-aware,restricted_learned,20261401,20260905,20261001,0.41999999999999993,0.3437556028366089,0.3398013036044313,0.33199999999999996,0.313,0.3721,0.059099999999999986,identifiable,1.3924105891901795e-05,0.002378467450285317,True,True,True,True,False,accepted,0.003954299232177605,0.034999999999999996,False
P1,Full identifiability-aware,restricted_learned,20261401,20260905,20261001,0.49,0.34757256507873535,0.3450282740744384,0.351,0.308975,0.3681499999999999,0.05917499999999992,identifiable,3.563933690701698e-05,0.0020095030725731282,True,True,True,True,False,accepted,0.002544291004296928,0.034999999999999996,False
P1,Full identifiability-aware,restricted_learned,20261401,20260905,20261001,0.5599999999999998,0.3510476350784302,0.3497472196340497,0.34199999999999997,0.316,0.380025,0.064025,identifiable,1.8727600105625222e-05,0.002193630490840619,True,True,True,True,False,accepted,0.001300415444380476,0.034999999999999996,False
P1,Full identifiability-aware,restricted_learned,20261401,20260905,20261001,0.6299999999999999,0.35421237349510193,0.3539620181344406,0.367,0.3439,0.396025,0.05212500000000003,identifiable,3.434161084637033e-05,0.0020858117281550305,True,True,True,True,False,accepted,0.00025035536066131403,0.034999999999999996,False
P1,Full identifiability-aware,restricted_learned,20261401,20260905,20261001,0.7,0.35709691047668457,0.357690580326136,0.354,0.33797499999999997,0.428175,0.0902,weakly identifiable / abstain,7.994524793771551e-06,0.0041758638305439385,True,True,True,False,True,resampling interval exceeds resolution threshold,0.000593669849451417,0.034999999999999996,False
P2,Profile initialization only,restricted_learned,20261401,20260905,20261001,-0.7,0.2682321071624756,0.242309419673864,0.22299999999999998,0.180875,0.25717499999999993,0.07629999999999992,identifiable,8.426942756281469e-05,0.0023009945213233185,False,True,True,False,True,neural delay outside resampling minimizer interval,0.025922687488611595,0.034999999999999996,False
P2,Profile initialization only,restricted_learned,20261401,20260905,20261001,-0.63,0.2759382128715515,0.24603798186555936,0.255,0.186975,0.275075,0.08810000000000001,identifiable,0.00017135052090075633,0.002814067601410951,False,True,True,False,True,neural delay outside resampling minimizer interval,0.02990023100599215,0.034999999999999996,False
P2,Profile initialization only,restricted_learned,20261401,20260905,20261001,-0.5599999999999999,0.2838808298110962,0.2502527803659503,0.316,0.209925,0.37342499999999984,0.16349999999999984,weakly identifiable / abstain,0.0004117880227265296,0.004015197362055056,True,True,True,False,True,resampling interval exceeds resolution threshold,0.03362804944514591,0.034999999999999996,False
P2,Profile initialization only,restricted_learned,20261401,20260905,20261001,-0.49,0.29193663597106934,0.25497172592556155,0.214,0.17195,0.2633249999999999,0.09137499999999993,weakly identifiable / abstain,0.00027576006781942244,0.002652867876827601,False,True,True,False,True,resampling interval exceeds resolution threshold,0.03696491004550778,0.034999999999999996,False
P2,Profile initialization only,restricted_learned,20261401,20260905,20261001,-0.42,0.2999779284000397,0.2601986963955687,0.252,0.19490000000000002,0.28427499999999994,0.08937499999999993,identifiable,0.00011424676766966413,0.002699311391056441,False,True,True,False,True,neural delay outside resampling minimizer interval,0.03977923200447098,0.034999999999999996,False
P2,Profile initialization only,restricted_learned,20261401,20260905,20261001,-0.35,0.3078826069831848,0.2659199739596349,0.22699999999999998,0.189975,0.27005,0.08007500000000001,identifiable,0.00032538058498709805,0.0021571610748129114,False,True,True,False,True,neural delay outside resampling minimizer interval,0.04196263302354991,0.034999999999999996,False
P2,Profile initialization only,restricted_learned,20261401,20260905,20261001,-0.28,0.31554272770881653,0.27210140271960986,0.27,0.22497499999999998,0.303025,0.07805000000000001,identifiable,0.00010726765578841454,0.0021537188063661494,False,True,True,False,True,neural delay outside resampling minimizer interval,0.043441324989206664,0.034999999999999996,False
P2,Profile initialization only,restricted_learned,20261401,20260905,20261001,-0.21000000000000002,0.3228706419467926,0.27868686984294644,0.254,0.222,0.28902500000000003,0.06702500000000003,identifiable,0.00026702983488462997,0.002018085504264781,False,True,True,False,True,neural delay outside resampling minimizer interval,0.044183772103846164,0.034999999999999996,False
P2,Profile initialization only,restricted_learned,20261401,20260905,20261001,-0.14,0.32980191707611084,0.2855986599633792,0.29400000000000004,0.246975,0.33199999999999996,0.08502499999999996,identifiable,0.00017486763636100452,0.0021366897362879063,True,True,True,True,False,accepted,0.04420325711273165,0.034999999999999996,True
P2,Profile initialization only,restricted_learned,20261401,20260905,20261001,-0.07000000000000006,0.3362954258918762,0.2927400288856012,0.299,0.24795,0.32904999999999995,0.08109999999999995,identifiable,0.00011333200795896444,0.0025689161595566514,False,True,True,False,True,neural delay outside resampling minimizer interval,0.04355539700627503,0.034999999999999996,False
P2,Profile initialization only,restricted_learned,20261401,20260905,20261001,0.0,0.34233102202415466,0.3,0.318,0.26695,0.3482249999999999,0.08127499999999988,identifiable,7.980234490787931e-05,0.002499066004878754,True,True,True,True,False,accepted,0.042331022024154674,0.034999999999999996,True
P2,Profile initialization only,restricted_learned,20261401,20260905,20261001,0.06999999999999995,0.3479061722755432,0.3072599711143988,0.317,0.26495,0.352,0.08704999999999996,identifiable,0.00011812863820692735,0.0026136155540043117,True,True,True,True,False,accepted,0.040646201161144424,0.034999999999999996,True
P2,Profile initialization only,restricted_learned,20261401,20260905,20261001,0.1399999999999999,0.35303181409835815,0.3144013400366208,0.32699999999999996,0.274975,0.349025,0.07404999999999995,identifiable,0.00014439462415256112,0.002472965365203452,False,True,True,False,True,neural delay outside resampling minimizer interval,0.03863047406173736,0.034999999999999996,False
P2,Profile initialization only,restricted_learned,20261401,20260905,20261001,0.20999999999999996,0.35772842168807983,0.32131313015705354,0.346,0.27387500000000004,0.358075,0.08419999999999994,identifiable,5.981145012977762e-05,0.00314043673721036,True,True,True,True,False,accepted,0.036415291531026295,0.034999999999999996,True
P2,Profile initialization only,restricted_learned,20261401,20260905,20261001,0.2799999999999999,0.3620225489139557,0.3278985972803901,0.33699999999999997,0.28400000000000003,0.366075,0.08207499999999995,identifiable,9.312313820593863e-05,0.0023783118517428994,True,True,True,True,False,accepted,0.034123951633565575,0.034999999999999996,False
P2,Profile initialization only,restricted_learned,20261401,20260905,20261001,0.34999999999999987,0.3659442663192749,0.334080026040365,0.364,0.2998,0.40705,0.10725000000000001,weakly identifiable / abstain,0.00014737355753797584,0.0031366871338458524,True,True,True,False,True,resampling interval exceeds resolution threshold,0.03186424027890988,0.034999999999999996,False
P2,Profile initialization only,restricted_learned,20261401,20260905,20261001,0.41999999999999993,0.3695247173309326,0.3398013036044313,0.33199999999999996,0.313,0.3721,0.059099999999999986,identifiable,9.567635038348794e-05,0.002378467450285317,True,True,True,True,False,accepted,0.029723413726501335,0.034999999999999996,False
P2,Profile initialization only,restricted_learned,20261401,20260905,20261001,0.49,0.37279486656188965,0.3450282740744384,0.351,0.308975,0.3681499999999999,0.05917499999999992,identifiable,6.72391282076393e-05,0.0020095030725731282,False,True,True,False,True,neural delay outside resampling minimizer interval,0.027766592487451225,0.034999999999999996,False
P2,Profile initialization only,restricted_learned,20261401,20260905,20261001,0.5599999999999998,0.37578433752059937,0.3497472196340497,0.34199999999999997,0.316,0.380025,0.064025,identifiable,8.970302398285626e-05,0.002193630490840619,True,True,True,True,False,accepted,0.026037117886549666,0.034999999999999996,False
P2,Profile initialization only,restricted_learned,20261401,20260905,20261001,0.6299999999999999,0.37852102518081665,0.3539620181344406,0.367,0.3439,0.396025,0.05212500000000003,identifiable,3.2007100824890565e-05,0.0020858117281550305,True,True,True,True,False,accepted,0.024559007046376036,0.034999999999999996,False
P2,Profile initialization only,restricted_learned,20261401,20260905,20261001,0.7,0.38103049993515015,0.357690580326136,0.354,0.33797499999999997,0.428175,0.0902,weakly identifiable / abstain,5.482118046443934e-05,0.0041758638305439385,True,True,True,False,True,resampling interval exceeds resolution threshold,0.02333991960901416,0.034999999999999996,False
P3,Anchor loss only,restricted_learned,20261401,20260905,20261001,-0.7,0.2386394739151001,0.242309419673864,0.22299999999999998,0.180875,0.25717499999999993,0.07629999999999992,identifiable,1.3644290307555056e-05,0.0023009945213233185,True,True,True,True,False,accepted,0.003669945758763893,0.034999999999999996,False
P3,Anchor loss only,restricted_learned,20261401,20260905,20261001,-0.63,0.2449166178703308,0.24603798186555936,0.255,0.186975,0.275075,0.08810000000000001,identifiable,0.00015607059429861825,0.002814067601410951,True,True,True,True,False,accepted,0.0011213639952285526,0.034999999999999996,False
P3,Anchor loss only,restricted_learned,20261401,20260905,20261001,-0.5599999999999999,0.2517068386077881,0.2502527803659503,0.316,0.209925,0.37342499999999984,0.16349999999999984,weakly identifiable / abstain,0.0005213743092755159,0.004015197362055056,True,True,True,False,True,resampling interval exceeds resolution threshold,0.0014540582418378079,0.034999999999999996,False
P3,Anchor loss only,restricted_learned,20261401,20260905,20261001,-0.49,0.2589278221130371,0.25497172592556155,0.214,0.17195,0.2633249999999999,0.09137499999999993,weakly identifiable / abstain,0.00010829535997175425,0.002652867876827601,True,True,True,False,True,resampling interval exceeds resolution threshold,0.003956096187475555,0.034999999999999996,False
P3,Anchor loss only,restricted_learned,20261401,20260905,20261001,-0.42,0.26646888256073,0.2601986963955687,0.252,0.19490000000000002,0.28427499999999994,0.08937499999999993,identifiable,2.0538995377287676e-05,0.002699311391056441,True,True,True,True,False,accepted,0.0062701861651612845,0.034999999999999996,False
P3,Anchor loss only,restricted_learned,20261401,20260905,20261001,-0.35,0.27419978380203247,0.2659199739596349,0.22699999999999998,0.189975,0.27005,0.08007500000000001,identifiable,0.0001332519139747002,0.0021571610748129114,False,True,True,False,True,neural delay outside resampling minimizer interval,0.008279809842397567,0.034999999999999996,False
P3,Anchor loss only,restricted_learned,20261401,20260905,20261001,-0.28,0.2819824814796448,0.27210140271960986,0.27,0.22497499999999998,0.303025,0.07805000000000001,identifiable,9.493198365100068e-06,0.0021537188063661494,True,True,True,True,False,accepted,0.009881078760034911,0.034999999999999996,False
P3,Anchor loss only,restricted_learned,20261401,20260905,20261001,-0.21000000000000002,0.2896836996078491,0.27868686984294644,0.254,0.222,0.28902500000000003,0.06702500000000003,identifiable,9.655858109060062e-05,0.002018085504264781,False,True,True,False,True,neural delay outside resampling minimizer interval,0.010996829764902682,0.034999999999999996,False
P3,Anchor loss only,restricted_learned,20261401,20260905,20261001,-0.14,0.2971857786178589,0.2855986599633792,0.29400000000000004,0.246975,0.33199999999999996,0.08502499999999996,identifiable,0.00011682871747085329,0.0021366897362879063,True,True,True,True,False,accepted,0.0115871186544797,0.034999999999999996,False
P3,Anchor loss only,restricted_learned,20261401,20260905,20261001,-0.07000000000000006,0.3043937683105469,0.2927400288856012,0.299,0.24795,0.32904999999999995,0.08109999999999995,identifiable,4.0602775013981616e-05,0.0025689161595566514,True,True,True,True,False,accepted,0.011653739424945686,0.034999999999999996,False
P3,Anchor loss only,restricted_learned,20261401,20260905,20261001,0.0,0.3112387955188751,0.3,0.318,0.26695,0.3482249999999999,0.08127499999999988,identifiable,5.0717502784907806e-05,0.002499066004878754,True,True,True,True,False,accepted,0.011238795518875133,0.034999999999999996,False
P3,Anchor loss only,restricted_learned,20261401,20260905,20261001,0.06999999999999995,0.31767719984054565,0.3072599711143988,0.317,0.26495,0.352,0.08704999999999996,identifiable,6.21915901855429e-05,0.0026136155540043117,True,True,True,True,False,accepted,0.010417228726146865,0.034999999999999996,False
P3,Anchor loss only,restricted_learned,20261401,20260905,20261001,0.1399999999999999,0.3236878216266632,0.3144013400366208,0.32699999999999996,0.274975,0.349025,0.07404999999999995,identifiable,0.00010794521337502205,0.002472965365203452,True,True,True,True,False,accepted,0.009286481590042417,0.034999999999999996,False
P3,Anchor loss only,restricted_learned,20261401,20260905,20261001,0.20999999999999996,0.32926756143569946,0.32131313015705354,0.346,0.27387500000000004,0.358075,0.08419999999999994,identifiable,6.809750295703695e-05,0.00314043673721036,True,True,True,True,False,accepted,0.007954431278645924,0.034999999999999996,False
P3,Anchor loss only,restricted_learned,20261401,20260905,20261001,0.2799999999999999,0.3344268500804901,0.3278985972803901,0.33699999999999997,0.28400000000000003,0.366075,0.08207499999999995,identifiable,5.493056722350903e-05,0.0023783118517428994,True,True,True,True,False,accepted,0.006528252800099998,0.034999999999999996,False
P3,Anchor loss only,restricted_learned,20261401,20260905,20261001,0.34999999999999987,0.33918535709381104,0.334080026040365,0.364,0.2998,0.40705,0.10725000000000001,weakly identifiable / abstain,0.00018532870242989201,0.0031366871338458524,True,True,True,False,True,resampling interval exceeds resolution threshold,0.005105331053446016,0.034999999999999996,False
P3,Anchor loss only,restricted_learned,20261401,20260905,20261001,0.41999999999999993,0.34356850385665894,0.3398013036044313,0.33199999999999996,0.313,0.3721,0.059099999999999986,identifiable,1.3649025594415883e-05,0.002378467450285317,True,True,True,True,False,accepted,0.0037672002522276538,0.034999999999999996,False
P3,Anchor loss only,restricted_learned,20261401,20260905,20261001,0.49,0.3476046025753021,0.3450282740744384,0.351,0.308975,0.3681499999999999,0.05917499999999992,identifiable,3.562471306651675e-05,0.0020095030725731282,True,True,True,True,False,accepted,0.0025763285008637005,0.034999999999999996,False
P3,Anchor loss only,restricted_learned,20261401,20260905,20261001,0.5599999999999998,0.35132288932800293,0.3497472196340497,0.34199999999999997,0.316,0.380025,0.064025,identifiable,1.908846932589767e-05,0.002193630490840619,True,True,True,True,False,accepted,0.00157566969395323,0.034999999999999996,False
P3,Anchor loss only,restricted_learned,20261401,20260905,20261001,0.6299999999999999,0.35475218296051025,0.3539620181344406,0.367,0.3439,0.396025,0.05212500000000003,identifiable,3.338898689970749e-05,0.0020858117281550305,True,True,True,True,False,accepted,0.0007901648260696392,0.034999999999999996,False
P3,Anchor loss only,restricted_learned,20261401,20260905,20261001,0.7,0.3579198718070984,0.357690580326136,0.354,0.33797499999999997,0.428175,0.0902,weakly identifiable / abstain,8.350082671573505e-06,0.0041758638305439385,True,True,True,False,True,resampling interval exceeds resolution threshold,0.00022929148096240137,0.034999999999999996,False
P4,Restricted rollout-only,restricted_learned,20261401,20260905,20261001,-0.7,0.2737651467323303,0.242309419673864,0.22299999999999998,0.180875,0.25717499999999993,0.07629999999999992,identifiable,0.0001049120761724995,0.0023009945213233185,False,True,True,False,True,neural delay outside resampling minimizer interval,0.03145572705846633,0.034999999999999996,False
P4,Restricted rollout-only,restricted_learned,20261401,20260905,20261001,-0.63,0.279694139957428,0.24603798186555936,0.255,0.186975,0.275075,0.08810000000000001,identifiable,0.0001786589774223745,0.002814067601410951,False,True,True,False,True,neural delay outside resampling minimizer interval,0.033656158091868615,0.034999999999999996,False
P4,Restricted rollout-only,restricted_learned,20261401,20260905,20261001,-0.5599999999999999,0.285994291305542,0.2502527803659503,0.316,0.209925,0.37342499999999984,0.16349999999999984,weakly identifiable / abstain,0.0004072019555475467,0.004015197362055056,True,True,True,False,True,resampling interval exceeds resolution threshold,0.035741510939591714,0.034999999999999996,False
P4,Restricted rollout-only,restricted_learned,20261401,20260905,20261001,-0.49,0.29260915517807007,0.25497172592556155,0.214,0.17195,0.2633249999999999,0.09137499999999993,weakly identifiable / abstain,0.00028008108821764196,0.002652867876827601,False,True,True,False,True,resampling interval exceeds resolution threshold,0.037637429252508514,0.034999999999999996,False
P4,Restricted rollout-only,restricted_learned,20261401,20260905,20261001,-0.42,0.29946574568748474,0.2601986963955687,0.252,0.19490000000000002,0.28427499999999994,0.08937499999999993,identifiable,0.00011206850566527042,0.002699311391056441,False,True,True,False,True,neural delay outside resampling minimizer interval,0.039267049291916045,0.034999999999999996,False
P4,Restricted rollout-only,restricted_learned,20261401,20260905,20261001,-0.35,0.30647844076156616,0.2659199739596349,0.22699999999999998,0.189975,0.27005,0.08007500000000001,identifiable,0.00031544015748584766,0.0021571610748129114,False,True,True,False,True,neural delay outside resampling minimizer interval,0.04055846680193126,0.034999999999999996,False
P4,Restricted rollout-only,restricted_learned,20261401,20260905,20261001,-0.28,0.31355392932891846,0.27210140271960986,0.27,0.22497499999999998,0.303025,0.07805000000000001,identifiable,9.837882711976391e-05,0.0021537188063661494,False,True,True,False,True,neural delay outside resampling minimizer interval,0.04145252660930859,0.034999999999999996,False
P4,Restricted rollout-only,restricted_learned,20261401,20260905,20261001,-0.21000000000000002,0.3205978274345398,0.27868686984294644,0.254,0.222,0.28902500000000003,0.06702500000000003,identifiable,0.00025197650187492427,0.002018085504264781,False,True,True,False,True,neural delay outside resampling minimizer interval,0.041910957591593356,0.034999999999999996,False
P4,Restricted rollout-only,restricted_learned,20261401,20260905,20261001,-0.14,0.3275204300880432,0.2855986599633792,0.29400000000000004,0.246975,0.33199999999999996,0.08502499999999996,identifiable,0.00016762218749700604,0.0021366897362879063,True,True,True,True,False,accepted,0.041921770124664026,0.034999999999999996,True
P4,Restricted rollout-only,restricted_learned,20261401,20260905,20261001,-0.07000000000000006,0.33424243330955505,0.2927400288856012,0.299,0.24795,0.32904999999999995,0.08109999999999995,identifiable,0.00010545641366713772,0.0025689161595566514,False,True,True,False,True,neural delay outside resampling minimizer interval,0.041502404423953865,0.034999999999999996,False
P4,Restricted rollout-only,restricted_learned,20261401,20260905,20261001,0.0,0.3406983017921448,0.3,0.318,0.26695,0.3482249999999999,0.08127499999999988,identifiable,7.580565244950092e-05,0.002499066004878754,True,True,True,True,False,accepted,0.040698301792144786,0.034999999999999996,True
P4,Restricted rollout-only,restricted_learned,20261401,20260905,20261001,0.06999999999999995,0.3468383550643921,0.3072599711143988,0.317,0.26495,0.352,0.08704999999999996,identifiable,0.00011439852693029494,0.0026136155540043117,True,True,True,True,False,accepted,0.0395783839499933,0.034999999999999996,True
P4,Restricted rollout-only,restricted_learned,20261401,20260905,20261001,0.1399999999999999,0.35262882709503174,0.3144013400366208,0.32699999999999996,0.274975,0.349025,0.07404999999999995,identifiable,0.00014325439022987643,0.002472965365203452,False,True,True,False,True,neural delay outside resampling minimizer interval,0.03822748705841095,0.034999999999999996,False
P4,Restricted rollout-only,restricted_learned,20261401,20260905,20261001,0.20999999999999996,0.3580508232116699,0.32131313015705354,0.346,0.27387500000000004,0.358075,0.08419999999999994,identifiable,6.027041863670378e-05,0.00314043673721036,True,True,True,True,False,accepted,0.03673769305461638,0.034999999999999996,True
P4,Restricted rollout-only,restricted_learned,20261401,20260905,20261001,0.2799999999999999,0.3630979061126709,0.3278985972803901,0.33699999999999997,0.28400000000000003,0.366075,0.08207499999999995,identifiable,9.64965469539621e-05,0.0023783118517428994,True,True,True,True,False,accepted,0.035199308832280785,0.034999999999999996,True
P4,Restricted rollout-only,restricted_learned,20261401,20260905,20261001,0.34999999999999987,0.36777403950691223,0.334080026040365,0.364,0.2998,0.40705,0.10725000000000001,weakly identifiable / abstain,0.00014799941598691175,0.0031366871338458524,True,True,True,False,True,resampling interval exceeds resolution threshold,0.03369401346654721,0.034999999999999996,False
P4,Restricted rollout-only,restricted_learned,20261401,20260905,20261001,0.41999999999999993,0.3720906376838684,0.3398013036044313,0.33199999999999996,0.313,0.3721,0.059099999999999986,identifiable,0.00010846570876594872,0.002378467450285317,True,True,True,True,False,accepted,0.032289334079437126,0.034999999999999996,False
P4,Restricted rollout-only,restricted_learned,20261401,20260905,20261001,0.49,0.37606456875801086,0.3450282740744384,0.351,0.308975,0.3681499999999999,0.05917499999999992,identifiable,7.754492695331314e-05,0.0020095030725731282,False,True,True,False,True,neural delay outside resampling minimizer interval,0.03103629468357244,0.034999999999999996,False
P4,Restricted rollout-only,restricted_learned,20261401,20260905,20261001,0.5599999999999998,0.37971609830856323,0.3497472196340497,0.34199999999999997,0.316,0.380025,0.064025,identifiable,0.00010827876129569525,0.002193630490840619,True,True,True,True,False,accepted,0.029968878674513533,0.034999999999999996,False
P4,Restricted rollout-only,restricted_learned,20261401,20260905,20261001,0.6299999999999999,0.38306725025177,0.3539620181344406,0.367,0.3439,0.396025,0.05212500000000003,identifiable,4.0688537320812024e-05,0.0020858117281550305,True,True,True,True,False,accepted,0.029105232117329405,0.034999999999999996,False
P4,Restricted rollout-only,restricted_learned,20261401,20260905,20261001,0.7,0.38614070415496826,0.357690580326136,0.354,0.33797499999999997,0.428175,0.0902,weakly identifiable / abstain,7.451025480174178e-05,0.0041758638305439385,True,True,True,False,True,resampling interval exceeds resolution threshold,0.028450123828832274,0.034999999999999996,False
P1,Full identifiability-aware,restricted_learned,20261402,20260905,20261002,-0.7,0.23879972100257874,0.242309419673864,0.22299999999999998,0.180875,0.25717499999999993,0.07629999999999992,identifiable,1.3841742757678113e-05,0.0023009945213233185,True,True,True,True,False,accepted,0.003509698671285255,0.034999999999999996,False
P1,Full identifiability-aware,restricted_learned,20261402,20260905,20261002,-0.63,0.2449440062046051,0.24603798186555936,0.255,0.186975,0.275075,0.08810000000000001,identifiable,0.00015604733061350224,0.002814067601410951,True,True,True,True,False,accepted,0.0010939756609542606,0.034999999999999996,False
P1,Full identifiability-aware,restricted_learned,20261402,20260905,20261002,-0.5599999999999999,0.2514958083629608,0.2502527803659503,0.316,0.209925,0.37342499999999984,0.16349999999999984,weakly identifiable / abstain,0.0005223431690829054,0.004015197362055056,True,True,True,False,True,resampling interval exceeds resolution threshold,0.0012430279970105373,0.034999999999999996,False
P1,Full identifiability-aware,restricted_learned,20261402,20260905,20261002,-0.49,0.2583954930305481,0.25497172592556155,0.214,0.17195,0.2633249999999999,0.09137499999999993,weakly identifiable / abstain,0.00010632077791239363,0.002652867876827601,True,True,True,False,True,resampling interval exceeds resolution threshold,0.0034237671049865415,0.034999999999999996,False
P1,Full identifiability-aware,restricted_learned,20261402,20260905,20261002,-0.42,0.26556888222694397,0.2601986963955687,0.252,0.19490000000000002,0.28427499999999994,0.08937499999999993,identifiable,1.942105251797142e-05,0.002699311391056441,True,True,True,True,False,accepted,0.005370185831375274,0.034999999999999996,False
P1,Full identifiability-aware,restricted_learned,20261402,20260905,20261002,-0.35,0.27293136715888977,0.2659199739596349,0.22699999999999998,0.189975,0.27005,0.08007500000000001,identifiable,0.00012792918132422757,0.0021571610748129114,False,True,True,False,True,neural delay outside resampling minimizer interval,0.007011393199254867,0.034999999999999996,False
P1,Full identifiability-aware,restricted_learned,20261402,20260905,20261002,-0.28,0.28039294481277466,0.27210140271960986,0.27,0.22497499999999998,0.303025,0.07805000000000001,identifiable,7.657129890931056e-06,0.0021537188063661494,True,True,True,True,False,accepted,0.008291542093164794,0.034999999999999996,False
P1,Full identifiability-aware,restricted_learned,20261402,20260905,20261002,-0.21000000000000002,0.28786376118659973,0.27868686984294644,0.254,0.222,0.28902500000000003,0.06702500000000003,identifiable,9.030847250363728e-05,0.002018085504264781,True,True,True,True,False,accepted,0.009176891343653293,0.034999999999999996,False
P1,Full identifiability-aware,restricted_learned,20261402,20260905,20261002,-0.14,0.2952590584754944,0.2855986599633792,0.29400000000000004,0.246975,0.33199999999999996,0.08502499999999996,identifiable,0.00011650124854013011,0.0021366897362879063,True,True,True,True,False,accepted,0.009660398512115198,0.034999999999999996,False
P1,Full identifiability-aware,restricted_learned,20261402,20260905,20261002,-0.07000000000000006,0.30250316858291626,0.2927400288856012,0.299,0.24795,0.32904999999999995,0.08109999999999995,identifiable,3.965753033273676e-05,0.0025689161595566514,True,True,True,True,False,accepted,0.00976313969731507,0.034999999999999996,False
P1,Full identifiability-aware,restricted_learned,20261402,20260905,20261002,0.0,0.3095322251319885,0.3,0.318,0.26695,0.3482249999999999,0.08127499999999988,identifiable,5.202666372981992e-05,0.002499066004878754,True,True,True,True,False,accepted,0.009532225131988536,0.034999999999999996,False
P1,Full identifiability-aware,restricted_learned,20261402,20260905,20261002,0.06999999999999995,0.3162955343723297,0.3072599711143988,0.317,0.26495,0.352,0.08704999999999996,identifiable,6.212306578610229e-05,0.0026136155540043117,True,True,True,True,False,accepted,0.009035563257930923,0.034999999999999996,False
P1,Full identifiability-aware,restricted_learned,20261402,20260905,20261002,0.1399999999999999,0.3227556645870209,0.3144013400366208,0.32699999999999996,0.274975,0.349025,0.07404999999999995,identifiable,0.00010837564772803336,0.002472965365203452,True,True,True,True,False,accepted,0.008354324550400083,0.034999999999999996,False
P1,Full identifiability-aware,restricted_learned,20261402,20260905,20261002,0.20999999999999996,0.32888761162757874,0.32131313015705354,0.346,0.27387500000000004,0.358075,0.08419999999999994,identifiable,6.887190743688339e-05,0.00314043673721036,True,True,True,True,False,accepted,0.007574481470525196,0.034999999999999996,False
P1,Full identifiability-aware,restricted_learned,20261402,20260905,20261002,0.2799999999999999,0.33467721939086914,0.3278985972803901,0.33699999999999997,0.28400000000000003,0.366075,0.08207499999999995,identifiable,5.485390818781932e-05,0.0023783118517428994,True,True,True,True,False,accepted,0.006778622110479027,0.034999999999999996,False
P1,Full identifiability-aware,restricted_learned,20261402,20260905,20261002,0.34999999999999987,0.34011954069137573,0.334080026040365,0.364,0.2998,0.40705,0.10725000000000001,weakly identifiable / abstain,0.0001825056672094615,0.0031366871338458524,True,True,True,False,True,resampling interval exceeds resolution threshold,0.006039514651010713,0.034999999999999996,False
P1,Full identifiability-aware,restricted_learned,20261402,20260905,20261002,0.41999999999999993,0.3452170193195343,0.3398013036044313,0.33199999999999996,0.313,0.3721,0.059099999999999986,identifiable,1.62600630335732e-05,0.002378467450285317,True,True,True,True,False,accepted,0.00541571571510302,0.034999999999999996,False
P1,Full identifiability-aware,restricted_learned,20261402,20260905,20261002,0.49,0.3499774932861328,0.3450282740744384,0.351,0.308975,0.3681499999999999,0.05917499999999992,identifiable,3.4942948951488845e-05,0.0020095030725731282,True,True,True,True,False,accepted,0.004949219211694389,0.034999999999999996,False
P1,Full identifiability-aware,restricted_learned,20261402,20260905,20261002,0.5599999999999998,0.35441291332244873,0.3497472196340497,0.34199999999999997,0.316,0.380025,0.064025,identifiable,2.369795760302753e-05,0.002193630490840619,True,True,True,True,False,accepted,0.004665693688399031,0.034999999999999996,False
P1,Full identifiability-aware,restricted_learned,20261402,20260905,20261002,0.6299999999999999,0.35853785276412964,0.3539620181344406,0.367,0.3439,0.396025,0.05212500000000003,identifiable,2.7862034556291986e-05,0.0020858117281550305,True,True,True,True,False,accepted,0.004575834629689024,0.034999999999999996,False
P1,Full identifiability-aware,restricted_learned,20261402,20260905,20261002,0.7,0.36236855387687683,0.357690580326136,0.354,0.33797499999999997,0.428175,0.0902,weakly identifiable / abstain,1.1843831160015725e-05,0.0041758638305439385,True,True,True,False,True,resampling interval exceeds resolution threshold,0.004677973550740844,0.034999999999999996,False
P2,Profile initialization only,restricted_learned,20261402,20260905,20261002,-0.7,0.24238279461860657,0.242309419673864,0.22299999999999998,0.180875,0.25717499999999993,0.07629999999999992,identifiable,1.8842823053668558e-05,0.0023009945213233185,True,True,True,True,False,accepted,7.337494474257689e-05,0.034999999999999996,False
P2,Profile initialization only,restricted_learned,20261402,20260905,20261002,-0.63,0.2475872039794922,0.24603798186555936,0.255,0.186975,0.275075,0.08810000000000001,identifiable,0.00015420617577841195,0.002814067601410951,True,True,True,True,False,accepted,0.0015492221139328244,0.034999999999999996,False
P2,Profile initialization only,restricted_learned,20261402,20260905,20261002,-0.5599999999999999,0.2531112730503082,0.2502527803659503,0.316,0.209925,0.37342499999999984,0.16349999999999984,weakly identifiable / abstain,0.0005150158879531597,0.004015197362055056,True,True,True,False,True,resampling interval exceeds resolution threshold,0.0028584926843579495,0.034999999999999996,False
P2,Profile initialization only,restricted_learned,20261402,20260905,20261002,-0.49,0.25892964005470276,0.25497172592556155,0.214,0.17195,0.2633249999999999,0.09137499999999993,weakly identifiable / abstain,0.00010830210330988106,0.002652867876827601,True,True,True,False,True,resampling interval exceeds resolution threshold,0.0039579141291412046,0.034999999999999996,False
P2,Profile initialization only,restricted_learned,20261402,20260905,20261002,-0.42,0.26500967144966125,0.2601986963955687,0.252,0.19490000000000002,0.28427499999999994,0.08937499999999993,identifiable,1.8753011956526804e-05,0.002699311391056441,True,True,True,True,False,accepted,0.004810975054092559,0.034999999999999996,False
P2,Profile initialization only,restricted_learned,20261402,20260905,20261002,-0.35,0.27131232619285583,0.2659199739596349,0.22699999999999998,0.189975,0.27005,0.08007500000000001,identifiable,0.00012135160244177614,0.0021571610748129114,False,True,True,False,True,neural delay outside resampling minimizer interval,0.005392352233220932,0.034999999999999996,False
P2,Profile initialization only,restricted_learned,20261402,20260905,20261002,-0.28,0.2777934670448303,0.27210140271960986,0.27,0.22497499999999998,0.303025,0.07805000000000001,identifiable,5.1810774789813775e-06,0.0021537188063661494,True,True,True,True,False,accepted,0.005692064325220458,0.034999999999999996,False
P2,Profile initialization only,restricted_learned,20261402,20260905,20261002,-0.21000000000000002,0.28440535068511963,0.27868686984294644,0.254,0.222,0.28902500000000003,0.06702500000000003,identifiable,7.93472322197413e-05,0.002018085504264781,True,True,True,True,False,accepted,0.00571848084217319,0.034999999999999996,False
P2,Profile initialization only,restricted_learned,20261402,20260905,20261002,-0.14,0.2910981774330139,0.2855986599633792,0.29400000000000004,0.246975,0.33199999999999996,0.08502499999999996,identifiable,0.00011697830489196946,0.0021366897362879063,True,True,True,True,False,accepted,0.005499517469634729,0.034999999999999996,False
P2,Profile initialization only,restricted_learned,20261402,20260905,20261002,-0.07000000000000006,0.2978218197822571,0.2927400288856012,0.299,0.24795,0.32904999999999995,0.08109999999999995,identifiable,3.894949157166264e-05,0.0025689161595566514,True,True,True,True,False,accepted,0.005081790896655891,0.034999999999999996,False
P2,Profile initialization only,restricted_learned,20261402,20260905,20261002,0.0,0.3045271039009094,0.3,0.318,0.26695,0.3482249999999999,0.08127499999999988,identifiable,5.7617587031579895e-05,0.002499066004878754,True,True,True,True,False,accepted,0.004527103900909435,0.034999999999999996,False
P2,Profile initialization only,restricted_learned,20261402,20260905,20261002,0.06999999999999995,0.31116729974746704,0.3072599711143988,0.317,0.26495,0.352,0.08704999999999996,identifiable,6.379175758236183e-05,0.0026136155540043117,True,True,True,True,False,accepted,0.003907328633068252,0.034999999999999996,False
P2,Profile initialization only,restricted_learned,20261402,20260905,20261002,0.1399999999999999,0.3176990747451782,0.3144013400366208,0.32699999999999996,0.274975,0.349025,0.07404999999999995,identifiable,0.00011244694753002092,0.002472965365203452,True,True,True,True,False,accepted,0.0032977347085574316,0.034999999999999996,False
P2,Profile initialization only,restricted_learned,20261402,20260905,20261002,0.20999999999999996,0.3240832984447479,0.32131313015705354,0.346,0.27387500000000004,0.358075,0.08419999999999994,identifiable,8.027556045928319e-05,0.00314043673721036,True,True,True,True,False,accepted,0.0027701682876943856,0.034999999999999996,False
P2,Profile initialization only,restricted_learned,20261402,20260905,20261002,0.2799999999999999,0.33028578758239746,0.3278985972803901,0.33699999999999997,0.28400000000000003,0.366075,0.08207499999999995,identifiable,5.7300932165014113e-05,0.0023783118517428994,True,True,True,True,False,accepted,0.002387190302007347,0.034999999999999996,False
P2,Profile initialization only,restricted_learned,20261402,20260905,20261002,0.34999999999999987,0.33627742528915405,0.334080026040365,0.364,0.2998,0.40705,0.10725000000000001,weakly identifiable / abstain,0.00019480937564779198,0.0031366871338458524,True,True,True,False,True,resampling interval exceeds resolution threshold,0.0021973992487890337,0.034999999999999996,False
P2,Profile initialization only,restricted_learned,20261402,20260905,20261002,0.41999999999999993,0.3420344591140747,0.3398013036044313,0.33199999999999996,0.313,0.3721,0.059099999999999986,identifiable,1.1519886018482115e-05,0.002378467450285317,True,True,True,True,False,accepted,0.0022331555096434252,0.034999999999999996,False
P2,Profile initialization only,restricted_learned,20261402,20260905,20261002,0.49,0.3475382924079895,0.3450282740744384,0.351,0.308975,0.3681499999999999,0.05917499999999992,identifiable,3.5654981015459095e-05,0.0020095030725731282,True,True,True,True,False,accepted,0.0025100183335510784,0.034999999999999996,False
P2,Profile initialization only,restricted_learned,20261402,20260905,20261002,0.5599999999999998,0.35277560353279114,0.3497472196340497,0.34199999999999997,0.316,0.380025,0.064025,identifiable,2.1095256751054134e-05,0.002193630490840619,True,True,True,True,False,accepted,0.003028383898741438,0.034999999999999996,False
P2,Profile initialization only,restricted_learned,20261402,20260905,20261002,0.6299999999999999,0.35773766040802,0.3539620181344406,0.367,0.3439,0.396025,0.05212500000000003,identifiable,2.8858448785605545e-05,0.0020858117281550305,True,True,True,True,False,accepted,0.003775642273579405,0.034999999999999996,False
P2,Profile initialization only,restricted_learned,20261402,20260905,20261002,0.7,0.36242014169692993,0.357690580326136,0.354,0.33797499999999997,0.428175,0.0902,weakly identifiable / abstain,1.1900321835499585e-05,0.0041758638305439385,True,True,True,False,True,resampling interval exceeds resolution threshold,0.004729561370793944,0.034999999999999996,False
P3,Anchor loss only,restricted_learned,20261402,20260905,20261002,-0.7,0.23891043663024902,0.242309419673864,0.22299999999999998,0.180875,0.25717499999999993,0.07629999999999992,identifiable,1.3978163782823577e-05,0.0023009945213233185,True,True,True,True,False,accepted,0.003398983043614967,0.034999999999999996,False
P3,Anchor loss only,restricted_learned,20261402,20260905,20261002,-0.63,0.24461668729782104,0.24603798186555936,0.255,0.186975,0.275075,0.08810000000000001,identifiable,0.00015632535569906156,0.002814067601410951,True,True,True,True,False,accepted,0.0014212945677383182,0.034999999999999996,False
P3,Anchor loss only,restricted_learned,20261402,20260905,20261002,-0.5599999999999999,0.250836580991745,0.2502527803659503,0.316,0.209925,0.37342499999999984,0.16349999999999984,weakly identifiable / abstain,0.0005253817110499671,0.004015197362055056,True,True,True,False,True,resampling interval exceeds resolution threshold,0.000583800625794717,0.034999999999999996,False
P3,Anchor loss only,restricted_learned,20261402,20260905,20261002,-0.49,0.2575257420539856,0.25497172592556155,0.214,0.17195,0.2633249999999999,0.09137499999999993,weakly identifiable / abstain,0.00010313321045114612,0.002652867876827601,True,True,True,False,True,resampling interval exceeds resolution threshold,0.0025540161284240415,0.034999999999999996,False
P3,Anchor loss only,restricted_learned,20261402,20260905,20261002,-0.42,0.26461511850357056,0.2601986963955687,0.252,0.19490000000000002,0.28427499999999994,0.08937499999999993,identifiable,1.831682699479673e-05,0.002699311391056441,True,True,True,True,False,accepted,0.004416422108001861,0.034999999999999996,False
P3,Anchor loss only,restricted_learned,20261402,20260905,20261002,-0.35,0.27201348543167114,0.2659199739596349,0.22699999999999998,0.189975,0.27005,0.08007500000000001,identifiable,0.00012416601785412266,0.0021571610748129114,False,True,True,False,True,neural delay outside resampling minimizer interval,0.006093511472036239,0.034999999999999996,False
P3,Anchor loss only,restricted_learned,20261402,20260905,20261002,-0.28,0.2796131372451782,0.27210140271960986,0.27,0.22497499999999998,0.303025,0.07805000000000001,identifiable,6.843880224629957e-06,0.0021537188063661494,True,True,True,True,False,accepted,0.007511734525568359,0.034999999999999996,False
P3,Anchor loss only,restricted_learned,20261402,20260905,20261002,-0.21000000000000002,0.2872979938983917,0.27868686984294644,0.254,0.222,0.28902500000000003,0.06702500000000003,identifiable,8.843803104855702e-05,0.002018085504264781,True,True,True,True,False,accepted,0.008611124055445285,0.034999999999999996,False
P3,Anchor loss only,restricted_learned,20261402,20260905,20261002,-0.14,0.2949521541595459,0.2855986599633792,0.29400000000000004,0.246975,0.33199999999999996,0.08502499999999996,identifiable,0.00011647414820049965,0.0021366897362879063,True,True,True,True,False,accepted,0.009353494196166712,0.034999999999999996,False
P3,Anchor loss only,restricted_learned,20261402,20260905,20261002,-0.07000000000000006,0.302468478679657,0.2927400288856012,0.299,0.24795,0.32904999999999995,0.08109999999999995,identifiable,3.964367706577706e-05,0.0025689161595566514,True,True,True,True,False,accepted,0.009728449794055793,0.034999999999999996,False
P3,Anchor loss only,restricted_learned,20261402,20260905,20261002,0.0,0.309754878282547,0.3,0.318,0.26695,0.3482249999999999,0.08127499999999988,identifiable,5.183567106812459e-05,0.002499066004878754,True,True,True,True,False,accepted,0.009754878282547008,0.034999999999999996,False
P3,Anchor loss only,restricted_learned,20261402,20260905,20261002,0.06999999999999995,0.3167383074760437,0.3072599711143988,0.317,0.26495,0.352,0.08704999999999996,identifiable,6.212004513254457e-05,0.0026136155540043117,True,True,True,True,False,accepted,0.009478336361644912,0.034999999999999996,False
P3,Anchor loss only,restricted_learned,20261402,20260905,20261002,0.1399999999999999,0.3233660161495209,0.3144013400366208,0.32699999999999996,0.274975,0.349025,0.07404999999999995,identifiable,0.00010808421169153693,0.002472965365203452,True,True,True,True,False,accepted,0.008964676112900083,0.034999999999999996,False
P3,Anchor loss only,restricted_learned,20261402,20260905,20261002,0.20999999999999996,0.3296048939228058,0.32131313015705354,0.346,0.27387500000000004,0.358075,0.08419999999999994,identifiable,6.742226664865802e-05,0.00314043673721036,True,True,True,True,False,accepted,0.008291763765752247,0.034999999999999996,False
P3,Anchor loss only,restricted_learned,20261402,20260905,20261002,0.2799999999999999,0.33543890714645386,0.3278985972803901,0.33699999999999997,0.28400000000000003,0.366075,0.08207499999999995,identifiable,5.467522376623565e-05,0.0023783118517428994,True,True,True,True,False,accepted,0.0075403098660637435,0.034999999999999996,False
P3,Anchor loss only,restricted_learned,20261402,20260905,20261002,0.34999999999999987,0.34086596965789795,0.334080026040365,0.364,0.2998,0.40705,0.10725000000000001,weakly identifiable / abstain,0.00018033134170284632,0.0031366871338458524,True,True,True,False,True,resampling interval exceeds resolution threshold,0.00678594361753293,0.034999999999999996,False
P3,Anchor loss only,restricted_learned,20261402,20260905,20261002,0.41999999999999993,0.34589481353759766,0.3398013036044313,0.33199999999999996,0.313,0.3721,0.059099999999999986,identifiable,1.7433597236396308e-05,0.002378467450285317,True,True,True,True,False,accepted,0.0060935099331663745,0.034999999999999996,False
P3,Anchor loss only,restricted_learned,20261402,20260905,20261002,0.49,0.3505415916442871,0.3450282740744384,0.351,0.308975,0.3681499999999999,0.05917499999999992,identifiable,3.491211530663141e-05,0.0020095030725731282,True,True,True,True,False,accepted,0.005513317569848686,0.034999999999999996,False
P3,Anchor loss only,restricted_learned,20261402,20260905,20261002,0.5599999999999998,0.354827344417572,0.3497472196340497,0.34199999999999997,0.316,0.380025,0.064025,identifiable,2.440498485048338e-05,0.002193630490840619,True,True,True,True,False,accepted,0.005080124783522322,0.034999999999999996,False
P3,Anchor loss only,restricted_learned,20261402,20260905,20261002,0.6299999999999999,0.3587758541107178,0.3539620181344406,0.367,0.3439,0.396025,0.05212500000000003,identifiable,2.7576692213430844e-05,0.0020858117281550305,True,True,True,True,False,accepted,0.004813835976277159,0.034999999999999996,False
P3,Anchor loss only,restricted_learned,20261402,20260905,20261002,0.7,0.3624119460582733,0.357690580326136,0.354,0.33797499999999997,0.428175,0.0902,weakly identifiable / abstain,1.1891347291445246e-05,0.0041758638305439385,True,True,True,False,True,resampling interval exceeds resolution threshold,0.004721365732137328,0.034999999999999996,False
P4,Restricted rollout-only,restricted_learned,20261402,20260905,20261002,-0.7,0.24916481971740723,0.242309419673864,0.22299999999999998,0.180875,0.25717499999999993,0.07629999999999992,identifiable,3.102721832610768e-05,0.0023009945213233185,True,True,True,True,False,accepted,0.006855400043543236,0.034999999999999996,False
P4,Restricted rollout-only,restricted_learned,20261402,20260905,20261002,-0.63,0.2533623278141022,0.24603798186555936,0.255,0.186975,0.275075,0.08810000000000001,identifiable,0.00015222330151292728,0.002814067601410951,True,True,True,True,False,accepted,0.00732434594854281,0.034999999999999996,False
P4,Restricted rollout-only,restricted_learned,20261402,20260905,20261002,-0.5599999999999999,0.25795528292655945,0.2502527803659503,0.316,0.209925,0.37342499999999984,0.16349999999999984,weakly identifiable / abstain,0.0004942029854746995,0.004015197362055056,True,True,True,False,True,resampling interval exceeds resolution threshold,0.00770250256060917,0.034999999999999996,False
P4,Restricted rollout-only,restricted_learned,20261402,20260905,20261002,-0.49,0.26295122504234314,0.25497172592556155,0.214,0.17195,0.2633249999999999,0.09137499999999993,weakly identifiable / abstain,0.00012401654037712392,0.002652867876827601,True,True,True,False,True,resampling interval exceeds resolution threshold,0.007979499116781585,0.034999999999999996,False
P4,Restricted rollout-only,restricted_learned,20261402,20260905,20261002,-0.42,0.268347829580307,0.2601986963955687,0.252,0.19490000000000002,0.28427499999999994,0.08937499999999993,identifiable,2.3109678841501985e-05,0.002699311391056441,True,True,True,True,False,accepted,0.00814913318473831,0.034999999999999996,False
P4,Restricted rollout-only,restricted_learned,20261402,20260905,20261002,-0.35,0.2741309702396393,0.2659199739596349,0.22699999999999998,0.189975,0.27005,0.08007500000000001,identifiable,0.00013295775416575888,0.0021571610748129114,False,True,True,False,True,neural delay outside resampling minimizer interval,0.008210996280004379,0.034999999999999996,False
P4,Restricted rollout-only,restricted_learned,20261402,20260905,20261002,-0.28,0.2802729606628418,0.27210140271960986,0.27,0.22497499999999998,0.303025,0.07805000000000001,identifiable,7.526002652443966e-06,0.0021537188063661494,True,True,True,True,False,accepted,0.008171557943231933,0.034999999999999996,False
P4,Restricted rollout-only,restricted_learned,20261402,20260905,20261002,-0.21000000000000002,0.2867319583892822,0.27868686984294644,0.254,0.222,0.28902500000000003,0.06702500000000003,identifiable,8.659315437106583e-05,0.002018085504264781,True,True,True,True,False,accepted,0.008045088546335788,0.034999999999999996,False
P4,Restricted rollout-only,restricted_learned,20261402,20260905,20261002,-0.14,0.29345226287841797,0.2855986599633792,0.29400000000000004,0.246975,0.33199999999999996,0.08502499999999996,identifiable,0.00011651257082074934,0.0021366897362879063,True,True,True,True,False,accepted,0.007853602915038782,0.034999999999999996,False
P4,Restricted rollout-only,restricted_learned,20261402,20260905,20261002,-0.07000000000000006,0.3003661334514618,0.2927400288856012,0.299,0.24795,0.32904999999999995,0.08109999999999995,identifiable,3.904578228183712e-05,0.0025689161595566514,True,True,True,True,False,accepted,0.007626104565860603,0.034999999999999996,False
P4,Restricted rollout-only,restricted_learned,20261402,20260905,20261002,0.0,0.3073967397212982,0.3,0.318,0.26695,0.3482249999999999,0.08127499999999988,identifiable,5.4089857508676523e-05,0.002499066004878754,True,True,True,True,False,accepted,0.007396739721298229,0.034999999999999996,False
P4,Restricted rollout-only,restricted_learned,20261402,20260905,20261002,0.06999999999999995,0.31446224451065063,0.3072599711143988,0.317,0.26495,0.352,0.08704999999999996,identifiable,6.237475195554537e-05,0.0026136155540043117,True,True,True,True,False,accepted,0.007202273396251846,0.034999999999999996,False
P4,Restricted rollout-only,restricted_learned,20261402,20260905,20261002,0.1399999999999999,0.32148033380508423,0.3144013400366208,0.32699999999999996,0.274975,0.349025,0.07404999999999995,identifiable,0.00010913082841567688,0.002472965365203452,True,True,True,True,False,accepted,0.007078993768463437,0.034999999999999996,False
P4,Restricted rollout-only,restricted_learned,20261402,20260905,20261002,0.20999999999999996,0.3283730149269104,0.32131313015705354,0.346,0.27387500000000004,0.358075,0.08419999999999994,identifiable,6.996543986211133e-05,0.00314043673721036,True,True,True,True,False,accepted,0.007059884769856861,0.034999999999999996,False
P4,Restricted rollout-only,restricted_learned,20261402,20260905,20261002,0.2799999999999999,0.3350704312324524,0.3278985972803901,0.33699999999999997,0.28400000000000003,0.366075,0.08207499999999995,identifiable,5.4742263812705654e-05,0.0023783118517428994,True,True,True,True,False,accepted,0.007171833952062279,0.034999999999999996,False
P4,Restricted rollout-only,restricted_learned,20261402,20260905,20261002,0.34999999999999987,0.34151366353034973,0.334080026040365,0.364,0.2998,0.40705,0.10725000000000001,weakly identifiable / abstain,0.00017850875045767343,0.0031366871338458524,True,True,True,False,True,resampling interval exceeds resolution threshold,0.007433637489984712,0.034999999999999996,False
P4,Restricted rollout-only,restricted_learned,20261402,20260905,20261002,0.41999999999999993,0.34765681624412537,0.3398013036044313,0.33199999999999996,0.313,0.3721,0.059099999999999986,identifiable,2.0785898400208358e-05,0.002378467450285317,True,True,True,True,False,accepted,0.007855512639694084,0.034999999999999996,False
P4,Restricted rollout-only,restricted_learned,20261402,20260905,20261002,0.49,0.35346704721450806,0.3450282740744384,0.351,0.308975,0.3681499999999999,0.05917499999999992,identifiable,3.536392219775786e-05,0.0020095030725731282,True,True,True,True,False,accepted,0.008438773140069633,0.034999999999999996,False
P4,Restricted rollout-only,restricted_learned,20261402,20260905,20261002,0.5599999999999998,0.35892418026924133,0.3497472196340497,0.34199999999999997,0.316,0.380025,0.064025,identifiable,3.266695549548108e-05,0.002193630490840619,True,True,True,True,False,accepted,0.009176960635191633,0.034999999999999996,False
P4,Restricted rollout-only,restricted_learned,20261402,20260905,20261002,0.6299999999999999,0.3640192747116089,0.3539620181344406,0.367,0.3439,0.396025,0.05212500000000003,identifiable,2.3420374141140394e-05,0.0020858117281550305,True,True,True,True,False,accepted,0.010057256577168272,0.034999999999999996,False
P4,Restricted rollout-only,restricted_learned,20261402,20260905,20261002,0.7,0.36875277757644653,0.357690580326136,0.354,0.33797499999999997,0.428175,0.0902,weakly identifiable / abstain,2.1410199208593154e-05,0.0041758638305439385,True,True,True,False,True,resampling interval exceeds resolution threshold,0.011062197250310546,0.034999999999999996,False
P1,Full identifiability-aware,restricted_learned,20261403,20260905,20261003,-0.7,0.24196214973926544,0.242309419673864,0.22299999999999998,0.180875,0.25717499999999993,0.07629999999999992,identifiable,1.8196576615693195e-05,0.0023009945213233185,True,True,True,True,False,accepted,0.0003472699345985486,0.034999999999999996,False
P1,Full identifiability-aware,restricted_learned,20261403,20260905,20261003,-0.63,0.24808114767074585,0.24603798186555936,0.255,0.186975,0.275075,0.08810000000000001,identifiable,0.00015391917585203197,0.002814067601410951,True,True,True,True,False,accepted,0.0020431658051864865,0.034999999999999996,False
P1,Full identifiability-aware,restricted_learned,20261403,20260905,20261003,-0.5599999999999999,0.2546273171901703,0.2502527803659503,0.316,0.209925,0.37342499999999984,0.16349999999999984,weakly identifiable / abstain,0.0005083232935232689,0.004015197362055056,True,True,True,False,True,resampling interval exceeds resolution threshold,0.00437453682422001,0.034999999999999996,False
P1,Full identifiability-aware,restricted_learned,20261403,20260905,20261003,-0.49,0.2615334987640381,0.25497172592556155,0.214,0.17195,0.2633249999999999,0.09137499999999993,weakly identifiable / abstain,0.00011833479404161123,0.002652867876827601,True,True,True,False,True,resampling interval exceeds resolution threshold,0.006561772838476532,0.034999999999999996,False
P1,Full identifiability-aware,restricted_learned,20261403,20260905,20261003,-0.42,0.26871347427368164,0.2601986963955687,0.252,0.19490000000000002,0.28427499999999994,0.08937499999999993,identifiable,2.3646507766131584e-05,0.002699311391056441,True,True,True,True,False,accepted,0.008514777878112945,0.034999999999999996,False
P1,Full identifiability-aware,restricted_learned,20261403,20260905,20261003,-0.35,0.276067316532135,0.2659199739596349,0.22699999999999998,0.189975,0.27005,0.08007500000000001,identifiable,0.0001413342021296685,0.0021571610748129114,False,True,True,False,True,neural delay outside resampling minimizer interval,0.010147342572500107,0.034999999999999996,False
P1,Full identifiability-aware,restricted_learned,20261403,20260905,20261003,-0.28,0.28348851203918457,0.27210140271960986,0.27,0.22497499999999998,0.303025,0.07805000000000001,identifiable,1.1489533854005966e-05,0.0021537188063661494,True,True,True,True,False,accepted,0.011387109319574706,0.034999999999999996,False
P1,Full identifiability-aware,restricted_learned,20261403,20260905,20261003,-0.21000000000000002,0.2908715605735779,0.27868686984294644,0.254,0.222,0.28902500000000003,0.06702500000000003,identifiable,0.00010080556689518254,0.002018085504264781,False,True,True,False,True,neural delay outside resampling minimizer interval,0.012184690730631442,0.034999999999999996,False
P1,Full identifiability-aware,restricted_learned,20261403,20260905,20261003,-0.14,0.2981188893318176,0.2855986599633792,0.29400000000000004,0.246975,0.33199999999999996,0.08502499999999996,identifiable,0.00011711151418212262,0.0021366897362879063,True,True,True,True,False,accepted,0.01252022936843844,0.034999999999999996,False
P1,Full identifiability-aware,restricted_learned,20261403,20260905,20261003,-0.07000000000000006,0.30514639616012573,0.2927400288856012,0.299,0.24795,0.32904999999999995,0.08109999999999995,identifiable,4.1079048969191967e-05,0.0025689161595566514,True,True,True,True,False,accepted,0.012406367274524543,0.034999999999999996,False
P1,Full identifiability-aware,restricted_learned,20261403,20260905,20261003,0.0,0.31188663840293884,0.3,0.318,0.26695,0.3482249999999999,0.08127499999999988,identifiable,5.029743180737719e-05,0.002499066004878754,True,True,True,True,False,accepted,0.011886638402938854,0.034999999999999996,False
P1,Full identifiability-aware,restricted_learned,20261403,20260905,20261003,0.06999999999999995,0.31829002499580383,0.3072599711143988,0.317,0.26495,0.352,0.08704999999999996,identifiable,6.229130301178315e-05,0.0026136155540043117,True,True,True,True,False,accepted,0.011030053881405044,0.034999999999999996,False
P1,Full identifiability-aware,restricted_learned,20261403,20260905,20261003,0.1399999999999999,0.32432428002357483,0.3144013400366208,0.32699999999999996,0.274975,0.349025,0.07404999999999995,identifiable,0.00010770717516353773,0.002472965365203452,True,True,True,True,False,accepted,0.009922939986954038,0.034999999999999996,False
P1,Full identifiability-aware,restricted_learned,20261403,20260905,20261003,0.20999999999999996,0.32997262477874756,0.32131313015705354,0.346,0.27387500000000004,0.358075,0.08419999999999994,identifiable,6.66861821174196e-05,0.00314043673721036,True,True,True,True,False,accepted,0.00865949462169402,0.034999999999999996,False
P1,Full identifiability-aware,restricted_learned,20261403,20260905,20261003,0.2799999999999999,0.3352311849594116,0.3278985972803901,0.33699999999999997,0.28400000000000003,0.366075,0.08207499999999995,identifiable,5.471301648088268e-05,0.0023783118517428994,True,True,True,True,False,accepted,0.007332587679021507,0.034999999999999996,False
P1,Full identifiability-aware,restricted_learned,20261403,20260905,20261003,0.34999999999999987,0.3401062786579132,0.334080026040365,0.364,0.2998,0.40705,0.10725000000000001,weakly identifiable / abstain,0.00018254429912076245,0.0031366871338458524,True,True,True,False,True,resampling interval exceeds resolution threshold,0.006026252617548189,0.034999999999999996,False
P1,Full identifiability-aware,restricted_learned,20261403,20260905,20261003,0.41999999999999993,0.3446118235588074,0.3398013036044313,0.33199999999999996,0.313,0.3721,0.059099999999999986,identifiable,1.5262888700017697e-05,0.002378467450285317,True,True,True,True,False,accepted,0.004810519954376091,0.034999999999999996,False
P1,Full identifiability-aware,restricted_learned,20261403,20260905,20261003,0.49,0.34876686334609985,0.3450282740744384,0.351,0.308975,0.3681499999999999,0.05917499999999992,identifiable,3.5198381801545855e-05,0.0020095030725731282,True,True,True,True,False,accepted,0.00373858927166143,0.034999999999999996,False
P1,Full identifiability-aware,restricted_learned,20261403,20260905,20261003,0.5599999999999998,0.35259371995925903,0.3497472196340497,0.34199999999999997,0.316,0.380025,0.064025,identifiable,2.0832828624585996e-05,0.002193630490840619,True,True,True,True,False,accepted,0.0028465003252093335,0.034999999999999996,False
P1,Full identifiability-aware,restricted_learned,20261403,20260905,20261003,0.6299999999999999,0.3561164140701294,0.3539620181344406,0.367,0.3439,0.396025,0.05212500000000003,identifiable,3.1156105872256164e-05,0.0020858117281550305,True,True,True,True,False,accepted,0.00215439593568878,0.034999999999999996,False
P1,Full identifiability-aware,restricted_learned,20261403,20260905,20261003,0.7,0.35935935378074646,0.357690580326136,0.354,0.33797499999999997,0.428175,0.0902,weakly identifiable / abstain,9.200327375086856e-06,0.0041758638305439385,True,True,True,False,True,resampling interval exceeds resolution threshold,0.0016687734546104727,0.034999999999999996,False
P2,Profile initialization only,restricted_learned,20261403,20260905,20261003,-0.7,0.271636962890625,0.242309419673864,0.22299999999999998,0.180875,0.25717499999999993,0.07629999999999992,identifiable,9.669964457463235e-05,0.0023009945213233185,False,True,True,False,True,neural delay outside resampling minimizer interval,0.02932754321676101,0.034999999999999996,False
P2,Profile initialization only,restricted_learned,20261403,20260905,20261003,-0.63,0.2765176296234131,0.24603798186555936,0.255,0.186975,0.275075,0.08810000000000001,identifiable,0.0001724087797819409,0.002814067601410951,False,True,True,False,True,neural delay outside resampling minimizer interval,0.030479647757853723,0.034999999999999996,False
P2,Profile initialization only,restricted_learned,20261403,20260905,20261003,-0.5599999999999999,0.28151828050613403,0.2502527803659503,0.316,0.209925,0.37342499999999984,0.16349999999999984,weakly identifiable / abstain,0.00041729492791924407,0.004015197362055056,True,True,True,False,True,resampling interval exceeds resolution threshold,0.031265500140183755,0.034999999999999996,False
P2,Profile initialization only,restricted_learned,20261403,20260905,20261003,-0.49,0.28660011291503906,0.25497172592556155,0.214,0.17195,0.2633249999999999,0.09137499999999993,weakly identifiable / abstain,0.00024280017012175562,0.002652867876827601,False,True,True,False,True,resampling interval exceeds resolution threshold,0.03162838698947751,0.034999999999999996,False
P2,Profile initialization only,restricted_learned,20261403,20260905,20261003,-0.42,0.2917220890522003,0.2601986963955687,0.252,0.19490000000000002,0.28427499999999994,0.08937499999999993,identifiable,8.181776105859511e-05,0.002699311391056441,False,True,True,False,True,neural delay outside resampling minimizer interval,0.03152339265663162,0.034999999999999996,False
P2,Profile initialization only,restricted_learned,20261403,20260905,20261003,-0.35,0.2968425750732422,0.2659199739596349,0.22699999999999998,0.189975,0.27005,0.08007500000000001,identifiable,0.00025168812938814665,0.0021571610748129114,False,True,True,False,True,neural delay outside resampling minimizer interval,0.030922601113607284,0.034999999999999996,False
P2,Profile initialization only,restricted_learned,20261403,20260905,20261003,-0.28,0.30192095041275024,0.27210140271960986,0.27,0.22497499999999998,0.303025,0.07805000000000001,identifiable,5.413855188182153e-05,0.0021537188063661494,True,True,True,True,False,accepted,0.02981954769314038,0.034999999999999996,False
P2,Profile initialization only,restricted_learned,20261403,20260905,20261003,-0.21000000000000002,0.30691927671432495,0.27868686984294644,0.254,0.222,0.28902500000000003,0.06702500000000003,identifiable,0.00017178159737717849,0.002018085504264781,False,True,True,False,True,neural delay outside resampling minimizer interval,0.028232406871378513,0.034999999999999996,False
P2,Profile initialization only,restricted_learned,20261403,20260905,20261003,-0.14,0.31180325150489807,0.2855986599633792,0.29400000000000004,0.246975,0.33199999999999996,0.08502499999999996,identifiable,0.00013065182389698896,0.0021366897362879063,True,True,True,True,False,accepted,0.026204591541518885,0.034999999999999996,False
P2,Profile initialization only,restricted_learned,20261403,20260905,20261003,-0.07000000000000006,0.31654345989227295,0.2927400288856012,0.299,0.24795,0.32904999999999995,0.08109999999999995,identifiable,5.572130456764837e-05,0.0025689161595566514,True,True,True,True,False,accepted,0.02380343100667176,0.034999999999999996,False
P2,Profile initialization only,restricted_learned,20261403,20260905,20261003,0.0,0.32111573219299316,0.3,0.318,0.26695,0.3482249999999999,0.08127499999999988,identifiable,4.9127497540791674e-05,0.002499066004878754,True,True,True,True,False,accepted,0.021115732192993175,0.034999999999999996,False
P2,Profile initialization only,restricted_learned,20261403,20260905,20261003,0.06999999999999995,0.32550135254859924,0.3072599711143988,0.317,0.26495,0.352,0.08704999999999996,identifiable,6.671263953258654e-05,0.0026136155540043117,True,True,True,True,False,accepted,0.018241381434200454,0.034999999999999996,False
P2,Profile initialization only,restricted_learned,20261403,20260905,20261003,0.1399999999999999,0.32968688011169434,0.3144013400366208,0.32699999999999996,0.274975,0.349025,0.07404999999999995,identifiable,0.00010752482032207292,0.002472965365203452,True,True,True,True,False,accepted,0.015285540075073545,0.034999999999999996,False
P2,Profile initialization only,restricted_learned,20261403,20260905,20261003,0.20999999999999996,0.3336640000343323,0.32131313015705354,0.346,0.27387500000000004,0.358075,0.08419999999999994,identifiable,6.0362912884091144e-05,0.00314043673721036,True,True,True,True,False,accepted,0.012350869877278736,0.034999999999999996,False
P2,Profile initialization only,restricted_learned,20261403,20260905,20261003,0.2799999999999999,0.3374287486076355,0.3278985972803901,0.33699999999999997,0.28400000000000003,0.366075,0.08207499999999995,identifiable,5.454370777036642e-05,0.0023783118517428994,True,True,True,True,False,accepted,0.009530151327245384,0.034999999999999996,False
P2,Profile initialization only,restricted_learned,20261403,20260905,20261003,0.34999999999999987,0.34098103642463684,0.334080026040365,0.364,0.2998,0.40705,0.10725000000000001,weakly identifiable / abstain,0.00017999615561400815,0.0031366871338458524,True,True,True,False,True,resampling interval exceeds resolution threshold,0.006901010384271822,0.034999999999999996,False
P2,Profile initialization only,restricted_learned,20261403,20260905,20261003,0.41999999999999993,0.34432393312454224,0.3398013036044313,0.33199999999999996,0.313,0.3721,0.059099999999999986,identifiable,1.480200860848781e-05,0.002378467450285317,True,True,True,True,False,accepted,0.0045226295201109545,0.034999999999999996,False
P2,Profile initialization only,restricted_learned,20261403,20260905,20261003,0.49,0.3474630117416382,0.3450282740744384,0.351,0.308975,0.3681499999999999,0.05917499999999992,identifiable,3.568934363974151e-05,0.0020095030725731282,True,True,True,True,False,accepted,0.00243473766719976,0.034999999999999996,False
P2,Profile initialization only,restricted_learned,20261403,20260905,20261003,0.5599999999999998,0.35040581226348877,0.3497472196340497,0.34199999999999997,0.316,0.380025,0.064025,identifiable,1.7964537272068238e-05,0.002193630490840619,True,True,True,True,False,accepted,0.0006585926294390698,0.034999999999999996,False
P2,Profile initialization only,restricted_learned,20261403,20260905,20261003,0.6299999999999999,0.3531613051891327,0.3539620181344406,0.367,0.3439,0.396025,0.05212500000000003,identifiable,3.63154044262341e-05,0.0020858117281550305,True,True,True,True,False,accepted,0.0008007129453079243,0.034999999999999996,False
P2,Profile initialization only,restricted_learned,20261403,20260905,20261003,0.7,0.3557392954826355,0.357690580326136,0.354,0.33797499999999997,0.428175,0.0902,weakly identifiable / abstain,7.610368615149202e-06,0.0041758638305439385,True,True,True,False,True,resampling interval exceeds resolution threshold,0.0019512848435004893,0.034999999999999996,False
P3,Anchor loss only,restricted_learned,20261403,20260905,20261003,-0.7,0.24253803491592407,0.242309419673864,0.22299999999999998,0.180875,0.25717499999999993,0.07629999999999992,identifiable,1.9082407623208968e-05,0.0023009945213233185,True,True,True,True,False,accepted,0.00022861524206008177,0.034999999999999996,False
P3,Anchor loss only,restricted_learned,20261403,20260905,20261003,-0.63,0.24840916693210602,0.24603798186555936,0.255,0.186975,0.275075,0.08810000000000001,identifiable,0.00015375180241706952,0.002814067601410951,True,True,True,True,False,accepted,0.002371185066546655,0.034999999999999996,False
P3,Anchor loss only,restricted_learned,20261403,20260905,20261003,-0.5599999999999999,0.254770964384079,0.2502527803659503,0.316,0.209925,0.37342499999999984,0.16349999999999984,weakly identifiable / abstain,0.0005076953173407444,0.004015197362055056,True,True,True,False,True,resampling interval exceeds resolution threshold,0.004518184018128701,0.034999999999999996,False
P3,Anchor loss only,restricted_learned,20261403,20260905,20261003,-0.49,0.26155275106430054,0.25497172592556155,0.214,0.17195,0.2633249999999999,0.09137499999999993,weakly identifiable / abstain,0.0001184109022790864,0.002652867876827601,True,True,True,False,True,resampling interval exceeds resolution threshold,0.006581025138738983,0.034999999999999996,False
P3,Anchor loss only,restricted_learned,20261403,20260905,20261003,-0.42,0.26865702867507935,0.2601986963955687,0.252,0.19490000000000002,0.28427499999999994,0.08937499999999993,identifiable,2.3563635976804952e-05,0.002699311391056441,True,True,True,True,False,accepted,0.00845833227951065,0.034999999999999996,False
P3,Anchor loss only,restricted_learned,20261403,20260905,20261003,-0.35,0.2759680151939392,0.2659199739596349,0.22699999999999998,0.189975,0.27005,0.08007500000000001,identifiable,0.00014089517041291608,0.0021571610748129114,False,True,True,False,True,neural delay outside resampling minimizer interval,0.010048041234304306,0.034999999999999996,False
P3,Anchor loss only,restricted_learned,20261403,20260905,20261003,-0.28,0.2833629250526428,0.27210140271960986,0.27,0.22497499999999998,0.303025,0.07805000000000001,identifiable,1.1314386163756222e-05,0.0021537188063661494,True,True,True,True,False,accepted,0.011261522333032958,0.034999999999999996,False
P3,Anchor loss only,restricted_learned,20261403,20260905,20261003,-0.21000000000000002,0.29072344303131104,0.27868686984294644,0.254,0.222,0.28902500000000003,0.06702500000000003,identifiable,0.0001002721177291948,0.002018085504264781,False,True,True,False,True,neural delay outside resampling minimizer interval,0.012036573188364597,0.034999999999999996,False
P3,Anchor loss only,restricted_learned,20261403,20260905,20261003,-0.14,0.29794496297836304,0.2855986599633792,0.29400000000000004,0.246975,0.33199999999999996,0.08502499999999996,identifiable,0.00011704971625581888,0.0021366897362879063,True,True,True,True,False,accepted,0.01234630301498385,0.034999999999999996,False
P3,Anchor loss only,restricted_learned,20261403,20260905,20261003,-0.07000000000000006,0.30494195222854614,0.2927400288856012,0.299,0.24795,0.32904999999999995,0.08109999999999995,identifiable,4.093834370506129e-05,0.0025689161595566514,True,True,True,True,False,accepted,0.012201923342944954,0.034999999999999996,False
P3,Anchor loss only,restricted_learned,20261403,20260905,20261003,0.0,0.3116498589515686,0.3,0.318,0.26695,0.3482249999999999,0.08127499999999988,identifiable,5.0450963131164144e-05,0.002499066004878754,True,True,True,True,False,accepted,0.011649858951568615,0.034999999999999996,False
P3,Anchor loss only,restricted_learned,20261403,20260905,20261003,0.06999999999999995,0.31802433729171753,0.3072599711143988,0.317,0.26495,0.352,0.08704999999999996,identifiable,6.223197866652202e-05,0.0026136155540043117,True,True,True,True,False,accepted,0.01076436617731874,0.034999999999999996,False
P3,Anchor loss only,restricted_learned,20261403,20260905,20261003,0.1399999999999999,0.32403886318206787,0.3144013400366208,0.32699999999999996,0.274975,0.349025,0.07404999999999995,identifiable,0.00010779800558673717,0.002472965365203452,True,True,True,True,False,accepted,0.00963752314544708,0.034999999999999996,False
P3,Anchor loss only,restricted_learned,20261403,20260905,20261003,0.20999999999999996,0.3296816349029541,0.32131313015705354,0.346,0.27387500000000004,0.358075,0.08419999999999994,identifiable,6.726865471349805e-05,0.00314043673721036,True,True,True,True,False,accepted,0.008368504745900562,0.034999999999999996,False
P3,Anchor loss only,restricted_learned,20261403,20260905,20261003,0.2799999999999999,0.3349524438381195,0.3278985972803901,0.33699999999999997,0.28400000000000003,0.366075,0.08207499999999995,identifiable,5.476963891099579e-05,0.0023783118517428994,True,True,True,True,False,accepted,0.007053846557729393,0.034999999999999996,False
P3,Anchor loss only,restricted_learned,20261403,20260905,20261003,0.34999999999999987,0.33985984325408936,0.334080026040365,0.364,0.2998,0.40705,0.10725000000000001,weakly identifiable / abstain,0.00018327967012979452,0.0031366871338458524,True,True,True,False,True,resampling interval exceeds resolution threshold,0.005779817213724336,0.034999999999999996,False
P3,Anchor loss only,restricted_learned,20261403,20260905,20261003,0.41999999999999993,0.3444187045097351,0.3398013036044313,0.33199999999999996,0.313,0.3721,0.059099999999999986,identifiable,1.4953726899488332e-05,0.002378467450285317,True,True,True,True,False,accepted,0.004617400905303826,0.034999999999999996,False
P3,Anchor loss only,restricted_learned,20261403,20260905,20261003,0.49,0.3486482501029968,0.3450282740744384,0.351,0.308975,0.3681499999999999,0.05917499999999992,identifiable,3.523640792477731e-05,0.0020095030725731282,True,True,True,True,False,accepted,0.0036199760285584026,0.034999999999999996,False
P3,Anchor loss only,restricted_learned,20261403,20260905,20261003,0.5599999999999998,0.35257017612457275,0.3497472196340497,0.34199999999999997,0.316,0.380025,0.064025,identifiable,2.0798858737659923e-05,0.002193630490840619,True,True,True,True,False,accepted,0.002822956490523054,0.034999999999999996,False
P3,Anchor loss only,restricted_learned,20261403,20260905,20261003,0.6299999999999999,0.3562074899673462,0.3539620181344406,0.367,0.3439,0.396025,0.05212500000000003,identifiable,3.102117259141156e-05,0.0020858117281550305,True,True,True,True,False,accepted,0.0022454718329055767,0.034999999999999996,False
P3,Anchor loss only,restricted_learned,20261403,20260905,20261003,0.7,0.3595835268497467,0.357690580326136,0.354,0.33797499999999997,0.428175,0.0902,weakly identifiable / abstain,9.356723164689117e-06,0.0041758638305439385,True,True,True,False,True,resampling interval exceeds resolution threshold,0.0018929465236107168,0.034999999999999996,False
P4,Restricted rollout-only,restricted_learned,20261403,20260905,20261003,-0.7,0.2809140086174011,0.242309419673864,0.22299999999999998,0.180875,0.25717499999999993,0.07629999999999992,identifiable,0.0001350045864233267,0.0023009945213233185,False,True,True,False,True,neural delay outside resampling minimizer interval,0.03860458894353713,0.034999999999999996,False
P4,Restricted rollout-only,restricted_learned,20261403,20260905,20261003,-0.63,0.2848513424396515,0.24603798186555936,0.255,0.186975,0.275075,0.08810000000000001,identifiable,0.00019057900610298237,0.002814067601410951,False,True,True,False,True,neural delay outside resampling minimizer interval,0.038813360574092126,0.034999999999999996,False
P4,Restricted rollout-only,restricted_learned,20261403,20260905,20261003,-0.5599999999999999,0.28897660970687866,0.2502527803659503,0.316,0.209925,0.37342499999999984,0.16349999999999984,weakly identifiable / abstain,0.00040127999263940843,0.004015197362055056,True,True,True,False,True,resampling interval exceeds resolution threshold,0.038723829340928384,0.034999999999999996,False
P4,Restricted rollout-only,restricted_learned,20261403,20260905,20261003,-0.49,0.2932698130607605,0.25497172592556155,0.214,0.17195,0.2633249999999999,0.09137499999999993,weakly identifiable / abstain,0.0002843520271293342,0.002652867876827601,False,True,True,False,True,resampling interval exceeds resolution threshold,0.038298087135198944,0.034999999999999996,False
P4,Restricted rollout-only,restricted_learned,20261403,20260905,20261003,-0.42,0.29770535230636597,0.2601986963955687,0.252,0.19490000000000002,0.28427499999999994,0.08937499999999993,identifiable,0.00010472250567907501,0.002699311391056441,False,True,True,False,True,neural delay outside resampling minimizer interval,0.03750665591079727,0.034999999999999996,False
P4,Restricted rollout-only,restricted_learned,20261403,20260905,20261003,-0.35,0.3022526502609253,0.2659199739596349,0.22699999999999998,0.189975,0.27005,0.08007500000000001,identifiable,0.0002865102357241307,0.0021571610748129114,False,True,True,False,True,neural delay outside resampling minimizer interval,0.03633267630129039,0.034999999999999996,False
P4,Restricted rollout-only,restricted_learned,20261403,20260905,20261003,-0.28,0.306877076625824,0.27210140271960986,0.27,0.22497499999999998,0.303025,0.07805000000000001,identifiable,7.135937112278896e-05,0.0021537188063661494,False,True,True,False,True,neural delay outside resampling minimizer interval,0.03477567390621411,0.034999999999999996,False
P4,Restricted rollout-only,restricted_learned,20261403,20260905,20261003,-0.21000000000000002,0.3115411102771759,0.27868686984294644,0.254,0.222,0.28902500000000003,0.06702500000000003,identifiable,0.00019687209947053165,0.002018085504264781,False,True,True,False,True,neural delay outside resampling minimizer interval,0.032854240434229465,0.034999999999999996,False
P4,Restricted rollout-only,restricted_learned,20261403,20260905,20261003,-0.14,0.31620585918426514,0.2855986599633792,0.29400000000000004,0.246975,0.33199999999999996,0.08502499999999996,identifiable,0.00013871145063856595,0.0021366897362879063,True,True,True,True,False,accepted,0.03060719922088595,0.034999999999999996,False
P4,Restricted rollout-only,restricted_learned,20261403,20260905,20261003,-0.07000000000000006,0.3208327889442444,0.2927400288856012,0.299,0.24795,0.32904999999999995,0.08109999999999995,identifiable,6.476825594257233e-05,0.0025689161595566514,True,True,True,True,False,accepted,0.028092760058643196,0.034999999999999996,False
P4,Restricted rollout-only,restricted_learned,20261403,20260905,20261003,0.0,0.32538536190986633,0.3,0.318,0.26695,0.3482249999999999,0.08127499999999988,identifiable,5.1585891662623716e-05,0.002499066004878754,True,True,True,True,False,accepted,0.025385361909866344,0.034999999999999996,False
P4,Restricted rollout-only,restricted_learned,20261403,20260905,20261003,0.06999999999999995,0.32983022928237915,0.3072599711143988,0.317,0.26495,0.352,0.08704999999999996,identifiable,7.221391801807473e-05,0.0026136155540043117,True,True,True,True,False,accepted,0.02257025816798036,0.034999999999999996,False
P4,Restricted rollout-only,restricted_learned,20261403,20260905,20261003,0.1399999999999999,0.33413851261138916,0.3144013400366208,0.32699999999999996,0.274975,0.349025,0.07404999999999995,identifiable,0.00010983936485232736,0.002472965365203452,True,True,True,True,False,accepted,0.01973717257476837,0.034999999999999996,False
P4,Restricted rollout-only,restricted_learned,20261403,20260905,20261003,0.20999999999999996,0.3382863700389862,0.32131313015705354,0.346,0.27387500000000004,0.358075,0.08419999999999994,identifiable,5.47876699446875e-05,0.00314043673721036,True,True,True,True,False,accepted,0.016973239881932667,0.034999999999999996,False
P4,Restricted rollout-only,restricted_learned,20261403,20260905,20261003,0.2799999999999999,0.3422554135322571,0.3278985972803901,0.33699999999999997,0.28400000000000003,0.366075,0.08207499999999995,identifiable,5.625877761430775e-05,0.0023783118517428994,True,True,True,True,False,accepted,0.014356816251866966,0.034999999999999996,False
P4,Restricted rollout-only,restricted_learned,20261403,20260905,20261003,0.34999999999999987,0.3460325598716736,0.334080026040365,0.364,0.2998,0.40705,0.10725000000000001,weakly identifiable / abstain,0.00016717575124944816,0.0031366871338458524,True,True,True,False,True,resampling interval exceeds resolution threshold,0.011952533831308565,0.034999999999999996,False
P4,Restricted rollout-only,restricted_learned,20261403,20260905,20261003,0.41999999999999993,0.34960973262786865,0.3398013036044313,0.33199999999999996,0.313,0.3721,0.059099999999999986,identifiable,2.4964865166599824e-05,0.002378467450285317,True,True,True,True,False,accepted,0.00980842902343737,0.034999999999999996,False
P4,Restricted rollout-only,restricted_learned,20261403,20260905,20261003,0.49,0.3529834747314453,0.3450282740744384,0.351,0.308975,0.3681499999999999,0.05917499999999992,identifiable,3.519364451154555e-05,0.0020095030725731282,True,True,True,True,False,accepted,0.007955200657006889,0.034999999999999996,False
P4,Restricted rollout-only,restricted_learned,20261403,20260905,20261003,0.5599999999999998,0.356154203414917,0.3497472196340497,0.34199999999999997,0.316,0.380025,0.064025,identifiable,2.6840515996394945e-05,0.002193630490840619,True,True,True,True,False,accepted,0.0064069837808672925,0.034999999999999996,False
P4,Restricted rollout-only,restricted_learned,20261403,20260905,20261003,0.6299999999999999,0.35912540555000305,0.3539620181344406,0.367,0.3439,0.396025,0.05212500000000003,identifiable,2.7175307044791227e-05,0.0020858117281550305,True,True,True,True,False,accepted,0.005163387415562437,0.034999999999999996,False
P4,Restricted rollout-only,restricted_learned,20261403,20260905,20261003,0.7,0.3619033098220825,0.357690580326136,0.354,0.33797499999999997,0.428175,0.0902,weakly identifiable / abstain,1.1347165058374141e-05,0.0041758638305439385,True,True,True,False,True,resampling interval exceeds resolution threshold,0.004212729495946532,0.034999999999999996,False
