state,candidate_delay,profile_value,empirical_set_member
-0.7,0.15,0.0,True
-0.7,0.151,0.0,True
-0.7,0.152,0.0,True
-0.7,0.153,0.0,True
-0.7,0.154,0.0,True
-0.7,0.155,0.0,True
-0.7,0.156,0.0,True
-0.7,0.157,0.0,True
-0.7,0.158,0.0,True
-0.7,0.159,0.0,True
-0.7,0.16,0.0,True
-0.7,0.161,0.0,True
-0.7,0.162,0.0,True
-0.7,0.163,0.0,True
-0.7,0.164,0.0,True
-0.7,0.16499999999999998,0.0,True
-0.7,0.16599999999999998,0.0,True
-0.7,0.16699999999999998,0.0,True
-0.7,0.16799999999999998,0.0,True
-0.7,0.16899999999999998,0.0,True
-0.7,0.16999999999999998,0.0,True
-0.7,0.17099999999999999,0.0,True
-0.7,0.172,0.0,True
-0.7,0.173,0.0,True
-0.7,0.174,0.0,True
-0.7,0.175,0.0,True
-0.7,0.176,0.0,True
-0.7,0.177,0.0,True
-0.7,0.178,0.0,True
-0.7,0.179,0.0,True
-0.7,0.18,0.0,True
-0.7,0.181,0.0,True
-0.7,0.182,0.0,True
-0.7,0.183,0.0,True
-0.7,0.184,0.0,True
-0.7,0.185,0.0,True
-0.7,0.186,0.0,True
-0.7,0.187,0.0,True
-0.7,0.188,0.0,True
-0.7,0.189,0.0,True
-0.7,0.19,0.0,True
-0.7,0.191,0.0,True
-0.7,0.192,0.0,True
-0.7,0.193,0.0,True
-0.7,0.194,0.0,True
-0.7,0.195,0.0,True
-0.7,0.196,0.0,True
-0.7,0.197,0.0,True
-0.7,0.198,0.0,True
-0.7,0.199,0.0,True
-0.7,0.2,0.0,True
-0.7,0.201,0.0,True
-0.7,0.202,0.0,True
-0.7,0.20299999999999999,0.0,True
-0.7,0.204,0.0,True
-0.7,0.205,0.0,True
-0.7,0.206,0.0,True
-0.7,0.207,0.0,True
-0.7,0.208,0.0,True
-0.7,0.209,0.0,True
-0.7,0.21,0.0,True
-0.7,0.211,0.0,True
-0.7,0.212,0.0,True
-0.7,0.213,0.0,True
-0.7,0.214,0.0,True
-0.7,0.215,0.0,True
-0.7,0.216,0.0,True
-0.7,0.217,0.0,True
-0.7,0.218,0.0,True
-0.7,0.219,0.0,True
-0.7,0.22,0.0,True
-0.7,0.221,0.0,True
-0.7,0.222,0.0,True
-0.7,0.22299999999999998,0.0,True
-0.7,0.22399999999999998,0.0,True
-0.7,0.22499999999999998,0.0,True
-0.7,0.22599999999999998,0.0,True
-0.7,0.22699999999999998,0.0,True
-0.7,0.22799999999999998,0.0,True
-0.7,0.22899999999999998,0.0,True
-0.7,0.22999999999999998,0.0,True
-0.7,0.23099999999999998,0.0,True
-0.7,0.23199999999999998,0.0,True
-0.7,0.23299999999999998,0.0,True
-0.7,0.23399999999999999,0.0,True
-0.7,0.235,0.0,True
-0.7,0.236,0.0,True
-0.7,0.237,0.0,True
-0.7,0.238,0.0,True
-0.7,0.239,0.0,True
-0.7,0.24,0.0,True
-0.7,0.241,0.0,True
-0.7,0.242,0.0,True
-0.7,0.243,0.0,True
-0.7,0.244,0.0,True
-0.7,0.245,0.0,True
-0.7,0.246,0.0,True
-0.7,0.247,0.0,True
-0.7,0.248,0.0,True
-0.7,0.249,0.0,True
-0.7,0.25,0.0,True
-0.7,0.251,0.0,True
-0.7,0.252,0.0,True
-0.7,0.253,0.0,True
-0.7,0.254,0.0,True
-0.7,0.255,0.0,True
-0.7,0.256,0.0,True
-0.7,0.257,0.0,True
-0.7,0.258,0.0,True
-0.7,0.259,0.0,True
-0.7,0.26,0.0,True
-0.7,0.261,0.0,True
-0.7,0.262,0.0,True
-0.7,0.263,0.0,True
-0.7,0.264,0.0,True
-0.7,0.265,0.0,True
-0.7,0.266,0.0,True
-0.7,0.267,0.0,True
-0.7,0.268,0.0,True
-0.7,0.269,0.0,True
-0.7,0.27,0.0,True
-0.7,0.271,0.0,True
-0.7,0.272,0.0,True
-0.7,0.273,0.0,True
-0.7,0.274,0.0,True
-0.7,0.275,0.0,True
-0.7,0.276,0.0,True
-0.7,0.277,0.0,True
-0.7,0.278,0.0,True
-0.7,0.279,0.0,True
-0.7,0.28,0.0,True
-0.7,0.281,0.0,True
-0.7,0.28200000000000003,0.0,True
-0.7,0.28300000000000003,0.0,True
-0.7,0.28400000000000003,0.0,True
-0.7,0.28500000000000003,0.0,True
-0.7,0.28600000000000003,0.0,True
-0.7,0.28700000000000003,0.0,True
-0.7,0.28800000000000003,0.0,True
-0.7,0.28900000000000003,0.0,True
-0.7,0.29000000000000004,0.0,True
-0.7,0.29100000000000004,0.0,True
-0.7,0.29200000000000004,0.0,True
-0.7,0.29300000000000004,0.0,True
-0.7,0.29400000000000004,0.0,True
-0.7,0.295,0.0,True
-0.7,0.296,0.0,True
-0.7,0.297,0.0,True
-0.7,0.298,0.0,True
-0.7,0.299,0.0,True
-0.7,0.3,0.0,True
-0.7,0.301,0.0,True
-0.7,0.302,0.0,True
-0.7,0.303,0.0,True
-0.7,0.304,0.0,True
-0.7,0.305,0.0,True
-0.7,0.306,0.0,True
-0.7,0.307,0.0,True
-0.7,0.308,0.0,True
-0.7,0.309,0.0,True
-0.7,0.31,0.0,True
-0.7,0.311,0.0,True
-0.7,0.312,0.0,True
-0.7,0.313,0.0,True
-0.7,0.314,0.0,True
-0.7,0.315,0.0,True
-0.7,0.316,0.0,True
-0.7,0.317,0.0,True
-0.7,0.318,0.0,True
-0.7,0.319,0.0,True
-0.7,0.32,0.0,True
-0.7,0.321,0.0,True
-0.7,0.322,0.0,True
-0.7,0.323,0.0,True
-0.7,0.324,0.0,True
-0.7,0.325,0.0,True
-0.7,0.32599999999999996,0.0,True
-0.7,0.32699999999999996,0.0,True
-0.7,0.32799999999999996,0.0,True
-0.7,0.32899999999999996,0.0,True
-0.7,0.32999999999999996,0.0,True
-0.7,0.33099999999999996,0.0,True
-0.7,0.33199999999999996,0.0,True
-0.7,0.33299999999999996,0.0,True
-0.7,0.33399999999999996,0.0,True
-0.7,0.33499999999999996,0.0,True
-0.7,0.33599999999999997,0.0,True
-0.7,0.33699999999999997,0.0,True
-0.7,0.33799999999999997,0.0,True
-0.7,0.33899999999999997,0.0,True
-0.7,0.33999999999999997,0.0,True
-0.7,0.34099999999999997,0.0,True
-0.7,0.34199999999999997,0.0,True
-0.7,0.34299999999999997,0.0,True
-0.7,0.344,0.0,True
-0.7,0.345,0.0,True
-0.7,0.346,0.0,True
-0.7,0.347,0.0,True
-0.7,0.348,0.0,True
-0.7,0.349,0.0,True
-0.7,0.35,0.0,True
-0.7,0.351,0.0,True
-0.7,0.352,0.0,True
-0.7,0.353,0.0,True
-0.7,0.354,0.0,True
-0.7,0.355,0.0,True
-0.7,0.356,0.0,True
-0.7,0.357,0.0,True
-0.7,0.358,0.0,True
-0.7,0.359,0.0,True
-0.7,0.36,0.0,True
-0.7,0.361,0.0,True
-0.7,0.362,0.0,True
-0.7,0.363,0.0,True
-0.7,0.364,0.0,True
-0.7,0.365,0.0,True
-0.7,0.366,0.0,True
-0.7,0.367,0.0,True
-0.7,0.368,0.0,True
-0.7,0.369,0.0,True
-0.7,0.37,0.0,True
-0.7,0.371,0.0,True
-0.7,0.372,0.0,True
-0.7,0.373,0.0,True
-0.7,0.374,0.0,True
-0.7,0.375,0.0,True
-0.7,0.376,0.0,True
-0.7,0.377,0.0,True
-0.7,0.378,0.0,True
-0.7,0.379,0.0,True
-0.7,0.38,0.0,True
-0.7,0.381,0.0,True
-0.7,0.382,0.0,True
-0.7,0.383,0.0,True
-0.7,0.384,0.0,True
-0.7,0.385,0.0,True
-0.7,0.386,0.0,True
-0.7,0.387,0.0,True
-0.7,0.388,0.0,True
-0.7,0.389,0.0,True
-0.7,0.39,0.0,True
-0.7,0.391,0.0,True
-0.7,0.392,0.0,True
-0.7,0.393,0.0,True
-0.7,0.394,0.0,True
-0.7,0.395,0.0,True
-0.7,0.396,0.0,True
-0.7,0.397,0.0,True
-0.7,0.398,0.0,True
-0.7,0.399,0.0,True
-0.7,0.4,0.0,True
-0.7,0.401,0.0,True
-0.7,0.402,0.0,True
-0.7,0.403,0.0,True
-0.7,0.404,0.0,True
-0.7,0.405,0.0,True
-0.7,0.406,0.0,True
-0.7,0.40700000000000003,0.0,True
-0.7,0.40800000000000003,0.0,True
-0.7,0.40900000000000003,0.0,True
-0.7,0.41000000000000003,0.0,True
-0.7,0.41100000000000003,0.0,True
-0.7,0.41200000000000003,0.0,True
-0.7,0.41300000000000003,0.0,True
-0.7,0.41400000000000003,0.0,True
-0.7,0.41500000000000004,0.0,True
-0.7,0.41600000000000004,0.0,True
-0.7,0.41700000000000004,0.0,True
-0.7,0.41800000000000004,0.0,True
-0.7,0.41900000000000004,0.0,True
-0.7,0.42000000000000004,0.0,True
-0.7,0.42100000000000004,0.0,True
-0.7,0.42200000000000004,0.0,True
-0.7,0.42300000000000004,0.0,True
-0.7,0.42400000000000004,0.0,True
-0.7,0.42500000000000004,0.0,True
-0.7,0.42600000000000005,0.0,True
-0.7,0.42700000000000005,0.0,True
-0.7,0.42800000000000005,0.0,True
-0.7,0.42900000000000005,0.0,True
-0.7,0.43000000000000005,0.0,True
-0.7,0.43100000000000005,0.0,True
-0.7,0.43200000000000005,0.0,True
-0.7,0.43300000000000005,0.0,True
-0.7,0.43400000000000005,0.0,True
-0.7,0.43500000000000005,0.0,True
-0.7,0.43600000000000005,0.0,True
-0.7,0.43700000000000006,0.0,True
-0.7,0.43800000000000006,0.0,True
-0.7,0.43899999999999995,0.0,True
-0.7,0.43999999999999995,0.0,True
-0.7,0.44099999999999995,0.0,True
-0.7,0.44199999999999995,0.0,True
-0.7,0.44299999999999995,0.0,True
-0.7,0.44399999999999995,0.0,True
-0.7,0.44499999999999995,0.0,True
-0.7,0.44599999999999995,0.0,True
-0.7,0.44699999999999995,0.0,True
-0.7,0.44799999999999995,0.0,True
-0.7,0.44899999999999995,0.0,True
-0.7,0.44999999999999996,0.0,True
-0.7,0.45099999999999996,0.0,True
-0.7,0.45199999999999996,0.0,True
-0.7,0.45299999999999996,0.0,True
-0.7,0.45399999999999996,0.0,True
-0.7,0.45499999999999996,0.0,True
-0.7,0.45599999999999996,0.0,True
-0.7,0.45699999999999996,0.0,True
-0.7,0.45799999999999996,0.0,True
-0.7,0.45899999999999996,0.0,True
-0.7,0.45999999999999996,0.0,True
-0.7,0.46099999999999997,0.0,True
-0.7,0.46199999999999997,0.0,True
-0.7,0.46299999999999997,0.0,True
-0.7,0.46399999999999997,0.0,True
-0.7,0.46499999999999997,0.0,True
-0.7,0.46599999999999997,0.0,True
-0.7,0.46699999999999997,0.0,True
-0.7,0.46799999999999997,0.0,True
-0.7,0.469,0.0,True
-0.7,0.47,0.0,True
-0.7,0.471,0.0,True
-0.7,0.472,0.0,True
-0.7,0.473,0.0,True
-0.7,0.474,0.0,True
-0.7,0.475,0.0,True
-0.7,0.476,0.0,True
-0.7,0.477,0.0,True
-0.7,0.478,0.0,True
-0.7,0.479,0.0,True
-0.7,0.48,0.0,True
-0.7,0.481,0.0,True
-0.7,0.482,0.0,True
-0.7,0.483,0.0,True
-0.7,0.484,0.0,True
-0.7,0.485,0.0,True
-0.7,0.486,0.0,True
-0.7,0.487,0.0,True
-0.7,0.488,0.0,True
-0.7,0.489,0.0,True
-0.7,0.49,0.0,True
-0.7,0.491,0.0,True
-0.7,0.492,0.0,True
-0.7,0.493,0.0,True
-0.7,0.494,0.0,True
-0.7,0.495,0.0,True
-0.7,0.496,0.0,True
-0.7,0.497,0.0,True
-0.7,0.498,0.0,True
-0.7,0.499,0.0,True
-0.7,0.5,0.0,True
-0.63,0.15,0.0,True
-0.63,0.151,0.0,True
-0.63,0.152,0.0,True
-0.63,0.153,0.0,True
-0.63,0.154,0.0,True
-0.63,0.155,0.0,True
-0.63,0.156,0.0,True
-0.63,0.157,0.0,True
-0.63,0.158,0.0,True
-0.63,0.159,0.0,True
-0.63,0.16,0.0,True
-0.63,0.161,0.0,True
-0.63,0.162,0.0,True
-0.63,0.163,0.0,True
-0.63,0.164,0.0,True
-0.63,0.16499999999999998,0.0,True
-0.63,0.16599999999999998,0.0,True
-0.63,0.16699999999999998,0.0,True
-0.63,0.16799999999999998,0.0,True
-0.63,0.16899999999999998,0.0,True
-0.63,0.16999999999999998,0.0,True
-0.63,0.17099999999999999,0.0,True
-0.63,0.172,0.0,True
-0.63,0.173,0.0,True
-0.63,0.174,0.0,True
-0.63,0.175,0.0,True
-0.63,0.176,0.0,True
-0.63,0.177,0.0,True
-0.63,0.178,0.0,True
-0.63,0.179,0.0,True
-0.63,0.18,0.0,True
-0.63,0.181,0.0,True
-0.63,0.182,0.0,True
-0.63,0.183,0.0,True
-0.63,0.184,0.0,True
-0.63,0.185,0.0,True
-0.63,0.186,0.0,True
-0.63,0.187,0.0,True
-0.63,0.188,0.0,True
-0.63,0.189,0.0,True
-0.63,0.19,0.0,True
-0.63,0.191,0.0,True
-0.63,0.192,0.0,True
-0.63,0.193,0.0,True
-0.63,0.194,0.0,True
-0.63,0.195,0.0,True
-0.63,0.196,0.0,True
-0.63,0.197,0.0,True
-0.63,0.198,0.0,True
-0.63,0.199,0.0,True
-0.63,0.2,0.0,True
-0.63,0.201,0.0,True
-0.63,0.202,0.0,True
-0.63,0.20299999999999999,0.0,True
-0.63,0.204,0.0,True
-0.63,0.205,0.0,True
-0.63,0.206,0.0,True
-0.63,0.207,0.0,True
-0.63,0.208,0.0,True
-0.63,0.209,0.0,True
-0.63,0.21,0.0,True
-0.63,0.211,0.0,True
-0.63,0.212,0.0,True
-0.63,0.213,0.0,True
-0.63,0.214,0.0,True
-0.63,0.215,0.0,True
-0.63,0.216,0.0,True
-0.63,0.217,0.0,True
-0.63,0.218,0.0,True
-0.63,0.219,0.0,True
-0.63,0.22,0.0,True
-0.63,0.221,0.0,True
-0.63,0.222,0.0,True
-0.63,0.22299999999999998,0.0,True
-0.63,0.22399999999999998,0.0,True
-0.63,0.22499999999999998,0.0,True
-0.63,0.22599999999999998,0.0,True
-0.63,0.22699999999999998,0.0,True
-0.63,0.22799999999999998,0.0,True
-0.63,0.22899999999999998,0.0,True
-0.63,0.22999999999999998,0.0,True
-0.63,0.23099999999999998,0.0,True
-0.63,0.23199999999999998,0.0,True
-0.63,0.23299999999999998,0.0,True
-0.63,0.23399999999999999,0.0,True
-0.63,0.235,0.0,True
-0.63,0.236,0.0,True
-0.63,0.237,0.0,True
-0.63,0.238,0.0,True
-0.63,0.239,0.0,True
-0.63,0.24,0.0,True
-0.63,0.241,0.0,True
-0.63,0.242,0.0,True
-0.63,0.243,0.0,True
-0.63,0.244,0.0,True
-0.63,0.245,0.0,True
-0.63,0.246,0.0,True
-0.63,0.247,0.0,True
-0.63,0.248,0.0,True
-0.63,0.249,0.0,True
-0.63,0.25,0.0,True
-0.63,0.251,0.0,True
-0.63,0.252,0.0,True
-0.63,0.253,0.0,True
-0.63,0.254,0.0,True
-0.63,0.255,0.0,True
-0.63,0.256,0.0,True
-0.63,0.257,0.0,True
-0.63,0.258,0.0,True
-0.63,0.259,0.0,True
-0.63,0.26,0.0,True
-0.63,0.261,0.0,True
-0.63,0.262,0.0,True
-0.63,0.263,0.0,True
-0.63,0.264,0.0,True
-0.63,0.265,0.0,True
-0.63,0.266,0.0,True
-0.63,0.267,0.0,True
-0.63,0.268,0.0,True
-0.63,0.269,0.0,True
-0.63,0.27,0.0,True
-0.63,0.271,0.0,True
-0.63,0.272,0.0,True
-0.63,0.273,0.0,True
-0.63,0.274,0.0,True
-0.63,0.275,0.0,True
-0.63,0.276,0.0,True
-0.63,0.277,0.0,True
-0.63,0.278,0.0,True
-0.63,0.279,0.0,True
-0.63,0.28,0.0,True
-0.63,0.281,0.0,True
-0.63,0.28200000000000003,0.0,True
-0.63,0.28300000000000003,0.0,True
-0.63,0.28400000000000003,0.0,True
-0.63,0.28500000000000003,0.0,True
-0.63,0.28600000000000003,0.0,True
-0.63,0.28700000000000003,0.0,True
-0.63,0.28800000000000003,0.0,True
-0.63,0.28900000000000003,0.0,True
-0.63,0.29000000000000004,0.0,True
-0.63,0.29100000000000004,0.0,True
-0.63,0.29200000000000004,0.0,True
-0.63,0.29300000000000004,0.0,True
-0.63,0.29400000000000004,0.0,True
-0.63,0.295,0.0,True
-0.63,0.296,0.0,True
-0.63,0.297,0.0,True
-0.63,0.298,0.0,True
-0.63,0.299,0.0,True
-0.63,0.3,0.0,True
-0.63,0.301,0.0,True
-0.63,0.302,0.0,True
-0.63,0.303,0.0,True
-0.63,0.304,0.0,True
-0.63,0.305,0.0,True
-0.63,0.306,0.0,True
-0.63,0.307,0.0,True
-0.63,0.308,0.0,True
-0.63,0.309,0.0,True
-0.63,0.31,0.0,True
-0.63,0.311,0.0,True
-0.63,0.312,0.0,True
-0.63,0.313,0.0,True
-0.63,0.314,0.0,True
-0.63,0.315,0.0,True
-0.63,0.316,0.0,True
-0.63,0.317,0.0,True
-0.63,0.318,0.0,True
-0.63,0.319,0.0,True
-0.63,0.32,0.0,True
-0.63,0.321,0.0,True
-0.63,0.322,0.0,True
-0.63,0.323,0.0,True
-0.63,0.324,0.0,True
-0.63,0.325,0.0,True
-0.63,0.32599999999999996,0.0,True
-0.63,0.32699999999999996,0.0,True
-0.63,0.32799999999999996,0.0,True
-0.63,0.32899999999999996,0.0,True
-0.63,0.32999999999999996,0.0,True
-0.63,0.33099999999999996,0.0,True
-0.63,0.33199999999999996,0.0,True
-0.63,0.33299999999999996,0.0,True
-0.63,0.33399999999999996,0.0,True
-0.63,0.33499999999999996,0.0,True
-0.63,0.33599999999999997,0.0,True
-0.63,0.33699999999999997,0.0,True
-0.63,0.33799999999999997,0.0,True
-0.63,0.33899999999999997,0.0,True
-0.63,0.33999999999999997,0.0,True
-0.63,0.34099999999999997,0.0,True
-0.63,0.34199999999999997,0.0,True
-0.63,0.34299999999999997,0.0,True
-0.63,0.344,0.0,True
-0.63,0.345,0.0,True
-0.63,0.346,0.0,True
-0.63,0.347,0.0,True
-0.63,0.348,0.0,True
-0.63,0.349,0.0,True
-0.63,0.35,0.0,True
-0.63,0.351,0.0,True
-0.63,0.352,0.0,True
-0.63,0.353,0.0,True
-0.63,0.354,0.0,True
-0.63,0.355,0.0,True
-0.63,0.356,0.0,True
-0.63,0.357,0.0,True
-0.63,0.358,0.0,True
-0.63,0.359,0.0,True
-0.63,0.36,0.0,True
-0.63,0.361,0.0,True
-0.63,0.362,0.0,True
-0.63,0.363,0.0,True
-0.63,0.364,0.0,True
-0.63,0.365,0.0,True
-0.63,0.366,0.0,True
-0.63,0.367,0.0,True
-0.63,0.368,0.0,True
-0.63,0.369,0.0,True
-0.63,0.37,0.0,True
-0.63,0.371,0.0,True
-0.63,0.372,0.0,True
-0.63,0.373,0.0,True
-0.63,0.374,0.0,True
-0.63,0.375,0.0,True
-0.63,0.376,0.0,True
-0.63,0.377,0.0,True
-0.63,0.378,0.0,True
-0.63,0.379,0.0,True
-0.63,0.38,0.0,True
-0.63,0.381,0.0,True
-0.63,0.382,0.0,True
-0.63,0.383,0.0,True
-0.63,0.384,0.0,True
-0.63,0.385,0.0,True
-0.63,0.386,0.0,True
-0.63,0.387,0.0,True
-0.63,0.388,0.0,True
-0.63,0.389,0.0,True
-0.63,0.39,0.0,True
-0.63,0.391,0.0,True
-0.63,0.392,0.0,True
-0.63,0.393,0.0,True
-0.63,0.394,0.0,True
-0.63,0.395,0.0,True
-0.63,0.396,0.0,True
-0.63,0.397,0.0,True
-0.63,0.398,0.0,True
-0.63,0.399,0.0,True
-0.63,0.4,0.0,True
-0.63,0.401,0.0,True
-0.63,0.402,0.0,True
-0.63,0.403,0.0,True
-0.63,0.404,0.0,True
-0.63,0.405,0.0,True
-0.63,0.406,0.0,True
-0.63,0.40700000000000003,0.0,True
-0.63,0.40800000000000003,0.0,True
-0.63,0.40900000000000003,0.0,True
-0.63,0.41000000000000003,0.0,True
-0.63,0.41100000000000003,0.0,True
-0.63,0.41200000000000003,0.0,True
-0.63,0.41300000000000003,0.0,True
-0.63,0.41400000000000003,0.0,True
-0.63,0.41500000000000004,0.0,True
-0.63,0.41600000000000004,0.0,True
-0.63,0.41700000000000004,0.0,True
-0.63,0.41800000000000004,0.0,True
-0.63,0.41900000000000004,0.0,True
-0.63,0.42000000000000004,0.0,True
-0.63,0.42100000000000004,0.0,True
-0.63,0.42200000000000004,0.0,True
-0.63,0.42300000000000004,0.0,True
-0.63,0.42400000000000004,0.0,True
-0.63,0.42500000000000004,0.0,True
-0.63,0.42600000000000005,0.0,True
-0.63,0.42700000000000005,0.0,True
-0.63,0.42800000000000005,0.0,True
-0.63,0.42900000000000005,0.0,True
-0.63,0.43000000000000005,0.0,True
-0.63,0.43100000000000005,0.0,True
-0.63,0.43200000000000005,0.0,True
-0.63,0.43300000000000005,0.0,True
-0.63,0.43400000000000005,0.0,True
-0.63,0.43500000000000005,0.0,True
-0.63,0.43600000000000005,0.0,True
-0.63,0.43700000000000006,0.0,True
-0.63,0.43800000000000006,0.0,True
-0.63,0.43899999999999995,0.0,True
-0.63,0.43999999999999995,0.0,True
-0.63,0.44099999999999995,0.0,True
-0.63,0.44199999999999995,0.0,True
-0.63,0.44299999999999995,0.0,True
-0.63,0.44399999999999995,0.0,True
-0.63,0.44499999999999995,0.0,True
-0.63,0.44599999999999995,0.0,True
-0.63,0.44699999999999995,0.0,True
-0.63,0.44799999999999995,0.0,True
-0.63,0.44899999999999995,0.0,True
-0.63,0.44999999999999996,0.0,True
-0.63,0.45099999999999996,0.0,True
-0.63,0.45199999999999996,0.0,True
-0.63,0.45299999999999996,0.0,True
-0.63,0.45399999999999996,0.0,True
-0.63,0.45499999999999996,0.0,True
-0.63,0.45599999999999996,0.0,True
-0.63,0.45699999999999996,0.0,True
-0.63,0.45799999999999996,0.0,True
-0.63,0.45899999999999996,0.0,True
-0.63,0.45999999999999996,0.0,True
-0.63,0.46099999999999997,0.0,True
-0.63,0.46199999999999997,0.0,True
-0.63,0.46299999999999997,0.0,True
-0.63,0.46399999999999997,0.0,True
-0.63,0.46499999999999997,0.0,True
-0.63,0.46599999999999997,0.0,True
-0.63,0.46699999999999997,0.0,True
-0.63,0.46799999999999997,0.0,True
-0.63,0.469,0.0,True
-0.63,0.47,0.0,True
-0.63,0.471,0.0,True
-0.63,0.472,0.0,True
-0.63,0.473,0.0,True
-0.63,0.474,0.0,True
-0.63,0.475,0.0,True
-0.63,0.476,0.0,True
-0.63,0.477,0.0,True
-0.63,0.478,0.0,True
-0.63,0.479,0.0,True
-0.63,0.48,0.0,True
-0.63,0.481,0.0,True
-0.63,0.482,0.0,True
-0.63,0.483,0.0,True
-0.63,0.484,0.0,True
-0.63,0.485,0.0,True
-0.63,0.486,0.0,True
-0.63,0.487,0.0,True
-0.63,0.488,0.0,True
-0.63,0.489,0.0,True
-0.63,0.49,0.0,True
-0.63,0.491,0.0,True
-0.63,0.492,0.0,True
-0.63,0.493,0.0,True
-0.63,0.494,0.0,True
-0.63,0.495,0.0,True
-0.63,0.496,0.0,True
-0.63,0.497,0.0,True
-0.63,0.498,0.0,True
-0.63,0.499,0.0,True
-0.63,0.5,0.0,True
-0.5599999999999999,0.15,0.0,True
-0.5599999999999999,0.151,0.0,True
-0.5599999999999999,0.152,0.0,True
-0.5599999999999999,0.153,0.0,True
-0.5599999999999999,0.154,0.0,True
-0.5599999999999999,0.155,0.0,True
-0.5599999999999999,0.156,0.0,True
-0.5599999999999999,0.157,0.0,True
-0.5599999999999999,0.158,0.0,True
-0.5599999999999999,0.159,0.0,True
-0.5599999999999999,0.16,0.0,True
-0.5599999999999999,0.161,0.0,True
-0.5599999999999999,0.162,0.0,True
-0.5599999999999999,0.163,0.0,True
-0.5599999999999999,0.164,0.0,True
-0.5599999999999999,0.16499999999999998,0.0,True
-0.5599999999999999,0.16599999999999998,0.0,True
-0.5599999999999999,0.16699999999999998,0.0,True
-0.5599999999999999,0.16799999999999998,0.0,True
-0.5599999999999999,0.16899999999999998,0.0,True
-0.5599999999999999,0.16999999999999998,0.0,True
-0.5599999999999999,0.17099999999999999,0.0,True
-0.5599999999999999,0.172,0.0,True
-0.5599999999999999,0.173,0.0,True
-0.5599999999999999,0.174,0.0,True
-0.5599999999999999,0.175,0.0,True
-0.5599999999999999,0.176,0.0,True
-0.5599999999999999,0.177,0.0,True
-0.5599999999999999,0.178,0.0,True
-0.5599999999999999,0.179,0.0,True
-0.5599999999999999,0.18,0.0,True
-0.5599999999999999,0.181,0.0,True
-0.5599999999999999,0.182,0.0,True
-0.5599999999999999,0.183,0.0,True
-0.5599999999999999,0.184,0.0,True
-0.5599999999999999,0.185,0.0,True
-0.5599999999999999,0.186,0.0,True
-0.5599999999999999,0.187,0.0,True
-0.5599999999999999,0.188,0.0,True
-0.5599999999999999,0.189,0.0,True
-0.5599999999999999,0.19,0.0,True
-0.5599999999999999,0.191,0.0,True
-0.5599999999999999,0.192,0.0,True
-0.5599999999999999,0.193,0.0,True
-0.5599999999999999,0.194,0.0,True
-0.5599999999999999,0.195,0.0,True
-0.5599999999999999,0.196,0.0,True
-0.5599999999999999,0.197,0.0,True
-0.5599999999999999,0.198,0.0,True
-0.5599999999999999,0.199,0.0,True
-0.5599999999999999,0.2,0.0,True
-0.5599999999999999,0.201,0.0,True
-0.5599999999999999,0.202,0.0,True
-0.5599999999999999,0.20299999999999999,0.0,True
-0.5599999999999999,0.204,0.0,True
-0.5599999999999999,0.205,0.0,True
-0.5599999999999999,0.206,0.0,True
-0.5599999999999999,0.207,0.0,True
-0.5599999999999999,0.208,0.0,True
-0.5599999999999999,0.209,0.0,True
-0.5599999999999999,0.21,0.0,True
-0.5599999999999999,0.211,0.0,True
-0.5599999999999999,0.212,0.0,True
-0.5599999999999999,0.213,0.0,True
-0.5599999999999999,0.214,0.0,True
-0.5599999999999999,0.215,0.0,True
-0.5599999999999999,0.216,0.0,True
-0.5599999999999999,0.217,0.0,True
-0.5599999999999999,0.218,0.0,True
-0.5599999999999999,0.219,0.0,True
-0.5599999999999999,0.22,0.0,True
-0.5599999999999999,0.221,0.0,True
-0.5599999999999999,0.222,0.0,True
-0.5599999999999999,0.22299999999999998,0.0,True
-0.5599999999999999,0.22399999999999998,0.0,True
-0.5599999999999999,0.22499999999999998,0.0,True
-0.5599999999999999,0.22599999999999998,0.0,True
-0.5599999999999999,0.22699999999999998,0.0,True
-0.5599999999999999,0.22799999999999998,0.0,True
-0.5599999999999999,0.22899999999999998,0.0,True
-0.5599999999999999,0.22999999999999998,0.0,True
-0.5599999999999999,0.23099999999999998,0.0,True
-0.5599999999999999,0.23199999999999998,0.0,True
-0.5599999999999999,0.23299999999999998,0.0,True
-0.5599999999999999,0.23399999999999999,0.0,True
-0.5599999999999999,0.235,0.0,True
-0.5599999999999999,0.236,0.0,True
-0.5599999999999999,0.237,0.0,True
-0.5599999999999999,0.238,0.0,True
-0.5599999999999999,0.239,0.0,True
-0.5599999999999999,0.24,0.0,True
-0.5599999999999999,0.241,0.0,True
-0.5599999999999999,0.242,0.0,True
-0.5599999999999999,0.243,0.0,True
-0.5599999999999999,0.244,0.0,True
-0.5599999999999999,0.245,0.0,True
-0.5599999999999999,0.246,0.0,True
-0.5599999999999999,0.247,0.0,True
-0.5599999999999999,0.248,0.0,True
-0.5599999999999999,0.249,0.0,True
-0.5599999999999999,0.25,0.0,True
-0.5599999999999999,0.251,0.0,True
-0.5599999999999999,0.252,0.0,True
-0.5599999999999999,0.253,0.0,True
-0.5599999999999999,0.254,0.0,True
-0.5599999999999999,0.255,0.0,True
-0.5599999999999999,0.256,0.0,True
-0.5599999999999999,0.257,0.0,True
-0.5599999999999999,0.258,0.0,True
-0.5599999999999999,0.259,0.0,True
-0.5599999999999999,0.26,0.0,True
-0.5599999999999999,0.261,0.0,True
-0.5599999999999999,0.262,0.0,True
-0.5599999999999999,0.263,0.0,True
-0.5599999999999999,0.264,0.0,True
-0.5599999999999999,0.265,0.0,True
-0.5599999999999999,0.266,0.0,True
-0.5599999999999999,0.267,0.0,True
-0.5599999999999999,0.268,0.0,True
-0.5599999999999999,0.269,0.0,True
-0.5599999999999999,0.27,0.0,True
-0.5599999999999999,0.271,0.0,True
-0.5599999999999999,0.272,0.0,True
-0.5599999999999999,0.273,0.0,True
-0.5599999999999999,0.274,0.0,True
-0.5599999999999999,0.275,0.0,True
-0.5599999999999999,0.276,0.0,True
-0.5599999999999999,0.277,0.0,True
-0.5599999999999999,0.278,0.0,True
-0.5599999999999999,0.279,0.0,True
-0.5599999999999999,0.28,0.0,True
-0.5599999999999999,0.281,0.0,True
-0.5599999999999999,0.28200000000000003,0.0,True
-0.5599999999999999,0.28300000000000003,0.0,True
-0.5599999999999999,0.28400000000000003,0.0,True
-0.5599999999999999,0.28500000000000003,0.0,True
-0.5599999999999999,0.28600000000000003,0.0,True
-0.5599999999999999,0.28700000000000003,0.0,True
-0.5599999999999999,0.28800000000000003,0.0,True
-0.5599999999999999,0.28900000000000003,0.0,True
-0.5599999999999999,0.29000000000000004,0.0,True
-0.5599999999999999,0.29100000000000004,0.0,True
-0.5599999999999999,0.29200000000000004,0.0,True
-0.5599999999999999,0.29300000000000004,0.0,True
-0.5599999999999999,0.29400000000000004,0.0,True
-0.5599999999999999,0.295,0.0,True
-0.5599999999999999,0.296,0.0,True
-0.5599999999999999,0.297,0.0,True
-0.5599999999999999,0.298,0.0,True
-0.5599999999999999,0.299,0.0,True
-0.5599999999999999,0.3,0.0,True
-0.5599999999999999,0.301,0.0,True
-0.5599999999999999,0.302,0.0,True
-0.5599999999999999,0.303,0.0,True
-0.5599999999999999,0.304,0.0,True
-0.5599999999999999,0.305,0.0,True
-0.5599999999999999,0.306,0.0,True
-0.5599999999999999,0.307,0.0,True
-0.5599999999999999,0.308,0.0,True
-0.5599999999999999,0.309,0.0,True
-0.5599999999999999,0.31,0.0,True
-0.5599999999999999,0.311,0.0,True
-0.5599999999999999,0.312,0.0,True
-0.5599999999999999,0.313,0.0,True
-0.5599999999999999,0.314,0.0,True
-0.5599999999999999,0.315,0.0,True
-0.5599999999999999,0.316,0.0,True
-0.5599999999999999,0.317,0.0,True
-0.5599999999999999,0.318,0.0,True
-0.5599999999999999,0.319,0.0,True
-0.5599999999999999,0.32,0.0,True
-0.5599999999999999,0.321,0.0,True
-0.5599999999999999,0.322,0.0,True
-0.5599999999999999,0.323,0.0,True
-0.5599999999999999,0.324,0.0,True
-0.5599999999999999,0.325,0.0,True
-0.5599999999999999,0.32599999999999996,0.0,True
-0.5599999999999999,0.32699999999999996,0.0,True
-0.5599999999999999,0.32799999999999996,0.0,True
-0.5599999999999999,0.32899999999999996,0.0,True
-0.5599999999999999,0.32999999999999996,0.0,True
-0.5599999999999999,0.33099999999999996,0.0,True
-0.5599999999999999,0.33199999999999996,0.0,True
-0.5599999999999999,0.33299999999999996,0.0,True
-0.5599999999999999,0.33399999999999996,0.0,True
-0.5599999999999999,0.33499999999999996,0.0,True
-0.5599999999999999,0.33599999999999997,0.0,True
-0.5599999999999999,0.33699999999999997,0.0,True
-0.5599999999999999,0.33799999999999997,0.0,True
-0.5599999999999999,0.33899999999999997,0.0,True
-0.5599999999999999,0.33999999999999997,0.0,True
-0.5599999999999999,0.34099999999999997,0.0,True
-0.5599999999999999,0.34199999999999997,0.0,True
-0.5599999999999999,0.34299999999999997,0.0,True
-0.5599999999999999,0.344,0.0,True
-0.5599999999999999,0.345,0.0,True
-0.5599999999999999,0.346,0.0,True
-0.5599999999999999,0.347,0.0,True
-0.5599999999999999,0.348,0.0,True
-0.5599999999999999,0.349,0.0,True
-0.5599999999999999,0.35,0.0,True
-0.5599999999999999,0.351,0.0,True
-0.5599999999999999,0.352,0.0,True
-0.5599999999999999,0.353,0.0,True
-0.5599999999999999,0.354,0.0,True
-0.5599999999999999,0.355,0.0,True
-0.5599999999999999,0.356,0.0,True
-0.5599999999999999,0.357,0.0,True
-0.5599999999999999,0.358,0.0,True
-0.5599999999999999,0.359,0.0,True
-0.5599999999999999,0.36,0.0,True
-0.5599999999999999,0.361,0.0,True
-0.5599999999999999,0.362,0.0,True
-0.5599999999999999,0.363,0.0,True
-0.5599999999999999,0.364,0.0,True
-0.5599999999999999,0.365,0.0,True
-0.5599999999999999,0.366,0.0,True
-0.5599999999999999,0.367,0.0,True
-0.5599999999999999,0.368,0.0,True
-0.5599999999999999,0.369,0.0,True
-0.5599999999999999,0.37,0.0,True
-0.5599999999999999,0.371,0.0,True
-0.5599999999999999,0.372,0.0,True
-0.5599999999999999,0.373,0.0,True
-0.5599999999999999,0.374,0.0,True
-0.5599999999999999,0.375,0.0,True
-0.5599999999999999,0.376,0.0,True
-0.5599999999999999,0.377,0.0,True
-0.5599999999999999,0.378,0.0,True
-0.5599999999999999,0.379,0.0,True
-0.5599999999999999,0.38,0.0,True
-0.5599999999999999,0.381,0.0,True
-0.5599999999999999,0.382,0.0,True
-0.5599999999999999,0.383,0.0,True
-0.5599999999999999,0.384,0.0,True
-0.5599999999999999,0.385,0.0,True
-0.5599999999999999,0.386,0.0,True
-0.5599999999999999,0.387,0.0,True
-0.5599999999999999,0.388,0.0,True
-0.5599999999999999,0.389,0.0,True
-0.5599999999999999,0.39,0.0,True
-0.5599999999999999,0.391,0.0,True
-0.5599999999999999,0.392,0.0,True
-0.5599999999999999,0.393,0.0,True
-0.5599999999999999,0.394,0.0,True
-0.5599999999999999,0.395,0.0,True
-0.5599999999999999,0.396,0.0,True
-0.5599999999999999,0.397,0.0,True
-0.5599999999999999,0.398,0.0,True
-0.5599999999999999,0.399,0.0,True
-0.5599999999999999,0.4,0.0,True
-0.5599999999999999,0.401,0.0,True
-0.5599999999999999,0.402,0.0,True
-0.5599999999999999,0.403,0.0,True
-0.5599999999999999,0.404,0.0,True
-0.5599999999999999,0.405,0.0,True
-0.5599999999999999,0.406,0.0,True
-0.5599999999999999,0.40700000000000003,0.0,True
-0.5599999999999999,0.40800000000000003,0.0,True
-0.5599999999999999,0.40900000000000003,0.0,True
-0.5599999999999999,0.41000000000000003,0.0,True
-0.5599999999999999,0.41100000000000003,0.0,True
-0.5599999999999999,0.41200000000000003,0.0,True
-0.5599999999999999,0.41300000000000003,0.0,True
-0.5599999999999999,0.41400000000000003,0.0,True
-0.5599999999999999,0.41500000000000004,0.0,True
-0.5599999999999999,0.41600000000000004,0.0,True
-0.5599999999999999,0.41700000000000004,0.0,True
-0.5599999999999999,0.41800000000000004,0.0,True
-0.5599999999999999,0.41900000000000004,0.0,True
-0.5599999999999999,0.42000000000000004,0.0,True
-0.5599999999999999,0.42100000000000004,0.0,True
-0.5599999999999999,0.42200000000000004,0.0,True
-0.5599999999999999,0.42300000000000004,0.0,True
-0.5599999999999999,0.42400000000000004,0.0,True
-0.5599999999999999,0.42500000000000004,0.0,True
-0.5599999999999999,0.42600000000000005,0.0,True
-0.5599999999999999,0.42700000000000005,0.0,True
-0.5599999999999999,0.42800000000000005,0.0,True
-0.5599999999999999,0.42900000000000005,0.0,True
-0.5599999999999999,0.43000000000000005,0.0,True
-0.5599999999999999,0.43100000000000005,0.0,True
-0.5599999999999999,0.43200000000000005,0.0,True
-0.5599999999999999,0.43300000000000005,0.0,True
-0.5599999999999999,0.43400000000000005,0.0,True
-0.5599999999999999,0.43500000000000005,0.0,True
-0.5599999999999999,0.43600000000000005,0.0,True
-0.5599999999999999,0.43700000000000006,0.0,True
-0.5599999999999999,0.43800000000000006,0.0,True
-0.5599999999999999,0.43899999999999995,0.0,True
-0.5599999999999999,0.43999999999999995,0.0,True
-0.5599999999999999,0.44099999999999995,0.0,True
-0.5599999999999999,0.44199999999999995,0.0,True
-0.5599999999999999,0.44299999999999995,0.0,True
-0.5599999999999999,0.44399999999999995,0.0,True
-0.5599999999999999,0.44499999999999995,0.0,True
-0.5599999999999999,0.44599999999999995,0.0,True
-0.5599999999999999,0.44699999999999995,0.0,True
-0.5599999999999999,0.44799999999999995,0.0,True
-0.5599999999999999,0.44899999999999995,0.0,True
-0.5599999999999999,0.44999999999999996,0.0,True
-0.5599999999999999,0.45099999999999996,0.0,True
-0.5599999999999999,0.45199999999999996,0.0,True
-0.5599999999999999,0.45299999999999996,0.0,True
-0.5599999999999999,0.45399999999999996,0.0,True
-0.5599999999999999,0.45499999999999996,0.0,True
-0.5599999999999999,0.45599999999999996,0.0,True
-0.5599999999999999,0.45699999999999996,0.0,True
-0.5599999999999999,0.45799999999999996,0.0,True
-0.5599999999999999,0.45899999999999996,0.0,True
-0.5599999999999999,0.45999999999999996,0.0,True
-0.5599999999999999,0.46099999999999997,0.0,True
-0.5599999999999999,0.46199999999999997,0.0,True
-0.5599999999999999,0.46299999999999997,0.0,True
-0.5599999999999999,0.46399999999999997,0.0,True
-0.5599999999999999,0.46499999999999997,0.0,True
-0.5599999999999999,0.46599999999999997,0.0,True
-0.5599999999999999,0.46699999999999997,0.0,True
-0.5599999999999999,0.46799999999999997,0.0,True
-0.5599999999999999,0.469,0.0,True
-0.5599999999999999,0.47,0.0,True
-0.5599999999999999,0.471,0.0,True
-0.5599999999999999,0.472,0.0,True
-0.5599999999999999,0.473,0.0,True
-0.5599999999999999,0.474,0.0,True
-0.5599999999999999,0.475,0.0,True
-0.5599999999999999,0.476,0.0,True
-0.5599999999999999,0.477,0.0,True
-0.5599999999999999,0.478,0.0,True
-0.5599999999999999,0.479,0.0,True
-0.5599999999999999,0.48,0.0,True
-0.5599999999999999,0.481,0.0,True
-0.5599999999999999,0.482,0.0,True
-0.5599999999999999,0.483,0.0,True
-0.5599999999999999,0.484,0.0,True
-0.5599999999999999,0.485,0.0,True
-0.5599999999999999,0.486,0.0,True
-0.5599999999999999,0.487,0.0,True
-0.5599999999999999,0.488,0.0,True
-0.5599999999999999,0.489,0.0,True
-0.5599999999999999,0.49,0.0,True
-0.5599999999999999,0.491,0.0,True
-0.5599999999999999,0.492,0.0,True
-0.5599999999999999,0.493,0.0,True
-0.5599999999999999,0.494,0.0,True
-0.5599999999999999,0.495,0.0,True
-0.5599999999999999,0.496,0.0,True
-0.5599999999999999,0.497,0.0,True
-0.5599999999999999,0.498,0.0,True
-0.5599999999999999,0.499,0.0,True
-0.5599999999999999,0.5,0.0,True
-0.49,0.15,0.0,True
-0.49,0.151,0.0,True
-0.49,0.152,0.0,True
-0.49,0.153,0.0,True
-0.49,0.154,0.0,True
-0.49,0.155,0.0,True
-0.49,0.156,0.0,True
-0.49,0.157,0.0,True
-0.49,0.158,0.0,True
-0.49,0.159,0.0,True
-0.49,0.16,0.0,True
-0.49,0.161,0.0,True
-0.49,0.162,0.0,True
-0.49,0.163,0.0,True
-0.49,0.164,0.0,True
-0.49,0.16499999999999998,0.0,True
-0.49,0.16599999999999998,0.0,True
-0.49,0.16699999999999998,0.0,True
-0.49,0.16799999999999998,0.0,True
-0.49,0.16899999999999998,0.0,True
-0.49,0.16999999999999998,0.0,True
-0.49,0.17099999999999999,0.0,True
-0.49,0.172,0.0,True
-0.49,0.173,0.0,True
-0.49,0.174,0.0,True
-0.49,0.175,0.0,True
-0.49,0.176,0.0,True
-0.49,0.177,0.0,True
-0.49,0.178,0.0,True
-0.49,0.179,0.0,True
-0.49,0.18,0.0,True
-0.49,0.181,0.0,True
-0.49,0.182,0.0,True
-0.49,0.183,0.0,True
-0.49,0.184,0.0,True
-0.49,0.185,0.0,True
-0.49,0.186,0.0,True
-0.49,0.187,0.0,True
-0.49,0.188,0.0,True
-0.49,0.189,0.0,True
-0.49,0.19,0.0,True
-0.49,0.191,0.0,True
-0.49,0.192,0.0,True
-0.49,0.193,0.0,True
-0.49,0.194,0.0,True
-0.49,0.195,0.0,True
-0.49,0.196,0.0,True
-0.49,0.197,0.0,True
-0.49,0.198,0.0,True
-0.49,0.199,0.0,True
-0.49,0.2,0.0,True
-0.49,0.201,0.0,True
-0.49,0.202,0.0,True
-0.49,0.20299999999999999,0.0,True
-0.49,0.204,0.0,True
-0.49,0.205,0.0,True
-0.49,0.206,0.0,True
-0.49,0.207,0.0,True
-0.49,0.208,0.0,True
-0.49,0.209,0.0,True
-0.49,0.21,0.0,True
-0.49,0.211,0.0,True
-0.49,0.212,0.0,True
-0.49,0.213,0.0,True
-0.49,0.214,0.0,True
-0.49,0.215,0.0,True
-0.49,0.216,0.0,True
-0.49,0.217,0.0,True
-0.49,0.218,0.0,True
-0.49,0.219,0.0,True
-0.49,0.22,0.0,True
-0.49,0.221,0.0,True
-0.49,0.222,0.0,True
-0.49,0.22299999999999998,0.0,True
-0.49,0.22399999999999998,0.0,True
-0.49,0.22499999999999998,0.0,True
-0.49,0.22599999999999998,0.0,True
-0.49,0.22699999999999998,0.0,True
-0.49,0.22799999999999998,0.0,True
-0.49,0.22899999999999998,0.0,True
-0.49,0.22999999999999998,0.0,True
-0.49,0.23099999999999998,0.0,True
-0.49,0.23199999999999998,0.0,True
-0.49,0.23299999999999998,0.0,True
-0.49,0.23399999999999999,0.0,True
-0.49,0.235,0.0,True
-0.49,0.236,0.0,True
-0.49,0.237,0.0,True
-0.49,0.238,0.0,True
-0.49,0.239,0.0,True
-0.49,0.24,0.0,True
-0.49,0.241,0.0,True
-0.49,0.242,0.0,True
-0.49,0.243,0.0,True
-0.49,0.244,0.0,True
-0.49,0.245,0.0,True
-0.49,0.246,0.0,True
-0.49,0.247,0.0,True
-0.49,0.248,0.0,True
-0.49,0.249,0.0,True
-0.49,0.25,0.0,True
-0.49,0.251,0.0,True
-0.49,0.252,0.0,True
-0.49,0.253,0.0,True
-0.49,0.254,0.0,True
-0.49,0.255,0.0,True
-0.49,0.256,0.0,True
-0.49,0.257,0.0,True
-0.49,0.258,0.0,True
-0.49,0.259,0.0,True
-0.49,0.26,0.0,True
-0.49,0.261,0.0,True
-0.49,0.262,0.0,True
-0.49,0.263,0.0,True
-0.49,0.264,0.0,True
-0.49,0.265,0.0,True
-0.49,0.266,0.0,True
-0.49,0.267,0.0,True
-0.49,0.268,0.0,True
-0.49,0.269,0.0,True
-0.49,0.27,0.0,True
-0.49,0.271,0.0,True
-0.49,0.272,0.0,True
-0.49,0.273,0.0,True
-0.49,0.274,0.0,True
-0.49,0.275,0.0,True
-0.49,0.276,0.0,True
-0.49,0.277,0.0,True
-0.49,0.278,0.0,True
-0.49,0.279,0.0,True
-0.49,0.28,0.0,True
-0.49,0.281,0.0,True
-0.49,0.28200000000000003,0.0,True
-0.49,0.28300000000000003,0.0,True
-0.49,0.28400000000000003,0.0,True
-0.49,0.28500000000000003,0.0,True
-0.49,0.28600000000000003,0.0,True
-0.49,0.28700000000000003,0.0,True
-0.49,0.28800000000000003,0.0,True
-0.49,0.28900000000000003,0.0,True
-0.49,0.29000000000000004,0.0,True
-0.49,0.29100000000000004,0.0,True
-0.49,0.29200000000000004,0.0,True
-0.49,0.29300000000000004,0.0,True
-0.49,0.29400000000000004,0.0,True
-0.49,0.295,0.0,True
-0.49,0.296,0.0,True
-0.49,0.297,0.0,True
-0.49,0.298,0.0,True
-0.49,0.299,0.0,True
-0.49,0.3,0.0,True
-0.49,0.301,0.0,True
-0.49,0.302,0.0,True
-0.49,0.303,0.0,True
-0.49,0.304,0.0,True
-0.49,0.305,0.0,True
-0.49,0.306,0.0,True
-0.49,0.307,0.0,True
-0.49,0.308,0.0,True
-0.49,0.309,0.0,True
-0.49,0.31,0.0,True
-0.49,0.311,0.0,True
-0.49,0.312,0.0,True
-0.49,0.313,0.0,True
-0.49,0.314,0.0,True
-0.49,0.315,0.0,True
-0.49,0.316,0.0,True
-0.49,0.317,0.0,True
-0.49,0.318,0.0,True
-0.49,0.319,0.0,True
-0.49,0.32,0.0,True
-0.49,0.321,0.0,True
-0.49,0.322,0.0,True
-0.49,0.323,0.0,True
-0.49,0.324,0.0,True
-0.49,0.325,0.0,True
-0.49,0.32599999999999996,0.0,True
-0.49,0.32699999999999996,0.0,True
-0.49,0.32799999999999996,0.0,True
-0.49,0.32899999999999996,0.0,True
-0.49,0.32999999999999996,0.0,True
-0.49,0.33099999999999996,0.0,True
-0.49,0.33199999999999996,0.0,True
-0.49,0.33299999999999996,0.0,True
-0.49,0.33399999999999996,0.0,True
-0.49,0.33499999999999996,0.0,True
-0.49,0.33599999999999997,0.0,True
-0.49,0.33699999999999997,0.0,True
-0.49,0.33799999999999997,0.0,True
-0.49,0.33899999999999997,0.0,True
-0.49,0.33999999999999997,0.0,True
-0.49,0.34099999999999997,0.0,True
-0.49,0.34199999999999997,0.0,True
-0.49,0.34299999999999997,0.0,True
-0.49,0.344,0.0,True
-0.49,0.345,0.0,True
-0.49,0.346,0.0,True
-0.49,0.347,0.0,True
-0.49,0.348,0.0,True
-0.49,0.349,0.0,True
-0.49,0.35,0.0,True
-0.49,0.351,0.0,True
-0.49,0.352,0.0,True
-0.49,0.353,0.0,True
-0.49,0.354,0.0,True
-0.49,0.355,0.0,True
-0.49,0.356,0.0,True
-0.49,0.357,0.0,True
-0.49,0.358,0.0,True
-0.49,0.359,0.0,True
-0.49,0.36,0.0,True
-0.49,0.361,0.0,True
-0.49,0.362,0.0,True
-0.49,0.363,0.0,True
-0.49,0.364,0.0,True
-0.49,0.365,0.0,True
-0.49,0.366,0.0,True
-0.49,0.367,0.0,True
-0.49,0.368,0.0,True
-0.49,0.369,0.0,True
-0.49,0.37,0.0,True
-0.49,0.371,0.0,True
-0.49,0.372,0.0,True
-0.49,0.373,0.0,True
-0.49,0.374,0.0,True
-0.49,0.375,0.0,True
-0.49,0.376,0.0,True
-0.49,0.377,0.0,True
-0.49,0.378,0.0,True
-0.49,0.379,0.0,True
-0.49,0.38,0.0,True
-0.49,0.381,0.0,True
-0.49,0.382,0.0,True
-0.49,0.383,0.0,True
-0.49,0.384,0.0,True
-0.49,0.385,0.0,True
-0.49,0.386,0.0,True
-0.49,0.387,0.0,True
-0.49,0.388,0.0,True
-0.49,0.389,0.0,True
-0.49,0.39,0.0,True
-0.49,0.391,0.0,True
-0.49,0.392,0.0,True
-0.49,0.393,0.0,True
-0.49,0.394,0.0,True
-0.49,0.395,0.0,True
-0.49,0.396,0.0,True
-0.49,0.397,0.0,True
-0.49,0.398,0.0,True
-0.49,0.399,0.0,True
-0.49,0.4,0.0,True
-0.49,0.401,0.0,True
-0.49,0.402,0.0,True
-0.49,0.403,0.0,True
-0.49,0.404,0.0,True
-0.49,0.405,0.0,True
-0.49,0.406,0.0,True
-0.49,0.40700000000000003,0.0,True
-0.49,0.40800000000000003,0.0,True
-0.49,0.40900000000000003,0.0,True
-0.49,0.41000000000000003,0.0,True
-0.49,0.41100000000000003,0.0,True
-0.49,0.41200000000000003,0.0,True
-0.49,0.41300000000000003,0.0,True
-0.49,0.41400000000000003,0.0,True
-0.49,0.41500000000000004,0.0,True
-0.49,0.41600000000000004,0.0,True
-0.49,0.41700000000000004,0.0,True
-0.49,0.41800000000000004,0.0,True
-0.49,0.41900000000000004,0.0,True
-0.49,0.42000000000000004,0.0,True
-0.49,0.42100000000000004,0.0,True
-0.49,0.42200000000000004,0.0,True
-0.49,0.42300000000000004,0.0,True
-0.49,0.42400000000000004,0.0,True
-0.49,0.42500000000000004,0.0,True
-0.49,0.42600000000000005,0.0,True
-0.49,0.42700000000000005,0.0,True
-0.49,0.42800000000000005,0.0,True
-0.49,0.42900000000000005,0.0,True
-0.49,0.43000000000000005,0.0,True
-0.49,0.43100000000000005,0.0,True
-0.49,0.43200000000000005,0.0,True
-0.49,0.43300000000000005,0.0,True
-0.49,0.43400000000000005,0.0,True
-0.49,0.43500000000000005,0.0,True
-0.49,0.43600000000000005,0.0,True
-0.49,0.43700000000000006,0.0,True
-0.49,0.43800000000000006,0.0,True
-0.49,0.43899999999999995,0.0,True
-0.49,0.43999999999999995,0.0,True
-0.49,0.44099999999999995,0.0,True
-0.49,0.44199999999999995,0.0,True
-0.49,0.44299999999999995,0.0,True
-0.49,0.44399999999999995,0.0,True
-0.49,0.44499999999999995,0.0,True
-0.49,0.44599999999999995,0.0,True
-0.49,0.44699999999999995,0.0,True
-0.49,0.44799999999999995,0.0,True
-0.49,0.44899999999999995,0.0,True
-0.49,0.44999999999999996,0.0,True
-0.49,0.45099999999999996,0.0,True
-0.49,0.45199999999999996,0.0,True
-0.49,0.45299999999999996,0.0,True
-0.49,0.45399999999999996,0.0,True
-0.49,0.45499999999999996,0.0,True
-0.49,0.45599999999999996,0.0,True
-0.49,0.45699999999999996,0.0,True
-0.49,0.45799999999999996,0.0,True
-0.49,0.45899999999999996,0.0,True
-0.49,0.45999999999999996,0.0,True
-0.49,0.46099999999999997,0.0,True
-0.49,0.46199999999999997,0.0,True
-0.49,0.46299999999999997,0.0,True
-0.49,0.46399999999999997,0.0,True
-0.49,0.46499999999999997,0.0,True
-0.49,0.46599999999999997,0.0,True
-0.49,0.46699999999999997,0.0,True
-0.49,0.46799999999999997,0.0,True
-0.49,0.469,0.0,True
-0.49,0.47,0.0,True
-0.49,0.471,0.0,True
-0.49,0.472,0.0,True
-0.49,0.473,0.0,True
-0.49,0.474,0.0,True
-0.49,0.475,0.0,True
-0.49,0.476,0.0,True
-0.49,0.477,0.0,True
-0.49,0.478,0.0,True
-0.49,0.479,0.0,True
-0.49,0.48,0.0,True
-0.49,0.481,0.0,True
-0.49,0.482,0.0,True
-0.49,0.483,0.0,True
-0.49,0.484,0.0,True
-0.49,0.485,0.0,True
-0.49,0.486,0.0,True
-0.49,0.487,0.0,True
-0.49,0.488,0.0,True
-0.49,0.489,0.0,True
-0.49,0.49,0.0,True
-0.49,0.491,0.0,True
-0.49,0.492,0.0,True
-0.49,0.493,0.0,True
-0.49,0.494,0.0,True
-0.49,0.495,0.0,True
-0.49,0.496,0.0,True
-0.49,0.497,0.0,True
-0.49,0.498,0.0,True
-0.49,0.499,0.0,True
-0.49,0.5,0.0,True
-0.42,0.15,0.0,True
-0.42,0.151,0.0,True
-0.42,0.152,0.0,True
-0.42,0.153,0.0,True
-0.42,0.154,0.0,True
-0.42,0.155,0.0,True
-0.42,0.156,0.0,True
-0.42,0.157,0.0,True
-0.42,0.158,0.0,True
-0.42,0.159,0.0,True
-0.42,0.16,0.0,True
-0.42,0.161,0.0,True
-0.42,0.162,0.0,True
-0.42,0.163,0.0,True
-0.42,0.164,0.0,True
-0.42,0.16499999999999998,0.0,True
-0.42,0.16599999999999998,0.0,True
-0.42,0.16699999999999998,0.0,True
-0.42,0.16799999999999998,0.0,True
-0.42,0.16899999999999998,0.0,True
-0.42,0.16999999999999998,0.0,True
-0.42,0.17099999999999999,0.0,True
-0.42,0.172,0.0,True
-0.42,0.173,0.0,True
-0.42,0.174,0.0,True
-0.42,0.175,0.0,True
-0.42,0.176,0.0,True
-0.42,0.177,0.0,True
-0.42,0.178,0.0,True
-0.42,0.179,0.0,True
-0.42,0.18,0.0,True
-0.42,0.181,0.0,True
-0.42,0.182,0.0,True
-0.42,0.183,0.0,True
-0.42,0.184,0.0,True
-0.42,0.185,0.0,True
-0.42,0.186,0.0,True
-0.42,0.187,0.0,True
-0.42,0.188,0.0,True
-0.42,0.189,0.0,True
-0.42,0.19,0.0,True
-0.42,0.191,0.0,True
-0.42,0.192,0.0,True
-0.42,0.193,0.0,True
-0.42,0.194,0.0,True
-0.42,0.195,0.0,True
-0.42,0.196,0.0,True
-0.42,0.197,0.0,True
-0.42,0.198,0.0,True
-0.42,0.199,0.0,True
-0.42,0.2,0.0,True
-0.42,0.201,0.0,True
-0.42,0.202,0.0,True
-0.42,0.20299999999999999,0.0,True
-0.42,0.204,0.0,True
-0.42,0.205,0.0,True
-0.42,0.206,0.0,True
-0.42,0.207,0.0,True
-0.42,0.208,0.0,True
-0.42,0.209,0.0,True
-0.42,0.21,0.0,True
-0.42,0.211,0.0,True
-0.42,0.212,0.0,True
-0.42,0.213,0.0,True
-0.42,0.214,0.0,True
-0.42,0.215,0.0,True
-0.42,0.216,0.0,True
-0.42,0.217,0.0,True
-0.42,0.218,0.0,True
-0.42,0.219,0.0,True
-0.42,0.22,0.0,True
-0.42,0.221,0.0,True
-0.42,0.222,0.0,True
-0.42,0.22299999999999998,0.0,True
-0.42,0.22399999999999998,0.0,True
-0.42,0.22499999999999998,0.0,True
-0.42,0.22599999999999998,0.0,True
-0.42,0.22699999999999998,0.0,True
-0.42,0.22799999999999998,0.0,True
-0.42,0.22899999999999998,0.0,True
-0.42,0.22999999999999998,0.0,True
-0.42,0.23099999999999998,0.0,True
-0.42,0.23199999999999998,0.0,True
-0.42,0.23299999999999998,0.0,True
-0.42,0.23399999999999999,0.0,True
-0.42,0.235,0.0,True
-0.42,0.236,0.0,True
-0.42,0.237,0.0,True
-0.42,0.238,0.0,True
-0.42,0.239,0.0,True
-0.42,0.24,0.0,True
-0.42,0.241,0.0,True
-0.42,0.242,0.0,True
-0.42,0.243,0.0,True
-0.42,0.244,0.0,True
-0.42,0.245,0.0,True
-0.42,0.246,0.0,True
-0.42,0.247,0.0,True
-0.42,0.248,0.0,True
-0.42,0.249,0.0,True
-0.42,0.25,0.0,True
-0.42,0.251,0.0,True
-0.42,0.252,0.0,True
-0.42,0.253,0.0,True
-0.42,0.254,0.0,True
-0.42,0.255,0.0,True
-0.42,0.256,0.0,True
-0.42,0.257,0.0,True
-0.42,0.258,0.0,True
-0.42,0.259,0.0,True
-0.42,0.26,0.0,True
-0.42,0.261,0.0,True
-0.42,0.262,0.0,True
-0.42,0.263,0.0,True
-0.42,0.264,0.0,True
-0.42,0.265,0.0,True
-0.42,0.266,0.0,True
-0.42,0.267,0.0,True
-0.42,0.268,0.0,True
-0.42,0.269,0.0,True
-0.42,0.27,0.0,True
-0.42,0.271,0.0,True
-0.42,0.272,0.0,True
-0.42,0.273,0.0,True
-0.42,0.274,0.0,True
-0.42,0.275,0.0,True
-0.42,0.276,0.0,True
-0.42,0.277,0.0,True
-0.42,0.278,0.0,True
-0.42,0.279,0.0,True
-0.42,0.28,0.0,True
-0.42,0.281,0.0,True
-0.42,0.28200000000000003,0.0,True
-0.42,0.28300000000000003,0.0,True
-0.42,0.28400000000000003,0.0,True
-0.42,0.28500000000000003,0.0,True
-0.42,0.28600000000000003,0.0,True
-0.42,0.28700000000000003,0.0,True
-0.42,0.28800000000000003,0.0,True
-0.42,0.28900000000000003,0.0,True
-0.42,0.29000000000000004,0.0,True
-0.42,0.29100000000000004,0.0,True
-0.42,0.29200000000000004,0.0,True
-0.42,0.29300000000000004,0.0,True
-0.42,0.29400000000000004,0.0,True
-0.42,0.295,0.0,True
-0.42,0.296,0.0,True
-0.42,0.297,0.0,True
-0.42,0.298,0.0,True
-0.42,0.299,0.0,True
-0.42,0.3,0.0,True
-0.42,0.301,0.0,True
-0.42,0.302,0.0,True
-0.42,0.303,0.0,True
-0.42,0.304,0.0,True
-0.42,0.305,0.0,True
-0.42,0.306,0.0,True
-0.42,0.307,0.0,True
-0.42,0.308,0.0,True
-0.42,0.309,0.0,True
-0.42,0.31,0.0,True
-0.42,0.311,0.0,True
-0.42,0.312,0.0,True
-0.42,0.313,0.0,True
-0.42,0.314,0.0,True
-0.42,0.315,0.0,True
-0.42,0.316,0.0,True
-0.42,0.317,0.0,True
-0.42,0.318,0.0,True
-0.42,0.319,0.0,True
-0.42,0.32,0.0,True
-0.42,0.321,0.0,True
-0.42,0.322,0.0,True
-0.42,0.323,0.0,True
-0.42,0.324,0.0,True
-0.42,0.325,0.0,True
-0.42,0.32599999999999996,0.0,True
-0.42,0.32699999999999996,0.0,True
-0.42,0.32799999999999996,0.0,True
-0.42,0.32899999999999996,0.0,True
-0.42,0.32999999999999996,0.0,True
-0.42,0.33099999999999996,0.0,True
-0.42,0.33199999999999996,0.0,True
-0.42,0.33299999999999996,0.0,True
-0.42,0.33399999999999996,0.0,True
-0.42,0.33499999999999996,0.0,True
-0.42,0.33599999999999997,0.0,True
-0.42,0.33699999999999997,0.0,True
-0.42,0.33799999999999997,0.0,True
-0.42,0.33899999999999997,0.0,True
-0.42,0.33999999999999997,0.0,True
-0.42,0.34099999999999997,0.0,True
-0.42,0.34199999999999997,0.0,True
-0.42,0.34299999999999997,0.0,True
-0.42,0.344,0.0,True
-0.42,0.345,0.0,True
-0.42,0.346,0.0,True
-0.42,0.347,0.0,True
-0.42,0.348,0.0,True
-0.42,0.349,0.0,True
-0.42,0.35,0.0,True
-0.42,0.351,0.0,True
-0.42,0.352,0.0,True
-0.42,0.353,0.0,True
-0.42,0.354,0.0,True
-0.42,0.355,0.0,True
-0.42,0.356,0.0,True
-0.42,0.357,0.0,True
-0.42,0.358,0.0,True
-0.42,0.359,0.0,True
-0.42,0.36,0.0,True
-0.42,0.361,0.0,True
-0.42,0.362,0.0,True
-0.42,0.363,0.0,True
-0.42,0.364,0.0,True
-0.42,0.365,0.0,True
-0.42,0.366,0.0,True
-0.42,0.367,0.0,True
-0.42,0.368,0.0,True
-0.42,0.369,0.0,True
-0.42,0.37,0.0,True
-0.42,0.371,0.0,True
-0.42,0.372,0.0,True
-0.42,0.373,0.0,True
-0.42,0.374,0.0,True
-0.42,0.375,0.0,True
-0.42,0.376,0.0,True
-0.42,0.377,0.0,True
-0.42,0.378,0.0,True
-0.42,0.379,0.0,True
-0.42,0.38,0.0,True
-0.42,0.381,0.0,True
-0.42,0.382,0.0,True
-0.42,0.383,0.0,True
-0.42,0.384,0.0,True
-0.42,0.385,0.0,True
-0.42,0.386,0.0,True
-0.42,0.387,0.0,True
-0.42,0.388,0.0,True
-0.42,0.389,0.0,True
-0.42,0.39,0.0,True
-0.42,0.391,0.0,True
-0.42,0.392,0.0,True
-0.42,0.393,0.0,True
-0.42,0.394,0.0,True
-0.42,0.395,0.0,True
-0.42,0.396,0.0,True
-0.42,0.397,0.0,True
-0.42,0.398,0.0,True
-0.42,0.399,0.0,True
-0.42,0.4,0.0,True
-0.42,0.401,0.0,True
-0.42,0.402,0.0,True
-0.42,0.403,0.0,True
-0.42,0.404,0.0,True
-0.42,0.405,0.0,True
-0.42,0.406,0.0,True
-0.42,0.40700000000000003,0.0,True
-0.42,0.40800000000000003,0.0,True
-0.42,0.40900000000000003,0.0,True
-0.42,0.41000000000000003,0.0,True
-0.42,0.41100000000000003,0.0,True
-0.42,0.41200000000000003,0.0,True
-0.42,0.41300000000000003,0.0,True
-0.42,0.41400000000000003,0.0,True
-0.42,0.41500000000000004,0.0,True
-0.42,0.41600000000000004,0.0,True
-0.42,0.41700000000000004,0.0,True
-0.42,0.41800000000000004,0.0,True
-0.42,0.41900000000000004,0.0,True
-0.42,0.42000000000000004,0.0,True
-0.42,0.42100000000000004,0.0,True
-0.42,0.42200000000000004,0.0,True
-0.42,0.42300000000000004,0.0,True
-0.42,0.42400000000000004,0.0,True
-0.42,0.42500000000000004,0.0,True
-0.42,0.42600000000000005,0.0,True
-0.42,0.42700000000000005,0.0,True
-0.42,0.42800000000000005,0.0,True
-0.42,0.42900000000000005,0.0,True
-0.42,0.43000000000000005,0.0,True
-0.42,0.43100000000000005,0.0,True
-0.42,0.43200000000000005,0.0,True
-0.42,0.43300000000000005,0.0,True
-0.42,0.43400000000000005,0.0,True
-0.42,0.43500000000000005,0.0,True
-0.42,0.43600000000000005,0.0,True
-0.42,0.43700000000000006,0.0,True
-0.42,0.43800000000000006,0.0,True
-0.42,0.43899999999999995,0.0,True
-0.42,0.43999999999999995,0.0,True
-0.42,0.44099999999999995,0.0,True
-0.42,0.44199999999999995,0.0,True
-0.42,0.44299999999999995,0.0,True
-0.42,0.44399999999999995,0.0,True
-0.42,0.44499999999999995,0.0,True
-0.42,0.44599999999999995,0.0,True
-0.42,0.44699999999999995,0.0,True
-0.42,0.44799999999999995,0.0,True
-0.42,0.44899999999999995,0.0,True
-0.42,0.44999999999999996,0.0,True
-0.42,0.45099999999999996,0.0,True
-0.42,0.45199999999999996,0.0,True
-0.42,0.45299999999999996,0.0,True
-0.42,0.45399999999999996,0.0,True
-0.42,0.45499999999999996,0.0,True
-0.42,0.45599999999999996,0.0,True
-0.42,0.45699999999999996,0.0,True
-0.42,0.45799999999999996,0.0,True
-0.42,0.45899999999999996,0.0,True
-0.42,0.45999999999999996,0.0,True
-0.42,0.46099999999999997,0.0,True
-0.42,0.46199999999999997,0.0,True
-0.42,0.46299999999999997,0.0,True
-0.42,0.46399999999999997,0.0,True
-0.42,0.46499999999999997,0.0,True
-0.42,0.46599999999999997,0.0,True
-0.42,0.46699999999999997,0.0,True
-0.42,0.46799999999999997,0.0,True
-0.42,0.469,0.0,True
-0.42,0.47,0.0,True
-0.42,0.471,0.0,True
-0.42,0.472,0.0,True
-0.42,0.473,0.0,True
-0.42,0.474,0.0,True
-0.42,0.475,0.0,True
-0.42,0.476,0.0,True
-0.42,0.477,0.0,True
-0.42,0.478,0.0,True
-0.42,0.479,0.0,True
-0.42,0.48,0.0,True
-0.42,0.481,0.0,True
-0.42,0.482,0.0,True
-0.42,0.483,0.0,True
-0.42,0.484,0.0,True
-0.42,0.485,0.0,True
-0.42,0.486,0.0,True
-0.42,0.487,0.0,True
-0.42,0.488,0.0,True
-0.42,0.489,0.0,True
-0.42,0.49,0.0,True
-0.42,0.491,0.0,True
-0.42,0.492,0.0,True
-0.42,0.493,0.0,True
-0.42,0.494,0.0,True
-0.42,0.495,0.0,True
-0.42,0.496,0.0,True
-0.42,0.497,0.0,True
-0.42,0.498,0.0,True
-0.42,0.499,0.0,True
-0.42,0.5,0.0,True
-0.35,0.15,0.0,True
-0.35,0.151,0.0,True
-0.35,0.152,0.0,True
-0.35,0.153,0.0,True
-0.35,0.154,0.0,True
-0.35,0.155,0.0,True
-0.35,0.156,0.0,True
-0.35,0.157,0.0,True
-0.35,0.158,0.0,True
-0.35,0.159,0.0,True
-0.35,0.16,0.0,True
-0.35,0.161,0.0,True
-0.35,0.162,0.0,True
-0.35,0.163,0.0,True
-0.35,0.164,0.0,True
-0.35,0.16499999999999998,0.0,True
-0.35,0.16599999999999998,0.0,True
-0.35,0.16699999999999998,0.0,True
-0.35,0.16799999999999998,0.0,True
-0.35,0.16899999999999998,0.0,True
-0.35,0.16999999999999998,0.0,True
-0.35,0.17099999999999999,0.0,True
-0.35,0.172,0.0,True
-0.35,0.173,0.0,True
-0.35,0.174,0.0,True
-0.35,0.175,0.0,True
-0.35,0.176,0.0,True
-0.35,0.177,0.0,True
-0.35,0.178,0.0,True
-0.35,0.179,0.0,True
-0.35,0.18,0.0,True
-0.35,0.181,0.0,True
-0.35,0.182,0.0,True
-0.35,0.183,0.0,True
-0.35,0.184,0.0,True
-0.35,0.185,0.0,True
-0.35,0.186,0.0,True
-0.35,0.187,0.0,True
-0.35,0.188,0.0,True
-0.35,0.189,0.0,True
-0.35,0.19,0.0,True
-0.35,0.191,0.0,True
-0.35,0.192,0.0,True
-0.35,0.193,0.0,True
-0.35,0.194,0.0,True
-0.35,0.195,0.0,True
-0.35,0.196,0.0,True
-0.35,0.197,0.0,True
-0.35,0.198,0.0,True
-0.35,0.199,0.0,True
-0.35,0.2,0.0,True
-0.35,0.201,0.0,True
-0.35,0.202,0.0,True
-0.35,0.20299999999999999,0.0,True
-0.35,0.204,0.0,True
-0.35,0.205,0.0,True
-0.35,0.206,0.0,True
-0.35,0.207,0.0,True
-0.35,0.208,0.0,True
-0.35,0.209,0.0,True
-0.35,0.21,0.0,True
-0.35,0.211,0.0,True
-0.35,0.212,0.0,True
-0.35,0.213,0.0,True
-0.35,0.214,0.0,True
-0.35,0.215,0.0,True
-0.35,0.216,0.0,True
-0.35,0.217,0.0,True
-0.35,0.218,0.0,True
-0.35,0.219,0.0,True
-0.35,0.22,0.0,True
-0.35,0.221,0.0,True
-0.35,0.222,0.0,True
-0.35,0.22299999999999998,0.0,True
-0.35,0.22399999999999998,0.0,True
-0.35,0.22499999999999998,0.0,True
-0.35,0.22599999999999998,0.0,True
-0.35,0.22699999999999998,0.0,True
-0.35,0.22799999999999998,0.0,True
-0.35,0.22899999999999998,0.0,True
-0.35,0.22999999999999998,0.0,True
-0.35,0.23099999999999998,0.0,True
-0.35,0.23199999999999998,0.0,True
-0.35,0.23299999999999998,0.0,True
-0.35,0.23399999999999999,0.0,True
-0.35,0.235,0.0,True
-0.35,0.236,0.0,True
-0.35,0.237,0.0,True
-0.35,0.238,0.0,True
-0.35,0.239,0.0,True
-0.35,0.24,0.0,True
-0.35,0.241,0.0,True
-0.35,0.242,0.0,True
-0.35,0.243,0.0,True
-0.35,0.244,0.0,True
-0.35,0.245,0.0,True
-0.35,0.246,0.0,True
-0.35,0.247,0.0,True
-0.35,0.248,0.0,True
-0.35,0.249,0.0,True
-0.35,0.25,0.0,True
-0.35,0.251,0.0,True
-0.35,0.252,0.0,True
-0.35,0.253,0.0,True
-0.35,0.254,0.0,True
-0.35,0.255,0.0,True
-0.35,0.256,0.0,True
-0.35,0.257,0.0,True
-0.35,0.258,0.0,True
-0.35,0.259,0.0,True
-0.35,0.26,0.0,True
-0.35,0.261,0.0,True
-0.35,0.262,0.0,True
-0.35,0.263,0.0,True
-0.35,0.264,0.0,True
-0.35,0.265,0.0,True
-0.35,0.266,0.0,True
-0.35,0.267,0.0,True
-0.35,0.268,0.0,True
-0.35,0.269,0.0,True
-0.35,0.27,0.0,True
-0.35,0.271,0.0,True
-0.35,0.272,0.0,True
-0.35,0.273,0.0,True
-0.35,0.274,0.0,True
-0.35,0.275,0.0,True
-0.35,0.276,0.0,True
-0.35,0.277,0.0,True
-0.35,0.278,0.0,True
-0.35,0.279,0.0,True
-0.35,0.28,0.0,True
-0.35,0.281,0.0,True
-0.35,0.28200000000000003,0.0,True
-0.35,0.28300000000000003,0.0,True
-0.35,0.28400000000000003,0.0,True
-0.35,0.28500000000000003,0.0,True
-0.35,0.28600000000000003,0.0,True
-0.35,0.28700000000000003,0.0,True
-0.35,0.28800000000000003,0.0,True
-0.35,0.28900000000000003,0.0,True
-0.35,0.29000000000000004,0.0,True
-0.35,0.29100000000000004,0.0,True
-0.35,0.29200000000000004,0.0,True
-0.35,0.29300000000000004,0.0,True
-0.35,0.29400000000000004,0.0,True
-0.35,0.295,0.0,True
-0.35,0.296,0.0,True
-0.35,0.297,0.0,True
-0.35,0.298,0.0,True
-0.35,0.299,0.0,True
-0.35,0.3,0.0,True
-0.35,0.301,0.0,True
-0.35,0.302,0.0,True
-0.35,0.303,0.0,True
-0.35,0.304,0.0,True
-0.35,0.305,0.0,True
-0.35,0.306,0.0,True
-0.35,0.307,0.0,True
-0.35,0.308,0.0,True
-0.35,0.309,0.0,True
-0.35,0.31,0.0,True
-0.35,0.311,0.0,True
-0.35,0.312,0.0,True
-0.35,0.313,0.0,True
-0.35,0.314,0.0,True
-0.35,0.315,0.0,True
-0.35,0.316,0.0,True
-0.35,0.317,0.0,True
-0.35,0.318,0.0,True
-0.35,0.319,0.0,True
-0.35,0.32,0.0,True
-0.35,0.321,0.0,True
-0.35,0.322,0.0,True
-0.35,0.323,0.0,True
-0.35,0.324,0.0,True
-0.35,0.325,0.0,True
-0.35,0.32599999999999996,0.0,True
-0.35,0.32699999999999996,0.0,True
-0.35,0.32799999999999996,0.0,True
-0.35,0.32899999999999996,0.0,True
-0.35,0.32999999999999996,0.0,True
-0.35,0.33099999999999996,0.0,True
-0.35,0.33199999999999996,0.0,True
-0.35,0.33299999999999996,0.0,True
-0.35,0.33399999999999996,0.0,True
-0.35,0.33499999999999996,0.0,True
-0.35,0.33599999999999997,0.0,True
-0.35,0.33699999999999997,0.0,True
-0.35,0.33799999999999997,0.0,True
-0.35,0.33899999999999997,0.0,True
-0.35,0.33999999999999997,0.0,True
-0.35,0.34099999999999997,0.0,True
-0.35,0.34199999999999997,0.0,True
-0.35,0.34299999999999997,0.0,True
-0.35,0.344,0.0,True
-0.35,0.345,0.0,True
-0.35,0.346,0.0,True
-0.35,0.347,0.0,True
-0.35,0.348,0.0,True
-0.35,0.349,0.0,True
-0.35,0.35,0.0,True
-0.35,0.351,0.0,True
-0.35,0.352,0.0,True
-0.35,0.353,0.0,True
-0.35,0.354,0.0,True
-0.35,0.355,0.0,True
-0.35,0.356,0.0,True
-0.35,0.357,0.0,True
-0.35,0.358,0.0,True
-0.35,0.359,0.0,True
-0.35,0.36,0.0,True
-0.35,0.361,0.0,True
-0.35,0.362,0.0,True
-0.35,0.363,0.0,True
-0.35,0.364,0.0,True
-0.35,0.365,0.0,True
-0.35,0.366,0.0,True
-0.35,0.367,0.0,True
-0.35,0.368,0.0,True
-0.35,0.369,0.0,True
-0.35,0.37,0.0,True
-0.35,0.371,0.0,True
-0.35,0.372,0.0,True
-0.35,0.373,0.0,True
-0.35,0.374,0.0,True
-0.35,0.375,0.0,True
-0.35,0.376,0.0,True
-0.35,0.377,0.0,True
-0.35,0.378,0.0,True
-0.35,0.379,0.0,True
-0.35,0.38,0.0,True
-0.35,0.381,0.0,True
-0.35,0.382,0.0,True
-0.35,0.383,0.0,True
-0.35,0.384,0.0,True
-0.35,0.385,0.0,True
-0.35,0.386,0.0,True
-0.35,0.387,0.0,True
-0.35,0.388,0.0,True
-0.35,0.389,0.0,True
-0.35,0.39,0.0,True
-0.35,0.391,0.0,True
-0.35,0.392,0.0,True
-0.35,0.393,0.0,True
-0.35,0.394,0.0,True
-0.35,0.395,0.0,True
-0.35,0.396,0.0,True
-0.35,0.397,0.0,True
-0.35,0.398,0.0,True
-0.35,0.399,0.0,True
-0.35,0.4,0.0,True
-0.35,0.401,0.0,True
-0.35,0.402,0.0,True
-0.35,0.403,0.0,True
-0.35,0.404,0.0,True
-0.35,0.405,0.0,True
-0.35,0.406,0.0,True
-0.35,0.40700000000000003,0.0,True
-0.35,0.40800000000000003,0.0,True
-0.35,0.40900000000000003,0.0,True
-0.35,0.41000000000000003,0.0,True
-0.35,0.41100000000000003,0.0,True
-0.35,0.41200000000000003,0.0,True
-0.35,0.41300000000000003,0.0,True
-0.35,0.41400000000000003,0.0,True
-0.35,0.41500000000000004,0.0,True
-0.35,0.41600000000000004,0.0,True
-0.35,0.41700000000000004,0.0,True
-0.35,0.41800000000000004,0.0,True
-0.35,0.41900000000000004,0.0,True
-0.35,0.42000000000000004,0.0,True
-0.35,0.42100000000000004,0.0,True
-0.35,0.42200000000000004,0.0,True
-0.35,0.42300000000000004,0.0,True
-0.35,0.42400000000000004,0.0,True
-0.35,0.42500000000000004,0.0,True
-0.35,0.42600000000000005,0.0,True
-0.35,0.42700000000000005,0.0,True
-0.35,0.42800000000000005,0.0,True
-0.35,0.42900000000000005,0.0,True
-0.35,0.43000000000000005,0.0,True
-0.35,0.43100000000000005,0.0,True
-0.35,0.43200000000000005,0.0,True
-0.35,0.43300000000000005,0.0,True
-0.35,0.43400000000000005,0.0,True
-0.35,0.43500000000000005,0.0,True
-0.35,0.43600000000000005,0.0,True
-0.35,0.43700000000000006,0.0,True
-0.35,0.43800000000000006,0.0,True
-0.35,0.43899999999999995,0.0,True
-0.35,0.43999999999999995,0.0,True
-0.35,0.44099999999999995,0.0,True
-0.35,0.44199999999999995,0.0,True
-0.35,0.44299999999999995,0.0,True
-0.35,0.44399999999999995,0.0,True
-0.35,0.44499999999999995,0.0,True
-0.35,0.44599999999999995,0.0,True
-0.35,0.44699999999999995,0.0,True
-0.35,0.44799999999999995,0.0,True
-0.35,0.44899999999999995,0.0,True
-0.35,0.44999999999999996,0.0,True
-0.35,0.45099999999999996,0.0,True
-0.35,0.45199999999999996,0.0,True
-0.35,0.45299999999999996,0.0,True
-0.35,0.45399999999999996,0.0,True
-0.35,0.45499999999999996,0.0,True
-0.35,0.45599999999999996,0.0,True
-0.35,0.45699999999999996,0.0,True
-0.35,0.45799999999999996,0.0,True
-0.35,0.45899999999999996,0.0,True
-0.35,0.45999999999999996,0.0,True
-0.35,0.46099999999999997,0.0,True
-0.35,0.46199999999999997,0.0,True
-0.35,0.46299999999999997,0.0,True
-0.35,0.46399999999999997,0.0,True
-0.35,0.46499999999999997,0.0,True
-0.35,0.46599999999999997,0.0,True
-0.35,0.46699999999999997,0.0,True
-0.35,0.46799999999999997,0.0,True
-0.35,0.469,0.0,True
-0.35,0.47,0.0,True
-0.35,0.471,0.0,True
-0.35,0.472,0.0,True
-0.35,0.473,0.0,True
-0.35,0.474,0.0,True
-0.35,0.475,0.0,True
-0.35,0.476,0.0,True
-0.35,0.477,0.0,True
-0.35,0.478,0.0,True
-0.35,0.479,0.0,True
-0.35,0.48,0.0,True
-0.35,0.481,0.0,True
-0.35,0.482,0.0,True
-0.35,0.483,0.0,True
-0.35,0.484,0.0,True
-0.35,0.485,0.0,True
-0.35,0.486,0.0,True
-0.35,0.487,0.0,True
-0.35,0.488,0.0,True
-0.35,0.489,0.0,True
-0.35,0.49,0.0,True
-0.35,0.491,0.0,True
-0.35,0.492,0.0,True
-0.35,0.493,0.0,True
-0.35,0.494,0.0,True
-0.35,0.495,0.0,True
-0.35,0.496,0.0,True
-0.35,0.497,0.0,True
-0.35,0.498,0.0,True
-0.35,0.499,0.0,True
-0.35,0.5,0.0,True
-0.28,0.15,0.0,True
-0.28,0.151,0.0,True
-0.28,0.152,0.0,True
-0.28,0.153,0.0,True
-0.28,0.154,0.0,True
-0.28,0.155,0.0,True
-0.28,0.156,0.0,True
-0.28,0.157,0.0,True
-0.28,0.158,0.0,True
-0.28,0.159,0.0,True
-0.28,0.16,0.0,True
-0.28,0.161,0.0,True
-0.28,0.162,0.0,True
-0.28,0.163,0.0,True
-0.28,0.164,0.0,True
-0.28,0.16499999999999998,0.0,True
-0.28,0.16599999999999998,0.0,True
-0.28,0.16699999999999998,0.0,True
-0.28,0.16799999999999998,0.0,True
-0.28,0.16899999999999998,0.0,True
-0.28,0.16999999999999998,0.0,True
-0.28,0.17099999999999999,0.0,True
-0.28,0.172,0.0,True
-0.28,0.173,0.0,True
-0.28,0.174,0.0,True
-0.28,0.175,0.0,True
-0.28,0.176,0.0,True
-0.28,0.177,0.0,True
-0.28,0.178,0.0,True
-0.28,0.179,0.0,True
-0.28,0.18,0.0,True
-0.28,0.181,0.0,True
-0.28,0.182,0.0,True
-0.28,0.183,0.0,True
-0.28,0.184,0.0,True
-0.28,0.185,0.0,True
-0.28,0.186,0.0,True
-0.28,0.187,0.0,True
-0.28,0.188,0.0,True
-0.28,0.189,0.0,True
-0.28,0.19,0.0,True
-0.28,0.191,0.0,True
-0.28,0.192,0.0,True
-0.28,0.193,0.0,True
-0.28,0.194,0.0,True
-0.28,0.195,0.0,True
-0.28,0.196,0.0,True
-0.28,0.197,0.0,True
-0.28,0.198,0.0,True
-0.28,0.199,0.0,True
-0.28,0.2,0.0,True
-0.28,0.201,0.0,True
-0.28,0.202,0.0,True
-0.28,0.20299999999999999,0.0,True
-0.28,0.204,0.0,True
-0.28,0.205,0.0,True
-0.28,0.206,0.0,True
-0.28,0.207,0.0,True
-0.28,0.208,0.0,True
-0.28,0.209,0.0,True
-0.28,0.21,0.0,True
-0.28,0.211,0.0,True
-0.28,0.212,0.0,True
-0.28,0.213,0.0,True
-0.28,0.214,0.0,True
-0.28,0.215,0.0,True
-0.28,0.216,0.0,True
-0.28,0.217,0.0,True
-0.28,0.218,0.0,True
-0.28,0.219,0.0,True
-0.28,0.22,0.0,True
-0.28,0.221,0.0,True
-0.28,0.222,0.0,True
-0.28,0.22299999999999998,0.0,True
-0.28,0.22399999999999998,0.0,True
-0.28,0.22499999999999998,0.0,True
-0.28,0.22599999999999998,0.0,True
-0.28,0.22699999999999998,0.0,True
-0.28,0.22799999999999998,0.0,True
-0.28,0.22899999999999998,0.0,True
-0.28,0.22999999999999998,0.0,True
-0.28,0.23099999999999998,0.0,True
-0.28,0.23199999999999998,0.0,True
-0.28,0.23299999999999998,0.0,True
-0.28,0.23399999999999999,0.0,True
-0.28,0.235,0.0,True
-0.28,0.236,0.0,True
-0.28,0.237,0.0,True
-0.28,0.238,0.0,True
-0.28,0.239,0.0,True
-0.28,0.24,0.0,True
-0.28,0.241,0.0,True
-0.28,0.242,0.0,True
-0.28,0.243,0.0,True
-0.28,0.244,0.0,True
-0.28,0.245,0.0,True
-0.28,0.246,0.0,True
-0.28,0.247,0.0,True
-0.28,0.248,0.0,True
-0.28,0.249,0.0,True
-0.28,0.25,0.0,True
-0.28,0.251,0.0,True
-0.28,0.252,0.0,True
-0.28,0.253,0.0,True
-0.28,0.254,0.0,True
-0.28,0.255,0.0,True
-0.28,0.256,0.0,True
-0.28,0.257,0.0,True
-0.28,0.258,0.0,True
-0.28,0.259,0.0,True
-0.28,0.26,0.0,True
-0.28,0.261,0.0,True
-0.28,0.262,0.0,True
-0.28,0.263,0.0,True
-0.28,0.264,0.0,True
-0.28,0.265,0.0,True
-0.28,0.266,0.0,True
-0.28,0.267,0.0,True
-0.28,0.268,0.0,True
-0.28,0.269,0.0,True
-0.28,0.27,0.0,True
-0.28,0.271,0.0,True
-0.28,0.272,0.0,True
-0.28,0.273,0.0,True
-0.28,0.274,0.0,True
-0.28,0.275,0.0,True
-0.28,0.276,0.0,True
-0.28,0.277,0.0,True
-0.28,0.278,0.0,True
-0.28,0.279,0.0,True
-0.28,0.28,0.0,True
-0.28,0.281,0.0,True
-0.28,0.28200000000000003,0.0,True
-0.28,0.28300000000000003,0.0,True
-0.28,0.28400000000000003,0.0,True
-0.28,0.28500000000000003,0.0,True
-0.28,0.28600000000000003,0.0,True
-0.28,0.28700000000000003,0.0,True
-0.28,0.28800000000000003,0.0,True
-0.28,0.28900000000000003,0.0,True
-0.28,0.29000000000000004,0.0,True
-0.28,0.29100000000000004,0.0,True
-0.28,0.29200000000000004,0.0,True
-0.28,0.29300000000000004,0.0,True
-0.28,0.29400000000000004,0.0,True
-0.28,0.295,0.0,True
-0.28,0.296,0.0,True
-0.28,0.297,0.0,True
-0.28,0.298,0.0,True
-0.28,0.299,0.0,True
-0.28,0.3,0.0,True
-0.28,0.301,0.0,True
-0.28,0.302,0.0,True
-0.28,0.303,0.0,True
-0.28,0.304,0.0,True
-0.28,0.305,0.0,True
-0.28,0.306,0.0,True
-0.28,0.307,0.0,True
-0.28,0.308,0.0,True
-0.28,0.309,0.0,True
-0.28,0.31,0.0,True
-0.28,0.311,0.0,True
-0.28,0.312,0.0,True
-0.28,0.313,0.0,True
-0.28,0.314,0.0,True
-0.28,0.315,0.0,True
-0.28,0.316,0.0,True
-0.28,0.317,0.0,True
-0.28,0.318,0.0,True
-0.28,0.319,0.0,True
-0.28,0.32,0.0,True
-0.28,0.321,0.0,True
-0.28,0.322,0.0,True
-0.28,0.323,0.0,True
-0.28,0.324,0.0,True
-0.28,0.325,0.0,True
-0.28,0.32599999999999996,0.0,True
-0.28,0.32699999999999996,0.0,True
-0.28,0.32799999999999996,0.0,True
-0.28,0.32899999999999996,0.0,True
-0.28,0.32999999999999996,0.0,True
-0.28,0.33099999999999996,0.0,True
-0.28,0.33199999999999996,0.0,True
-0.28,0.33299999999999996,0.0,True
-0.28,0.33399999999999996,0.0,True
-0.28,0.33499999999999996,0.0,True
-0.28,0.33599999999999997,0.0,True
-0.28,0.33699999999999997,0.0,True
-0.28,0.33799999999999997,0.0,True
-0.28,0.33899999999999997,0.0,True
-0.28,0.33999999999999997,0.0,True
-0.28,0.34099999999999997,0.0,True
-0.28,0.34199999999999997,0.0,True
-0.28,0.34299999999999997,0.0,True
-0.28,0.344,0.0,True
-0.28,0.345,0.0,True
-0.28,0.346,0.0,True
-0.28,0.347,0.0,True
-0.28,0.348,0.0,True
-0.28,0.349,0.0,True
-0.28,0.35,0.0,True
-0.28,0.351,0.0,True
-0.28,0.352,0.0,True
-0.28,0.353,0.0,True
-0.28,0.354,0.0,True
-0.28,0.355,0.0,True
-0.28,0.356,0.0,True
-0.28,0.357,0.0,True
-0.28,0.358,0.0,True
-0.28,0.359,0.0,True
-0.28,0.36,0.0,True
-0.28,0.361,0.0,True
-0.28,0.362,0.0,True
-0.28,0.363,0.0,True
-0.28,0.364,0.0,True
-0.28,0.365,0.0,True
-0.28,0.366,0.0,True
-0.28,0.367,0.0,True
-0.28,0.368,0.0,True
-0.28,0.369,0.0,True
-0.28,0.37,0.0,True
-0.28,0.371,0.0,True
-0.28,0.372,0.0,True
-0.28,0.373,0.0,True
-0.28,0.374,0.0,True
-0.28,0.375,0.0,True
-0.28,0.376,0.0,True
-0.28,0.377,0.0,True
-0.28,0.378,0.0,True
-0.28,0.379,0.0,True
-0.28,0.38,0.0,True
-0.28,0.381,0.0,True
-0.28,0.382,0.0,True
-0.28,0.383,0.0,True
-0.28,0.384,0.0,True
-0.28,0.385,0.0,True
-0.28,0.386,0.0,True
-0.28,0.387,0.0,True
-0.28,0.388,0.0,True
-0.28,0.389,0.0,True
-0.28,0.39,0.0,True
-0.28,0.391,0.0,True
-0.28,0.392,0.0,True
-0.28,0.393,0.0,True
-0.28,0.394,0.0,True
-0.28,0.395,0.0,True
-0.28,0.396,0.0,True
-0.28,0.397,0.0,True
-0.28,0.398,0.0,True
-0.28,0.399,0.0,True
-0.28,0.4,0.0,True
-0.28,0.401,0.0,True
-0.28,0.402,0.0,True
-0.28,0.403,0.0,True
-0.28,0.404,0.0,True
-0.28,0.405,0.0,True
-0.28,0.406,0.0,True
-0.28,0.40700000000000003,0.0,True
-0.28,0.40800000000000003,0.0,True
-0.28,0.40900000000000003,0.0,True
-0.28,0.41000000000000003,0.0,True
-0.28,0.41100000000000003,0.0,True
-0.28,0.41200000000000003,0.0,True
-0.28,0.41300000000000003,0.0,True
-0.28,0.41400000000000003,0.0,True
-0.28,0.41500000000000004,0.0,True
-0.28,0.41600000000000004,0.0,True
-0.28,0.41700000000000004,0.0,True
-0.28,0.41800000000000004,0.0,True
-0.28,0.41900000000000004,0.0,True
-0.28,0.42000000000000004,0.0,True
-0.28,0.42100000000000004,0.0,True
-0.28,0.42200000000000004,0.0,True
-0.28,0.42300000000000004,0.0,True
-0.28,0.42400000000000004,0.0,True
-0.28,0.42500000000000004,0.0,True
-0.28,0.42600000000000005,0.0,True
-0.28,0.42700000000000005,0.0,True
-0.28,0.42800000000000005,0.0,True
-0.28,0.42900000000000005,0.0,True
-0.28,0.43000000000000005,0.0,True
-0.28,0.43100000000000005,0.0,True
-0.28,0.43200000000000005,0.0,True
-0.28,0.43300000000000005,0.0,True
-0.28,0.43400000000000005,0.0,True
-0.28,0.43500000000000005,0.0,True
-0.28,0.43600000000000005,0.0,True
-0.28,0.43700000000000006,0.0,True
-0.28,0.43800000000000006,0.0,True
-0.28,0.43899999999999995,0.0,True
-0.28,0.43999999999999995,0.0,True
-0.28,0.44099999999999995,0.0,True
-0.28,0.44199999999999995,0.0,True
-0.28,0.44299999999999995,0.0,True
-0.28,0.44399999999999995,0.0,True
-0.28,0.44499999999999995,0.0,True
-0.28,0.44599999999999995,0.0,True
-0.28,0.44699999999999995,0.0,True
-0.28,0.44799999999999995,0.0,True
-0.28,0.44899999999999995,0.0,True
-0.28,0.44999999999999996,0.0,True
-0.28,0.45099999999999996,0.0,True
-0.28,0.45199999999999996,0.0,True
-0.28,0.45299999999999996,0.0,True
-0.28,0.45399999999999996,0.0,True
-0.28,0.45499999999999996,0.0,True
-0.28,0.45599999999999996,0.0,True
-0.28,0.45699999999999996,0.0,True
-0.28,0.45799999999999996,0.0,True
-0.28,0.45899999999999996,0.0,True
-0.28,0.45999999999999996,0.0,True
-0.28,0.46099999999999997,0.0,True
-0.28,0.46199999999999997,0.0,True
-0.28,0.46299999999999997,0.0,True
-0.28,0.46399999999999997,0.0,True
-0.28,0.46499999999999997,0.0,True
-0.28,0.46599999999999997,0.0,True
-0.28,0.46699999999999997,0.0,True
-0.28,0.46799999999999997,0.0,True
-0.28,0.469,0.0,True
-0.28,0.47,0.0,True
-0.28,0.471,0.0,True
-0.28,0.472,0.0,True
-0.28,0.473,0.0,True
-0.28,0.474,0.0,True
-0.28,0.475,0.0,True
-0.28,0.476,0.0,True
-0.28,0.477,0.0,True
-0.28,0.478,0.0,True
-0.28,0.479,0.0,True
-0.28,0.48,0.0,True
-0.28,0.481,0.0,True
-0.28,0.482,0.0,True
-0.28,0.483,0.0,True
-0.28,0.484,0.0,True
-0.28,0.485,0.0,True
-0.28,0.486,0.0,True
-0.28,0.487,0.0,True
-0.28,0.488,0.0,True
-0.28,0.489,0.0,True
-0.28,0.49,0.0,True
-0.28,0.491,0.0,True
-0.28,0.492,0.0,True
-0.28,0.493,0.0,True
-0.28,0.494,0.0,True
-0.28,0.495,0.0,True
-0.28,0.496,0.0,True
-0.28,0.497,0.0,True
-0.28,0.498,0.0,True
-0.28,0.499,0.0,True
-0.28,0.5,0.0,True
-0.21000000000000002,0.15,0.0,True
-0.21000000000000002,0.151,0.0,True
-0.21000000000000002,0.152,0.0,True
-0.21000000000000002,0.153,0.0,True
-0.21000000000000002,0.154,0.0,True
-0.21000000000000002,0.155,0.0,True
-0.21000000000000002,0.156,0.0,True
-0.21000000000000002,0.157,0.0,True
-0.21000000000000002,0.158,0.0,True
-0.21000000000000002,0.159,0.0,True
-0.21000000000000002,0.16,0.0,True
-0.21000000000000002,0.161,0.0,True
-0.21000000000000002,0.162,0.0,True
-0.21000000000000002,0.163,0.0,True
-0.21000000000000002,0.164,0.0,True
-0.21000000000000002,0.16499999999999998,0.0,True
-0.21000000000000002,0.16599999999999998,0.0,True
-0.21000000000000002,0.16699999999999998,0.0,True
-0.21000000000000002,0.16799999999999998,0.0,True
-0.21000000000000002,0.16899999999999998,0.0,True
-0.21000000000000002,0.16999999999999998,0.0,True
-0.21000000000000002,0.17099999999999999,0.0,True
-0.21000000000000002,0.172,0.0,True
-0.21000000000000002,0.173,0.0,True
-0.21000000000000002,0.174,0.0,True
-0.21000000000000002,0.175,0.0,True
-0.21000000000000002,0.176,0.0,True
-0.21000000000000002,0.177,0.0,True
-0.21000000000000002,0.178,0.0,True
-0.21000000000000002,0.179,0.0,True
-0.21000000000000002,0.18,0.0,True
-0.21000000000000002,0.181,0.0,True
-0.21000000000000002,0.182,0.0,True
-0.21000000000000002,0.183,0.0,True
-0.21000000000000002,0.184,0.0,True
-0.21000000000000002,0.185,0.0,True
-0.21000000000000002,0.186,0.0,True
-0.21000000000000002,0.187,0.0,True
-0.21000000000000002,0.188,0.0,True
-0.21000000000000002,0.189,0.0,True
-0.21000000000000002,0.19,0.0,True
-0.21000000000000002,0.191,0.0,True
-0.21000000000000002,0.192,0.0,True
-0.21000000000000002,0.193,0.0,True
-0.21000000000000002,0.194,0.0,True
-0.21000000000000002,0.195,0.0,True
-0.21000000000000002,0.196,0.0,True
-0.21000000000000002,0.197,0.0,True
-0.21000000000000002,0.198,0.0,True
-0.21000000000000002,0.199,0.0,True
-0.21000000000000002,0.2,0.0,True
-0.21000000000000002,0.201,0.0,True
-0.21000000000000002,0.202,0.0,True
-0.21000000000000002,0.20299999999999999,0.0,True
-0.21000000000000002,0.204,0.0,True
-0.21000000000000002,0.205,0.0,True
-0.21000000000000002,0.206,0.0,True
-0.21000000000000002,0.207,0.0,True
-0.21000000000000002,0.208,0.0,True
-0.21000000000000002,0.209,0.0,True
-0.21000000000000002,0.21,0.0,True
-0.21000000000000002,0.211,0.0,True
-0.21000000000000002,0.212,0.0,True
-0.21000000000000002,0.213,0.0,True
-0.21000000000000002,0.214,0.0,True
-0.21000000000000002,0.215,0.0,True
-0.21000000000000002,0.216,0.0,True
-0.21000000000000002,0.217,0.0,True
-0.21000000000000002,0.218,0.0,True
-0.21000000000000002,0.219,0.0,True
-0.21000000000000002,0.22,0.0,True
-0.21000000000000002,0.221,0.0,True
-0.21000000000000002,0.222,0.0,True
-0.21000000000000002,0.22299999999999998,0.0,True
-0.21000000000000002,0.22399999999999998,0.0,True
-0.21000000000000002,0.22499999999999998,0.0,True
-0.21000000000000002,0.22599999999999998,0.0,True
-0.21000000000000002,0.22699999999999998,0.0,True
-0.21000000000000002,0.22799999999999998,0.0,True
-0.21000000000000002,0.22899999999999998,0.0,True
-0.21000000000000002,0.22999999999999998,0.0,True
-0.21000000000000002,0.23099999999999998,0.0,True
-0.21000000000000002,0.23199999999999998,0.0,True
-0.21000000000000002,0.23299999999999998,0.0,True
-0.21000000000000002,0.23399999999999999,0.0,True
-0.21000000000000002,0.235,0.0,True
-0.21000000000000002,0.236,0.0,True
-0.21000000000000002,0.237,0.0,True
-0.21000000000000002,0.238,0.0,True
-0.21000000000000002,0.239,0.0,True
-0.21000000000000002,0.24,0.0,True
-0.21000000000000002,0.241,0.0,True
-0.21000000000000002,0.242,0.0,True
-0.21000000000000002,0.243,0.0,True
-0.21000000000000002,0.244,0.0,True
-0.21000000000000002,0.245,0.0,True
-0.21000000000000002,0.246,0.0,True
-0.21000000000000002,0.247,0.0,True
-0.21000000000000002,0.248,0.0,True
-0.21000000000000002,0.249,0.0,True
-0.21000000000000002,0.25,0.0,True
-0.21000000000000002,0.251,0.0,True
-0.21000000000000002,0.252,0.0,True
-0.21000000000000002,0.253,0.0,True
-0.21000000000000002,0.254,0.0,True
-0.21000000000000002,0.255,0.0,True
-0.21000000000000002,0.256,0.0,True
-0.21000000000000002,0.257,0.0,True
-0.21000000000000002,0.258,0.0,True
-0.21000000000000002,0.259,0.0,True
-0.21000000000000002,0.26,0.0,True
-0.21000000000000002,0.261,0.0,True
-0.21000000000000002,0.262,0.0,True
-0.21000000000000002,0.263,0.0,True
-0.21000000000000002,0.264,0.0,True
-0.21000000000000002,0.265,0.0,True
-0.21000000000000002,0.266,0.0,True
-0.21000000000000002,0.267,0.0,True
-0.21000000000000002,0.268,0.0,True
-0.21000000000000002,0.269,0.0,True
-0.21000000000000002,0.27,0.0,True
-0.21000000000000002,0.271,0.0,True
-0.21000000000000002,0.272,0.0,True
-0.21000000000000002,0.273,0.0,True
-0.21000000000000002,0.274,0.0,True
-0.21000000000000002,0.275,0.0,True
-0.21000000000000002,0.276,0.0,True
-0.21000000000000002,0.277,0.0,True
-0.21000000000000002,0.278,0.0,True
-0.21000000000000002,0.279,0.0,True
-0.21000000000000002,0.28,0.0,True
-0.21000000000000002,0.281,0.0,True
-0.21000000000000002,0.28200000000000003,0.0,True
-0.21000000000000002,0.28300000000000003,0.0,True
-0.21000000000000002,0.28400000000000003,0.0,True
-0.21000000000000002,0.28500000000000003,0.0,True
-0.21000000000000002,0.28600000000000003,0.0,True
-0.21000000000000002,0.28700000000000003,0.0,True
-0.21000000000000002,0.28800000000000003,0.0,True
-0.21000000000000002,0.28900000000000003,0.0,True
-0.21000000000000002,0.29000000000000004,0.0,True
-0.21000000000000002,0.29100000000000004,0.0,True
-0.21000000000000002,0.29200000000000004,0.0,True
-0.21000000000000002,0.29300000000000004,0.0,True
-0.21000000000000002,0.29400000000000004,0.0,True
-0.21000000000000002,0.295,0.0,True
-0.21000000000000002,0.296,0.0,True
-0.21000000000000002,0.297,0.0,True
-0.21000000000000002,0.298,0.0,True
-0.21000000000000002,0.299,0.0,True
-0.21000000000000002,0.3,0.0,True
-0.21000000000000002,0.301,0.0,True
-0.21000000000000002,0.302,0.0,True
-0.21000000000000002,0.303,0.0,True
-0.21000000000000002,0.304,0.0,True
-0.21000000000000002,0.305,0.0,True
-0.21000000000000002,0.306,0.0,True
-0.21000000000000002,0.307,0.0,True
-0.21000000000000002,0.308,0.0,True
-0.21000000000000002,0.309,0.0,True
-0.21000000000000002,0.31,0.0,True
-0.21000000000000002,0.311,0.0,True
-0.21000000000000002,0.312,0.0,True
-0.21000000000000002,0.313,0.0,True
-0.21000000000000002,0.314,0.0,True
-0.21000000000000002,0.315,0.0,True
-0.21000000000000002,0.316,0.0,True
-0.21000000000000002,0.317,0.0,True
-0.21000000000000002,0.318,0.0,True
-0.21000000000000002,0.319,0.0,True
-0.21000000000000002,0.32,0.0,True
-0.21000000000000002,0.321,0.0,True
-0.21000000000000002,0.322,0.0,True
-0.21000000000000002,0.323,0.0,True
-0.21000000000000002,0.324,0.0,True
-0.21000000000000002,0.325,0.0,True
-0.21000000000000002,0.32599999999999996,0.0,True
-0.21000000000000002,0.32699999999999996,0.0,True
-0.21000000000000002,0.32799999999999996,0.0,True
-0.21000000000000002,0.32899999999999996,0.0,True
-0.21000000000000002,0.32999999999999996,0.0,True
-0.21000000000000002,0.33099999999999996,0.0,True
-0.21000000000000002,0.33199999999999996,0.0,True
-0.21000000000000002,0.33299999999999996,0.0,True
-0.21000000000000002,0.33399999999999996,0.0,True
-0.21000000000000002,0.33499999999999996,0.0,True
-0.21000000000000002,0.33599999999999997,0.0,True
-0.21000000000000002,0.33699999999999997,0.0,True
-0.21000000000000002,0.33799999999999997,0.0,True
-0.21000000000000002,0.33899999999999997,0.0,True
-0.21000000000000002,0.33999999999999997,0.0,True
-0.21000000000000002,0.34099999999999997,0.0,True
-0.21000000000000002,0.34199999999999997,0.0,True
-0.21000000000000002,0.34299999999999997,0.0,True
-0.21000000000000002,0.344,0.0,True
-0.21000000000000002,0.345,0.0,True
-0.21000000000000002,0.346,0.0,True
-0.21000000000000002,0.347,0.0,True
-0.21000000000000002,0.348,0.0,True
-0.21000000000000002,0.349,0.0,True
-0.21000000000000002,0.35,0.0,True
-0.21000000000000002,0.351,0.0,True
-0.21000000000000002,0.352,0.0,True
-0.21000000000000002,0.353,0.0,True
-0.21000000000000002,0.354,0.0,True
-0.21000000000000002,0.355,0.0,True
-0.21000000000000002,0.356,0.0,True
-0.21000000000000002,0.357,0.0,True
-0.21000000000000002,0.358,0.0,True
-0.21000000000000002,0.359,0.0,True
-0.21000000000000002,0.36,0.0,True
-0.21000000000000002,0.361,0.0,True
-0.21000000000000002,0.362,0.0,True
-0.21000000000000002,0.363,0.0,True
-0.21000000000000002,0.364,0.0,True
-0.21000000000000002,0.365,0.0,True
-0.21000000000000002,0.366,0.0,True
-0.21000000000000002,0.367,0.0,True
-0.21000000000000002,0.368,0.0,True
-0.21000000000000002,0.369,0.0,True
-0.21000000000000002,0.37,0.0,True
-0.21000000000000002,0.371,0.0,True
-0.21000000000000002,0.372,0.0,True
-0.21000000000000002,0.373,0.0,True
-0.21000000000000002,0.374,0.0,True
-0.21000000000000002,0.375,0.0,True
-0.21000000000000002,0.376,0.0,True
-0.21000000000000002,0.377,0.0,True
-0.21000000000000002,0.378,0.0,True
-0.21000000000000002,0.379,0.0,True
-0.21000000000000002,0.38,0.0,True
-0.21000000000000002,0.381,0.0,True
-0.21000000000000002,0.382,0.0,True
-0.21000000000000002,0.383,0.0,True
-0.21000000000000002,0.384,0.0,True
-0.21000000000000002,0.385,0.0,True
-0.21000000000000002,0.386,0.0,True
-0.21000000000000002,0.387,0.0,True
-0.21000000000000002,0.388,0.0,True
-0.21000000000000002,0.389,0.0,True
-0.21000000000000002,0.39,0.0,True
-0.21000000000000002,0.391,0.0,True
-0.21000000000000002,0.392,0.0,True
-0.21000000000000002,0.393,0.0,True
-0.21000000000000002,0.394,0.0,True
-0.21000000000000002,0.395,0.0,True
-0.21000000000000002,0.396,0.0,True
-0.21000000000000002,0.397,0.0,True
-0.21000000000000002,0.398,0.0,True
-0.21000000000000002,0.399,0.0,True
-0.21000000000000002,0.4,0.0,True
-0.21000000000000002,0.401,0.0,True
-0.21000000000000002,0.402,0.0,True
-0.21000000000000002,0.403,0.0,True
-0.21000000000000002,0.404,0.0,True
-0.21000000000000002,0.405,0.0,True
-0.21000000000000002,0.406,0.0,True
-0.21000000000000002,0.40700000000000003,0.0,True
-0.21000000000000002,0.40800000000000003,0.0,True
-0.21000000000000002,0.40900000000000003,0.0,True
-0.21000000000000002,0.41000000000000003,0.0,True
-0.21000000000000002,0.41100000000000003,0.0,True
-0.21000000000000002,0.41200000000000003,0.0,True
-0.21000000000000002,0.41300000000000003,0.0,True
-0.21000000000000002,0.41400000000000003,0.0,True
-0.21000000000000002,0.41500000000000004,0.0,True
-0.21000000000000002,0.41600000000000004,0.0,True
-0.21000000000000002,0.41700000000000004,0.0,True
-0.21000000000000002,0.41800000000000004,0.0,True
-0.21000000000000002,0.41900000000000004,0.0,True
-0.21000000000000002,0.42000000000000004,0.0,True
-0.21000000000000002,0.42100000000000004,0.0,True
-0.21000000000000002,0.42200000000000004,0.0,True
-0.21000000000000002,0.42300000000000004,0.0,True
-0.21000000000000002,0.42400000000000004,0.0,True
-0.21000000000000002,0.42500000000000004,0.0,True
-0.21000000000000002,0.42600000000000005,0.0,True
-0.21000000000000002,0.42700000000000005,0.0,True
-0.21000000000000002,0.42800000000000005,0.0,True
-0.21000000000000002,0.42900000000000005,0.0,True
-0.21000000000000002,0.43000000000000005,0.0,True
-0.21000000000000002,0.43100000000000005,0.0,True
-0.21000000000000002,0.43200000000000005,0.0,True
-0.21000000000000002,0.43300000000000005,0.0,True
-0.21000000000000002,0.43400000000000005,0.0,True
-0.21000000000000002,0.43500000000000005,0.0,True
-0.21000000000000002,0.43600000000000005,0.0,True
-0.21000000000000002,0.43700000000000006,0.0,True
-0.21000000000000002,0.43800000000000006,0.0,True
-0.21000000000000002,0.43899999999999995,0.0,True
-0.21000000000000002,0.43999999999999995,0.0,True
-0.21000000000000002,0.44099999999999995,0.0,True
-0.21000000000000002,0.44199999999999995,0.0,True
-0.21000000000000002,0.44299999999999995,0.0,True
-0.21000000000000002,0.44399999999999995,0.0,True
-0.21000000000000002,0.44499999999999995,0.0,True
-0.21000000000000002,0.44599999999999995,0.0,True
-0.21000000000000002,0.44699999999999995,0.0,True
-0.21000000000000002,0.44799999999999995,0.0,True
-0.21000000000000002,0.44899999999999995,0.0,True
-0.21000000000000002,0.44999999999999996,0.0,True
-0.21000000000000002,0.45099999999999996,0.0,True
-0.21000000000000002,0.45199999999999996,0.0,True
-0.21000000000000002,0.45299999999999996,0.0,True
-0.21000000000000002,0.45399999999999996,0.0,True
-0.21000000000000002,0.45499999999999996,0.0,True
-0.21000000000000002,0.45599999999999996,0.0,True
-0.21000000000000002,0.45699999999999996,0.0,True
-0.21000000000000002,0.45799999999999996,0.0,True
-0.21000000000000002,0.45899999999999996,0.0,True
-0.21000000000000002,0.45999999999999996,0.0,True
-0.21000000000000002,0.46099999999999997,0.0,True
-0.21000000000000002,0.46199999999999997,0.0,True
-0.21000000000000002,0.46299999999999997,0.0,True
-0.21000000000000002,0.46399999999999997,0.0,True
-0.21000000000000002,0.46499999999999997,0.0,True
-0.21000000000000002,0.46599999999999997,0.0,True
-0.21000000000000002,0.46699999999999997,0.0,True
-0.21000000000000002,0.46799999999999997,0.0,True
-0.21000000000000002,0.469,0.0,True
-0.21000000000000002,0.47,0.0,True
-0.21000000000000002,0.471,0.0,True
-0.21000000000000002,0.472,0.0,True
-0.21000000000000002,0.473,0.0,True
-0.21000000000000002,0.474,0.0,True
-0.21000000000000002,0.475,0.0,True
-0.21000000000000002,0.476,0.0,True
-0.21000000000000002,0.477,0.0,True
-0.21000000000000002,0.478,0.0,True
-0.21000000000000002,0.479,0.0,True
-0.21000000000000002,0.48,0.0,True
-0.21000000000000002,0.481,0.0,True
-0.21000000000000002,0.482,0.0,True
-0.21000000000000002,0.483,0.0,True
-0.21000000000000002,0.484,0.0,True
-0.21000000000000002,0.485,0.0,True
-0.21000000000000002,0.486,0.0,True
-0.21000000000000002,0.487,0.0,True
-0.21000000000000002,0.488,0.0,True
-0.21000000000000002,0.489,0.0,True
-0.21000000000000002,0.49,0.0,True
-0.21000000000000002,0.491,0.0,True
-0.21000000000000002,0.492,0.0,True
-0.21000000000000002,0.493,0.0,True
-0.21000000000000002,0.494,0.0,True
-0.21000000000000002,0.495,0.0,True
-0.21000000000000002,0.496,0.0,True
-0.21000000000000002,0.497,0.0,True
-0.21000000000000002,0.498,0.0,True
-0.21000000000000002,0.499,0.0,True
-0.21000000000000002,0.5,0.0,True
-0.14,0.15,0.0,True
-0.14,0.151,0.0,True
-0.14,0.152,0.0,True
-0.14,0.153,0.0,True
-0.14,0.154,0.0,True
-0.14,0.155,0.0,True
-0.14,0.156,0.0,True
-0.14,0.157,0.0,True
-0.14,0.158,0.0,True
-0.14,0.159,0.0,True
-0.14,0.16,0.0,True
-0.14,0.161,0.0,True
-0.14,0.162,0.0,True
-0.14,0.163,0.0,True
-0.14,0.164,0.0,True
-0.14,0.16499999999999998,0.0,True
-0.14,0.16599999999999998,0.0,True
-0.14,0.16699999999999998,0.0,True
-0.14,0.16799999999999998,0.0,True
-0.14,0.16899999999999998,0.0,True
-0.14,0.16999999999999998,0.0,True
-0.14,0.17099999999999999,0.0,True
-0.14,0.172,0.0,True
-0.14,0.173,0.0,True
-0.14,0.174,0.0,True
-0.14,0.175,0.0,True
-0.14,0.176,0.0,True
-0.14,0.177,0.0,True
-0.14,0.178,0.0,True
-0.14,0.179,0.0,True
-0.14,0.18,0.0,True
-0.14,0.181,0.0,True
-0.14,0.182,0.0,True
-0.14,0.183,0.0,True
-0.14,0.184,0.0,True
-0.14,0.185,0.0,True
-0.14,0.186,0.0,True
-0.14,0.187,0.0,True
-0.14,0.188,0.0,True
-0.14,0.189,0.0,True
-0.14,0.19,0.0,True
-0.14,0.191,0.0,True
-0.14,0.192,0.0,True
-0.14,0.193,0.0,True
-0.14,0.194,0.0,True
-0.14,0.195,0.0,True
-0.14,0.196,0.0,True
-0.14,0.197,0.0,True
-0.14,0.198,0.0,True
-0.14,0.199,0.0,True
-0.14,0.2,0.0,True
-0.14,0.201,0.0,True
-0.14,0.202,0.0,True
-0.14,0.20299999999999999,0.0,True
-0.14,0.204,0.0,True
-0.14,0.205,0.0,True
-0.14,0.206,0.0,True
-0.14,0.207,0.0,True
-0.14,0.208,0.0,True
-0.14,0.209,0.0,True
-0.14,0.21,0.0,True
-0.14,0.211,0.0,True
-0.14,0.212,0.0,True
-0.14,0.213,0.0,True
-0.14,0.214,0.0,True
-0.14,0.215,0.0,True
-0.14,0.216,0.0,True
-0.14,0.217,0.0,True
-0.14,0.218,0.0,True
-0.14,0.219,0.0,True
-0.14,0.22,0.0,True
-0.14,0.221,0.0,True
-0.14,0.222,0.0,True
-0.14,0.22299999999999998,0.0,True
-0.14,0.22399999999999998,0.0,True
-0.14,0.22499999999999998,0.0,True
-0.14,0.22599999999999998,0.0,True
-0.14,0.22699999999999998,0.0,True
-0.14,0.22799999999999998,0.0,True
-0.14,0.22899999999999998,0.0,True
-0.14,0.22999999999999998,0.0,True
-0.14,0.23099999999999998,0.0,True
-0.14,0.23199999999999998,0.0,True
-0.14,0.23299999999999998,0.0,True
-0.14,0.23399999999999999,0.0,True
-0.14,0.235,0.0,True
-0.14,0.236,0.0,True
-0.14,0.237,0.0,True
-0.14,0.238,0.0,True
-0.14,0.239,0.0,True
-0.14,0.24,0.0,True
-0.14,0.241,0.0,True
-0.14,0.242,0.0,True
-0.14,0.243,0.0,True
-0.14,0.244,0.0,True
-0.14,0.245,0.0,True
-0.14,0.246,0.0,True
-0.14,0.247,0.0,True
-0.14,0.248,0.0,True
-0.14,0.249,0.0,True
-0.14,0.25,0.0,True
-0.14,0.251,0.0,True
-0.14,0.252,0.0,True
-0.14,0.253,0.0,True
-0.14,0.254,0.0,True
-0.14,0.255,0.0,True
-0.14,0.256,0.0,True
-0.14,0.257,0.0,True
-0.14,0.258,0.0,True
-0.14,0.259,0.0,True
-0.14,0.26,0.0,True
-0.14,0.261,0.0,True
-0.14,0.262,0.0,True
-0.14,0.263,0.0,True
-0.14,0.264,0.0,True
-0.14,0.265,0.0,True
-0.14,0.266,0.0,True
-0.14,0.267,0.0,True
-0.14,0.268,0.0,True
-0.14,0.269,0.0,True
-0.14,0.27,0.0,True
-0.14,0.271,0.0,True
-0.14,0.272,0.0,True
-0.14,0.273,0.0,True
-0.14,0.274,0.0,True
-0.14,0.275,0.0,True
-0.14,0.276,0.0,True
-0.14,0.277,0.0,True
-0.14,0.278,0.0,True
-0.14,0.279,0.0,True
-0.14,0.28,0.0,True
-0.14,0.281,0.0,True
-0.14,0.28200000000000003,0.0,True
-0.14,0.28300000000000003,0.0,True
-0.14,0.28400000000000003,0.0,True
-0.14,0.28500000000000003,0.0,True
-0.14,0.28600000000000003,0.0,True
-0.14,0.28700000000000003,0.0,True
-0.14,0.28800000000000003,0.0,True
-0.14,0.28900000000000003,0.0,True
-0.14,0.29000000000000004,0.0,True
-0.14,0.29100000000000004,0.0,True
-0.14,0.29200000000000004,0.0,True
-0.14,0.29300000000000004,0.0,True
-0.14,0.29400000000000004,0.0,True
-0.14,0.295,0.0,True
-0.14,0.296,0.0,True
-0.14,0.297,0.0,True
-0.14,0.298,0.0,True
-0.14,0.299,0.0,True
-0.14,0.3,0.0,True
-0.14,0.301,0.0,True
-0.14,0.302,0.0,True
-0.14,0.303,0.0,True
-0.14,0.304,0.0,True
-0.14,0.305,0.0,True
-0.14,0.306,0.0,True
-0.14,0.307,0.0,True
-0.14,0.308,0.0,True
-0.14,0.309,0.0,True
-0.14,0.31,0.0,True
-0.14,0.311,0.0,True
-0.14,0.312,0.0,True
-0.14,0.313,0.0,True
-0.14,0.314,0.0,True
-0.14,0.315,0.0,True
-0.14,0.316,0.0,True
-0.14,0.317,0.0,True
-0.14,0.318,0.0,True
-0.14,0.319,0.0,True
-0.14,0.32,0.0,True
-0.14,0.321,0.0,True
-0.14,0.322,0.0,True
-0.14,0.323,0.0,True
-0.14,0.324,0.0,True
-0.14,0.325,0.0,True
-0.14,0.32599999999999996,0.0,True
-0.14,0.32699999999999996,0.0,True
-0.14,0.32799999999999996,0.0,True
-0.14,0.32899999999999996,0.0,True
-0.14,0.32999999999999996,0.0,True
-0.14,0.33099999999999996,0.0,True
-0.14,0.33199999999999996,0.0,True
-0.14,0.33299999999999996,0.0,True
-0.14,0.33399999999999996,0.0,True
-0.14,0.33499999999999996,0.0,True
-0.14,0.33599999999999997,0.0,True
-0.14,0.33699999999999997,0.0,True
-0.14,0.33799999999999997,0.0,True
-0.14,0.33899999999999997,0.0,True
-0.14,0.33999999999999997,0.0,True
-0.14,0.34099999999999997,0.0,True
-0.14,0.34199999999999997,0.0,True
-0.14,0.34299999999999997,0.0,True
-0.14,0.344,0.0,True
-0.14,0.345,0.0,True
-0.14,0.346,0.0,True
-0.14,0.347,0.0,True
-0.14,0.348,0.0,True
-0.14,0.349,0.0,True
-0.14,0.35,0.0,True
-0.14,0.351,0.0,True
-0.14,0.352,0.0,True
-0.14,0.353,0.0,True
-0.14,0.354,0.0,True
-0.14,0.355,0.0,True
-0.14,0.356,0.0,True
-0.14,0.357,0.0,True
-0.14,0.358,0.0,True
-0.14,0.359,0.0,True
-0.14,0.36,0.0,True
-0.14,0.361,0.0,True
-0.14,0.362,0.0,True
-0.14,0.363,0.0,True
-0.14,0.364,0.0,True
-0.14,0.365,0.0,True
-0.14,0.366,0.0,True
-0.14,0.367,0.0,True
-0.14,0.368,0.0,True
-0.14,0.369,0.0,True
-0.14,0.37,0.0,True
-0.14,0.371,0.0,True
-0.14,0.372,0.0,True
-0.14,0.373,0.0,True
-0.14,0.374,0.0,True
-0.14,0.375,0.0,True
-0.14,0.376,0.0,True
-0.14,0.377,0.0,True
-0.14,0.378,0.0,True
-0.14,0.379,0.0,True
-0.14,0.38,0.0,True
-0.14,0.381,0.0,True
-0.14,0.382,0.0,True
-0.14,0.383,0.0,True
-0.14,0.384,0.0,True
-0.14,0.385,0.0,True
-0.14,0.386,0.0,True
-0.14,0.387,0.0,True
-0.14,0.388,0.0,True
-0.14,0.389,0.0,True
-0.14,0.39,0.0,True
-0.14,0.391,0.0,True
-0.14,0.392,0.0,True
-0.14,0.393,0.0,True
-0.14,0.394,0.0,True
-0.14,0.395,0.0,True
-0.14,0.396,0.0,True
-0.14,0.397,0.0,True
-0.14,0.398,0.0,True
-0.14,0.399,0.0,True
-0.14,0.4,0.0,True
-0.14,0.401,0.0,True
-0.14,0.402,0.0,True
-0.14,0.403,0.0,True
-0.14,0.404,0.0,True
-0.14,0.405,0.0,True
-0.14,0.406,0.0,True
-0.14,0.40700000000000003,0.0,True
-0.14,0.40800000000000003,0.0,True
-0.14,0.40900000000000003,0.0,True
-0.14,0.41000000000000003,0.0,True
-0.14,0.41100000000000003,0.0,True
-0.14,0.41200000000000003,0.0,True
-0.14,0.41300000000000003,0.0,True
-0.14,0.41400000000000003,0.0,True
-0.14,0.41500000000000004,0.0,True
-0.14,0.41600000000000004,0.0,True
-0.14,0.41700000000000004,0.0,True
-0.14,0.41800000000000004,0.0,True
-0.14,0.41900000000000004,0.0,True
-0.14,0.42000000000000004,0.0,True
-0.14,0.42100000000000004,0.0,True
-0.14,0.42200000000000004,0.0,True
-0.14,0.42300000000000004,0.0,True
-0.14,0.42400000000000004,0.0,True
-0.14,0.42500000000000004,0.0,True
-0.14,0.42600000000000005,0.0,True
-0.14,0.42700000000000005,0.0,True
-0.14,0.42800000000000005,0.0,True
-0.14,0.42900000000000005,0.0,True
-0.14,0.43000000000000005,0.0,True
-0.14,0.43100000000000005,0.0,True
-0.14,0.43200000000000005,0.0,True
-0.14,0.43300000000000005,0.0,True
-0.14,0.43400000000000005,0.0,True
-0.14,0.43500000000000005,0.0,True
-0.14,0.43600000000000005,0.0,True
-0.14,0.43700000000000006,0.0,True
-0.14,0.43800000000000006,0.0,True
-0.14,0.43899999999999995,0.0,True
-0.14,0.43999999999999995,0.0,True
-0.14,0.44099999999999995,0.0,True
-0.14,0.44199999999999995,0.0,True
-0.14,0.44299999999999995,0.0,True
-0.14,0.44399999999999995,0.0,True
-0.14,0.44499999999999995,0.0,True
-0.14,0.44599999999999995,0.0,True
-0.14,0.44699999999999995,0.0,True
-0.14,0.44799999999999995,0.0,True
-0.14,0.44899999999999995,0.0,True
-0.14,0.44999999999999996,0.0,True
-0.14,0.45099999999999996,0.0,True
-0.14,0.45199999999999996,0.0,True
-0.14,0.45299999999999996,0.0,True
-0.14,0.45399999999999996,0.0,True
-0.14,0.45499999999999996,0.0,True
-0.14,0.45599999999999996,0.0,True
-0.14,0.45699999999999996,0.0,True
-0.14,0.45799999999999996,0.0,True
-0.14,0.45899999999999996,0.0,True
-0.14,0.45999999999999996,0.0,True
-0.14,0.46099999999999997,0.0,True
-0.14,0.46199999999999997,0.0,True
-0.14,0.46299999999999997,0.0,True
-0.14,0.46399999999999997,0.0,True
-0.14,0.46499999999999997,0.0,True
-0.14,0.46599999999999997,0.0,True
-0.14,0.46699999999999997,0.0,True
-0.14,0.46799999999999997,0.0,True
-0.14,0.469,0.0,True
-0.14,0.47,0.0,True
-0.14,0.471,0.0,True
-0.14,0.472,0.0,True
-0.14,0.473,0.0,True
-0.14,0.474,0.0,True
-0.14,0.475,0.0,True
-0.14,0.476,0.0,True
-0.14,0.477,0.0,True
-0.14,0.478,0.0,True
-0.14,0.479,0.0,True
-0.14,0.48,0.0,True
-0.14,0.481,0.0,True
-0.14,0.482,0.0,True
-0.14,0.483,0.0,True
-0.14,0.484,0.0,True
-0.14,0.485,0.0,True
-0.14,0.486,0.0,True
-0.14,0.487,0.0,True
-0.14,0.488,0.0,True
-0.14,0.489,0.0,True
-0.14,0.49,0.0,True
-0.14,0.491,0.0,True
-0.14,0.492,0.0,True
-0.14,0.493,0.0,True
-0.14,0.494,0.0,True
-0.14,0.495,0.0,True
-0.14,0.496,0.0,True
-0.14,0.497,0.0,True
-0.14,0.498,0.0,True
-0.14,0.499,0.0,True
-0.14,0.5,0.0,True
-0.07000000000000006,0.15,0.0,True
-0.07000000000000006,0.151,0.0,True
-0.07000000000000006,0.152,0.0,True
-0.07000000000000006,0.153,0.0,True
-0.07000000000000006,0.154,0.0,True
-0.07000000000000006,0.155,0.0,True
-0.07000000000000006,0.156,0.0,True
-0.07000000000000006,0.157,0.0,True
-0.07000000000000006,0.158,0.0,True
-0.07000000000000006,0.159,0.0,True
-0.07000000000000006,0.16,0.0,True
-0.07000000000000006,0.161,0.0,True
-0.07000000000000006,0.162,0.0,True
-0.07000000000000006,0.163,0.0,True
-0.07000000000000006,0.164,0.0,True
-0.07000000000000006,0.16499999999999998,0.0,True
-0.07000000000000006,0.16599999999999998,0.0,True
-0.07000000000000006,0.16699999999999998,0.0,True
-0.07000000000000006,0.16799999999999998,0.0,True
-0.07000000000000006,0.16899999999999998,0.0,True
-0.07000000000000006,0.16999999999999998,0.0,True
-0.07000000000000006,0.17099999999999999,0.0,True
-0.07000000000000006,0.172,0.0,True
-0.07000000000000006,0.173,0.0,True
-0.07000000000000006,0.174,0.0,True
-0.07000000000000006,0.175,0.0,True
-0.07000000000000006,0.176,0.0,True
-0.07000000000000006,0.177,0.0,True
-0.07000000000000006,0.178,0.0,True
-0.07000000000000006,0.179,0.0,True
-0.07000000000000006,0.18,0.0,True
-0.07000000000000006,0.181,0.0,True
-0.07000000000000006,0.182,0.0,True
-0.07000000000000006,0.183,0.0,True
-0.07000000000000006,0.184,0.0,True
-0.07000000000000006,0.185,0.0,True
-0.07000000000000006,0.186,0.0,True
-0.07000000000000006,0.187,0.0,True
-0.07000000000000006,0.188,0.0,True
-0.07000000000000006,0.189,0.0,True
-0.07000000000000006,0.19,0.0,True
-0.07000000000000006,0.191,0.0,True
-0.07000000000000006,0.192,0.0,True
-0.07000000000000006,0.193,0.0,True
-0.07000000000000006,0.194,0.0,True
-0.07000000000000006,0.195,0.0,True
-0.07000000000000006,0.196,0.0,True
-0.07000000000000006,0.197,0.0,True
-0.07000000000000006,0.198,0.0,True
-0.07000000000000006,0.199,0.0,True
-0.07000000000000006,0.2,0.0,True
-0.07000000000000006,0.201,0.0,True
-0.07000000000000006,0.202,0.0,True
-0.07000000000000006,0.20299999999999999,0.0,True
-0.07000000000000006,0.204,0.0,True
-0.07000000000000006,0.205,0.0,True
-0.07000000000000006,0.206,0.0,True
-0.07000000000000006,0.207,0.0,True
-0.07000000000000006,0.208,0.0,True
-0.07000000000000006,0.209,0.0,True
-0.07000000000000006,0.21,0.0,True
-0.07000000000000006,0.211,0.0,True
-0.07000000000000006,0.212,0.0,True
-0.07000000000000006,0.213,0.0,True
-0.07000000000000006,0.214,0.0,True
-0.07000000000000006,0.215,0.0,True
-0.07000000000000006,0.216,0.0,True
-0.07000000000000006,0.217,0.0,True
-0.07000000000000006,0.218,0.0,True
-0.07000000000000006,0.219,0.0,True
-0.07000000000000006,0.22,0.0,True
-0.07000000000000006,0.221,0.0,True
-0.07000000000000006,0.222,0.0,True
-0.07000000000000006,0.22299999999999998,0.0,True
-0.07000000000000006,0.22399999999999998,0.0,True
-0.07000000000000006,0.22499999999999998,0.0,True
-0.07000000000000006,0.22599999999999998,0.0,True
-0.07000000000000006,0.22699999999999998,0.0,True
-0.07000000000000006,0.22799999999999998,0.0,True
-0.07000000000000006,0.22899999999999998,0.0,True
-0.07000000000000006,0.22999999999999998,0.0,True
-0.07000000000000006,0.23099999999999998,0.0,True
-0.07000000000000006,0.23199999999999998,0.0,True
-0.07000000000000006,0.23299999999999998,0.0,True
-0.07000000000000006,0.23399999999999999,0.0,True
-0.07000000000000006,0.235,0.0,True
-0.07000000000000006,0.236,0.0,True
-0.07000000000000006,0.237,0.0,True
-0.07000000000000006,0.238,0.0,True
-0.07000000000000006,0.239,0.0,True
-0.07000000000000006,0.24,0.0,True
-0.07000000000000006,0.241,0.0,True
-0.07000000000000006,0.242,0.0,True
-0.07000000000000006,0.243,0.0,True
-0.07000000000000006,0.244,0.0,True
-0.07000000000000006,0.245,0.0,True
-0.07000000000000006,0.246,0.0,True
-0.07000000000000006,0.247,0.0,True
-0.07000000000000006,0.248,0.0,True
-0.07000000000000006,0.249,0.0,True
-0.07000000000000006,0.25,0.0,True
-0.07000000000000006,0.251,0.0,True
-0.07000000000000006,0.252,0.0,True
-0.07000000000000006,0.253,0.0,True
-0.07000000000000006,0.254,0.0,True
-0.07000000000000006,0.255,0.0,True
-0.07000000000000006,0.256,0.0,True
-0.07000000000000006,0.257,0.0,True
-0.07000000000000006,0.258,0.0,True
-0.07000000000000006,0.259,0.0,True
-0.07000000000000006,0.26,0.0,True
-0.07000000000000006,0.261,0.0,True
-0.07000000000000006,0.262,0.0,True
-0.07000000000000006,0.263,0.0,True
-0.07000000000000006,0.264,0.0,True
-0.07000000000000006,0.265,0.0,True
-0.07000000000000006,0.266,0.0,True
-0.07000000000000006,0.267,0.0,True
-0.07000000000000006,0.268,0.0,True
-0.07000000000000006,0.269,0.0,True
-0.07000000000000006,0.27,0.0,True
-0.07000000000000006,0.271,0.0,True
-0.07000000000000006,0.272,0.0,True
-0.07000000000000006,0.273,0.0,True
-0.07000000000000006,0.274,0.0,True
-0.07000000000000006,0.275,0.0,True
-0.07000000000000006,0.276,0.0,True
-0.07000000000000006,0.277,0.0,True
-0.07000000000000006,0.278,0.0,True
-0.07000000000000006,0.279,0.0,True
-0.07000000000000006,0.28,0.0,True
-0.07000000000000006,0.281,0.0,True
-0.07000000000000006,0.28200000000000003,0.0,True
-0.07000000000000006,0.28300000000000003,0.0,True
-0.07000000000000006,0.28400000000000003,0.0,True
-0.07000000000000006,0.28500000000000003,0.0,True
-0.07000000000000006,0.28600000000000003,0.0,True
-0.07000000000000006,0.28700000000000003,0.0,True
-0.07000000000000006,0.28800000000000003,0.0,True
-0.07000000000000006,0.28900000000000003,0.0,True
-0.07000000000000006,0.29000000000000004,0.0,True
-0.07000000000000006,0.29100000000000004,0.0,True
-0.07000000000000006,0.29200000000000004,0.0,True
-0.07000000000000006,0.29300000000000004,0.0,True
-0.07000000000000006,0.29400000000000004,0.0,True
-0.07000000000000006,0.295,0.0,True
-0.07000000000000006,0.296,0.0,True
-0.07000000000000006,0.297,0.0,True
-0.07000000000000006,0.298,0.0,True
-0.07000000000000006,0.299,0.0,True
-0.07000000000000006,0.3,0.0,True
-0.07000000000000006,0.301,0.0,True
-0.07000000000000006,0.302,0.0,True
-0.07000000000000006,0.303,0.0,True
-0.07000000000000006,0.304,0.0,True
-0.07000000000000006,0.305,0.0,True
-0.07000000000000006,0.306,0.0,True
-0.07000000000000006,0.307,0.0,True
-0.07000000000000006,0.308,0.0,True
-0.07000000000000006,0.309,0.0,True
-0.07000000000000006,0.31,0.0,True
-0.07000000000000006,0.311,0.0,True
-0.07000000000000006,0.312,0.0,True
-0.07000000000000006,0.313,0.0,True
-0.07000000000000006,0.314,0.0,True
-0.07000000000000006,0.315,0.0,True
-0.07000000000000006,0.316,0.0,True
-0.07000000000000006,0.317,0.0,True
-0.07000000000000006,0.318,0.0,True
-0.07000000000000006,0.319,0.0,True
-0.07000000000000006,0.32,0.0,True
-0.07000000000000006,0.321,0.0,True
-0.07000000000000006,0.322,0.0,True
-0.07000000000000006,0.323,0.0,True
-0.07000000000000006,0.324,0.0,True
-0.07000000000000006,0.325,0.0,True
-0.07000000000000006,0.32599999999999996,0.0,True
-0.07000000000000006,0.32699999999999996,0.0,True
-0.07000000000000006,0.32799999999999996,0.0,True
-0.07000000000000006,0.32899999999999996,0.0,True
-0.07000000000000006,0.32999999999999996,0.0,True
-0.07000000000000006,0.33099999999999996,0.0,True
-0.07000000000000006,0.33199999999999996,0.0,True
-0.07000000000000006,0.33299999999999996,0.0,True
-0.07000000000000006,0.33399999999999996,0.0,True
-0.07000000000000006,0.33499999999999996,0.0,True
-0.07000000000000006,0.33599999999999997,0.0,True
-0.07000000000000006,0.33699999999999997,0.0,True
-0.07000000000000006,0.33799999999999997,0.0,True
-0.07000000000000006,0.33899999999999997,0.0,True
-0.07000000000000006,0.33999999999999997,0.0,True
-0.07000000000000006,0.34099999999999997,0.0,True
-0.07000000000000006,0.34199999999999997,0.0,True
-0.07000000000000006,0.34299999999999997,0.0,True
-0.07000000000000006,0.344,0.0,True
-0.07000000000000006,0.345,0.0,True
-0.07000000000000006,0.346,0.0,True
-0.07000000000000006,0.347,0.0,True
-0.07000000000000006,0.348,0.0,True
-0.07000000000000006,0.349,0.0,True
-0.07000000000000006,0.35,0.0,True
-0.07000000000000006,0.351,0.0,True
-0.07000000000000006,0.352,0.0,True
-0.07000000000000006,0.353,0.0,True
-0.07000000000000006,0.354,0.0,True
-0.07000000000000006,0.355,0.0,True
-0.07000000000000006,0.356,0.0,True
-0.07000000000000006,0.357,0.0,True
-0.07000000000000006,0.358,0.0,True
-0.07000000000000006,0.359,0.0,True
-0.07000000000000006,0.36,0.0,True
-0.07000000000000006,0.361,0.0,True
-0.07000000000000006,0.362,0.0,True
-0.07000000000000006,0.363,0.0,True
-0.07000000000000006,0.364,0.0,True
-0.07000000000000006,0.365,0.0,True
-0.07000000000000006,0.366,0.0,True
-0.07000000000000006,0.367,0.0,True
-0.07000000000000006,0.368,0.0,True
-0.07000000000000006,0.369,0.0,True
-0.07000000000000006,0.37,0.0,True
-0.07000000000000006,0.371,0.0,True
-0.07000000000000006,0.372,0.0,True
-0.07000000000000006,0.373,0.0,True
-0.07000000000000006,0.374,0.0,True
-0.07000000000000006,0.375,0.0,True
-0.07000000000000006,0.376,0.0,True
-0.07000000000000006,0.377,0.0,True
-0.07000000000000006,0.378,0.0,True
-0.07000000000000006,0.379,0.0,True
-0.07000000000000006,0.38,0.0,True
-0.07000000000000006,0.381,0.0,True
-0.07000000000000006,0.382,0.0,True
-0.07000000000000006,0.383,0.0,True
-0.07000000000000006,0.384,0.0,True
-0.07000000000000006,0.385,0.0,True
-0.07000000000000006,0.386,0.0,True
-0.07000000000000006,0.387,0.0,True
-0.07000000000000006,0.388,0.0,True
-0.07000000000000006,0.389,0.0,True
-0.07000000000000006,0.39,0.0,True
-0.07000000000000006,0.391,0.0,True
-0.07000000000000006,0.392,0.0,True
-0.07000000000000006,0.393,0.0,True
-0.07000000000000006,0.394,0.0,True
-0.07000000000000006,0.395,0.0,True
-0.07000000000000006,0.396,0.0,True
-0.07000000000000006,0.397,0.0,True
-0.07000000000000006,0.398,0.0,True
-0.07000000000000006,0.399,0.0,True
-0.07000000000000006,0.4,0.0,True
-0.07000000000000006,0.401,0.0,True
-0.07000000000000006,0.402,0.0,True
-0.07000000000000006,0.403,0.0,True
-0.07000000000000006,0.404,0.0,True
-0.07000000000000006,0.405,0.0,True
-0.07000000000000006,0.406,0.0,True
-0.07000000000000006,0.40700000000000003,0.0,True
-0.07000000000000006,0.40800000000000003,0.0,True
-0.07000000000000006,0.40900000000000003,0.0,True
-0.07000000000000006,0.41000000000000003,0.0,True
-0.07000000000000006,0.41100000000000003,0.0,True
-0.07000000000000006,0.41200000000000003,0.0,True
-0.07000000000000006,0.41300000000000003,0.0,True
-0.07000000000000006,0.41400000000000003,0.0,True
-0.07000000000000006,0.41500000000000004,0.0,True
-0.07000000000000006,0.41600000000000004,0.0,True
-0.07000000000000006,0.41700000000000004,0.0,True
-0.07000000000000006,0.41800000000000004,0.0,True
-0.07000000000000006,0.41900000000000004,0.0,True
-0.07000000000000006,0.42000000000000004,0.0,True
-0.07000000000000006,0.42100000000000004,0.0,True
-0.07000000000000006,0.42200000000000004,0.0,True
-0.07000000000000006,0.42300000000000004,0.0,True
-0.07000000000000006,0.42400000000000004,0.0,True
-0.07000000000000006,0.42500000000000004,0.0,True
-0.07000000000000006,0.42600000000000005,0.0,True
-0.07000000000000006,0.42700000000000005,0.0,True
-0.07000000000000006,0.42800000000000005,0.0,True
-0.07000000000000006,0.42900000000000005,0.0,True
-0.07000000000000006,0.43000000000000005,0.0,True
-0.07000000000000006,0.43100000000000005,0.0,True
-0.07000000000000006,0.43200000000000005,0.0,True
-0.07000000000000006,0.43300000000000005,0.0,True
-0.07000000000000006,0.43400000000000005,0.0,True
-0.07000000000000006,0.43500000000000005,0.0,True
-0.07000000000000006,0.43600000000000005,0.0,True
-0.07000000000000006,0.43700000000000006,0.0,True
-0.07000000000000006,0.43800000000000006,0.0,True
-0.07000000000000006,0.43899999999999995,0.0,True
-0.07000000000000006,0.43999999999999995,0.0,True
-0.07000000000000006,0.44099999999999995,0.0,True
-0.07000000000000006,0.44199999999999995,0.0,True
-0.07000000000000006,0.44299999999999995,0.0,True
-0.07000000000000006,0.44399999999999995,0.0,True
-0.07000000000000006,0.44499999999999995,0.0,True
-0.07000000000000006,0.44599999999999995,0.0,True
-0.07000000000000006,0.44699999999999995,0.0,True
-0.07000000000000006,0.44799999999999995,0.0,True
-0.07000000000000006,0.44899999999999995,0.0,True
-0.07000000000000006,0.44999999999999996,0.0,True
-0.07000000000000006,0.45099999999999996,0.0,True
-0.07000000000000006,0.45199999999999996,0.0,True
-0.07000000000000006,0.45299999999999996,0.0,True
-0.07000000000000006,0.45399999999999996,0.0,True
-0.07000000000000006,0.45499999999999996,0.0,True
-0.07000000000000006,0.45599999999999996,0.0,True
-0.07000000000000006,0.45699999999999996,0.0,True
-0.07000000000000006,0.45799999999999996,0.0,True
-0.07000000000000006,0.45899999999999996,0.0,True
-0.07000000000000006,0.45999999999999996,0.0,True
-0.07000000000000006,0.46099999999999997,0.0,True
-0.07000000000000006,0.46199999999999997,0.0,True
-0.07000000000000006,0.46299999999999997,0.0,True
-0.07000000000000006,0.46399999999999997,0.0,True
-0.07000000000000006,0.46499999999999997,0.0,True
-0.07000000000000006,0.46599999999999997,0.0,True
-0.07000000000000006,0.46699999999999997,0.0,True
-0.07000000000000006,0.46799999999999997,0.0,True
-0.07000000000000006,0.469,0.0,True
-0.07000000000000006,0.47,0.0,True
-0.07000000000000006,0.471,0.0,True
-0.07000000000000006,0.472,0.0,True
-0.07000000000000006,0.473,0.0,True
-0.07000000000000006,0.474,0.0,True
-0.07000000000000006,0.475,0.0,True
-0.07000000000000006,0.476,0.0,True
-0.07000000000000006,0.477,0.0,True
-0.07000000000000006,0.478,0.0,True
-0.07000000000000006,0.479,0.0,True
-0.07000000000000006,0.48,0.0,True
-0.07000000000000006,0.481,0.0,True
-0.07000000000000006,0.482,0.0,True
-0.07000000000000006,0.483,0.0,True
-0.07000000000000006,0.484,0.0,True
-0.07000000000000006,0.485,0.0,True
-0.07000000000000006,0.486,0.0,True
-0.07000000000000006,0.487,0.0,True
-0.07000000000000006,0.488,0.0,True
-0.07000000000000006,0.489,0.0,True
-0.07000000000000006,0.49,0.0,True
-0.07000000000000006,0.491,0.0,True
-0.07000000000000006,0.492,0.0,True
-0.07000000000000006,0.493,0.0,True
-0.07000000000000006,0.494,0.0,True
-0.07000000000000006,0.495,0.0,True
-0.07000000000000006,0.496,0.0,True
-0.07000000000000006,0.497,0.0,True
-0.07000000000000006,0.498,0.0,True
-0.07000000000000006,0.499,0.0,True
-0.07000000000000006,0.5,0.0,True
0.0,0.15,0.0,True
0.0,0.151,0.0,True
0.0,0.152,0.0,True
0.0,0.153,0.0,True
0.0,0.154,0.0,True
0.0,0.155,0.0,True
0.0,0.156,0.0,True
0.0,0.157,0.0,True
0.0,0.158,0.0,True
0.0,0.159,0.0,True
0.0,0.16,0.0,True
0.0,0.161,0.0,True
0.0,0.162,0.0,True
0.0,0.163,0.0,True
0.0,0.164,0.0,True
0.0,0.16499999999999998,0.0,True
0.0,0.16599999999999998,0.0,True
0.0,0.16699999999999998,0.0,True
0.0,0.16799999999999998,0.0,True
0.0,0.16899999999999998,0.0,True
0.0,0.16999999999999998,0.0,True
0.0,0.17099999999999999,0.0,True
0.0,0.172,0.0,True
0.0,0.173,0.0,True
0.0,0.174,0.0,True
0.0,0.175,0.0,True
0.0,0.176,0.0,True
0.0,0.177,0.0,True
0.0,0.178,0.0,True
0.0,0.179,0.0,True
0.0,0.18,0.0,True
0.0,0.181,0.0,True
0.0,0.182,0.0,True
0.0,0.183,0.0,True
0.0,0.184,0.0,True
0.0,0.185,0.0,True
0.0,0.186,0.0,True
0.0,0.187,0.0,True
0.0,0.188,0.0,True
0.0,0.189,0.0,True
0.0,0.19,0.0,True
0.0,0.191,0.0,True
0.0,0.192,0.0,True
0.0,0.193,0.0,True
0.0,0.194,0.0,True
0.0,0.195,0.0,True
0.0,0.196,0.0,True
0.0,0.197,0.0,True
0.0,0.198,0.0,True
0.0,0.199,0.0,True
0.0,0.2,0.0,True
0.0,0.201,0.0,True
0.0,0.202,0.0,True
0.0,0.20299999999999999,0.0,True
0.0,0.204,0.0,True
0.0,0.205,0.0,True
0.0,0.206,0.0,True
0.0,0.207,0.0,True
0.0,0.208,0.0,True
0.0,0.209,0.0,True
0.0,0.21,0.0,True
0.0,0.211,0.0,True
0.0,0.212,0.0,True
0.0,0.213,0.0,True
0.0,0.214,0.0,True
0.0,0.215,0.0,True
0.0,0.216,0.0,True
0.0,0.217,0.0,True
0.0,0.218,0.0,True
0.0,0.219,0.0,True
0.0,0.22,0.0,True
0.0,0.221,0.0,True
0.0,0.222,0.0,True
0.0,0.22299999999999998,0.0,True
0.0,0.22399999999999998,0.0,True
0.0,0.22499999999999998,0.0,True
0.0,0.22599999999999998,0.0,True
0.0,0.22699999999999998,0.0,True
0.0,0.22799999999999998,0.0,True
0.0,0.22899999999999998,0.0,True
0.0,0.22999999999999998,0.0,True
0.0,0.23099999999999998,0.0,True
0.0,0.23199999999999998,0.0,True
0.0,0.23299999999999998,0.0,True
0.0,0.23399999999999999,0.0,True
0.0,0.235,0.0,True
0.0,0.236,0.0,True
0.0,0.237,0.0,True
0.0,0.238,0.0,True
0.0,0.239,0.0,True
0.0,0.24,0.0,True
0.0,0.241,0.0,True
0.0,0.242,0.0,True
0.0,0.243,0.0,True
0.0,0.244,0.0,True
0.0,0.245,0.0,True
0.0,0.246,0.0,True
0.0,0.247,0.0,True
0.0,0.248,0.0,True
0.0,0.249,0.0,True
0.0,0.25,0.0,True
0.0,0.251,0.0,True
0.0,0.252,0.0,True
0.0,0.253,0.0,True
0.0,0.254,0.0,True
0.0,0.255,0.0,True
0.0,0.256,0.0,True
0.0,0.257,0.0,True
0.0,0.258,0.0,True
0.0,0.259,0.0,True
0.0,0.26,0.0,True
0.0,0.261,0.0,True
0.0,0.262,0.0,True
0.0,0.263,0.0,True
0.0,0.264,0.0,True
0.0,0.265,0.0,True
0.0,0.266,0.0,True
0.0,0.267,0.0,True
0.0,0.268,0.0,True
0.0,0.269,0.0,True
0.0,0.27,0.0,True
0.0,0.271,0.0,True
0.0,0.272,0.0,True
0.0,0.273,0.0,True
0.0,0.274,0.0,True
0.0,0.275,0.0,True
0.0,0.276,0.0,True
0.0,0.277,0.0,True
0.0,0.278,0.0,True
0.0,0.279,0.0,True
0.0,0.28,0.0,True
0.0,0.281,0.0,True
0.0,0.28200000000000003,0.0,True
0.0,0.28300000000000003,0.0,True
0.0,0.28400000000000003,0.0,True
0.0,0.28500000000000003,0.0,True
0.0,0.28600000000000003,0.0,True
0.0,0.28700000000000003,0.0,True
0.0,0.28800000000000003,0.0,True
0.0,0.28900000000000003,0.0,True
0.0,0.29000000000000004,0.0,True
0.0,0.29100000000000004,0.0,True
0.0,0.29200000000000004,0.0,True
0.0,0.29300000000000004,0.0,True
0.0,0.29400000000000004,0.0,True
0.0,0.295,0.0,True
0.0,0.296,0.0,True
0.0,0.297,0.0,True
0.0,0.298,0.0,True
0.0,0.299,0.0,True
0.0,0.3,0.0,True
0.0,0.301,0.0,True
0.0,0.302,0.0,True
0.0,0.303,0.0,True
0.0,0.304,0.0,True
0.0,0.305,0.0,True
0.0,0.306,0.0,True
0.0,0.307,0.0,True
0.0,0.308,0.0,True
0.0,0.309,0.0,True
0.0,0.31,0.0,True
0.0,0.311,0.0,True
0.0,0.312,0.0,True
0.0,0.313,0.0,True
0.0,0.314,0.0,True
0.0,0.315,0.0,True
0.0,0.316,0.0,True
0.0,0.317,0.0,True
0.0,0.318,0.0,True
0.0,0.319,0.0,True
0.0,0.32,0.0,True
0.0,0.321,0.0,True
0.0,0.322,0.0,True
0.0,0.323,0.0,True
0.0,0.324,0.0,True
0.0,0.325,0.0,True
0.0,0.32599999999999996,0.0,True
0.0,0.32699999999999996,0.0,True
0.0,0.32799999999999996,0.0,True
0.0,0.32899999999999996,0.0,True
0.0,0.32999999999999996,0.0,True
0.0,0.33099999999999996,0.0,True
0.0,0.33199999999999996,0.0,True
0.0,0.33299999999999996,0.0,True
0.0,0.33399999999999996,0.0,True
0.0,0.33499999999999996,0.0,True
0.0,0.33599999999999997,0.0,True
0.0,0.33699999999999997,0.0,True
0.0,0.33799999999999997,0.0,True
0.0,0.33899999999999997,0.0,True
0.0,0.33999999999999997,0.0,True
0.0,0.34099999999999997,0.0,True
0.0,0.34199999999999997,0.0,True
0.0,0.34299999999999997,0.0,True
0.0,0.344,0.0,True
0.0,0.345,0.0,True
0.0,0.346,0.0,True
0.0,0.347,0.0,True
0.0,0.348,0.0,True
0.0,0.349,0.0,True
0.0,0.35,0.0,True
0.0,0.351,0.0,True
0.0,0.352,0.0,True
0.0,0.353,0.0,True
0.0,0.354,0.0,True
0.0,0.355,0.0,True
0.0,0.356,0.0,True
0.0,0.357,0.0,True
0.0,0.358,0.0,True
0.0,0.359,0.0,True
0.0,0.36,0.0,True
0.0,0.361,0.0,True
0.0,0.362,0.0,True
0.0,0.363,0.0,True
0.0,0.364,0.0,True
0.0,0.365,0.0,True
0.0,0.366,0.0,True
0.0,0.367,0.0,True
0.0,0.368,0.0,True
0.0,0.369,0.0,True
0.0,0.37,0.0,True
0.0,0.371,0.0,True
0.0,0.372,0.0,True
0.0,0.373,0.0,True
0.0,0.374,0.0,True
0.0,0.375,0.0,True
0.0,0.376,0.0,True
0.0,0.377,0.0,True
0.0,0.378,0.0,True
0.0,0.379,0.0,True
0.0,0.38,0.0,True
0.0,0.381,0.0,True
0.0,0.382,0.0,True
0.0,0.383,0.0,True
0.0,0.384,0.0,True
0.0,0.385,0.0,True
0.0,0.386,0.0,True
0.0,0.387,0.0,True
0.0,0.388,0.0,True
0.0,0.389,0.0,True
0.0,0.39,0.0,True
0.0,0.391,0.0,True
0.0,0.392,0.0,True
0.0,0.393,0.0,True
0.0,0.394,0.0,True
0.0,0.395,0.0,True
0.0,0.396,0.0,True
0.0,0.397,0.0,True
0.0,0.398,0.0,True
0.0,0.399,0.0,True
0.0,0.4,0.0,True
0.0,0.401,0.0,True
0.0,0.402,0.0,True
0.0,0.403,0.0,True
0.0,0.404,0.0,True
0.0,0.405,0.0,True
0.0,0.406,0.0,True
0.0,0.40700000000000003,0.0,True
0.0,0.40800000000000003,0.0,True
0.0,0.40900000000000003,0.0,True
0.0,0.41000000000000003,0.0,True
0.0,0.41100000000000003,0.0,True
0.0,0.41200000000000003,0.0,True
0.0,0.41300000000000003,0.0,True
0.0,0.41400000000000003,0.0,True
0.0,0.41500000000000004,0.0,True
0.0,0.41600000000000004,0.0,True
0.0,0.41700000000000004,0.0,True
0.0,0.41800000000000004,0.0,True
0.0,0.41900000000000004,0.0,True
0.0,0.42000000000000004,0.0,True
0.0,0.42100000000000004,0.0,True
0.0,0.42200000000000004,0.0,True
0.0,0.42300000000000004,0.0,True
0.0,0.42400000000000004,0.0,True
0.0,0.42500000000000004,0.0,True
0.0,0.42600000000000005,0.0,True
0.0,0.42700000000000005,0.0,True
0.0,0.42800000000000005,0.0,True
0.0,0.42900000000000005,0.0,True
0.0,0.43000000000000005,0.0,True
0.0,0.43100000000000005,0.0,True
0.0,0.43200000000000005,0.0,True
0.0,0.43300000000000005,0.0,True
0.0,0.43400000000000005,0.0,True
0.0,0.43500000000000005,0.0,True
0.0,0.43600000000000005,0.0,True
0.0,0.43700000000000006,0.0,True
0.0,0.43800000000000006,0.0,True
0.0,0.43899999999999995,0.0,True
0.0,0.43999999999999995,0.0,True
0.0,0.44099999999999995,0.0,True
0.0,0.44199999999999995,0.0,True
0.0,0.44299999999999995,0.0,True
0.0,0.44399999999999995,0.0,True
0.0,0.44499999999999995,0.0,True
0.0,0.44599999999999995,0.0,True
0.0,0.44699999999999995,0.0,True
0.0,0.44799999999999995,0.0,True
0.0,0.44899999999999995,0.0,True
0.0,0.44999999999999996,0.0,True
0.0,0.45099999999999996,0.0,True
0.0,0.45199999999999996,0.0,True
0.0,0.45299999999999996,0.0,True
0.0,0.45399999999999996,0.0,True
0.0,0.45499999999999996,0.0,True
0.0,0.45599999999999996,0.0,True
0.0,0.45699999999999996,0.0,True
0.0,0.45799999999999996,0.0,True
0.0,0.45899999999999996,0.0,True
0.0,0.45999999999999996,0.0,True
0.0,0.46099999999999997,0.0,True
0.0,0.46199999999999997,0.0,True
0.0,0.46299999999999997,0.0,True
0.0,0.46399999999999997,0.0,True
0.0,0.46499999999999997,0.0,True
0.0,0.46599999999999997,0.0,True
0.0,0.46699999999999997,0.0,True
0.0,0.46799999999999997,0.0,True
0.0,0.469,0.0,True
0.0,0.47,0.0,True
0.0,0.471,0.0,True
0.0,0.472,0.0,True
0.0,0.473,0.0,True
0.0,0.474,0.0,True
0.0,0.475,0.0,True
0.0,0.476,0.0,True
0.0,0.477,0.0,True
0.0,0.478,0.0,True
0.0,0.479,0.0,True
0.0,0.48,0.0,True
0.0,0.481,0.0,True
0.0,0.482,0.0,True
0.0,0.483,0.0,True
0.0,0.484,0.0,True
0.0,0.485,0.0,True
0.0,0.486,0.0,True
0.0,0.487,0.0,True
0.0,0.488,0.0,True
0.0,0.489,0.0,True
0.0,0.49,0.0,True
0.0,0.491,0.0,True
0.0,0.492,0.0,True
0.0,0.493,0.0,True
0.0,0.494,0.0,True
0.0,0.495,0.0,True
0.0,0.496,0.0,True
0.0,0.497,0.0,True
0.0,0.498,0.0,True
0.0,0.499,0.0,True
0.0,0.5,0.0,True
0.06999999999999995,0.15,0.0,True
0.06999999999999995,0.151,0.0,True
0.06999999999999995,0.152,0.0,True
0.06999999999999995,0.153,0.0,True
0.06999999999999995,0.154,0.0,True
0.06999999999999995,0.155,0.0,True
0.06999999999999995,0.156,0.0,True
0.06999999999999995,0.157,0.0,True
0.06999999999999995,0.158,0.0,True
0.06999999999999995,0.159,0.0,True
0.06999999999999995,0.16,0.0,True
0.06999999999999995,0.161,0.0,True
0.06999999999999995,0.162,0.0,True
0.06999999999999995,0.163,0.0,True
0.06999999999999995,0.164,0.0,True
0.06999999999999995,0.16499999999999998,0.0,True
0.06999999999999995,0.16599999999999998,0.0,True
0.06999999999999995,0.16699999999999998,0.0,True
0.06999999999999995,0.16799999999999998,0.0,True
0.06999999999999995,0.16899999999999998,0.0,True
0.06999999999999995,0.16999999999999998,0.0,True
0.06999999999999995,0.17099999999999999,0.0,True
0.06999999999999995,0.172,0.0,True
0.06999999999999995,0.173,0.0,True
0.06999999999999995,0.174,0.0,True
0.06999999999999995,0.175,0.0,True
0.06999999999999995,0.176,0.0,True
0.06999999999999995,0.177,0.0,True
0.06999999999999995,0.178,0.0,True
0.06999999999999995,0.179,0.0,True
0.06999999999999995,0.18,0.0,True
0.06999999999999995,0.181,0.0,True
0.06999999999999995,0.182,0.0,True
0.06999999999999995,0.183,0.0,True
0.06999999999999995,0.184,0.0,True
0.06999999999999995,0.185,0.0,True
0.06999999999999995,0.186,0.0,True
0.06999999999999995,0.187,0.0,True
0.06999999999999995,0.188,0.0,True
0.06999999999999995,0.189,0.0,True
0.06999999999999995,0.19,0.0,True
0.06999999999999995,0.191,0.0,True
0.06999999999999995,0.192,0.0,True
0.06999999999999995,0.193,0.0,True
0.06999999999999995,0.194,0.0,True
0.06999999999999995,0.195,0.0,True
0.06999999999999995,0.196,0.0,True
0.06999999999999995,0.197,0.0,True
0.06999999999999995,0.198,0.0,True
0.06999999999999995,0.199,0.0,True
0.06999999999999995,0.2,0.0,True
0.06999999999999995,0.201,0.0,True
0.06999999999999995,0.202,0.0,True
0.06999999999999995,0.20299999999999999,0.0,True
0.06999999999999995,0.204,0.0,True
0.06999999999999995,0.205,0.0,True
0.06999999999999995,0.206,0.0,True
0.06999999999999995,0.207,0.0,True
0.06999999999999995,0.208,0.0,True
0.06999999999999995,0.209,0.0,True
0.06999999999999995,0.21,0.0,True
0.06999999999999995,0.211,0.0,True
0.06999999999999995,0.212,0.0,True
0.06999999999999995,0.213,0.0,True
0.06999999999999995,0.214,0.0,True
0.06999999999999995,0.215,0.0,True
0.06999999999999995,0.216,0.0,True
0.06999999999999995,0.217,0.0,True
0.06999999999999995,0.218,0.0,True
0.06999999999999995,0.219,0.0,True
0.06999999999999995,0.22,0.0,True
0.06999999999999995,0.221,0.0,True
0.06999999999999995,0.222,0.0,True
0.06999999999999995,0.22299999999999998,0.0,True
0.06999999999999995,0.22399999999999998,0.0,True
0.06999999999999995,0.22499999999999998,0.0,True
0.06999999999999995,0.22599999999999998,0.0,True
0.06999999999999995,0.22699999999999998,0.0,True
0.06999999999999995,0.22799999999999998,0.0,True
0.06999999999999995,0.22899999999999998,0.0,True
0.06999999999999995,0.22999999999999998,0.0,True
0.06999999999999995,0.23099999999999998,0.0,True
0.06999999999999995,0.23199999999999998,0.0,True
0.06999999999999995,0.23299999999999998,0.0,True
0.06999999999999995,0.23399999999999999,0.0,True
0.06999999999999995,0.235,0.0,True
0.06999999999999995,0.236,0.0,True
0.06999999999999995,0.237,0.0,True
0.06999999999999995,0.238,0.0,True
0.06999999999999995,0.239,0.0,True
0.06999999999999995,0.24,0.0,True
0.06999999999999995,0.241,0.0,True
0.06999999999999995,0.242,0.0,True
0.06999999999999995,0.243,0.0,True
0.06999999999999995,0.244,0.0,True
0.06999999999999995,0.245,0.0,True
0.06999999999999995,0.246,0.0,True
0.06999999999999995,0.247,0.0,True
0.06999999999999995,0.248,0.0,True
0.06999999999999995,0.249,0.0,True
0.06999999999999995,0.25,0.0,True
0.06999999999999995,0.251,0.0,True
0.06999999999999995,0.252,0.0,True
0.06999999999999995,0.253,0.0,True
0.06999999999999995,0.254,0.0,True
0.06999999999999995,0.255,0.0,True
0.06999999999999995,0.256,0.0,True
0.06999999999999995,0.257,0.0,True
0.06999999999999995,0.258,0.0,True
0.06999999999999995,0.259,0.0,True
0.06999999999999995,0.26,0.0,True
0.06999999999999995,0.261,0.0,True
0.06999999999999995,0.262,0.0,True
0.06999999999999995,0.263,0.0,True
0.06999999999999995,0.264,0.0,True
0.06999999999999995,0.265,0.0,True
0.06999999999999995,0.266,0.0,True
0.06999999999999995,0.267,0.0,True
0.06999999999999995,0.268,0.0,True
0.06999999999999995,0.269,0.0,True
0.06999999999999995,0.27,0.0,True
0.06999999999999995,0.271,0.0,True
0.06999999999999995,0.272,0.0,True
0.06999999999999995,0.273,0.0,True
0.06999999999999995,0.274,0.0,True
0.06999999999999995,0.275,0.0,True
0.06999999999999995,0.276,0.0,True
0.06999999999999995,0.277,0.0,True
0.06999999999999995,0.278,0.0,True
0.06999999999999995,0.279,0.0,True
0.06999999999999995,0.28,0.0,True
0.06999999999999995,0.281,0.0,True
0.06999999999999995,0.28200000000000003,0.0,True
0.06999999999999995,0.28300000000000003,0.0,True
0.06999999999999995,0.28400000000000003,0.0,True
0.06999999999999995,0.28500000000000003,0.0,True
0.06999999999999995,0.28600000000000003,0.0,True
0.06999999999999995,0.28700000000000003,0.0,True
0.06999999999999995,0.28800000000000003,0.0,True
0.06999999999999995,0.28900000000000003,0.0,True
0.06999999999999995,0.29000000000000004,0.0,True
0.06999999999999995,0.29100000000000004,0.0,True
0.06999999999999995,0.29200000000000004,0.0,True
0.06999999999999995,0.29300000000000004,0.0,True
0.06999999999999995,0.29400000000000004,0.0,True
0.06999999999999995,0.295,0.0,True
0.06999999999999995,0.296,0.0,True
0.06999999999999995,0.297,0.0,True
0.06999999999999995,0.298,0.0,True
0.06999999999999995,0.299,0.0,True
0.06999999999999995,0.3,0.0,True
0.06999999999999995,0.301,0.0,True
0.06999999999999995,0.302,0.0,True
0.06999999999999995,0.303,0.0,True
0.06999999999999995,0.304,0.0,True
0.06999999999999995,0.305,0.0,True
0.06999999999999995,0.306,0.0,True
0.06999999999999995,0.307,0.0,True
0.06999999999999995,0.308,0.0,True
0.06999999999999995,0.309,0.0,True
0.06999999999999995,0.31,0.0,True
0.06999999999999995,0.311,0.0,True
0.06999999999999995,0.312,0.0,True
0.06999999999999995,0.313,0.0,True
0.06999999999999995,0.314,0.0,True
0.06999999999999995,0.315,0.0,True
0.06999999999999995,0.316,0.0,True
0.06999999999999995,0.317,0.0,True
0.06999999999999995,0.318,0.0,True
0.06999999999999995,0.319,0.0,True
0.06999999999999995,0.32,0.0,True
0.06999999999999995,0.321,0.0,True
0.06999999999999995,0.322,0.0,True
0.06999999999999995,0.323,0.0,True
0.06999999999999995,0.324,0.0,True
0.06999999999999995,0.325,0.0,True
0.06999999999999995,0.32599999999999996,0.0,True
0.06999999999999995,0.32699999999999996,0.0,True
0.06999999999999995,0.32799999999999996,0.0,True
0.06999999999999995,0.32899999999999996,0.0,True
0.06999999999999995,0.32999999999999996,0.0,True
0.06999999999999995,0.33099999999999996,0.0,True
0.06999999999999995,0.33199999999999996,0.0,True
0.06999999999999995,0.33299999999999996,0.0,True
0.06999999999999995,0.33399999999999996,0.0,True
0.06999999999999995,0.33499999999999996,0.0,True
0.06999999999999995,0.33599999999999997,0.0,True
0.06999999999999995,0.33699999999999997,0.0,True
0.06999999999999995,0.33799999999999997,0.0,True
0.06999999999999995,0.33899999999999997,0.0,True
0.06999999999999995,0.33999999999999997,0.0,True
0.06999999999999995,0.34099999999999997,0.0,True
0.06999999999999995,0.34199999999999997,0.0,True
0.06999999999999995,0.34299999999999997,0.0,True
0.06999999999999995,0.344,0.0,True
0.06999999999999995,0.345,0.0,True
0.06999999999999995,0.346,0.0,True
0.06999999999999995,0.347,0.0,True
0.06999999999999995,0.348,0.0,True
0.06999999999999995,0.349,0.0,True
0.06999999999999995,0.35,0.0,True
0.06999999999999995,0.351,0.0,True
0.06999999999999995,0.352,0.0,True
0.06999999999999995,0.353,0.0,True
0.06999999999999995,0.354,0.0,True
0.06999999999999995,0.355,0.0,True
0.06999999999999995,0.356,0.0,True
0.06999999999999995,0.357,0.0,True
0.06999999999999995,0.358,0.0,True
0.06999999999999995,0.359,0.0,True
0.06999999999999995,0.36,0.0,True
0.06999999999999995,0.361,0.0,True
0.06999999999999995,0.362,0.0,True
0.06999999999999995,0.363,0.0,True
0.06999999999999995,0.364,0.0,True
0.06999999999999995,0.365,0.0,True
0.06999999999999995,0.366,0.0,True
0.06999999999999995,0.367,0.0,True
0.06999999999999995,0.368,0.0,True
0.06999999999999995,0.369,0.0,True
0.06999999999999995,0.37,0.0,True
0.06999999999999995,0.371,0.0,True
0.06999999999999995,0.372,0.0,True
0.06999999999999995,0.373,0.0,True
0.06999999999999995,0.374,0.0,True
0.06999999999999995,0.375,0.0,True
0.06999999999999995,0.376,0.0,True
0.06999999999999995,0.377,0.0,True
0.06999999999999995,0.378,0.0,True
0.06999999999999995,0.379,0.0,True
0.06999999999999995,0.38,0.0,True
0.06999999999999995,0.381,0.0,True
0.06999999999999995,0.382,0.0,True
0.06999999999999995,0.383,0.0,True
0.06999999999999995,0.384,0.0,True
0.06999999999999995,0.385,0.0,True
0.06999999999999995,0.386,0.0,True
0.06999999999999995,0.387,0.0,True
0.06999999999999995,0.388,0.0,True
0.06999999999999995,0.389,0.0,True
0.06999999999999995,0.39,0.0,True
0.06999999999999995,0.391,0.0,True
0.06999999999999995,0.392,0.0,True
0.06999999999999995,0.393,0.0,True
0.06999999999999995,0.394,0.0,True
0.06999999999999995,0.395,0.0,True
0.06999999999999995,0.396,0.0,True
0.06999999999999995,0.397,0.0,True
0.06999999999999995,0.398,0.0,True
0.06999999999999995,0.399,0.0,True
0.06999999999999995,0.4,0.0,True
0.06999999999999995,0.401,0.0,True
0.06999999999999995,0.402,0.0,True
0.06999999999999995,0.403,0.0,True
0.06999999999999995,0.404,0.0,True
0.06999999999999995,0.405,0.0,True
0.06999999999999995,0.406,0.0,True
0.06999999999999995,0.40700000000000003,0.0,True
0.06999999999999995,0.40800000000000003,0.0,True
0.06999999999999995,0.40900000000000003,0.0,True
0.06999999999999995,0.41000000000000003,0.0,True
0.06999999999999995,0.41100000000000003,0.0,True
0.06999999999999995,0.41200000000000003,0.0,True
0.06999999999999995,0.41300000000000003,0.0,True
0.06999999999999995,0.41400000000000003,0.0,True
0.06999999999999995,0.41500000000000004,0.0,True
0.06999999999999995,0.41600000000000004,0.0,True
0.06999999999999995,0.41700000000000004,0.0,True
0.06999999999999995,0.41800000000000004,0.0,True
0.06999999999999995,0.41900000000000004,0.0,True
0.06999999999999995,0.42000000000000004,0.0,True
0.06999999999999995,0.42100000000000004,0.0,True
0.06999999999999995,0.42200000000000004,0.0,True
0.06999999999999995,0.42300000000000004,0.0,True
0.06999999999999995,0.42400000000000004,0.0,True
0.06999999999999995,0.42500000000000004,0.0,True
0.06999999999999995,0.42600000000000005,0.0,True
0.06999999999999995,0.42700000000000005,0.0,True
0.06999999999999995,0.42800000000000005,0.0,True
0.06999999999999995,0.42900000000000005,0.0,True
0.06999999999999995,0.43000000000000005,0.0,True
0.06999999999999995,0.43100000000000005,0.0,True
0.06999999999999995,0.43200000000000005,0.0,True
0.06999999999999995,0.43300000000000005,0.0,True
0.06999999999999995,0.43400000000000005,0.0,True
0.06999999999999995,0.43500000000000005,0.0,True
0.06999999999999995,0.43600000000000005,0.0,True
0.06999999999999995,0.43700000000000006,0.0,True
0.06999999999999995,0.43800000000000006,0.0,True
0.06999999999999995,0.43899999999999995,0.0,True
0.06999999999999995,0.43999999999999995,0.0,True
0.06999999999999995,0.44099999999999995,0.0,True
0.06999999999999995,0.44199999999999995,0.0,True
0.06999999999999995,0.44299999999999995,0.0,True
0.06999999999999995,0.44399999999999995,0.0,True
0.06999999999999995,0.44499999999999995,0.0,True
0.06999999999999995,0.44599999999999995,0.0,True
0.06999999999999995,0.44699999999999995,0.0,True
0.06999999999999995,0.44799999999999995,0.0,True
0.06999999999999995,0.44899999999999995,0.0,True
0.06999999999999995,0.44999999999999996,0.0,True
0.06999999999999995,0.45099999999999996,0.0,True
0.06999999999999995,0.45199999999999996,0.0,True
0.06999999999999995,0.45299999999999996,0.0,True
0.06999999999999995,0.45399999999999996,0.0,True
0.06999999999999995,0.45499999999999996,0.0,True
0.06999999999999995,0.45599999999999996,0.0,True
0.06999999999999995,0.45699999999999996,0.0,True
0.06999999999999995,0.45799999999999996,0.0,True
0.06999999999999995,0.45899999999999996,0.0,True
0.06999999999999995,0.45999999999999996,0.0,True
0.06999999999999995,0.46099999999999997,0.0,True
0.06999999999999995,0.46199999999999997,0.0,True
0.06999999999999995,0.46299999999999997,0.0,True
0.06999999999999995,0.46399999999999997,0.0,True
0.06999999999999995,0.46499999999999997,0.0,True
0.06999999999999995,0.46599999999999997,0.0,True
0.06999999999999995,0.46699999999999997,0.0,True
0.06999999999999995,0.46799999999999997,0.0,True
0.06999999999999995,0.469,0.0,True
0.06999999999999995,0.47,0.0,True
0.06999999999999995,0.471,0.0,True
0.06999999999999995,0.472,0.0,True
0.06999999999999995,0.473,0.0,True
0.06999999999999995,0.474,0.0,True
0.06999999999999995,0.475,0.0,True
0.06999999999999995,0.476,0.0,True
0.06999999999999995,0.477,0.0,True
0.06999999999999995,0.478,0.0,True
0.06999999999999995,0.479,0.0,True
0.06999999999999995,0.48,0.0,True
0.06999999999999995,0.481,0.0,True
0.06999999999999995,0.482,0.0,True
0.06999999999999995,0.483,0.0,True
0.06999999999999995,0.484,0.0,True
0.06999999999999995,0.485,0.0,True
0.06999999999999995,0.486,0.0,True
0.06999999999999995,0.487,0.0,True
0.06999999999999995,0.488,0.0,True
0.06999999999999995,0.489,0.0,True
0.06999999999999995,0.49,0.0,True
0.06999999999999995,0.491,0.0,True
0.06999999999999995,0.492,0.0,True
0.06999999999999995,0.493,0.0,True
0.06999999999999995,0.494,0.0,True
0.06999999999999995,0.495,0.0,True
0.06999999999999995,0.496,0.0,True
0.06999999999999995,0.497,0.0,True
0.06999999999999995,0.498,0.0,True
0.06999999999999995,0.499,0.0,True
0.06999999999999995,0.5,0.0,True
0.1399999999999999,0.15,0.0,True
0.1399999999999999,0.151,0.0,True
0.1399999999999999,0.152,0.0,True
0.1399999999999999,0.153,0.0,True
0.1399999999999999,0.154,0.0,True
0.1399999999999999,0.155,0.0,True
0.1399999999999999,0.156,0.0,True
0.1399999999999999,0.157,0.0,True
0.1399999999999999,0.158,0.0,True
0.1399999999999999,0.159,0.0,True
0.1399999999999999,0.16,0.0,True
0.1399999999999999,0.161,0.0,True
0.1399999999999999,0.162,0.0,True
0.1399999999999999,0.163,0.0,True
0.1399999999999999,0.164,0.0,True
0.1399999999999999,0.16499999999999998,0.0,True
0.1399999999999999,0.16599999999999998,0.0,True
0.1399999999999999,0.16699999999999998,0.0,True
0.1399999999999999,0.16799999999999998,0.0,True
0.1399999999999999,0.16899999999999998,0.0,True
0.1399999999999999,0.16999999999999998,0.0,True
0.1399999999999999,0.17099999999999999,0.0,True
0.1399999999999999,0.172,0.0,True
0.1399999999999999,0.173,0.0,True
0.1399999999999999,0.174,0.0,True
0.1399999999999999,0.175,0.0,True
0.1399999999999999,0.176,0.0,True
0.1399999999999999,0.177,0.0,True
0.1399999999999999,0.178,0.0,True
0.1399999999999999,0.179,0.0,True
0.1399999999999999,0.18,0.0,True
0.1399999999999999,0.181,0.0,True
0.1399999999999999,0.182,0.0,True
0.1399999999999999,0.183,0.0,True
0.1399999999999999,0.184,0.0,True
0.1399999999999999,0.185,0.0,True
0.1399999999999999,0.186,0.0,True
0.1399999999999999,0.187,0.0,True
0.1399999999999999,0.188,0.0,True
0.1399999999999999,0.189,0.0,True
0.1399999999999999,0.19,0.0,True
0.1399999999999999,0.191,0.0,True
0.1399999999999999,0.192,0.0,True
0.1399999999999999,0.193,0.0,True
0.1399999999999999,0.194,0.0,True
0.1399999999999999,0.195,0.0,True
0.1399999999999999,0.196,0.0,True
0.1399999999999999,0.197,0.0,True
0.1399999999999999,0.198,0.0,True
0.1399999999999999,0.199,0.0,True
0.1399999999999999,0.2,0.0,True
0.1399999999999999,0.201,0.0,True
0.1399999999999999,0.202,0.0,True
0.1399999999999999,0.20299999999999999,0.0,True
0.1399999999999999,0.204,0.0,True
0.1399999999999999,0.205,0.0,True
0.1399999999999999,0.206,0.0,True
0.1399999999999999,0.207,0.0,True
0.1399999999999999,0.208,0.0,True
0.1399999999999999,0.209,0.0,True
0.1399999999999999,0.21,0.0,True
0.1399999999999999,0.211,0.0,True
0.1399999999999999,0.212,0.0,True
0.1399999999999999,0.213,0.0,True
0.1399999999999999,0.214,0.0,True
0.1399999999999999,0.215,0.0,True
0.1399999999999999,0.216,0.0,True
0.1399999999999999,0.217,0.0,True
0.1399999999999999,0.218,0.0,True
0.1399999999999999,0.219,0.0,True
0.1399999999999999,0.22,0.0,True
0.1399999999999999,0.221,0.0,True
0.1399999999999999,0.222,0.0,True
0.1399999999999999,0.22299999999999998,0.0,True
0.1399999999999999,0.22399999999999998,0.0,True
0.1399999999999999,0.22499999999999998,0.0,True
0.1399999999999999,0.22599999999999998,0.0,True
0.1399999999999999,0.22699999999999998,0.0,True
0.1399999999999999,0.22799999999999998,0.0,True
0.1399999999999999,0.22899999999999998,0.0,True
0.1399999999999999,0.22999999999999998,0.0,True
0.1399999999999999,0.23099999999999998,0.0,True
0.1399999999999999,0.23199999999999998,0.0,True
0.1399999999999999,0.23299999999999998,0.0,True
0.1399999999999999,0.23399999999999999,0.0,True
0.1399999999999999,0.235,0.0,True
0.1399999999999999,0.236,0.0,True
0.1399999999999999,0.237,0.0,True
0.1399999999999999,0.238,0.0,True
0.1399999999999999,0.239,0.0,True
0.1399999999999999,0.24,0.0,True
0.1399999999999999,0.241,0.0,True
0.1399999999999999,0.242,0.0,True
0.1399999999999999,0.243,0.0,True
0.1399999999999999,0.244,0.0,True
0.1399999999999999,0.245,0.0,True
0.1399999999999999,0.246,0.0,True
0.1399999999999999,0.247,0.0,True
0.1399999999999999,0.248,0.0,True
0.1399999999999999,0.249,0.0,True
0.1399999999999999,0.25,0.0,True
0.1399999999999999,0.251,0.0,True
0.1399999999999999,0.252,0.0,True
0.1399999999999999,0.253,0.0,True
0.1399999999999999,0.254,0.0,True
0.1399999999999999,0.255,0.0,True
0.1399999999999999,0.256,0.0,True
0.1399999999999999,0.257,0.0,True
0.1399999999999999,0.258,0.0,True
0.1399999999999999,0.259,0.0,True
0.1399999999999999,0.26,0.0,True
0.1399999999999999,0.261,0.0,True
0.1399999999999999,0.262,0.0,True
0.1399999999999999,0.263,0.0,True
0.1399999999999999,0.264,0.0,True
0.1399999999999999,0.265,0.0,True
0.1399999999999999,0.266,0.0,True
0.1399999999999999,0.267,0.0,True
0.1399999999999999,0.268,0.0,True
0.1399999999999999,0.269,0.0,True
0.1399999999999999,0.27,0.0,True
0.1399999999999999,0.271,0.0,True
0.1399999999999999,0.272,0.0,True
0.1399999999999999,0.273,0.0,True
0.1399999999999999,0.274,0.0,True
0.1399999999999999,0.275,0.0,True
0.1399999999999999,0.276,0.0,True
0.1399999999999999,0.277,0.0,True
0.1399999999999999,0.278,0.0,True
0.1399999999999999,0.279,0.0,True
0.1399999999999999,0.28,0.0,True
0.1399999999999999,0.281,0.0,True
0.1399999999999999,0.28200000000000003,0.0,True
0.1399999999999999,0.28300000000000003,0.0,True
0.1399999999999999,0.28400000000000003,0.0,True
0.1399999999999999,0.28500000000000003,0.0,True
0.1399999999999999,0.28600000000000003,0.0,True
0.1399999999999999,0.28700000000000003,0.0,True
0.1399999999999999,0.28800000000000003,0.0,True
0.1399999999999999,0.28900000000000003,0.0,True
0.1399999999999999,0.29000000000000004,0.0,True
0.1399999999999999,0.29100000000000004,0.0,True
0.1399999999999999,0.29200000000000004,0.0,True
0.1399999999999999,0.29300000000000004,0.0,True
0.1399999999999999,0.29400000000000004,0.0,True
0.1399999999999999,0.295,0.0,True
0.1399999999999999,0.296,0.0,True
0.1399999999999999,0.297,0.0,True
0.1399999999999999,0.298,0.0,True
0.1399999999999999,0.299,0.0,True
0.1399999999999999,0.3,0.0,True
0.1399999999999999,0.301,0.0,True
0.1399999999999999,0.302,0.0,True
0.1399999999999999,0.303,0.0,True
0.1399999999999999,0.304,0.0,True
0.1399999999999999,0.305,0.0,True
0.1399999999999999,0.306,0.0,True
0.1399999999999999,0.307,0.0,True
0.1399999999999999,0.308,0.0,True
0.1399999999999999,0.309,0.0,True
0.1399999999999999,0.31,0.0,True
0.1399999999999999,0.311,0.0,True
0.1399999999999999,0.312,0.0,True
0.1399999999999999,0.313,0.0,True
0.1399999999999999,0.314,0.0,True
0.1399999999999999,0.315,0.0,True
0.1399999999999999,0.316,0.0,True
0.1399999999999999,0.317,0.0,True
0.1399999999999999,0.318,0.0,True
0.1399999999999999,0.319,0.0,True
0.1399999999999999,0.32,0.0,True
0.1399999999999999,0.321,0.0,True
0.1399999999999999,0.322,0.0,True
0.1399999999999999,0.323,0.0,True
0.1399999999999999,0.324,0.0,True
0.1399999999999999,0.325,0.0,True
0.1399999999999999,0.32599999999999996,0.0,True
0.1399999999999999,0.32699999999999996,0.0,True
0.1399999999999999,0.32799999999999996,0.0,True
0.1399999999999999,0.32899999999999996,0.0,True
0.1399999999999999,0.32999999999999996,0.0,True
0.1399999999999999,0.33099999999999996,0.0,True
0.1399999999999999,0.33199999999999996,0.0,True
0.1399999999999999,0.33299999999999996,0.0,True
0.1399999999999999,0.33399999999999996,0.0,True
0.1399999999999999,0.33499999999999996,0.0,True
0.1399999999999999,0.33599999999999997,0.0,True
0.1399999999999999,0.33699999999999997,0.0,True
0.1399999999999999,0.33799999999999997,0.0,True
0.1399999999999999,0.33899999999999997,0.0,True
0.1399999999999999,0.33999999999999997,0.0,True
0.1399999999999999,0.34099999999999997,0.0,True
0.1399999999999999,0.34199999999999997,0.0,True
0.1399999999999999,0.34299999999999997,0.0,True
0.1399999999999999,0.344,0.0,True
0.1399999999999999,0.345,0.0,True
0.1399999999999999,0.346,0.0,True
0.1399999999999999,0.347,0.0,True
0.1399999999999999,0.348,0.0,True
0.1399999999999999,0.349,0.0,True
0.1399999999999999,0.35,0.0,True
0.1399999999999999,0.351,0.0,True
0.1399999999999999,0.352,0.0,True
0.1399999999999999,0.353,0.0,True
0.1399999999999999,0.354,0.0,True
0.1399999999999999,0.355,0.0,True
0.1399999999999999,0.356,0.0,True
0.1399999999999999,0.357,0.0,True
0.1399999999999999,0.358,0.0,True
0.1399999999999999,0.359,0.0,True
0.1399999999999999,0.36,0.0,True
0.1399999999999999,0.361,0.0,True
0.1399999999999999,0.362,0.0,True
0.1399999999999999,0.363,0.0,True
0.1399999999999999,0.364,0.0,True
0.1399999999999999,0.365,0.0,True
0.1399999999999999,0.366,0.0,True
0.1399999999999999,0.367,0.0,True
0.1399999999999999,0.368,0.0,True
0.1399999999999999,0.369,0.0,True
0.1399999999999999,0.37,0.0,True
0.1399999999999999,0.371,0.0,True
0.1399999999999999,0.372,0.0,True
0.1399999999999999,0.373,0.0,True
0.1399999999999999,0.374,0.0,True
0.1399999999999999,0.375,0.0,True
0.1399999999999999,0.376,0.0,True
0.1399999999999999,0.377,0.0,True
0.1399999999999999,0.378,0.0,True
0.1399999999999999,0.379,0.0,True
0.1399999999999999,0.38,0.0,True
0.1399999999999999,0.381,0.0,True
0.1399999999999999,0.382,0.0,True
0.1399999999999999,0.383,0.0,True
0.1399999999999999,0.384,0.0,True
0.1399999999999999,0.385,0.0,True
0.1399999999999999,0.386,0.0,True
0.1399999999999999,0.387,0.0,True
0.1399999999999999,0.388,0.0,True
0.1399999999999999,0.389,0.0,True
0.1399999999999999,0.39,0.0,True
0.1399999999999999,0.391,0.0,True
0.1399999999999999,0.392,0.0,True
0.1399999999999999,0.393,0.0,True
0.1399999999999999,0.394,0.0,True
0.1399999999999999,0.395,0.0,True
0.1399999999999999,0.396,0.0,True
0.1399999999999999,0.397,0.0,True
0.1399999999999999,0.398,0.0,True
0.1399999999999999,0.399,0.0,True
0.1399999999999999,0.4,0.0,True
0.1399999999999999,0.401,0.0,True
0.1399999999999999,0.402,0.0,True
0.1399999999999999,0.403,0.0,True
0.1399999999999999,0.404,0.0,True
0.1399999999999999,0.405,0.0,True
0.1399999999999999,0.406,0.0,True
0.1399999999999999,0.40700000000000003,0.0,True
0.1399999999999999,0.40800000000000003,0.0,True
0.1399999999999999,0.40900000000000003,0.0,True
0.1399999999999999,0.41000000000000003,0.0,True
0.1399999999999999,0.41100000000000003,0.0,True
0.1399999999999999,0.41200000000000003,0.0,True
0.1399999999999999,0.41300000000000003,0.0,True
0.1399999999999999,0.41400000000000003,0.0,True
0.1399999999999999,0.41500000000000004,0.0,True
0.1399999999999999,0.41600000000000004,0.0,True
0.1399999999999999,0.41700000000000004,0.0,True
0.1399999999999999,0.41800000000000004,0.0,True
0.1399999999999999,0.41900000000000004,0.0,True
0.1399999999999999,0.42000000000000004,0.0,True
0.1399999999999999,0.42100000000000004,0.0,True
0.1399999999999999,0.42200000000000004,0.0,True
0.1399999999999999,0.42300000000000004,0.0,True
0.1399999999999999,0.42400000000000004,0.0,True
0.1399999999999999,0.42500000000000004,0.0,True
0.1399999999999999,0.42600000000000005,0.0,True
0.1399999999999999,0.42700000000000005,0.0,True
0.1399999999999999,0.42800000000000005,0.0,True
0.1399999999999999,0.42900000000000005,0.0,True
0.1399999999999999,0.43000000000000005,0.0,True
0.1399999999999999,0.43100000000000005,0.0,True
0.1399999999999999,0.43200000000000005,0.0,True
0.1399999999999999,0.43300000000000005,0.0,True
0.1399999999999999,0.43400000000000005,0.0,True
0.1399999999999999,0.43500000000000005,0.0,True
0.1399999999999999,0.43600000000000005,0.0,True
0.1399999999999999,0.43700000000000006,0.0,True
0.1399999999999999,0.43800000000000006,0.0,True
0.1399999999999999,0.43899999999999995,0.0,True
0.1399999999999999,0.43999999999999995,0.0,True
0.1399999999999999,0.44099999999999995,0.0,True
0.1399999999999999,0.44199999999999995,0.0,True
0.1399999999999999,0.44299999999999995,0.0,True
0.1399999999999999,0.44399999999999995,0.0,True
0.1399999999999999,0.44499999999999995,0.0,True
0.1399999999999999,0.44599999999999995,0.0,True
0.1399999999999999,0.44699999999999995,0.0,True
0.1399999999999999,0.44799999999999995,0.0,True
0.1399999999999999,0.44899999999999995,0.0,True
0.1399999999999999,0.44999999999999996,0.0,True
0.1399999999999999,0.45099999999999996,0.0,True
0.1399999999999999,0.45199999999999996,0.0,True
0.1399999999999999,0.45299999999999996,0.0,True
0.1399999999999999,0.45399999999999996,0.0,True
0.1399999999999999,0.45499999999999996,0.0,True
0.1399999999999999,0.45599999999999996,0.0,True
0.1399999999999999,0.45699999999999996,0.0,True
0.1399999999999999,0.45799999999999996,0.0,True
0.1399999999999999,0.45899999999999996,0.0,True
0.1399999999999999,0.45999999999999996,0.0,True
0.1399999999999999,0.46099999999999997,0.0,True
0.1399999999999999,0.46199999999999997,0.0,True
0.1399999999999999,0.46299999999999997,0.0,True
0.1399999999999999,0.46399999999999997,0.0,True
0.1399999999999999,0.46499999999999997,0.0,True
0.1399999999999999,0.46599999999999997,0.0,True
0.1399999999999999,0.46699999999999997,0.0,True
0.1399999999999999,0.46799999999999997,0.0,True
0.1399999999999999,0.469,0.0,True
0.1399999999999999,0.47,0.0,True
0.1399999999999999,0.471,0.0,True
0.1399999999999999,0.472,0.0,True
0.1399999999999999,0.473,0.0,True
0.1399999999999999,0.474,0.0,True
0.1399999999999999,0.475,0.0,True
0.1399999999999999,0.476,0.0,True
0.1399999999999999,0.477,0.0,True
0.1399999999999999,0.478,0.0,True
0.1399999999999999,0.479,0.0,True
0.1399999999999999,0.48,0.0,True
0.1399999999999999,0.481,0.0,True
0.1399999999999999,0.482,0.0,True
0.1399999999999999,0.483,0.0,True
0.1399999999999999,0.484,0.0,True
0.1399999999999999,0.485,0.0,True
0.1399999999999999,0.486,0.0,True
0.1399999999999999,0.487,0.0,True
0.1399999999999999,0.488,0.0,True
0.1399999999999999,0.489,0.0,True
0.1399999999999999,0.49,0.0,True
0.1399999999999999,0.491,0.0,True
0.1399999999999999,0.492,0.0,True
0.1399999999999999,0.493,0.0,True
0.1399999999999999,0.494,0.0,True
0.1399999999999999,0.495,0.0,True
0.1399999999999999,0.496,0.0,True
0.1399999999999999,0.497,0.0,True
0.1399999999999999,0.498,0.0,True
0.1399999999999999,0.499,0.0,True
0.1399999999999999,0.5,0.0,True
0.20999999999999996,0.15,0.0,True
0.20999999999999996,0.151,0.0,True
0.20999999999999996,0.152,0.0,True
0.20999999999999996,0.153,0.0,True
0.20999999999999996,0.154,0.0,True
0.20999999999999996,0.155,0.0,True
0.20999999999999996,0.156,0.0,True
0.20999999999999996,0.157,0.0,True
0.20999999999999996,0.158,0.0,True
0.20999999999999996,0.159,0.0,True
0.20999999999999996,0.16,0.0,True
0.20999999999999996,0.161,0.0,True
0.20999999999999996,0.162,0.0,True
0.20999999999999996,0.163,0.0,True
0.20999999999999996,0.164,0.0,True
0.20999999999999996,0.16499999999999998,0.0,True
0.20999999999999996,0.16599999999999998,0.0,True
0.20999999999999996,0.16699999999999998,0.0,True
0.20999999999999996,0.16799999999999998,0.0,True
0.20999999999999996,0.16899999999999998,0.0,True
0.20999999999999996,0.16999999999999998,0.0,True
0.20999999999999996,0.17099999999999999,0.0,True
0.20999999999999996,0.172,0.0,True
0.20999999999999996,0.173,0.0,True
0.20999999999999996,0.174,0.0,True
0.20999999999999996,0.175,0.0,True
0.20999999999999996,0.176,0.0,True
0.20999999999999996,0.177,0.0,True
0.20999999999999996,0.178,0.0,True
0.20999999999999996,0.179,0.0,True
0.20999999999999996,0.18,0.0,True
0.20999999999999996,0.181,0.0,True
0.20999999999999996,0.182,0.0,True
0.20999999999999996,0.183,0.0,True
0.20999999999999996,0.184,0.0,True
0.20999999999999996,0.185,0.0,True
0.20999999999999996,0.186,0.0,True
0.20999999999999996,0.187,0.0,True
0.20999999999999996,0.188,0.0,True
0.20999999999999996,0.189,0.0,True
0.20999999999999996,0.19,0.0,True
0.20999999999999996,0.191,0.0,True
0.20999999999999996,0.192,0.0,True
0.20999999999999996,0.193,0.0,True
0.20999999999999996,0.194,0.0,True
0.20999999999999996,0.195,0.0,True
0.20999999999999996,0.196,0.0,True
0.20999999999999996,0.197,0.0,True
0.20999999999999996,0.198,0.0,True
0.20999999999999996,0.199,0.0,True
0.20999999999999996,0.2,0.0,True
0.20999999999999996,0.201,0.0,True
0.20999999999999996,0.202,0.0,True
0.20999999999999996,0.20299999999999999,0.0,True
0.20999999999999996,0.204,0.0,True
0.20999999999999996,0.205,0.0,True
0.20999999999999996,0.206,0.0,True
0.20999999999999996,0.207,0.0,True
0.20999999999999996,0.208,0.0,True
0.20999999999999996,0.209,0.0,True
0.20999999999999996,0.21,0.0,True
0.20999999999999996,0.211,0.0,True
0.20999999999999996,0.212,0.0,True
0.20999999999999996,0.213,0.0,True
0.20999999999999996,0.214,0.0,True
0.20999999999999996,0.215,0.0,True
0.20999999999999996,0.216,0.0,True
0.20999999999999996,0.217,0.0,True
0.20999999999999996,0.218,0.0,True
0.20999999999999996,0.219,0.0,True
0.20999999999999996,0.22,0.0,True
0.20999999999999996,0.221,0.0,True
0.20999999999999996,0.222,0.0,True
0.20999999999999996,0.22299999999999998,0.0,True
0.20999999999999996,0.22399999999999998,0.0,True
0.20999999999999996,0.22499999999999998,0.0,True
0.20999999999999996,0.22599999999999998,0.0,True
0.20999999999999996,0.22699999999999998,0.0,True
0.20999999999999996,0.22799999999999998,0.0,True
0.20999999999999996,0.22899999999999998,0.0,True
0.20999999999999996,0.22999999999999998,0.0,True
0.20999999999999996,0.23099999999999998,0.0,True
0.20999999999999996,0.23199999999999998,0.0,True
0.20999999999999996,0.23299999999999998,0.0,True
0.20999999999999996,0.23399999999999999,0.0,True
0.20999999999999996,0.235,0.0,True
0.20999999999999996,0.236,0.0,True
0.20999999999999996,0.237,0.0,True
0.20999999999999996,0.238,0.0,True
0.20999999999999996,0.239,0.0,True
0.20999999999999996,0.24,0.0,True
0.20999999999999996,0.241,0.0,True
0.20999999999999996,0.242,0.0,True
0.20999999999999996,0.243,0.0,True
0.20999999999999996,0.244,0.0,True
0.20999999999999996,0.245,0.0,True
0.20999999999999996,0.246,0.0,True
0.20999999999999996,0.247,0.0,True
0.20999999999999996,0.248,0.0,True
0.20999999999999996,0.249,0.0,True
0.20999999999999996,0.25,0.0,True
0.20999999999999996,0.251,0.0,True
0.20999999999999996,0.252,0.0,True
0.20999999999999996,0.253,0.0,True
0.20999999999999996,0.254,0.0,True
0.20999999999999996,0.255,0.0,True
0.20999999999999996,0.256,0.0,True
0.20999999999999996,0.257,0.0,True
0.20999999999999996,0.258,0.0,True
0.20999999999999996,0.259,0.0,True
0.20999999999999996,0.26,0.0,True
0.20999999999999996,0.261,0.0,True
0.20999999999999996,0.262,0.0,True
0.20999999999999996,0.263,0.0,True
0.20999999999999996,0.264,0.0,True
0.20999999999999996,0.265,0.0,True
0.20999999999999996,0.266,0.0,True
0.20999999999999996,0.267,0.0,True
0.20999999999999996,0.268,0.0,True
0.20999999999999996,0.269,0.0,True
0.20999999999999996,0.27,0.0,True
0.20999999999999996,0.271,0.0,True
0.20999999999999996,0.272,0.0,True
0.20999999999999996,0.273,0.0,True
0.20999999999999996,0.274,0.0,True
0.20999999999999996,0.275,0.0,True
0.20999999999999996,0.276,0.0,True
0.20999999999999996,0.277,0.0,True
0.20999999999999996,0.278,0.0,True
0.20999999999999996,0.279,0.0,True
0.20999999999999996,0.28,0.0,True
0.20999999999999996,0.281,0.0,True
0.20999999999999996,0.28200000000000003,0.0,True
0.20999999999999996,0.28300000000000003,0.0,True
0.20999999999999996,0.28400000000000003,0.0,True
0.20999999999999996,0.28500000000000003,0.0,True
0.20999999999999996,0.28600000000000003,0.0,True
0.20999999999999996,0.28700000000000003,0.0,True
0.20999999999999996,0.28800000000000003,0.0,True
0.20999999999999996,0.28900000000000003,0.0,True
0.20999999999999996,0.29000000000000004,0.0,True
0.20999999999999996,0.29100000000000004,0.0,True
0.20999999999999996,0.29200000000000004,0.0,True
0.20999999999999996,0.29300000000000004,0.0,True
0.20999999999999996,0.29400000000000004,0.0,True
0.20999999999999996,0.295,0.0,True
0.20999999999999996,0.296,0.0,True
0.20999999999999996,0.297,0.0,True
0.20999999999999996,0.298,0.0,True
0.20999999999999996,0.299,0.0,True
0.20999999999999996,0.3,0.0,True
0.20999999999999996,0.301,0.0,True
0.20999999999999996,0.302,0.0,True
0.20999999999999996,0.303,0.0,True
0.20999999999999996,0.304,0.0,True
0.20999999999999996,0.305,0.0,True
0.20999999999999996,0.306,0.0,True
0.20999999999999996,0.307,0.0,True
0.20999999999999996,0.308,0.0,True
0.20999999999999996,0.309,0.0,True
0.20999999999999996,0.31,0.0,True
0.20999999999999996,0.311,0.0,True
0.20999999999999996,0.312,0.0,True
0.20999999999999996,0.313,0.0,True
0.20999999999999996,0.314,0.0,True
0.20999999999999996,0.315,0.0,True
0.20999999999999996,0.316,0.0,True
0.20999999999999996,0.317,0.0,True
0.20999999999999996,0.318,0.0,True
0.20999999999999996,0.319,0.0,True
0.20999999999999996,0.32,0.0,True
0.20999999999999996,0.321,0.0,True
0.20999999999999996,0.322,0.0,True
0.20999999999999996,0.323,0.0,True
0.20999999999999996,0.324,0.0,True
0.20999999999999996,0.325,0.0,True
0.20999999999999996,0.32599999999999996,0.0,True
0.20999999999999996,0.32699999999999996,0.0,True
0.20999999999999996,0.32799999999999996,0.0,True
0.20999999999999996,0.32899999999999996,0.0,True
0.20999999999999996,0.32999999999999996,0.0,True
0.20999999999999996,0.33099999999999996,0.0,True
0.20999999999999996,0.33199999999999996,0.0,True
0.20999999999999996,0.33299999999999996,0.0,True
0.20999999999999996,0.33399999999999996,0.0,True
0.20999999999999996,0.33499999999999996,0.0,True
0.20999999999999996,0.33599999999999997,0.0,True
0.20999999999999996,0.33699999999999997,0.0,True
0.20999999999999996,0.33799999999999997,0.0,True
0.20999999999999996,0.33899999999999997,0.0,True
0.20999999999999996,0.33999999999999997,0.0,True
0.20999999999999996,0.34099999999999997,0.0,True
0.20999999999999996,0.34199999999999997,0.0,True
0.20999999999999996,0.34299999999999997,0.0,True
0.20999999999999996,0.344,0.0,True
0.20999999999999996,0.345,0.0,True
0.20999999999999996,0.346,0.0,True
0.20999999999999996,0.347,0.0,True
0.20999999999999996,0.348,0.0,True
0.20999999999999996,0.349,0.0,True
0.20999999999999996,0.35,0.0,True
0.20999999999999996,0.351,0.0,True
0.20999999999999996,0.352,0.0,True
0.20999999999999996,0.353,0.0,True
0.20999999999999996,0.354,0.0,True
0.20999999999999996,0.355,0.0,True
0.20999999999999996,0.356,0.0,True
0.20999999999999996,0.357,0.0,True
0.20999999999999996,0.358,0.0,True
0.20999999999999996,0.359,0.0,True
0.20999999999999996,0.36,0.0,True
0.20999999999999996,0.361,0.0,True
0.20999999999999996,0.362,0.0,True
0.20999999999999996,0.363,0.0,True
0.20999999999999996,0.364,0.0,True
0.20999999999999996,0.365,0.0,True
0.20999999999999996,0.366,0.0,True
0.20999999999999996,0.367,0.0,True
0.20999999999999996,0.368,0.0,True
0.20999999999999996,0.369,0.0,True
0.20999999999999996,0.37,0.0,True
0.20999999999999996,0.371,0.0,True
0.20999999999999996,0.372,0.0,True
0.20999999999999996,0.373,0.0,True
0.20999999999999996,0.374,0.0,True
0.20999999999999996,0.375,0.0,True
0.20999999999999996,0.376,0.0,True
0.20999999999999996,0.377,0.0,True
0.20999999999999996,0.378,0.0,True
0.20999999999999996,0.379,0.0,True
0.20999999999999996,0.38,0.0,True
0.20999999999999996,0.381,0.0,True
0.20999999999999996,0.382,0.0,True
0.20999999999999996,0.383,0.0,True
0.20999999999999996,0.384,0.0,True
0.20999999999999996,0.385,0.0,True
0.20999999999999996,0.386,0.0,True
0.20999999999999996,0.387,0.0,True
0.20999999999999996,0.388,0.0,True
0.20999999999999996,0.389,0.0,True
0.20999999999999996,0.39,0.0,True
0.20999999999999996,0.391,0.0,True
0.20999999999999996,0.392,0.0,True
0.20999999999999996,0.393,0.0,True
0.20999999999999996,0.394,0.0,True
0.20999999999999996,0.395,0.0,True
0.20999999999999996,0.396,0.0,True
0.20999999999999996,0.397,0.0,True
0.20999999999999996,0.398,0.0,True
0.20999999999999996,0.399,0.0,True
0.20999999999999996,0.4,0.0,True
0.20999999999999996,0.401,0.0,True
0.20999999999999996,0.402,0.0,True
0.20999999999999996,0.403,0.0,True
0.20999999999999996,0.404,0.0,True
0.20999999999999996,0.405,0.0,True
0.20999999999999996,0.406,0.0,True
0.20999999999999996,0.40700000000000003,0.0,True
0.20999999999999996,0.40800000000000003,0.0,True
0.20999999999999996,0.40900000000000003,0.0,True
0.20999999999999996,0.41000000000000003,0.0,True
0.20999999999999996,0.41100000000000003,0.0,True
0.20999999999999996,0.41200000000000003,0.0,True
0.20999999999999996,0.41300000000000003,0.0,True
0.20999999999999996,0.41400000000000003,0.0,True
0.20999999999999996,0.41500000000000004,0.0,True
0.20999999999999996,0.41600000000000004,0.0,True
0.20999999999999996,0.41700000000000004,0.0,True
0.20999999999999996,0.41800000000000004,0.0,True
0.20999999999999996,0.41900000000000004,0.0,True
0.20999999999999996,0.42000000000000004,0.0,True
0.20999999999999996,0.42100000000000004,0.0,True
0.20999999999999996,0.42200000000000004,0.0,True
0.20999999999999996,0.42300000000000004,0.0,True
0.20999999999999996,0.42400000000000004,0.0,True
0.20999999999999996,0.42500000000000004,0.0,True
0.20999999999999996,0.42600000000000005,0.0,True
0.20999999999999996,0.42700000000000005,0.0,True
0.20999999999999996,0.42800000000000005,0.0,True
0.20999999999999996,0.42900000000000005,0.0,True
0.20999999999999996,0.43000000000000005,0.0,True
0.20999999999999996,0.43100000000000005,0.0,True
0.20999999999999996,0.43200000000000005,0.0,True
0.20999999999999996,0.43300000000000005,0.0,True
0.20999999999999996,0.43400000000000005,0.0,True
0.20999999999999996,0.43500000000000005,0.0,True
0.20999999999999996,0.43600000000000005,0.0,True
0.20999999999999996,0.43700000000000006,0.0,True
0.20999999999999996,0.43800000000000006,0.0,True
0.20999999999999996,0.43899999999999995,0.0,True
0.20999999999999996,0.43999999999999995,0.0,True
0.20999999999999996,0.44099999999999995,0.0,True
0.20999999999999996,0.44199999999999995,0.0,True
0.20999999999999996,0.44299999999999995,0.0,True
0.20999999999999996,0.44399999999999995,0.0,True
0.20999999999999996,0.44499999999999995,0.0,True
0.20999999999999996,0.44599999999999995,0.0,True
0.20999999999999996,0.44699999999999995,0.0,True
0.20999999999999996,0.44799999999999995,0.0,True
0.20999999999999996,0.44899999999999995,0.0,True
0.20999999999999996,0.44999999999999996,0.0,True
0.20999999999999996,0.45099999999999996,0.0,True
0.20999999999999996,0.45199999999999996,0.0,True
0.20999999999999996,0.45299999999999996,0.0,True
0.20999999999999996,0.45399999999999996,0.0,True
0.20999999999999996,0.45499999999999996,0.0,True
0.20999999999999996,0.45599999999999996,0.0,True
0.20999999999999996,0.45699999999999996,0.0,True
0.20999999999999996,0.45799999999999996,0.0,True
0.20999999999999996,0.45899999999999996,0.0,True
0.20999999999999996,0.45999999999999996,0.0,True
0.20999999999999996,0.46099999999999997,0.0,True
0.20999999999999996,0.46199999999999997,0.0,True
0.20999999999999996,0.46299999999999997,0.0,True
0.20999999999999996,0.46399999999999997,0.0,True
0.20999999999999996,0.46499999999999997,0.0,True
0.20999999999999996,0.46599999999999997,0.0,True
0.20999999999999996,0.46699999999999997,0.0,True
0.20999999999999996,0.46799999999999997,0.0,True
0.20999999999999996,0.469,0.0,True
0.20999999999999996,0.47,0.0,True
0.20999999999999996,0.471,0.0,True
0.20999999999999996,0.472,0.0,True
0.20999999999999996,0.473,0.0,True
0.20999999999999996,0.474,0.0,True
0.20999999999999996,0.475,0.0,True
0.20999999999999996,0.476,0.0,True
0.20999999999999996,0.477,0.0,True
0.20999999999999996,0.478,0.0,True
0.20999999999999996,0.479,0.0,True
0.20999999999999996,0.48,0.0,True
0.20999999999999996,0.481,0.0,True
0.20999999999999996,0.482,0.0,True
0.20999999999999996,0.483,0.0,True
0.20999999999999996,0.484,0.0,True
0.20999999999999996,0.485,0.0,True
0.20999999999999996,0.486,0.0,True
0.20999999999999996,0.487,0.0,True
0.20999999999999996,0.488,0.0,True
0.20999999999999996,0.489,0.0,True
0.20999999999999996,0.49,0.0,True
0.20999999999999996,0.491,0.0,True
0.20999999999999996,0.492,0.0,True
0.20999999999999996,0.493,0.0,True
0.20999999999999996,0.494,0.0,True
0.20999999999999996,0.495,0.0,True
0.20999999999999996,0.496,0.0,True
0.20999999999999996,0.497,0.0,True
0.20999999999999996,0.498,0.0,True
0.20999999999999996,0.499,0.0,True
0.20999999999999996,0.5,0.0,True
0.2799999999999999,0.15,0.0,True
0.2799999999999999,0.151,0.0,True
0.2799999999999999,0.152,0.0,True
0.2799999999999999,0.153,0.0,True
0.2799999999999999,0.154,0.0,True
0.2799999999999999,0.155,0.0,True
0.2799999999999999,0.156,0.0,True
0.2799999999999999,0.157,0.0,True
0.2799999999999999,0.158,0.0,True
0.2799999999999999,0.159,0.0,True
0.2799999999999999,0.16,0.0,True
0.2799999999999999,0.161,0.0,True
0.2799999999999999,0.162,0.0,True
0.2799999999999999,0.163,0.0,True
0.2799999999999999,0.164,0.0,True
0.2799999999999999,0.16499999999999998,0.0,True
0.2799999999999999,0.16599999999999998,0.0,True
0.2799999999999999,0.16699999999999998,0.0,True
0.2799999999999999,0.16799999999999998,0.0,True
0.2799999999999999,0.16899999999999998,0.0,True
0.2799999999999999,0.16999999999999998,0.0,True
0.2799999999999999,0.17099999999999999,0.0,True
0.2799999999999999,0.172,0.0,True
0.2799999999999999,0.173,0.0,True
0.2799999999999999,0.174,0.0,True
0.2799999999999999,0.175,0.0,True
0.2799999999999999,0.176,0.0,True
0.2799999999999999,0.177,0.0,True
0.2799999999999999,0.178,0.0,True
0.2799999999999999,0.179,0.0,True
0.2799999999999999,0.18,0.0,True
0.2799999999999999,0.181,0.0,True
0.2799999999999999,0.182,0.0,True
0.2799999999999999,0.183,0.0,True
0.2799999999999999,0.184,0.0,True
0.2799999999999999,0.185,0.0,True
0.2799999999999999,0.186,0.0,True
0.2799999999999999,0.187,0.0,True
0.2799999999999999,0.188,0.0,True
0.2799999999999999,0.189,0.0,True
0.2799999999999999,0.19,0.0,True
0.2799999999999999,0.191,0.0,True
0.2799999999999999,0.192,0.0,True
0.2799999999999999,0.193,0.0,True
0.2799999999999999,0.194,0.0,True
0.2799999999999999,0.195,0.0,True
0.2799999999999999,0.196,0.0,True
0.2799999999999999,0.197,0.0,True
0.2799999999999999,0.198,0.0,True
0.2799999999999999,0.199,0.0,True
0.2799999999999999,0.2,0.0,True
0.2799999999999999,0.201,0.0,True
0.2799999999999999,0.202,0.0,True
0.2799999999999999,0.20299999999999999,0.0,True
0.2799999999999999,0.204,0.0,True
0.2799999999999999,0.205,0.0,True
0.2799999999999999,0.206,0.0,True
0.2799999999999999,0.207,0.0,True
0.2799999999999999,0.208,0.0,True
0.2799999999999999,0.209,0.0,True
0.2799999999999999,0.21,0.0,True
0.2799999999999999,0.211,0.0,True
0.2799999999999999,0.212,0.0,True
0.2799999999999999,0.213,0.0,True
0.2799999999999999,0.214,0.0,True
0.2799999999999999,0.215,0.0,True
0.2799999999999999,0.216,0.0,True
0.2799999999999999,0.217,0.0,True
0.2799999999999999,0.218,0.0,True
0.2799999999999999,0.219,0.0,True
0.2799999999999999,0.22,0.0,True
0.2799999999999999,0.221,0.0,True
0.2799999999999999,0.222,0.0,True
0.2799999999999999,0.22299999999999998,0.0,True
0.2799999999999999,0.22399999999999998,0.0,True
0.2799999999999999,0.22499999999999998,0.0,True
0.2799999999999999,0.22599999999999998,0.0,True
0.2799999999999999,0.22699999999999998,0.0,True
0.2799999999999999,0.22799999999999998,0.0,True
0.2799999999999999,0.22899999999999998,0.0,True
0.2799999999999999,0.22999999999999998,0.0,True
0.2799999999999999,0.23099999999999998,0.0,True
0.2799999999999999,0.23199999999999998,0.0,True
0.2799999999999999,0.23299999999999998,0.0,True
0.2799999999999999,0.23399999999999999,0.0,True
0.2799999999999999,0.235,0.0,True
0.2799999999999999,0.236,0.0,True
0.2799999999999999,0.237,0.0,True
0.2799999999999999,0.238,0.0,True
0.2799999999999999,0.239,0.0,True
0.2799999999999999,0.24,0.0,True
0.2799999999999999,0.241,0.0,True
0.2799999999999999,0.242,0.0,True
0.2799999999999999,0.243,0.0,True
0.2799999999999999,0.244,0.0,True
0.2799999999999999,0.245,0.0,True
0.2799999999999999,0.246,0.0,True
0.2799999999999999,0.247,0.0,True
0.2799999999999999,0.248,0.0,True
0.2799999999999999,0.249,0.0,True
0.2799999999999999,0.25,0.0,True
0.2799999999999999,0.251,0.0,True
0.2799999999999999,0.252,0.0,True
0.2799999999999999,0.253,0.0,True
0.2799999999999999,0.254,0.0,True
0.2799999999999999,0.255,0.0,True
0.2799999999999999,0.256,0.0,True
0.2799999999999999,0.257,0.0,True
0.2799999999999999,0.258,0.0,True
0.2799999999999999,0.259,0.0,True
0.2799999999999999,0.26,0.0,True
0.2799999999999999,0.261,0.0,True
0.2799999999999999,0.262,0.0,True
0.2799999999999999,0.263,0.0,True
0.2799999999999999,0.264,0.0,True
0.2799999999999999,0.265,0.0,True
0.2799999999999999,0.266,0.0,True
0.2799999999999999,0.267,0.0,True
0.2799999999999999,0.268,0.0,True
0.2799999999999999,0.269,0.0,True
0.2799999999999999,0.27,0.0,True
0.2799999999999999,0.271,0.0,True
0.2799999999999999,0.272,0.0,True
0.2799999999999999,0.273,0.0,True
0.2799999999999999,0.274,0.0,True
0.2799999999999999,0.275,0.0,True
0.2799999999999999,0.276,0.0,True
0.2799999999999999,0.277,0.0,True
0.2799999999999999,0.278,0.0,True
0.2799999999999999,0.279,0.0,True
0.2799999999999999,0.28,0.0,True
0.2799999999999999,0.281,0.0,True
0.2799999999999999,0.28200000000000003,0.0,True
0.2799999999999999,0.28300000000000003,0.0,True
0.2799999999999999,0.28400000000000003,0.0,True
0.2799999999999999,0.28500000000000003,0.0,True
0.2799999999999999,0.28600000000000003,0.0,True
0.2799999999999999,0.28700000000000003,0.0,True
0.2799999999999999,0.28800000000000003,0.0,True
0.2799999999999999,0.28900000000000003,0.0,True
0.2799999999999999,0.29000000000000004,0.0,True
0.2799999999999999,0.29100000000000004,0.0,True
0.2799999999999999,0.29200000000000004,0.0,True
0.2799999999999999,0.29300000000000004,0.0,True
0.2799999999999999,0.29400000000000004,0.0,True
0.2799999999999999,0.295,0.0,True
0.2799999999999999,0.296,0.0,True
0.2799999999999999,0.297,0.0,True
0.2799999999999999,0.298,0.0,True
0.2799999999999999,0.299,0.0,True
0.2799999999999999,0.3,0.0,True
0.2799999999999999,0.301,0.0,True
0.2799999999999999,0.302,0.0,True
0.2799999999999999,0.303,0.0,True
0.2799999999999999,0.304,0.0,True
0.2799999999999999,0.305,0.0,True
0.2799999999999999,0.306,0.0,True
0.2799999999999999,0.307,0.0,True
0.2799999999999999,0.308,0.0,True
0.2799999999999999,0.309,0.0,True
0.2799999999999999,0.31,0.0,True
0.2799999999999999,0.311,0.0,True
0.2799999999999999,0.312,0.0,True
0.2799999999999999,0.313,0.0,True
0.2799999999999999,0.314,0.0,True
0.2799999999999999,0.315,0.0,True
0.2799999999999999,0.316,0.0,True
0.2799999999999999,0.317,0.0,True
0.2799999999999999,0.318,0.0,True
0.2799999999999999,0.319,0.0,True
0.2799999999999999,0.32,0.0,True
0.2799999999999999,0.321,0.0,True
0.2799999999999999,0.322,0.0,True
0.2799999999999999,0.323,0.0,True
0.2799999999999999,0.324,0.0,True
0.2799999999999999,0.325,0.0,True
0.2799999999999999,0.32599999999999996,0.0,True
0.2799999999999999,0.32699999999999996,0.0,True
0.2799999999999999,0.32799999999999996,0.0,True
0.2799999999999999,0.32899999999999996,0.0,True
0.2799999999999999,0.32999999999999996,0.0,True
0.2799999999999999,0.33099999999999996,0.0,True
0.2799999999999999,0.33199999999999996,0.0,True
0.2799999999999999,0.33299999999999996,0.0,True
0.2799999999999999,0.33399999999999996,0.0,True
0.2799999999999999,0.33499999999999996,0.0,True
0.2799999999999999,0.33599999999999997,0.0,True
0.2799999999999999,0.33699999999999997,0.0,True
0.2799999999999999,0.33799999999999997,0.0,True
0.2799999999999999,0.33899999999999997,0.0,True
0.2799999999999999,0.33999999999999997,0.0,True
0.2799999999999999,0.34099999999999997,0.0,True
0.2799999999999999,0.34199999999999997,0.0,True
0.2799999999999999,0.34299999999999997,0.0,True
0.2799999999999999,0.344,0.0,True
0.2799999999999999,0.345,0.0,True
0.2799999999999999,0.346,0.0,True
0.2799999999999999,0.347,0.0,True
0.2799999999999999,0.348,0.0,True
0.2799999999999999,0.349,0.0,True
0.2799999999999999,0.35,0.0,True
0.2799999999999999,0.351,0.0,True
0.2799999999999999,0.352,0.0,True
0.2799999999999999,0.353,0.0,True
0.2799999999999999,0.354,0.0,True
0.2799999999999999,0.355,0.0,True
0.2799999999999999,0.356,0.0,True
0.2799999999999999,0.357,0.0,True
0.2799999999999999,0.358,0.0,True
0.2799999999999999,0.359,0.0,True
0.2799999999999999,0.36,0.0,True
0.2799999999999999,0.361,0.0,True
0.2799999999999999,0.362,0.0,True
0.2799999999999999,0.363,0.0,True
0.2799999999999999,0.364,0.0,True
0.2799999999999999,0.365,0.0,True
0.2799999999999999,0.366,0.0,True
0.2799999999999999,0.367,0.0,True
0.2799999999999999,0.368,0.0,True
0.2799999999999999,0.369,0.0,True
0.2799999999999999,0.37,0.0,True
0.2799999999999999,0.371,0.0,True
0.2799999999999999,0.372,0.0,True
0.2799999999999999,0.373,0.0,True
0.2799999999999999,0.374,0.0,True
0.2799999999999999,0.375,0.0,True
0.2799999999999999,0.376,0.0,True
0.2799999999999999,0.377,0.0,True
0.2799999999999999,0.378,0.0,True
0.2799999999999999,0.379,0.0,True
0.2799999999999999,0.38,0.0,True
0.2799999999999999,0.381,0.0,True
0.2799999999999999,0.382,0.0,True
0.2799999999999999,0.383,0.0,True
0.2799999999999999,0.384,0.0,True
0.2799999999999999,0.385,0.0,True
0.2799999999999999,0.386,0.0,True
0.2799999999999999,0.387,0.0,True
0.2799999999999999,0.388,0.0,True
0.2799999999999999,0.389,0.0,True
0.2799999999999999,0.39,0.0,True
0.2799999999999999,0.391,0.0,True
0.2799999999999999,0.392,0.0,True
0.2799999999999999,0.393,0.0,True
0.2799999999999999,0.394,0.0,True
0.2799999999999999,0.395,0.0,True
0.2799999999999999,0.396,0.0,True
0.2799999999999999,0.397,0.0,True
0.2799999999999999,0.398,0.0,True
0.2799999999999999,0.399,0.0,True
0.2799999999999999,0.4,0.0,True
0.2799999999999999,0.401,0.0,True
0.2799999999999999,0.402,0.0,True
0.2799999999999999,0.403,0.0,True
0.2799999999999999,0.404,0.0,True
0.2799999999999999,0.405,0.0,True
0.2799999999999999,0.406,0.0,True
0.2799999999999999,0.40700000000000003,0.0,True
0.2799999999999999,0.40800000000000003,0.0,True
0.2799999999999999,0.40900000000000003,0.0,True
0.2799999999999999,0.41000000000000003,0.0,True
0.2799999999999999,0.41100000000000003,0.0,True
0.2799999999999999,0.41200000000000003,0.0,True
0.2799999999999999,0.41300000000000003,0.0,True
0.2799999999999999,0.41400000000000003,0.0,True
0.2799999999999999,0.41500000000000004,0.0,True
0.2799999999999999,0.41600000000000004,0.0,True
0.2799999999999999,0.41700000000000004,0.0,True
0.2799999999999999,0.41800000000000004,0.0,True
0.2799999999999999,0.41900000000000004,0.0,True
0.2799999999999999,0.42000000000000004,0.0,True
0.2799999999999999,0.42100000000000004,0.0,True
0.2799999999999999,0.42200000000000004,0.0,True
0.2799999999999999,0.42300000000000004,0.0,True
0.2799999999999999,0.42400000000000004,0.0,True
0.2799999999999999,0.42500000000000004,0.0,True
0.2799999999999999,0.42600000000000005,0.0,True
0.2799999999999999,0.42700000000000005,0.0,True
0.2799999999999999,0.42800000000000005,0.0,True
0.2799999999999999,0.42900000000000005,0.0,True
0.2799999999999999,0.43000000000000005,0.0,True
0.2799999999999999,0.43100000000000005,0.0,True
0.2799999999999999,0.43200000000000005,0.0,True
0.2799999999999999,0.43300000000000005,0.0,True
0.2799999999999999,0.43400000000000005,0.0,True
0.2799999999999999,0.43500000000000005,0.0,True
0.2799999999999999,0.43600000000000005,0.0,True
0.2799999999999999,0.43700000000000006,0.0,True
0.2799999999999999,0.43800000000000006,0.0,True
0.2799999999999999,0.43899999999999995,0.0,True
0.2799999999999999,0.43999999999999995,0.0,True
0.2799999999999999,0.44099999999999995,0.0,True
0.2799999999999999,0.44199999999999995,0.0,True
0.2799999999999999,0.44299999999999995,0.0,True
0.2799999999999999,0.44399999999999995,0.0,True
0.2799999999999999,0.44499999999999995,0.0,True
0.2799999999999999,0.44599999999999995,0.0,True
0.2799999999999999,0.44699999999999995,0.0,True
0.2799999999999999,0.44799999999999995,0.0,True
0.2799999999999999,0.44899999999999995,0.0,True
0.2799999999999999,0.44999999999999996,0.0,True
0.2799999999999999,0.45099999999999996,0.0,True
0.2799999999999999,0.45199999999999996,0.0,True
0.2799999999999999,0.45299999999999996,0.0,True
0.2799999999999999,0.45399999999999996,0.0,True
0.2799999999999999,0.45499999999999996,0.0,True
0.2799999999999999,0.45599999999999996,0.0,True
0.2799999999999999,0.45699999999999996,0.0,True
0.2799999999999999,0.45799999999999996,0.0,True
0.2799999999999999,0.45899999999999996,0.0,True
0.2799999999999999,0.45999999999999996,0.0,True
0.2799999999999999,0.46099999999999997,0.0,True
0.2799999999999999,0.46199999999999997,0.0,True
0.2799999999999999,0.46299999999999997,0.0,True
0.2799999999999999,0.46399999999999997,0.0,True
0.2799999999999999,0.46499999999999997,0.0,True
0.2799999999999999,0.46599999999999997,0.0,True
0.2799999999999999,0.46699999999999997,0.0,True
0.2799999999999999,0.46799999999999997,0.0,True
0.2799999999999999,0.469,0.0,True
0.2799999999999999,0.47,0.0,True
0.2799999999999999,0.471,0.0,True
0.2799999999999999,0.472,0.0,True
0.2799999999999999,0.473,0.0,True
0.2799999999999999,0.474,0.0,True
0.2799999999999999,0.475,0.0,True
0.2799999999999999,0.476,0.0,True
0.2799999999999999,0.477,0.0,True
0.2799999999999999,0.478,0.0,True
0.2799999999999999,0.479,0.0,True
0.2799999999999999,0.48,0.0,True
0.2799999999999999,0.481,0.0,True
0.2799999999999999,0.482,0.0,True
0.2799999999999999,0.483,0.0,True
0.2799999999999999,0.484,0.0,True
0.2799999999999999,0.485,0.0,True
0.2799999999999999,0.486,0.0,True
0.2799999999999999,0.487,0.0,True
0.2799999999999999,0.488,0.0,True
0.2799999999999999,0.489,0.0,True
0.2799999999999999,0.49,0.0,True
0.2799999999999999,0.491,0.0,True
0.2799999999999999,0.492,0.0,True
0.2799999999999999,0.493,0.0,True
0.2799999999999999,0.494,0.0,True
0.2799999999999999,0.495,0.0,True
0.2799999999999999,0.496,0.0,True
0.2799999999999999,0.497,0.0,True
0.2799999999999999,0.498,0.0,True
0.2799999999999999,0.499,0.0,True
0.2799999999999999,0.5,0.0,True
0.34999999999999987,0.15,0.0,True
0.34999999999999987,0.151,0.0,True
0.34999999999999987,0.152,0.0,True
0.34999999999999987,0.153,0.0,True
0.34999999999999987,0.154,0.0,True
0.34999999999999987,0.155,0.0,True
0.34999999999999987,0.156,0.0,True
0.34999999999999987,0.157,0.0,True
0.34999999999999987,0.158,0.0,True
0.34999999999999987,0.159,0.0,True
0.34999999999999987,0.16,0.0,True
0.34999999999999987,0.161,0.0,True
0.34999999999999987,0.162,0.0,True
0.34999999999999987,0.163,0.0,True
0.34999999999999987,0.164,0.0,True
0.34999999999999987,0.16499999999999998,0.0,True
0.34999999999999987,0.16599999999999998,0.0,True
0.34999999999999987,0.16699999999999998,0.0,True
0.34999999999999987,0.16799999999999998,0.0,True
0.34999999999999987,0.16899999999999998,0.0,True
0.34999999999999987,0.16999999999999998,0.0,True
0.34999999999999987,0.17099999999999999,0.0,True
0.34999999999999987,0.172,0.0,True
0.34999999999999987,0.173,0.0,True
0.34999999999999987,0.174,0.0,True
0.34999999999999987,0.175,0.0,True
0.34999999999999987,0.176,0.0,True
0.34999999999999987,0.177,0.0,True
0.34999999999999987,0.178,0.0,True
0.34999999999999987,0.179,0.0,True
0.34999999999999987,0.18,0.0,True
0.34999999999999987,0.181,0.0,True
0.34999999999999987,0.182,0.0,True
0.34999999999999987,0.183,0.0,True
0.34999999999999987,0.184,0.0,True
0.34999999999999987,0.185,0.0,True
0.34999999999999987,0.186,0.0,True
0.34999999999999987,0.187,0.0,True
0.34999999999999987,0.188,0.0,True
0.34999999999999987,0.189,0.0,True
0.34999999999999987,0.19,0.0,True
0.34999999999999987,0.191,0.0,True
0.34999999999999987,0.192,0.0,True
0.34999999999999987,0.193,0.0,True
0.34999999999999987,0.194,0.0,True
0.34999999999999987,0.195,0.0,True
0.34999999999999987,0.196,0.0,True
0.34999999999999987,0.197,0.0,True
0.34999999999999987,0.198,0.0,True
0.34999999999999987,0.199,0.0,True
0.34999999999999987,0.2,0.0,True
0.34999999999999987,0.201,0.0,True
0.34999999999999987,0.202,0.0,True
0.34999999999999987,0.20299999999999999,0.0,True
0.34999999999999987,0.204,0.0,True
0.34999999999999987,0.205,0.0,True
0.34999999999999987,0.206,0.0,True
0.34999999999999987,0.207,0.0,True
0.34999999999999987,0.208,0.0,True
0.34999999999999987,0.209,0.0,True
0.34999999999999987,0.21,0.0,True
0.34999999999999987,0.211,0.0,True
0.34999999999999987,0.212,0.0,True
0.34999999999999987,0.213,0.0,True
0.34999999999999987,0.214,0.0,True
0.34999999999999987,0.215,0.0,True
0.34999999999999987,0.216,0.0,True
0.34999999999999987,0.217,0.0,True
0.34999999999999987,0.218,0.0,True
0.34999999999999987,0.219,0.0,True
0.34999999999999987,0.22,0.0,True
0.34999999999999987,0.221,0.0,True
0.34999999999999987,0.222,0.0,True
0.34999999999999987,0.22299999999999998,0.0,True
0.34999999999999987,0.22399999999999998,0.0,True
0.34999999999999987,0.22499999999999998,0.0,True
0.34999999999999987,0.22599999999999998,0.0,True
0.34999999999999987,0.22699999999999998,0.0,True
0.34999999999999987,0.22799999999999998,0.0,True
0.34999999999999987,0.22899999999999998,0.0,True
0.34999999999999987,0.22999999999999998,0.0,True
0.34999999999999987,0.23099999999999998,0.0,True
0.34999999999999987,0.23199999999999998,0.0,True
0.34999999999999987,0.23299999999999998,0.0,True
0.34999999999999987,0.23399999999999999,0.0,True
0.34999999999999987,0.235,0.0,True
0.34999999999999987,0.236,0.0,True
0.34999999999999987,0.237,0.0,True
0.34999999999999987,0.238,0.0,True
0.34999999999999987,0.239,0.0,True
0.34999999999999987,0.24,0.0,True
0.34999999999999987,0.241,0.0,True
0.34999999999999987,0.242,0.0,True
0.34999999999999987,0.243,0.0,True
0.34999999999999987,0.244,0.0,True
0.34999999999999987,0.245,0.0,True
0.34999999999999987,0.246,0.0,True
0.34999999999999987,0.247,0.0,True
0.34999999999999987,0.248,0.0,True
0.34999999999999987,0.249,0.0,True
0.34999999999999987,0.25,0.0,True
0.34999999999999987,0.251,0.0,True
0.34999999999999987,0.252,0.0,True
0.34999999999999987,0.253,0.0,True
0.34999999999999987,0.254,0.0,True
0.34999999999999987,0.255,0.0,True
0.34999999999999987,0.256,0.0,True
0.34999999999999987,0.257,0.0,True
0.34999999999999987,0.258,0.0,True
0.34999999999999987,0.259,0.0,True
0.34999999999999987,0.26,0.0,True
0.34999999999999987,0.261,0.0,True
0.34999999999999987,0.262,0.0,True
0.34999999999999987,0.263,0.0,True
0.34999999999999987,0.264,0.0,True
0.34999999999999987,0.265,0.0,True
0.34999999999999987,0.266,0.0,True
0.34999999999999987,0.267,0.0,True
0.34999999999999987,0.268,0.0,True
0.34999999999999987,0.269,0.0,True
0.34999999999999987,0.27,0.0,True
0.34999999999999987,0.271,0.0,True
0.34999999999999987,0.272,0.0,True
0.34999999999999987,0.273,0.0,True
0.34999999999999987,0.274,0.0,True
0.34999999999999987,0.275,0.0,True
0.34999999999999987,0.276,0.0,True
0.34999999999999987,0.277,0.0,True
0.34999999999999987,0.278,0.0,True
0.34999999999999987,0.279,0.0,True
0.34999999999999987,0.28,0.0,True
0.34999999999999987,0.281,0.0,True
0.34999999999999987,0.28200000000000003,0.0,True
0.34999999999999987,0.28300000000000003,0.0,True
0.34999999999999987,0.28400000000000003,0.0,True
0.34999999999999987,0.28500000000000003,0.0,True
0.34999999999999987,0.28600000000000003,0.0,True
0.34999999999999987,0.28700000000000003,0.0,True
0.34999999999999987,0.28800000000000003,0.0,True
0.34999999999999987,0.28900000000000003,0.0,True
0.34999999999999987,0.29000000000000004,0.0,True
0.34999999999999987,0.29100000000000004,0.0,True
0.34999999999999987,0.29200000000000004,0.0,True
0.34999999999999987,0.29300000000000004,0.0,True
0.34999999999999987,0.29400000000000004,0.0,True
0.34999999999999987,0.295,0.0,True
0.34999999999999987,0.296,0.0,True
0.34999999999999987,0.297,0.0,True
0.34999999999999987,0.298,0.0,True
0.34999999999999987,0.299,0.0,True
0.34999999999999987,0.3,0.0,True
0.34999999999999987,0.301,0.0,True
0.34999999999999987,0.302,0.0,True
0.34999999999999987,0.303,0.0,True
0.34999999999999987,0.304,0.0,True
0.34999999999999987,0.305,0.0,True
0.34999999999999987,0.306,0.0,True
0.34999999999999987,0.307,0.0,True
0.34999999999999987,0.308,0.0,True
0.34999999999999987,0.309,0.0,True
0.34999999999999987,0.31,0.0,True
0.34999999999999987,0.311,0.0,True
0.34999999999999987,0.312,0.0,True
0.34999999999999987,0.313,0.0,True
0.34999999999999987,0.314,0.0,True
0.34999999999999987,0.315,0.0,True
0.34999999999999987,0.316,0.0,True
0.34999999999999987,0.317,0.0,True
0.34999999999999987,0.318,0.0,True
0.34999999999999987,0.319,0.0,True
0.34999999999999987,0.32,0.0,True
0.34999999999999987,0.321,0.0,True
0.34999999999999987,0.322,0.0,True
0.34999999999999987,0.323,0.0,True
0.34999999999999987,0.324,0.0,True
0.34999999999999987,0.325,0.0,True
0.34999999999999987,0.32599999999999996,0.0,True
0.34999999999999987,0.32699999999999996,0.0,True
0.34999999999999987,0.32799999999999996,0.0,True
0.34999999999999987,0.32899999999999996,0.0,True
0.34999999999999987,0.32999999999999996,0.0,True
0.34999999999999987,0.33099999999999996,0.0,True
0.34999999999999987,0.33199999999999996,0.0,True
0.34999999999999987,0.33299999999999996,0.0,True
0.34999999999999987,0.33399999999999996,0.0,True
0.34999999999999987,0.33499999999999996,0.0,True
0.34999999999999987,0.33599999999999997,0.0,True
0.34999999999999987,0.33699999999999997,0.0,True
0.34999999999999987,0.33799999999999997,0.0,True
0.34999999999999987,0.33899999999999997,0.0,True
0.34999999999999987,0.33999999999999997,0.0,True
0.34999999999999987,0.34099999999999997,0.0,True
0.34999999999999987,0.34199999999999997,0.0,True
0.34999999999999987,0.34299999999999997,0.0,True
0.34999999999999987,0.344,0.0,True
0.34999999999999987,0.345,0.0,True
0.34999999999999987,0.346,0.0,True
0.34999999999999987,0.347,0.0,True
0.34999999999999987,0.348,0.0,True
0.34999999999999987,0.349,0.0,True
0.34999999999999987,0.35,0.0,True
0.34999999999999987,0.351,0.0,True
0.34999999999999987,0.352,0.0,True
0.34999999999999987,0.353,0.0,True
0.34999999999999987,0.354,0.0,True
0.34999999999999987,0.355,0.0,True
0.34999999999999987,0.356,0.0,True
0.34999999999999987,0.357,0.0,True
0.34999999999999987,0.358,0.0,True
0.34999999999999987,0.359,0.0,True
0.34999999999999987,0.36,0.0,True
0.34999999999999987,0.361,0.0,True
0.34999999999999987,0.362,0.0,True
0.34999999999999987,0.363,0.0,True
0.34999999999999987,0.364,0.0,True
0.34999999999999987,0.365,0.0,True
0.34999999999999987,0.366,0.0,True
0.34999999999999987,0.367,0.0,True
0.34999999999999987,0.368,0.0,True
0.34999999999999987,0.369,0.0,True
0.34999999999999987,0.37,0.0,True
0.34999999999999987,0.371,0.0,True
0.34999999999999987,0.372,0.0,True
0.34999999999999987,0.373,0.0,True
0.34999999999999987,0.374,0.0,True
0.34999999999999987,0.375,0.0,True
0.34999999999999987,0.376,0.0,True
0.34999999999999987,0.377,0.0,True
0.34999999999999987,0.378,0.0,True
0.34999999999999987,0.379,0.0,True
0.34999999999999987,0.38,0.0,True
0.34999999999999987,0.381,0.0,True
0.34999999999999987,0.382,0.0,True
0.34999999999999987,0.383,0.0,True
0.34999999999999987,0.384,0.0,True
0.34999999999999987,0.385,0.0,True
0.34999999999999987,0.386,0.0,True
0.34999999999999987,0.387,0.0,True
0.34999999999999987,0.388,0.0,True
0.34999999999999987,0.389,0.0,True
0.34999999999999987,0.39,0.0,True
0.34999999999999987,0.391,0.0,True
0.34999999999999987,0.392,0.0,True
0.34999999999999987,0.393,0.0,True
0.34999999999999987,0.394,0.0,True
0.34999999999999987,0.395,0.0,True
0.34999999999999987,0.396,0.0,True
0.34999999999999987,0.397,0.0,True
0.34999999999999987,0.398,0.0,True
0.34999999999999987,0.399,0.0,True
0.34999999999999987,0.4,0.0,True
0.34999999999999987,0.401,0.0,True
0.34999999999999987,0.402,0.0,True
0.34999999999999987,0.403,0.0,True
0.34999999999999987,0.404,0.0,True
0.34999999999999987,0.405,0.0,True
0.34999999999999987,0.406,0.0,True
0.34999999999999987,0.40700000000000003,0.0,True
0.34999999999999987,0.40800000000000003,0.0,True
0.34999999999999987,0.40900000000000003,0.0,True
0.34999999999999987,0.41000000000000003,0.0,True
0.34999999999999987,0.41100000000000003,0.0,True
0.34999999999999987,0.41200000000000003,0.0,True
0.34999999999999987,0.41300000000000003,0.0,True
0.34999999999999987,0.41400000000000003,0.0,True
0.34999999999999987,0.41500000000000004,0.0,True
0.34999999999999987,0.41600000000000004,0.0,True
0.34999999999999987,0.41700000000000004,0.0,True
0.34999999999999987,0.41800000000000004,0.0,True
0.34999999999999987,0.41900000000000004,0.0,True
0.34999999999999987,0.42000000000000004,0.0,True
0.34999999999999987,0.42100000000000004,0.0,True
0.34999999999999987,0.42200000000000004,0.0,True
0.34999999999999987,0.42300000000000004,0.0,True
0.34999999999999987,0.42400000000000004,0.0,True
0.34999999999999987,0.42500000000000004,0.0,True
0.34999999999999987,0.42600000000000005,0.0,True
0.34999999999999987,0.42700000000000005,0.0,True
0.34999999999999987,0.42800000000000005,0.0,True
0.34999999999999987,0.42900000000000005,0.0,True
0.34999999999999987,0.43000000000000005,0.0,True
0.34999999999999987,0.43100000000000005,0.0,True
0.34999999999999987,0.43200000000000005,0.0,True
0.34999999999999987,0.43300000000000005,0.0,True
0.34999999999999987,0.43400000000000005,0.0,True
0.34999999999999987,0.43500000000000005,0.0,True
0.34999999999999987,0.43600000000000005,0.0,True
0.34999999999999987,0.43700000000000006,0.0,True
0.34999999999999987,0.43800000000000006,0.0,True
0.34999999999999987,0.43899999999999995,0.0,True
0.34999999999999987,0.43999999999999995,0.0,True
0.34999999999999987,0.44099999999999995,0.0,True
0.34999999999999987,0.44199999999999995,0.0,True
0.34999999999999987,0.44299999999999995,0.0,True
0.34999999999999987,0.44399999999999995,0.0,True
0.34999999999999987,0.44499999999999995,0.0,True
0.34999999999999987,0.44599999999999995,0.0,True
0.34999999999999987,0.44699999999999995,0.0,True
0.34999999999999987,0.44799999999999995,0.0,True
0.34999999999999987,0.44899999999999995,0.0,True
0.34999999999999987,0.44999999999999996,0.0,True
0.34999999999999987,0.45099999999999996,0.0,True
0.34999999999999987,0.45199999999999996,0.0,True
0.34999999999999987,0.45299999999999996,0.0,True
0.34999999999999987,0.45399999999999996,0.0,True
0.34999999999999987,0.45499999999999996,0.0,True
0.34999999999999987,0.45599999999999996,0.0,True
0.34999999999999987,0.45699999999999996,0.0,True
0.34999999999999987,0.45799999999999996,0.0,True
0.34999999999999987,0.45899999999999996,0.0,True
0.34999999999999987,0.45999999999999996,0.0,True
0.34999999999999987,0.46099999999999997,0.0,True
0.34999999999999987,0.46199999999999997,0.0,True
0.34999999999999987,0.46299999999999997,0.0,True
0.34999999999999987,0.46399999999999997,0.0,True
0.34999999999999987,0.46499999999999997,0.0,True
0.34999999999999987,0.46599999999999997,0.0,True
0.34999999999999987,0.46699999999999997,0.0,True
0.34999999999999987,0.46799999999999997,0.0,True
0.34999999999999987,0.469,0.0,True
0.34999999999999987,0.47,0.0,True
0.34999999999999987,0.471,0.0,True
0.34999999999999987,0.472,0.0,True
0.34999999999999987,0.473,0.0,True
0.34999999999999987,0.474,0.0,True
0.34999999999999987,0.475,0.0,True
0.34999999999999987,0.476,0.0,True
0.34999999999999987,0.477,0.0,True
0.34999999999999987,0.478,0.0,True
0.34999999999999987,0.479,0.0,True
0.34999999999999987,0.48,0.0,True
0.34999999999999987,0.481,0.0,True
0.34999999999999987,0.482,0.0,True
0.34999999999999987,0.483,0.0,True
0.34999999999999987,0.484,0.0,True
0.34999999999999987,0.485,0.0,True
0.34999999999999987,0.486,0.0,True
0.34999999999999987,0.487,0.0,True
0.34999999999999987,0.488,0.0,True
0.34999999999999987,0.489,0.0,True
0.34999999999999987,0.49,0.0,True
0.34999999999999987,0.491,0.0,True
0.34999999999999987,0.492,0.0,True
0.34999999999999987,0.493,0.0,True
0.34999999999999987,0.494,0.0,True
0.34999999999999987,0.495,0.0,True
0.34999999999999987,0.496,0.0,True
0.34999999999999987,0.497,0.0,True
0.34999999999999987,0.498,0.0,True
0.34999999999999987,0.499,0.0,True
0.34999999999999987,0.5,0.0,True
0.41999999999999993,0.15,0.0,True
0.41999999999999993,0.151,0.0,True
0.41999999999999993,0.152,0.0,True
0.41999999999999993,0.153,0.0,True
0.41999999999999993,0.154,0.0,True
0.41999999999999993,0.155,0.0,True
0.41999999999999993,0.156,0.0,True
0.41999999999999993,0.157,0.0,True
0.41999999999999993,0.158,0.0,True
0.41999999999999993,0.159,0.0,True
0.41999999999999993,0.16,0.0,True
0.41999999999999993,0.161,0.0,True
0.41999999999999993,0.162,0.0,True
0.41999999999999993,0.163,0.0,True
0.41999999999999993,0.164,0.0,True
0.41999999999999993,0.16499999999999998,0.0,True
0.41999999999999993,0.16599999999999998,0.0,True
0.41999999999999993,0.16699999999999998,0.0,True
0.41999999999999993,0.16799999999999998,0.0,True
0.41999999999999993,0.16899999999999998,0.0,True
0.41999999999999993,0.16999999999999998,0.0,True
0.41999999999999993,0.17099999999999999,0.0,True
0.41999999999999993,0.172,0.0,True
0.41999999999999993,0.173,0.0,True
0.41999999999999993,0.174,0.0,True
0.41999999999999993,0.175,0.0,True
0.41999999999999993,0.176,0.0,True
0.41999999999999993,0.177,0.0,True
0.41999999999999993,0.178,0.0,True
0.41999999999999993,0.179,0.0,True
0.41999999999999993,0.18,0.0,True
0.41999999999999993,0.181,0.0,True
0.41999999999999993,0.182,0.0,True
0.41999999999999993,0.183,0.0,True
0.41999999999999993,0.184,0.0,True
0.41999999999999993,0.185,0.0,True
0.41999999999999993,0.186,0.0,True
0.41999999999999993,0.187,0.0,True
0.41999999999999993,0.188,0.0,True
0.41999999999999993,0.189,0.0,True
0.41999999999999993,0.19,0.0,True
0.41999999999999993,0.191,0.0,True
0.41999999999999993,0.192,0.0,True
0.41999999999999993,0.193,0.0,True
0.41999999999999993,0.194,0.0,True
0.41999999999999993,0.195,0.0,True
0.41999999999999993,0.196,0.0,True
0.41999999999999993,0.197,0.0,True
0.41999999999999993,0.198,0.0,True
0.41999999999999993,0.199,0.0,True
0.41999999999999993,0.2,0.0,True
0.41999999999999993,0.201,0.0,True
0.41999999999999993,0.202,0.0,True
0.41999999999999993,0.20299999999999999,0.0,True
0.41999999999999993,0.204,0.0,True
0.41999999999999993,0.205,0.0,True
0.41999999999999993,0.206,0.0,True
0.41999999999999993,0.207,0.0,True
0.41999999999999993,0.208,0.0,True
0.41999999999999993,0.209,0.0,True
0.41999999999999993,0.21,0.0,True
0.41999999999999993,0.211,0.0,True
0.41999999999999993,0.212,0.0,True
0.41999999999999993,0.213,0.0,True
0.41999999999999993,0.214,0.0,True
0.41999999999999993,0.215,0.0,True
0.41999999999999993,0.216,0.0,True
0.41999999999999993,0.217,0.0,True
0.41999999999999993,0.218,0.0,True
0.41999999999999993,0.219,0.0,True
0.41999999999999993,0.22,0.0,True
0.41999999999999993,0.221,0.0,True
0.41999999999999993,0.222,0.0,True
0.41999999999999993,0.22299999999999998,0.0,True
0.41999999999999993,0.22399999999999998,0.0,True
0.41999999999999993,0.22499999999999998,0.0,True
0.41999999999999993,0.22599999999999998,0.0,True
0.41999999999999993,0.22699999999999998,0.0,True
0.41999999999999993,0.22799999999999998,0.0,True
0.41999999999999993,0.22899999999999998,0.0,True
0.41999999999999993,0.22999999999999998,0.0,True
0.41999999999999993,0.23099999999999998,0.0,True
0.41999999999999993,0.23199999999999998,0.0,True
0.41999999999999993,0.23299999999999998,0.0,True
0.41999999999999993,0.23399999999999999,0.0,True
0.41999999999999993,0.235,0.0,True
0.41999999999999993,0.236,0.0,True
0.41999999999999993,0.237,0.0,True
0.41999999999999993,0.238,0.0,True
0.41999999999999993,0.239,0.0,True
0.41999999999999993,0.24,0.0,True
0.41999999999999993,0.241,0.0,True
0.41999999999999993,0.242,0.0,True
0.41999999999999993,0.243,0.0,True
0.41999999999999993,0.244,0.0,True
0.41999999999999993,0.245,0.0,True
0.41999999999999993,0.246,0.0,True
0.41999999999999993,0.247,0.0,True
0.41999999999999993,0.248,0.0,True
0.41999999999999993,0.249,0.0,True
0.41999999999999993,0.25,0.0,True
0.41999999999999993,0.251,0.0,True
0.41999999999999993,0.252,0.0,True
0.41999999999999993,0.253,0.0,True
0.41999999999999993,0.254,0.0,True
0.41999999999999993,0.255,0.0,True
0.41999999999999993,0.256,0.0,True
0.41999999999999993,0.257,0.0,True
0.41999999999999993,0.258,0.0,True
0.41999999999999993,0.259,0.0,True
0.41999999999999993,0.26,0.0,True
0.41999999999999993,0.261,0.0,True
0.41999999999999993,0.262,0.0,True
0.41999999999999993,0.263,0.0,True
0.41999999999999993,0.264,0.0,True
0.41999999999999993,0.265,0.0,True
0.41999999999999993,0.266,0.0,True
0.41999999999999993,0.267,0.0,True
0.41999999999999993,0.268,0.0,True
0.41999999999999993,0.269,0.0,True
0.41999999999999993,0.27,0.0,True
0.41999999999999993,0.271,0.0,True
0.41999999999999993,0.272,0.0,True
0.41999999999999993,0.273,0.0,True
0.41999999999999993,0.274,0.0,True
0.41999999999999993,0.275,0.0,True
0.41999999999999993,0.276,0.0,True
0.41999999999999993,0.277,0.0,True
0.41999999999999993,0.278,0.0,True
0.41999999999999993,0.279,0.0,True
0.41999999999999993,0.28,0.0,True
0.41999999999999993,0.281,0.0,True
0.41999999999999993,0.28200000000000003,0.0,True
0.41999999999999993,0.28300000000000003,0.0,True
0.41999999999999993,0.28400000000000003,0.0,True
0.41999999999999993,0.28500000000000003,0.0,True
0.41999999999999993,0.28600000000000003,0.0,True
0.41999999999999993,0.28700000000000003,0.0,True
0.41999999999999993,0.28800000000000003,0.0,True
0.41999999999999993,0.28900000000000003,0.0,True
0.41999999999999993,0.29000000000000004,0.0,True
0.41999999999999993,0.29100000000000004,0.0,True
0.41999999999999993,0.29200000000000004,0.0,True
0.41999999999999993,0.29300000000000004,0.0,True
0.41999999999999993,0.29400000000000004,0.0,True
0.41999999999999993,0.295,0.0,True
0.41999999999999993,0.296,0.0,True
0.41999999999999993,0.297,0.0,True
0.41999999999999993,0.298,0.0,True
0.41999999999999993,0.299,0.0,True
0.41999999999999993,0.3,0.0,True
0.41999999999999993,0.301,0.0,True
0.41999999999999993,0.302,0.0,True
0.41999999999999993,0.303,0.0,True
0.41999999999999993,0.304,0.0,True
0.41999999999999993,0.305,0.0,True
0.41999999999999993,0.306,0.0,True
0.41999999999999993,0.307,0.0,True
0.41999999999999993,0.308,0.0,True
0.41999999999999993,0.309,0.0,True
0.41999999999999993,0.31,0.0,True
0.41999999999999993,0.311,0.0,True
0.41999999999999993,0.312,0.0,True
0.41999999999999993,0.313,0.0,True
0.41999999999999993,0.314,0.0,True
0.41999999999999993,0.315,0.0,True
0.41999999999999993,0.316,0.0,True
0.41999999999999993,0.317,0.0,True
0.41999999999999993,0.318,0.0,True
0.41999999999999993,0.319,0.0,True
0.41999999999999993,0.32,0.0,True
0.41999999999999993,0.321,0.0,True
0.41999999999999993,0.322,0.0,True
0.41999999999999993,0.323,0.0,True
0.41999999999999993,0.324,0.0,True
0.41999999999999993,0.325,0.0,True
0.41999999999999993,0.32599999999999996,0.0,True
0.41999999999999993,0.32699999999999996,0.0,True
0.41999999999999993,0.32799999999999996,0.0,True
0.41999999999999993,0.32899999999999996,0.0,True
0.41999999999999993,0.32999999999999996,0.0,True
0.41999999999999993,0.33099999999999996,0.0,True
0.41999999999999993,0.33199999999999996,0.0,True
0.41999999999999993,0.33299999999999996,0.0,True
0.41999999999999993,0.33399999999999996,0.0,True
0.41999999999999993,0.33499999999999996,0.0,True
0.41999999999999993,0.33599999999999997,0.0,True
0.41999999999999993,0.33699999999999997,0.0,True
0.41999999999999993,0.33799999999999997,0.0,True
0.41999999999999993,0.33899999999999997,0.0,True
0.41999999999999993,0.33999999999999997,0.0,True
0.41999999999999993,0.34099999999999997,0.0,True
0.41999999999999993,0.34199999999999997,0.0,True
0.41999999999999993,0.34299999999999997,0.0,True
0.41999999999999993,0.344,0.0,True
0.41999999999999993,0.345,0.0,True
0.41999999999999993,0.346,0.0,True
0.41999999999999993,0.347,0.0,True
0.41999999999999993,0.348,0.0,True
0.41999999999999993,0.349,0.0,True
0.41999999999999993,0.35,0.0,True
0.41999999999999993,0.351,0.0,True
0.41999999999999993,0.352,0.0,True
0.41999999999999993,0.353,0.0,True
0.41999999999999993,0.354,0.0,True
0.41999999999999993,0.355,0.0,True
0.41999999999999993,0.356,0.0,True
0.41999999999999993,0.357,0.0,True
0.41999999999999993,0.358,0.0,True
0.41999999999999993,0.359,0.0,True
0.41999999999999993,0.36,0.0,True
0.41999999999999993,0.361,0.0,True
0.41999999999999993,0.362,0.0,True
0.41999999999999993,0.363,0.0,True
0.41999999999999993,0.364,0.0,True
0.41999999999999993,0.365,0.0,True
0.41999999999999993,0.366,0.0,True
0.41999999999999993,0.367,0.0,True
0.41999999999999993,0.368,0.0,True
0.41999999999999993,0.369,0.0,True
0.41999999999999993,0.37,0.0,True
0.41999999999999993,0.371,0.0,True
0.41999999999999993,0.372,0.0,True
0.41999999999999993,0.373,0.0,True
0.41999999999999993,0.374,0.0,True
0.41999999999999993,0.375,0.0,True
0.41999999999999993,0.376,0.0,True
0.41999999999999993,0.377,0.0,True
0.41999999999999993,0.378,0.0,True
0.41999999999999993,0.379,0.0,True
0.41999999999999993,0.38,0.0,True
0.41999999999999993,0.381,0.0,True
0.41999999999999993,0.382,0.0,True
0.41999999999999993,0.383,0.0,True
0.41999999999999993,0.384,0.0,True
0.41999999999999993,0.385,0.0,True
0.41999999999999993,0.386,0.0,True
0.41999999999999993,0.387,0.0,True
0.41999999999999993,0.388,0.0,True
0.41999999999999993,0.389,0.0,True
0.41999999999999993,0.39,0.0,True
0.41999999999999993,0.391,0.0,True
0.41999999999999993,0.392,0.0,True
0.41999999999999993,0.393,0.0,True
0.41999999999999993,0.394,0.0,True
0.41999999999999993,0.395,0.0,True
0.41999999999999993,0.396,0.0,True
0.41999999999999993,0.397,0.0,True
0.41999999999999993,0.398,0.0,True
0.41999999999999993,0.399,0.0,True
0.41999999999999993,0.4,0.0,True
0.41999999999999993,0.401,0.0,True
0.41999999999999993,0.402,0.0,True
0.41999999999999993,0.403,0.0,True
0.41999999999999993,0.404,0.0,True
0.41999999999999993,0.405,0.0,True
0.41999999999999993,0.406,0.0,True
0.41999999999999993,0.40700000000000003,0.0,True
0.41999999999999993,0.40800000000000003,0.0,True
0.41999999999999993,0.40900000000000003,0.0,True
0.41999999999999993,0.41000000000000003,0.0,True
0.41999999999999993,0.41100000000000003,0.0,True
0.41999999999999993,0.41200000000000003,0.0,True
0.41999999999999993,0.41300000000000003,0.0,True
0.41999999999999993,0.41400000000000003,0.0,True
0.41999999999999993,0.41500000000000004,0.0,True
0.41999999999999993,0.41600000000000004,0.0,True
0.41999999999999993,0.41700000000000004,0.0,True
0.41999999999999993,0.41800000000000004,0.0,True
0.41999999999999993,0.41900000000000004,0.0,True
0.41999999999999993,0.42000000000000004,0.0,True
0.41999999999999993,0.42100000000000004,0.0,True
0.41999999999999993,0.42200000000000004,0.0,True
0.41999999999999993,0.42300000000000004,0.0,True
0.41999999999999993,0.42400000000000004,0.0,True
0.41999999999999993,0.42500000000000004,0.0,True
0.41999999999999993,0.42600000000000005,0.0,True
0.41999999999999993,0.42700000000000005,0.0,True
0.41999999999999993,0.42800000000000005,0.0,True
0.41999999999999993,0.42900000000000005,0.0,True
0.41999999999999993,0.43000000000000005,0.0,True
0.41999999999999993,0.43100000000000005,0.0,True
0.41999999999999993,0.43200000000000005,0.0,True
0.41999999999999993,0.43300000000000005,0.0,True
0.41999999999999993,0.43400000000000005,0.0,True
0.41999999999999993,0.43500000000000005,0.0,True
0.41999999999999993,0.43600000000000005,0.0,True
0.41999999999999993,0.43700000000000006,0.0,True
0.41999999999999993,0.43800000000000006,0.0,True
0.41999999999999993,0.43899999999999995,0.0,True
0.41999999999999993,0.43999999999999995,0.0,True
0.41999999999999993,0.44099999999999995,0.0,True
0.41999999999999993,0.44199999999999995,0.0,True
0.41999999999999993,0.44299999999999995,0.0,True
0.41999999999999993,0.44399999999999995,0.0,True
0.41999999999999993,0.44499999999999995,0.0,True
0.41999999999999993,0.44599999999999995,0.0,True
0.41999999999999993,0.44699999999999995,0.0,True
0.41999999999999993,0.44799999999999995,0.0,True
0.41999999999999993,0.44899999999999995,0.0,True
0.41999999999999993,0.44999999999999996,0.0,True
0.41999999999999993,0.45099999999999996,0.0,True
0.41999999999999993,0.45199999999999996,0.0,True
0.41999999999999993,0.45299999999999996,0.0,True
0.41999999999999993,0.45399999999999996,0.0,True
0.41999999999999993,0.45499999999999996,0.0,True
0.41999999999999993,0.45599999999999996,0.0,True
0.41999999999999993,0.45699999999999996,0.0,True
0.41999999999999993,0.45799999999999996,0.0,True
0.41999999999999993,0.45899999999999996,0.0,True
0.41999999999999993,0.45999999999999996,0.0,True
0.41999999999999993,0.46099999999999997,0.0,True
0.41999999999999993,0.46199999999999997,0.0,True
0.41999999999999993,0.46299999999999997,0.0,True
0.41999999999999993,0.46399999999999997,0.0,True
0.41999999999999993,0.46499999999999997,0.0,True
0.41999999999999993,0.46599999999999997,0.0,True
0.41999999999999993,0.46699999999999997,0.0,True
0.41999999999999993,0.46799999999999997,0.0,True
0.41999999999999993,0.469,0.0,True
0.41999999999999993,0.47,0.0,True
0.41999999999999993,0.471,0.0,True
0.41999999999999993,0.472,0.0,True
0.41999999999999993,0.473,0.0,True
0.41999999999999993,0.474,0.0,True
0.41999999999999993,0.475,0.0,True
0.41999999999999993,0.476,0.0,True
0.41999999999999993,0.477,0.0,True
0.41999999999999993,0.478,0.0,True
0.41999999999999993,0.479,0.0,True
0.41999999999999993,0.48,0.0,True
0.41999999999999993,0.481,0.0,True
0.41999999999999993,0.482,0.0,True
0.41999999999999993,0.483,0.0,True
0.41999999999999993,0.484,0.0,True
0.41999999999999993,0.485,0.0,True
0.41999999999999993,0.486,0.0,True
0.41999999999999993,0.487,0.0,True
0.41999999999999993,0.488,0.0,True
0.41999999999999993,0.489,0.0,True
0.41999999999999993,0.49,0.0,True
0.41999999999999993,0.491,0.0,True
0.41999999999999993,0.492,0.0,True
0.41999999999999993,0.493,0.0,True
0.41999999999999993,0.494,0.0,True
0.41999999999999993,0.495,0.0,True
0.41999999999999993,0.496,0.0,True
0.41999999999999993,0.497,0.0,True
0.41999999999999993,0.498,0.0,True
0.41999999999999993,0.499,0.0,True
0.41999999999999993,0.5,0.0,True
0.49,0.15,0.0,True
0.49,0.151,0.0,True
0.49,0.152,0.0,True
0.49,0.153,0.0,True
0.49,0.154,0.0,True
0.49,0.155,0.0,True
0.49,0.156,0.0,True
0.49,0.157,0.0,True
0.49,0.158,0.0,True
0.49,0.159,0.0,True
0.49,0.16,0.0,True
0.49,0.161,0.0,True
0.49,0.162,0.0,True
0.49,0.163,0.0,True
0.49,0.164,0.0,True
0.49,0.16499999999999998,0.0,True
0.49,0.16599999999999998,0.0,True
0.49,0.16699999999999998,0.0,True
0.49,0.16799999999999998,0.0,True
0.49,0.16899999999999998,0.0,True
0.49,0.16999999999999998,0.0,True
0.49,0.17099999999999999,0.0,True
0.49,0.172,0.0,True
0.49,0.173,0.0,True
0.49,0.174,0.0,True
0.49,0.175,0.0,True
0.49,0.176,0.0,True
0.49,0.177,0.0,True
0.49,0.178,0.0,True
0.49,0.179,0.0,True
0.49,0.18,0.0,True
0.49,0.181,0.0,True
0.49,0.182,0.0,True
0.49,0.183,0.0,True
0.49,0.184,0.0,True
0.49,0.185,0.0,True
0.49,0.186,0.0,True
0.49,0.187,0.0,True
0.49,0.188,0.0,True
0.49,0.189,0.0,True
0.49,0.19,0.0,True
0.49,0.191,0.0,True
0.49,0.192,0.0,True
0.49,0.193,0.0,True
0.49,0.194,0.0,True
0.49,0.195,0.0,True
0.49,0.196,0.0,True
0.49,0.197,0.0,True
0.49,0.198,0.0,True
0.49,0.199,0.0,True
0.49,0.2,0.0,True
0.49,0.201,0.0,True
0.49,0.202,0.0,True
0.49,0.20299999999999999,0.0,True
0.49,0.204,0.0,True
0.49,0.205,0.0,True
0.49,0.206,0.0,True
0.49,0.207,0.0,True
0.49,0.208,0.0,True
0.49,0.209,0.0,True
0.49,0.21,0.0,True
0.49,0.211,0.0,True
0.49,0.212,0.0,True
0.49,0.213,0.0,True
0.49,0.214,0.0,True
0.49,0.215,0.0,True
0.49,0.216,0.0,True
0.49,0.217,0.0,True
0.49,0.218,0.0,True
0.49,0.219,0.0,True
0.49,0.22,0.0,True
0.49,0.221,0.0,True
0.49,0.222,0.0,True
0.49,0.22299999999999998,0.0,True
0.49,0.22399999999999998,0.0,True
0.49,0.22499999999999998,0.0,True
0.49,0.22599999999999998,0.0,True
0.49,0.22699999999999998,0.0,True
0.49,0.22799999999999998,0.0,True
0.49,0.22899999999999998,0.0,True
0.49,0.22999999999999998,0.0,True
0.49,0.23099999999999998,0.0,True
0.49,0.23199999999999998,0.0,True
0.49,0.23299999999999998,0.0,True
0.49,0.23399999999999999,0.0,True
0.49,0.235,0.0,True
0.49,0.236,0.0,True
0.49,0.237,0.0,True
0.49,0.238,0.0,True
0.49,0.239,0.0,True
0.49,0.24,0.0,True
0.49,0.241,0.0,True
0.49,0.242,0.0,True
0.49,0.243,0.0,True
0.49,0.244,0.0,True
0.49,0.245,0.0,True
0.49,0.246,0.0,True
0.49,0.247,0.0,True
0.49,0.248,0.0,True
0.49,0.249,0.0,True
0.49,0.25,0.0,True
0.49,0.251,0.0,True
0.49,0.252,0.0,True
0.49,0.253,0.0,True
0.49,0.254,0.0,True
0.49,0.255,0.0,True
0.49,0.256,0.0,True
0.49,0.257,0.0,True
0.49,0.258,0.0,True
0.49,0.259,0.0,True
0.49,0.26,0.0,True
0.49,0.261,0.0,True
0.49,0.262,0.0,True
0.49,0.263,0.0,True
0.49,0.264,0.0,True
0.49,0.265,0.0,True
0.49,0.266,0.0,True
0.49,0.267,0.0,True
0.49,0.268,0.0,True
0.49,0.269,0.0,True
0.49,0.27,0.0,True
0.49,0.271,0.0,True
0.49,0.272,0.0,True
0.49,0.273,0.0,True
0.49,0.274,0.0,True
0.49,0.275,0.0,True
0.49,0.276,0.0,True
0.49,0.277,0.0,True
0.49,0.278,0.0,True
0.49,0.279,0.0,True
0.49,0.28,0.0,True
0.49,0.281,0.0,True
0.49,0.28200000000000003,0.0,True
0.49,0.28300000000000003,0.0,True
0.49,0.28400000000000003,0.0,True
0.49,0.28500000000000003,0.0,True
0.49,0.28600000000000003,0.0,True
0.49,0.28700000000000003,0.0,True
0.49,0.28800000000000003,0.0,True
0.49,0.28900000000000003,0.0,True
0.49,0.29000000000000004,0.0,True
0.49,0.29100000000000004,0.0,True
0.49,0.29200000000000004,0.0,True
0.49,0.29300000000000004,0.0,True
0.49,0.29400000000000004,0.0,True
0.49,0.295,0.0,True
0.49,0.296,0.0,True
0.49,0.297,0.0,True
0.49,0.298,0.0,True
0.49,0.299,0.0,True
0.49,0.3,0.0,True
0.49,0.301,0.0,True
0.49,0.302,0.0,True
0.49,0.303,0.0,True
0.49,0.304,0.0,True
0.49,0.305,0.0,True
0.49,0.306,0.0,True
0.49,0.307,0.0,True
0.49,0.308,0.0,True
0.49,0.309,0.0,True
0.49,0.31,0.0,True
0.49,0.311,0.0,True
0.49,0.312,0.0,True
0.49,0.313,0.0,True
0.49,0.314,0.0,True
0.49,0.315,0.0,True
0.49,0.316,0.0,True
0.49,0.317,0.0,True
0.49,0.318,0.0,True
0.49,0.319,0.0,True
0.49,0.32,0.0,True
0.49,0.321,0.0,True
0.49,0.322,0.0,True
0.49,0.323,0.0,True
0.49,0.324,0.0,True
0.49,0.325,0.0,True
0.49,0.32599999999999996,0.0,True
0.49,0.32699999999999996,0.0,True
0.49,0.32799999999999996,0.0,True
0.49,0.32899999999999996,0.0,True
0.49,0.32999999999999996,0.0,True
0.49,0.33099999999999996,0.0,True
0.49,0.33199999999999996,0.0,True
0.49,0.33299999999999996,0.0,True
0.49,0.33399999999999996,0.0,True
0.49,0.33499999999999996,0.0,True
0.49,0.33599999999999997,0.0,True
0.49,0.33699999999999997,0.0,True
0.49,0.33799999999999997,0.0,True
0.49,0.33899999999999997,0.0,True
0.49,0.33999999999999997,0.0,True
0.49,0.34099999999999997,0.0,True
0.49,0.34199999999999997,0.0,True
0.49,0.34299999999999997,0.0,True
0.49,0.344,0.0,True
0.49,0.345,0.0,True
0.49,0.346,0.0,True
0.49,0.347,0.0,True
0.49,0.348,0.0,True
0.49,0.349,0.0,True
0.49,0.35,0.0,True
0.49,0.351,0.0,True
0.49,0.352,0.0,True
0.49,0.353,0.0,True
0.49,0.354,0.0,True
0.49,0.355,0.0,True
0.49,0.356,0.0,True
0.49,0.357,0.0,True
0.49,0.358,0.0,True
0.49,0.359,0.0,True
0.49,0.36,0.0,True
0.49,0.361,0.0,True
0.49,0.362,0.0,True
0.49,0.363,0.0,True
0.49,0.364,0.0,True
0.49,0.365,0.0,True
0.49,0.366,0.0,True
0.49,0.367,0.0,True
0.49,0.368,0.0,True
0.49,0.369,0.0,True
0.49,0.37,0.0,True
0.49,0.371,0.0,True
0.49,0.372,0.0,True
0.49,0.373,0.0,True
0.49,0.374,0.0,True
0.49,0.375,0.0,True
0.49,0.376,0.0,True
0.49,0.377,0.0,True
0.49,0.378,0.0,True
0.49,0.379,0.0,True
0.49,0.38,0.0,True
0.49,0.381,0.0,True
0.49,0.382,0.0,True
0.49,0.383,0.0,True
0.49,0.384,0.0,True
0.49,0.385,0.0,True
0.49,0.386,0.0,True
0.49,0.387,0.0,True
0.49,0.388,0.0,True
0.49,0.389,0.0,True
0.49,0.39,0.0,True
0.49,0.391,0.0,True
0.49,0.392,0.0,True
0.49,0.393,0.0,True
0.49,0.394,0.0,True
0.49,0.395,0.0,True
0.49,0.396,0.0,True
0.49,0.397,0.0,True
0.49,0.398,0.0,True
0.49,0.399,0.0,True
0.49,0.4,0.0,True
0.49,0.401,0.0,True
0.49,0.402,0.0,True
0.49,0.403,0.0,True
0.49,0.404,0.0,True
0.49,0.405,0.0,True
0.49,0.406,0.0,True
0.49,0.40700000000000003,0.0,True
0.49,0.40800000000000003,0.0,True
0.49,0.40900000000000003,0.0,True
0.49,0.41000000000000003,0.0,True
0.49,0.41100000000000003,0.0,True
0.49,0.41200000000000003,0.0,True
0.49,0.41300000000000003,0.0,True
0.49,0.41400000000000003,0.0,True
0.49,0.41500000000000004,0.0,True
0.49,0.41600000000000004,0.0,True
0.49,0.41700000000000004,0.0,True
0.49,0.41800000000000004,0.0,True
0.49,0.41900000000000004,0.0,True
0.49,0.42000000000000004,0.0,True
0.49,0.42100000000000004,0.0,True
0.49,0.42200000000000004,0.0,True
0.49,0.42300000000000004,0.0,True
0.49,0.42400000000000004,0.0,True
0.49,0.42500000000000004,0.0,True
0.49,0.42600000000000005,0.0,True
0.49,0.42700000000000005,0.0,True
0.49,0.42800000000000005,0.0,True
0.49,0.42900000000000005,0.0,True
0.49,0.43000000000000005,0.0,True
0.49,0.43100000000000005,0.0,True
0.49,0.43200000000000005,0.0,True
0.49,0.43300000000000005,0.0,True
0.49,0.43400000000000005,0.0,True
0.49,0.43500000000000005,0.0,True
0.49,0.43600000000000005,0.0,True
0.49,0.43700000000000006,0.0,True
0.49,0.43800000000000006,0.0,True
0.49,0.43899999999999995,0.0,True
0.49,0.43999999999999995,0.0,True
0.49,0.44099999999999995,0.0,True
0.49,0.44199999999999995,0.0,True
0.49,0.44299999999999995,0.0,True
0.49,0.44399999999999995,0.0,True
0.49,0.44499999999999995,0.0,True
0.49,0.44599999999999995,0.0,True
0.49,0.44699999999999995,0.0,True
0.49,0.44799999999999995,0.0,True
0.49,0.44899999999999995,0.0,True
0.49,0.44999999999999996,0.0,True
0.49,0.45099999999999996,0.0,True
0.49,0.45199999999999996,0.0,True
0.49,0.45299999999999996,0.0,True
0.49,0.45399999999999996,0.0,True
0.49,0.45499999999999996,0.0,True
0.49,0.45599999999999996,0.0,True
0.49,0.45699999999999996,0.0,True
0.49,0.45799999999999996,0.0,True
0.49,0.45899999999999996,0.0,True
0.49,0.45999999999999996,0.0,True
0.49,0.46099999999999997,0.0,True
0.49,0.46199999999999997,0.0,True
0.49,0.46299999999999997,0.0,True
0.49,0.46399999999999997,0.0,True
0.49,0.46499999999999997,0.0,True
0.49,0.46599999999999997,0.0,True
0.49,0.46699999999999997,0.0,True
0.49,0.46799999999999997,0.0,True
0.49,0.469,0.0,True
0.49,0.47,0.0,True
0.49,0.471,0.0,True
0.49,0.472,0.0,True
0.49,0.473,0.0,True
0.49,0.474,0.0,True
0.49,0.475,0.0,True
0.49,0.476,0.0,True
0.49,0.477,0.0,True
0.49,0.478,0.0,True
0.49,0.479,0.0,True
0.49,0.48,0.0,True
0.49,0.481,0.0,True
0.49,0.482,0.0,True
0.49,0.483,0.0,True
0.49,0.484,0.0,True
0.49,0.485,0.0,True
0.49,0.486,0.0,True
0.49,0.487,0.0,True
0.49,0.488,0.0,True
0.49,0.489,0.0,True
0.49,0.49,0.0,True
0.49,0.491,0.0,True
0.49,0.492,0.0,True
0.49,0.493,0.0,True
0.49,0.494,0.0,True
0.49,0.495,0.0,True
0.49,0.496,0.0,True
0.49,0.497,0.0,True
0.49,0.498,0.0,True
0.49,0.499,0.0,True
0.49,0.5,0.0,True
0.5599999999999998,0.15,0.0,True
0.5599999999999998,0.151,0.0,True
0.5599999999999998,0.152,0.0,True
0.5599999999999998,0.153,0.0,True
0.5599999999999998,0.154,0.0,True
0.5599999999999998,0.155,0.0,True
0.5599999999999998,0.156,0.0,True
0.5599999999999998,0.157,0.0,True
0.5599999999999998,0.158,0.0,True
0.5599999999999998,0.159,0.0,True
0.5599999999999998,0.16,0.0,True
0.5599999999999998,0.161,0.0,True
0.5599999999999998,0.162,0.0,True
0.5599999999999998,0.163,0.0,True
0.5599999999999998,0.164,0.0,True
0.5599999999999998,0.16499999999999998,0.0,True
0.5599999999999998,0.16599999999999998,0.0,True
0.5599999999999998,0.16699999999999998,0.0,True
0.5599999999999998,0.16799999999999998,0.0,True
0.5599999999999998,0.16899999999999998,0.0,True
0.5599999999999998,0.16999999999999998,0.0,True
0.5599999999999998,0.17099999999999999,0.0,True
0.5599999999999998,0.172,0.0,True
0.5599999999999998,0.173,0.0,True
0.5599999999999998,0.174,0.0,True
0.5599999999999998,0.175,0.0,True
0.5599999999999998,0.176,0.0,True
0.5599999999999998,0.177,0.0,True
0.5599999999999998,0.178,0.0,True
0.5599999999999998,0.179,0.0,True
0.5599999999999998,0.18,0.0,True
0.5599999999999998,0.181,0.0,True
0.5599999999999998,0.182,0.0,True
0.5599999999999998,0.183,0.0,True
0.5599999999999998,0.184,0.0,True
0.5599999999999998,0.185,0.0,True
0.5599999999999998,0.186,0.0,True
0.5599999999999998,0.187,0.0,True
0.5599999999999998,0.188,0.0,True
0.5599999999999998,0.189,0.0,True
0.5599999999999998,0.19,0.0,True
0.5599999999999998,0.191,0.0,True
0.5599999999999998,0.192,0.0,True
0.5599999999999998,0.193,0.0,True
0.5599999999999998,0.194,0.0,True
0.5599999999999998,0.195,0.0,True
0.5599999999999998,0.196,0.0,True
0.5599999999999998,0.197,0.0,True
0.5599999999999998,0.198,0.0,True
0.5599999999999998,0.199,0.0,True
0.5599999999999998,0.2,0.0,True
0.5599999999999998,0.201,0.0,True
0.5599999999999998,0.202,0.0,True
0.5599999999999998,0.20299999999999999,0.0,True
0.5599999999999998,0.204,0.0,True
0.5599999999999998,0.205,0.0,True
0.5599999999999998,0.206,0.0,True
0.5599999999999998,0.207,0.0,True
0.5599999999999998,0.208,0.0,True
0.5599999999999998,0.209,0.0,True
0.5599999999999998,0.21,0.0,True
0.5599999999999998,0.211,0.0,True
0.5599999999999998,0.212,0.0,True
0.5599999999999998,0.213,0.0,True
0.5599999999999998,0.214,0.0,True
0.5599999999999998,0.215,0.0,True
0.5599999999999998,0.216,0.0,True
0.5599999999999998,0.217,0.0,True
0.5599999999999998,0.218,0.0,True
0.5599999999999998,0.219,0.0,True
0.5599999999999998,0.22,0.0,True
0.5599999999999998,0.221,0.0,True
0.5599999999999998,0.222,0.0,True
0.5599999999999998,0.22299999999999998,0.0,True
0.5599999999999998,0.22399999999999998,0.0,True
0.5599999999999998,0.22499999999999998,0.0,True
0.5599999999999998,0.22599999999999998,0.0,True
0.5599999999999998,0.22699999999999998,0.0,True
0.5599999999999998,0.22799999999999998,0.0,True
0.5599999999999998,0.22899999999999998,0.0,True
0.5599999999999998,0.22999999999999998,0.0,True
0.5599999999999998,0.23099999999999998,0.0,True
0.5599999999999998,0.23199999999999998,0.0,True
0.5599999999999998,0.23299999999999998,0.0,True
0.5599999999999998,0.23399999999999999,0.0,True
0.5599999999999998,0.235,0.0,True
0.5599999999999998,0.236,0.0,True
0.5599999999999998,0.237,0.0,True
0.5599999999999998,0.238,0.0,True
0.5599999999999998,0.239,0.0,True
0.5599999999999998,0.24,0.0,True
0.5599999999999998,0.241,0.0,True
0.5599999999999998,0.242,0.0,True
0.5599999999999998,0.243,0.0,True
0.5599999999999998,0.244,0.0,True
0.5599999999999998,0.245,0.0,True
0.5599999999999998,0.246,0.0,True
0.5599999999999998,0.247,0.0,True
0.5599999999999998,0.248,0.0,True
0.5599999999999998,0.249,0.0,True
0.5599999999999998,0.25,0.0,True
0.5599999999999998,0.251,0.0,True
0.5599999999999998,0.252,0.0,True
0.5599999999999998,0.253,0.0,True
0.5599999999999998,0.254,0.0,True
0.5599999999999998,0.255,0.0,True
0.5599999999999998,0.256,0.0,True
0.5599999999999998,0.257,0.0,True
0.5599999999999998,0.258,0.0,True
0.5599999999999998,0.259,0.0,True
0.5599999999999998,0.26,0.0,True
0.5599999999999998,0.261,0.0,True
0.5599999999999998,0.262,0.0,True
0.5599999999999998,0.263,0.0,True
0.5599999999999998,0.264,0.0,True
0.5599999999999998,0.265,0.0,True
0.5599999999999998,0.266,0.0,True
0.5599999999999998,0.267,0.0,True
0.5599999999999998,0.268,0.0,True
0.5599999999999998,0.269,0.0,True
0.5599999999999998,0.27,0.0,True
0.5599999999999998,0.271,0.0,True
0.5599999999999998,0.272,0.0,True
0.5599999999999998,0.273,0.0,True
0.5599999999999998,0.274,0.0,True
0.5599999999999998,0.275,0.0,True
0.5599999999999998,0.276,0.0,True
0.5599999999999998,0.277,0.0,True
0.5599999999999998,0.278,0.0,True
0.5599999999999998,0.279,0.0,True
0.5599999999999998,0.28,0.0,True
0.5599999999999998,0.281,0.0,True
0.5599999999999998,0.28200000000000003,0.0,True
0.5599999999999998,0.28300000000000003,0.0,True
0.5599999999999998,0.28400000000000003,0.0,True
0.5599999999999998,0.28500000000000003,0.0,True
0.5599999999999998,0.28600000000000003,0.0,True
0.5599999999999998,0.28700000000000003,0.0,True
0.5599999999999998,0.28800000000000003,0.0,True
0.5599999999999998,0.28900000000000003,0.0,True
0.5599999999999998,0.29000000000000004,0.0,True
0.5599999999999998,0.29100000000000004,0.0,True
0.5599999999999998,0.29200000000000004,0.0,True
0.5599999999999998,0.29300000000000004,0.0,True
0.5599999999999998,0.29400000000000004,0.0,True
0.5599999999999998,0.295,0.0,True
0.5599999999999998,0.296,0.0,True
0.5599999999999998,0.297,0.0,True
0.5599999999999998,0.298,0.0,True
0.5599999999999998,0.299,0.0,True
0.5599999999999998,0.3,0.0,True
0.5599999999999998,0.301,0.0,True
0.5599999999999998,0.302,0.0,True
0.5599999999999998,0.303,0.0,True
0.5599999999999998,0.304,0.0,True
0.5599999999999998,0.305,0.0,True
0.5599999999999998,0.306,0.0,True
0.5599999999999998,0.307,0.0,True
0.5599999999999998,0.308,0.0,True
0.5599999999999998,0.309,0.0,True
0.5599999999999998,0.31,0.0,True
0.5599999999999998,0.311,0.0,True
0.5599999999999998,0.312,0.0,True
0.5599999999999998,0.313,0.0,True
0.5599999999999998,0.314,0.0,True
0.5599999999999998,0.315,0.0,True
0.5599999999999998,0.316,0.0,True
0.5599999999999998,0.317,0.0,True
0.5599999999999998,0.318,0.0,True
0.5599999999999998,0.319,0.0,True
0.5599999999999998,0.32,0.0,True
0.5599999999999998,0.321,0.0,True
0.5599999999999998,0.322,0.0,True
0.5599999999999998,0.323,0.0,True
0.5599999999999998,0.324,0.0,True
0.5599999999999998,0.325,0.0,True
0.5599999999999998,0.32599999999999996,0.0,True
0.5599999999999998,0.32699999999999996,0.0,True
0.5599999999999998,0.32799999999999996,0.0,True
0.5599999999999998,0.32899999999999996,0.0,True
0.5599999999999998,0.32999999999999996,0.0,True
0.5599999999999998,0.33099999999999996,0.0,True
0.5599999999999998,0.33199999999999996,0.0,True
0.5599999999999998,0.33299999999999996,0.0,True
0.5599999999999998,0.33399999999999996,0.0,True
0.5599999999999998,0.33499999999999996,0.0,True
0.5599999999999998,0.33599999999999997,0.0,True
0.5599999999999998,0.33699999999999997,0.0,True
0.5599999999999998,0.33799999999999997,0.0,True
0.5599999999999998,0.33899999999999997,0.0,True
0.5599999999999998,0.33999999999999997,0.0,True
0.5599999999999998,0.34099999999999997,0.0,True
0.5599999999999998,0.34199999999999997,0.0,True
0.5599999999999998,0.34299999999999997,0.0,True
0.5599999999999998,0.344,0.0,True
0.5599999999999998,0.345,0.0,True
0.5599999999999998,0.346,0.0,True
0.5599999999999998,0.347,0.0,True
0.5599999999999998,0.348,0.0,True
0.5599999999999998,0.349,0.0,True
0.5599999999999998,0.35,0.0,True
0.5599999999999998,0.351,0.0,True
0.5599999999999998,0.352,0.0,True
0.5599999999999998,0.353,0.0,True
0.5599999999999998,0.354,0.0,True
0.5599999999999998,0.355,0.0,True
0.5599999999999998,0.356,0.0,True
0.5599999999999998,0.357,0.0,True
0.5599999999999998,0.358,0.0,True
0.5599999999999998,0.359,0.0,True
0.5599999999999998,0.36,0.0,True
0.5599999999999998,0.361,0.0,True
0.5599999999999998,0.362,0.0,True
0.5599999999999998,0.363,0.0,True
0.5599999999999998,0.364,0.0,True
0.5599999999999998,0.365,0.0,True
0.5599999999999998,0.366,0.0,True
0.5599999999999998,0.367,0.0,True
0.5599999999999998,0.368,0.0,True
0.5599999999999998,0.369,0.0,True
0.5599999999999998,0.37,0.0,True
0.5599999999999998,0.371,0.0,True
0.5599999999999998,0.372,0.0,True
0.5599999999999998,0.373,0.0,True
0.5599999999999998,0.374,0.0,True
0.5599999999999998,0.375,0.0,True
0.5599999999999998,0.376,0.0,True
0.5599999999999998,0.377,0.0,True
0.5599999999999998,0.378,0.0,True
0.5599999999999998,0.379,0.0,True
0.5599999999999998,0.38,0.0,True
0.5599999999999998,0.381,0.0,True
0.5599999999999998,0.382,0.0,True
0.5599999999999998,0.383,0.0,True
0.5599999999999998,0.384,0.0,True
0.5599999999999998,0.385,0.0,True
0.5599999999999998,0.386,0.0,True
0.5599999999999998,0.387,0.0,True
0.5599999999999998,0.388,0.0,True
0.5599999999999998,0.389,0.0,True
0.5599999999999998,0.39,0.0,True
0.5599999999999998,0.391,0.0,True
0.5599999999999998,0.392,0.0,True
0.5599999999999998,0.393,0.0,True
0.5599999999999998,0.394,0.0,True
0.5599999999999998,0.395,0.0,True
0.5599999999999998,0.396,0.0,True
0.5599999999999998,0.397,0.0,True
0.5599999999999998,0.398,0.0,True
0.5599999999999998,0.399,0.0,True
0.5599999999999998,0.4,0.0,True
0.5599999999999998,0.401,0.0,True
0.5599999999999998,0.402,0.0,True
0.5599999999999998,0.403,0.0,True
0.5599999999999998,0.404,0.0,True
0.5599999999999998,0.405,0.0,True
0.5599999999999998,0.406,0.0,True
0.5599999999999998,0.40700000000000003,0.0,True
0.5599999999999998,0.40800000000000003,0.0,True
0.5599999999999998,0.40900000000000003,0.0,True
0.5599999999999998,0.41000000000000003,0.0,True
0.5599999999999998,0.41100000000000003,0.0,True
0.5599999999999998,0.41200000000000003,0.0,True
0.5599999999999998,0.41300000000000003,0.0,True
0.5599999999999998,0.41400000000000003,0.0,True
0.5599999999999998,0.41500000000000004,0.0,True
0.5599999999999998,0.41600000000000004,0.0,True
0.5599999999999998,0.41700000000000004,0.0,True
0.5599999999999998,0.41800000000000004,0.0,True
0.5599999999999998,0.41900000000000004,0.0,True
0.5599999999999998,0.42000000000000004,0.0,True
0.5599999999999998,0.42100000000000004,0.0,True
0.5599999999999998,0.42200000000000004,0.0,True
0.5599999999999998,0.42300000000000004,0.0,True
0.5599999999999998,0.42400000000000004,0.0,True
0.5599999999999998,0.42500000000000004,0.0,True
0.5599999999999998,0.42600000000000005,0.0,True
0.5599999999999998,0.42700000000000005,0.0,True
0.5599999999999998,0.42800000000000005,0.0,True
0.5599999999999998,0.42900000000000005,0.0,True
0.5599999999999998,0.43000000000000005,0.0,True
0.5599999999999998,0.43100000000000005,0.0,True
0.5599999999999998,0.43200000000000005,0.0,True
0.5599999999999998,0.43300000000000005,0.0,True
0.5599999999999998,0.43400000000000005,0.0,True
0.5599999999999998,0.43500000000000005,0.0,True
0.5599999999999998,0.43600000000000005,0.0,True
0.5599999999999998,0.43700000000000006,0.0,True
0.5599999999999998,0.43800000000000006,0.0,True
0.5599999999999998,0.43899999999999995,0.0,True
0.5599999999999998,0.43999999999999995,0.0,True
0.5599999999999998,0.44099999999999995,0.0,True
0.5599999999999998,0.44199999999999995,0.0,True
0.5599999999999998,0.44299999999999995,0.0,True
0.5599999999999998,0.44399999999999995,0.0,True
0.5599999999999998,0.44499999999999995,0.0,True
0.5599999999999998,0.44599999999999995,0.0,True
0.5599999999999998,0.44699999999999995,0.0,True
0.5599999999999998,0.44799999999999995,0.0,True
0.5599999999999998,0.44899999999999995,0.0,True
0.5599999999999998,0.44999999999999996,0.0,True
0.5599999999999998,0.45099999999999996,0.0,True
0.5599999999999998,0.45199999999999996,0.0,True
0.5599999999999998,0.45299999999999996,0.0,True
0.5599999999999998,0.45399999999999996,0.0,True
0.5599999999999998,0.45499999999999996,0.0,True
0.5599999999999998,0.45599999999999996,0.0,True
0.5599999999999998,0.45699999999999996,0.0,True
0.5599999999999998,0.45799999999999996,0.0,True
0.5599999999999998,0.45899999999999996,0.0,True
0.5599999999999998,0.45999999999999996,0.0,True
0.5599999999999998,0.46099999999999997,0.0,True
0.5599999999999998,0.46199999999999997,0.0,True
0.5599999999999998,0.46299999999999997,0.0,True
0.5599999999999998,0.46399999999999997,0.0,True
0.5599999999999998,0.46499999999999997,0.0,True
0.5599999999999998,0.46599999999999997,0.0,True
0.5599999999999998,0.46699999999999997,0.0,True
0.5599999999999998,0.46799999999999997,0.0,True
0.5599999999999998,0.469,0.0,True
0.5599999999999998,0.47,0.0,True
0.5599999999999998,0.471,0.0,True
0.5599999999999998,0.472,0.0,True
0.5599999999999998,0.473,0.0,True
0.5599999999999998,0.474,0.0,True
0.5599999999999998,0.475,0.0,True
0.5599999999999998,0.476,0.0,True
0.5599999999999998,0.477,0.0,True
0.5599999999999998,0.478,0.0,True
0.5599999999999998,0.479,0.0,True
0.5599999999999998,0.48,0.0,True
0.5599999999999998,0.481,0.0,True
0.5599999999999998,0.482,0.0,True
0.5599999999999998,0.483,0.0,True
0.5599999999999998,0.484,0.0,True
0.5599999999999998,0.485,0.0,True
0.5599999999999998,0.486,0.0,True
0.5599999999999998,0.487,0.0,True
0.5599999999999998,0.488,0.0,True
0.5599999999999998,0.489,0.0,True
0.5599999999999998,0.49,0.0,True
0.5599999999999998,0.491,0.0,True
0.5599999999999998,0.492,0.0,True
0.5599999999999998,0.493,0.0,True
0.5599999999999998,0.494,0.0,True
0.5599999999999998,0.495,0.0,True
0.5599999999999998,0.496,0.0,True
0.5599999999999998,0.497,0.0,True
0.5599999999999998,0.498,0.0,True
0.5599999999999998,0.499,0.0,True
0.5599999999999998,0.5,0.0,True
0.6299999999999999,0.15,0.0,True
0.6299999999999999,0.151,0.0,True
0.6299999999999999,0.152,0.0,True
0.6299999999999999,0.153,0.0,True
0.6299999999999999,0.154,0.0,True
0.6299999999999999,0.155,0.0,True
0.6299999999999999,0.156,0.0,True
0.6299999999999999,0.157,0.0,True
0.6299999999999999,0.158,0.0,True
0.6299999999999999,0.159,0.0,True
0.6299999999999999,0.16,0.0,True
0.6299999999999999,0.161,0.0,True
0.6299999999999999,0.162,0.0,True
0.6299999999999999,0.163,0.0,True
0.6299999999999999,0.164,0.0,True
0.6299999999999999,0.16499999999999998,0.0,True
0.6299999999999999,0.16599999999999998,0.0,True
0.6299999999999999,0.16699999999999998,0.0,True
0.6299999999999999,0.16799999999999998,0.0,True
0.6299999999999999,0.16899999999999998,0.0,True
0.6299999999999999,0.16999999999999998,0.0,True
0.6299999999999999,0.17099999999999999,0.0,True
0.6299999999999999,0.172,0.0,True
0.6299999999999999,0.173,0.0,True
0.6299999999999999,0.174,0.0,True
0.6299999999999999,0.175,0.0,True
0.6299999999999999,0.176,0.0,True
0.6299999999999999,0.177,0.0,True
0.6299999999999999,0.178,0.0,True
0.6299999999999999,0.179,0.0,True
0.6299999999999999,0.18,0.0,True
0.6299999999999999,0.181,0.0,True
0.6299999999999999,0.182,0.0,True
0.6299999999999999,0.183,0.0,True
0.6299999999999999,0.184,0.0,True
0.6299999999999999,0.185,0.0,True
0.6299999999999999,0.186,0.0,True
0.6299999999999999,0.187,0.0,True
0.6299999999999999,0.188,0.0,True
0.6299999999999999,0.189,0.0,True
0.6299999999999999,0.19,0.0,True
0.6299999999999999,0.191,0.0,True
0.6299999999999999,0.192,0.0,True
0.6299999999999999,0.193,0.0,True
0.6299999999999999,0.194,0.0,True
0.6299999999999999,0.195,0.0,True
0.6299999999999999,0.196,0.0,True
0.6299999999999999,0.197,0.0,True
0.6299999999999999,0.198,0.0,True
0.6299999999999999,0.199,0.0,True
0.6299999999999999,0.2,0.0,True
0.6299999999999999,0.201,0.0,True
0.6299999999999999,0.202,0.0,True
0.6299999999999999,0.20299999999999999,0.0,True
0.6299999999999999,0.204,0.0,True
0.6299999999999999,0.205,0.0,True
0.6299999999999999,0.206,0.0,True
0.6299999999999999,0.207,0.0,True
0.6299999999999999,0.208,0.0,True
0.6299999999999999,0.209,0.0,True
0.6299999999999999,0.21,0.0,True
0.6299999999999999,0.211,0.0,True
0.6299999999999999,0.212,0.0,True
0.6299999999999999,0.213,0.0,True
0.6299999999999999,0.214,0.0,True
0.6299999999999999,0.215,0.0,True
0.6299999999999999,0.216,0.0,True
0.6299999999999999,0.217,0.0,True
0.6299999999999999,0.218,0.0,True
0.6299999999999999,0.219,0.0,True
0.6299999999999999,0.22,0.0,True
0.6299999999999999,0.221,0.0,True
0.6299999999999999,0.222,0.0,True
0.6299999999999999,0.22299999999999998,0.0,True
0.6299999999999999,0.22399999999999998,0.0,True
0.6299999999999999,0.22499999999999998,0.0,True
0.6299999999999999,0.22599999999999998,0.0,True
0.6299999999999999,0.22699999999999998,0.0,True
0.6299999999999999,0.22799999999999998,0.0,True
0.6299999999999999,0.22899999999999998,0.0,True
0.6299999999999999,0.22999999999999998,0.0,True
0.6299999999999999,0.23099999999999998,0.0,True
0.6299999999999999,0.23199999999999998,0.0,True
0.6299999999999999,0.23299999999999998,0.0,True
0.6299999999999999,0.23399999999999999,0.0,True
0.6299999999999999,0.235,0.0,True
0.6299999999999999,0.236,0.0,True
0.6299999999999999,0.237,0.0,True
0.6299999999999999,0.238,0.0,True
0.6299999999999999,0.239,0.0,True
0.6299999999999999,0.24,0.0,True
0.6299999999999999,0.241,0.0,True
0.6299999999999999,0.242,0.0,True
0.6299999999999999,0.243,0.0,True
0.6299999999999999,0.244,0.0,True
0.6299999999999999,0.245,0.0,True
0.6299999999999999,0.246,0.0,True
0.6299999999999999,0.247,0.0,True
0.6299999999999999,0.248,0.0,True
0.6299999999999999,0.249,0.0,True
0.6299999999999999,0.25,0.0,True
0.6299999999999999,0.251,0.0,True
0.6299999999999999,0.252,0.0,True
0.6299999999999999,0.253,0.0,True
0.6299999999999999,0.254,0.0,True
0.6299999999999999,0.255,0.0,True
0.6299999999999999,0.256,0.0,True
0.6299999999999999,0.257,0.0,True
0.6299999999999999,0.258,0.0,True
0.6299999999999999,0.259,0.0,True
0.6299999999999999,0.26,0.0,True
0.6299999999999999,0.261,0.0,True
0.6299999999999999,0.262,0.0,True
0.6299999999999999,0.263,0.0,True
0.6299999999999999,0.264,0.0,True
0.6299999999999999,0.265,0.0,True
0.6299999999999999,0.266,0.0,True
0.6299999999999999,0.267,0.0,True
0.6299999999999999,0.268,0.0,True
0.6299999999999999,0.269,0.0,True
0.6299999999999999,0.27,0.0,True
0.6299999999999999,0.271,0.0,True
0.6299999999999999,0.272,0.0,True
0.6299999999999999,0.273,0.0,True
0.6299999999999999,0.274,0.0,True
0.6299999999999999,0.275,0.0,True
0.6299999999999999,0.276,0.0,True
0.6299999999999999,0.277,0.0,True
0.6299999999999999,0.278,0.0,True
0.6299999999999999,0.279,0.0,True
0.6299999999999999,0.28,0.0,True
0.6299999999999999,0.281,0.0,True
0.6299999999999999,0.28200000000000003,0.0,True
0.6299999999999999,0.28300000000000003,0.0,True
0.6299999999999999,0.28400000000000003,0.0,True
0.6299999999999999,0.28500000000000003,0.0,True
0.6299999999999999,0.28600000000000003,0.0,True
0.6299999999999999,0.28700000000000003,0.0,True
0.6299999999999999,0.28800000000000003,0.0,True
0.6299999999999999,0.28900000000000003,0.0,True
0.6299999999999999,0.29000000000000004,0.0,True
0.6299999999999999,0.29100000000000004,0.0,True
0.6299999999999999,0.29200000000000004,0.0,True
0.6299999999999999,0.29300000000000004,0.0,True
0.6299999999999999,0.29400000000000004,0.0,True
0.6299999999999999,0.295,0.0,True
0.6299999999999999,0.296,0.0,True
0.6299999999999999,0.297,0.0,True
0.6299999999999999,0.298,0.0,True
0.6299999999999999,0.299,0.0,True
0.6299999999999999,0.3,0.0,True
0.6299999999999999,0.301,0.0,True
0.6299999999999999,0.302,0.0,True
0.6299999999999999,0.303,0.0,True
0.6299999999999999,0.304,0.0,True
0.6299999999999999,0.305,0.0,True
0.6299999999999999,0.306,0.0,True
0.6299999999999999,0.307,0.0,True
0.6299999999999999,0.308,0.0,True
0.6299999999999999,0.309,0.0,True
0.6299999999999999,0.31,0.0,True
0.6299999999999999,0.311,0.0,True
0.6299999999999999,0.312,0.0,True
0.6299999999999999,0.313,0.0,True
0.6299999999999999,0.314,0.0,True
0.6299999999999999,0.315,0.0,True
0.6299999999999999,0.316,0.0,True
0.6299999999999999,0.317,0.0,True
0.6299999999999999,0.318,0.0,True
0.6299999999999999,0.319,0.0,True
0.6299999999999999,0.32,0.0,True
0.6299999999999999,0.321,0.0,True
0.6299999999999999,0.322,0.0,True
0.6299999999999999,0.323,0.0,True
0.6299999999999999,0.324,0.0,True
0.6299999999999999,0.325,0.0,True
0.6299999999999999,0.32599999999999996,0.0,True
0.6299999999999999,0.32699999999999996,0.0,True
0.6299999999999999,0.32799999999999996,0.0,True
0.6299999999999999,0.32899999999999996,0.0,True
0.6299999999999999,0.32999999999999996,0.0,True
0.6299999999999999,0.33099999999999996,0.0,True
0.6299999999999999,0.33199999999999996,0.0,True
0.6299999999999999,0.33299999999999996,0.0,True
0.6299999999999999,0.33399999999999996,0.0,True
0.6299999999999999,0.33499999999999996,0.0,True
0.6299999999999999,0.33599999999999997,0.0,True
0.6299999999999999,0.33699999999999997,0.0,True
0.6299999999999999,0.33799999999999997,0.0,True
0.6299999999999999,0.33899999999999997,0.0,True
0.6299999999999999,0.33999999999999997,0.0,True
0.6299999999999999,0.34099999999999997,0.0,True
0.6299999999999999,0.34199999999999997,0.0,True
0.6299999999999999,0.34299999999999997,0.0,True
0.6299999999999999,0.344,0.0,True
0.6299999999999999,0.345,0.0,True
0.6299999999999999,0.346,0.0,True
0.6299999999999999,0.347,0.0,True
0.6299999999999999,0.348,0.0,True
0.6299999999999999,0.349,0.0,True
0.6299999999999999,0.35,0.0,True
0.6299999999999999,0.351,0.0,True
0.6299999999999999,0.352,0.0,True
0.6299999999999999,0.353,0.0,True
0.6299999999999999,0.354,0.0,True
0.6299999999999999,0.355,0.0,True
0.6299999999999999,0.356,0.0,True
0.6299999999999999,0.357,0.0,True
0.6299999999999999,0.358,0.0,True
0.6299999999999999,0.359,0.0,True
0.6299999999999999,0.36,0.0,True
0.6299999999999999,0.361,0.0,True
0.6299999999999999,0.362,0.0,True
0.6299999999999999,0.363,0.0,True
0.6299999999999999,0.364,0.0,True
0.6299999999999999,0.365,0.0,True
0.6299999999999999,0.366,0.0,True
0.6299999999999999,0.367,0.0,True
0.6299999999999999,0.368,0.0,True
0.6299999999999999,0.369,0.0,True
0.6299999999999999,0.37,0.0,True
0.6299999999999999,0.371,0.0,True
0.6299999999999999,0.372,0.0,True
0.6299999999999999,0.373,0.0,True
0.6299999999999999,0.374,0.0,True
0.6299999999999999,0.375,0.0,True
0.6299999999999999,0.376,0.0,True
0.6299999999999999,0.377,0.0,True
0.6299999999999999,0.378,0.0,True
0.6299999999999999,0.379,0.0,True
0.6299999999999999,0.38,0.0,True
0.6299999999999999,0.381,0.0,True
0.6299999999999999,0.382,0.0,True
0.6299999999999999,0.383,0.0,True
0.6299999999999999,0.384,0.0,True
0.6299999999999999,0.385,0.0,True
0.6299999999999999,0.386,0.0,True
0.6299999999999999,0.387,0.0,True
0.6299999999999999,0.388,0.0,True
0.6299999999999999,0.389,0.0,True
0.6299999999999999,0.39,0.0,True
0.6299999999999999,0.391,0.0,True
0.6299999999999999,0.392,0.0,True
0.6299999999999999,0.393,0.0,True
0.6299999999999999,0.394,0.0,True
0.6299999999999999,0.395,0.0,True
0.6299999999999999,0.396,0.0,True
0.6299999999999999,0.397,0.0,True
0.6299999999999999,0.398,0.0,True
0.6299999999999999,0.399,0.0,True
0.6299999999999999,0.4,0.0,True
0.6299999999999999,0.401,0.0,True
0.6299999999999999,0.402,0.0,True
0.6299999999999999,0.403,0.0,True
0.6299999999999999,0.404,0.0,True
0.6299999999999999,0.405,0.0,True
0.6299999999999999,0.406,0.0,True
0.6299999999999999,0.40700000000000003,0.0,True
0.6299999999999999,0.40800000000000003,0.0,True
0.6299999999999999,0.40900000000000003,0.0,True
0.6299999999999999,0.41000000000000003,0.0,True
0.6299999999999999,0.41100000000000003,0.0,True
0.6299999999999999,0.41200000000000003,0.0,True
0.6299999999999999,0.41300000000000003,0.0,True
0.6299999999999999,0.41400000000000003,0.0,True
0.6299999999999999,0.41500000000000004,0.0,True
0.6299999999999999,0.41600000000000004,0.0,True
0.6299999999999999,0.41700000000000004,0.0,True
0.6299999999999999,0.41800000000000004,0.0,True
0.6299999999999999,0.41900000000000004,0.0,True
0.6299999999999999,0.42000000000000004,0.0,True
0.6299999999999999,0.42100000000000004,0.0,True
0.6299999999999999,0.42200000000000004,0.0,True
0.6299999999999999,0.42300000000000004,0.0,True
0.6299999999999999,0.42400000000000004,0.0,True
0.6299999999999999,0.42500000000000004,0.0,True
0.6299999999999999,0.42600000000000005,0.0,True
0.6299999999999999,0.42700000000000005,0.0,True
0.6299999999999999,0.42800000000000005,0.0,True
0.6299999999999999,0.42900000000000005,0.0,True
0.6299999999999999,0.43000000000000005,0.0,True
0.6299999999999999,0.43100000000000005,0.0,True
0.6299999999999999,0.43200000000000005,0.0,True
0.6299999999999999,0.43300000000000005,0.0,True
0.6299999999999999,0.43400000000000005,0.0,True
0.6299999999999999,0.43500000000000005,0.0,True
0.6299999999999999,0.43600000000000005,0.0,True
0.6299999999999999,0.43700000000000006,0.0,True
0.6299999999999999,0.43800000000000006,0.0,True
0.6299999999999999,0.43899999999999995,0.0,True
0.6299999999999999,0.43999999999999995,0.0,True
0.6299999999999999,0.44099999999999995,0.0,True
0.6299999999999999,0.44199999999999995,0.0,True
0.6299999999999999,0.44299999999999995,0.0,True
0.6299999999999999,0.44399999999999995,0.0,True
0.6299999999999999,0.44499999999999995,0.0,True
0.6299999999999999,0.44599999999999995,0.0,True
0.6299999999999999,0.44699999999999995,0.0,True
0.6299999999999999,0.44799999999999995,0.0,True
0.6299999999999999,0.44899999999999995,0.0,True
0.6299999999999999,0.44999999999999996,0.0,True
0.6299999999999999,0.45099999999999996,0.0,True
0.6299999999999999,0.45199999999999996,0.0,True
0.6299999999999999,0.45299999999999996,0.0,True
0.6299999999999999,0.45399999999999996,0.0,True
0.6299999999999999,0.45499999999999996,0.0,True
0.6299999999999999,0.45599999999999996,0.0,True
0.6299999999999999,0.45699999999999996,0.0,True
0.6299999999999999,0.45799999999999996,0.0,True
0.6299999999999999,0.45899999999999996,0.0,True
0.6299999999999999,0.45999999999999996,0.0,True
0.6299999999999999,0.46099999999999997,0.0,True
0.6299999999999999,0.46199999999999997,0.0,True
0.6299999999999999,0.46299999999999997,0.0,True
0.6299999999999999,0.46399999999999997,0.0,True
0.6299999999999999,0.46499999999999997,0.0,True
0.6299999999999999,0.46599999999999997,0.0,True
0.6299999999999999,0.46699999999999997,0.0,True
0.6299999999999999,0.46799999999999997,0.0,True
0.6299999999999999,0.469,0.0,True
0.6299999999999999,0.47,0.0,True
0.6299999999999999,0.471,0.0,True
0.6299999999999999,0.472,0.0,True
0.6299999999999999,0.473,0.0,True
0.6299999999999999,0.474,0.0,True
0.6299999999999999,0.475,0.0,True
0.6299999999999999,0.476,0.0,True
0.6299999999999999,0.477,0.0,True
0.6299999999999999,0.478,0.0,True
0.6299999999999999,0.479,0.0,True
0.6299999999999999,0.48,0.0,True
0.6299999999999999,0.481,0.0,True
0.6299999999999999,0.482,0.0,True
0.6299999999999999,0.483,0.0,True
0.6299999999999999,0.484,0.0,True
0.6299999999999999,0.485,0.0,True
0.6299999999999999,0.486,0.0,True
0.6299999999999999,0.487,0.0,True
0.6299999999999999,0.488,0.0,True
0.6299999999999999,0.489,0.0,True
0.6299999999999999,0.49,0.0,True
0.6299999999999999,0.491,0.0,True
0.6299999999999999,0.492,0.0,True
0.6299999999999999,0.493,0.0,True
0.6299999999999999,0.494,0.0,True
0.6299999999999999,0.495,0.0,True
0.6299999999999999,0.496,0.0,True
0.6299999999999999,0.497,0.0,True
0.6299999999999999,0.498,0.0,True
0.6299999999999999,0.499,0.0,True
0.6299999999999999,0.5,0.0,True
0.7,0.15,0.0,True
0.7,0.151,0.0,True
0.7,0.152,0.0,True
0.7,0.153,0.0,True
0.7,0.154,0.0,True
0.7,0.155,0.0,True
0.7,0.156,0.0,True
0.7,0.157,0.0,True
0.7,0.158,0.0,True
0.7,0.159,0.0,True
0.7,0.16,0.0,True
0.7,0.161,0.0,True
0.7,0.162,0.0,True
0.7,0.163,0.0,True
0.7,0.164,0.0,True
0.7,0.16499999999999998,0.0,True
0.7,0.16599999999999998,0.0,True
0.7,0.16699999999999998,0.0,True
0.7,0.16799999999999998,0.0,True
0.7,0.16899999999999998,0.0,True
0.7,0.16999999999999998,0.0,True
0.7,0.17099999999999999,0.0,True
0.7,0.172,0.0,True
0.7,0.173,0.0,True
0.7,0.174,0.0,True
0.7,0.175,0.0,True
0.7,0.176,0.0,True
0.7,0.177,0.0,True
0.7,0.178,0.0,True
0.7,0.179,0.0,True
0.7,0.18,0.0,True
0.7,0.181,0.0,True
0.7,0.182,0.0,True
0.7,0.183,0.0,True
0.7,0.184,0.0,True
0.7,0.185,0.0,True
0.7,0.186,0.0,True
0.7,0.187,0.0,True
0.7,0.188,0.0,True
0.7,0.189,0.0,True
0.7,0.19,0.0,True
0.7,0.191,0.0,True
0.7,0.192,0.0,True
0.7,0.193,0.0,True
0.7,0.194,0.0,True
0.7,0.195,0.0,True
0.7,0.196,0.0,True
0.7,0.197,0.0,True
0.7,0.198,0.0,True
0.7,0.199,0.0,True
0.7,0.2,0.0,True
0.7,0.201,0.0,True
0.7,0.202,0.0,True
0.7,0.20299999999999999,0.0,True
0.7,0.204,0.0,True
0.7,0.205,0.0,True
0.7,0.206,0.0,True
0.7,0.207,0.0,True
0.7,0.208,0.0,True
0.7,0.209,0.0,True
0.7,0.21,0.0,True
0.7,0.211,0.0,True
0.7,0.212,0.0,True
0.7,0.213,0.0,True
0.7,0.214,0.0,True
0.7,0.215,0.0,True
0.7,0.216,0.0,True
0.7,0.217,0.0,True
0.7,0.218,0.0,True
0.7,0.219,0.0,True
0.7,0.22,0.0,True
0.7,0.221,0.0,True
0.7,0.222,0.0,True
0.7,0.22299999999999998,0.0,True
0.7,0.22399999999999998,0.0,True
0.7,0.22499999999999998,0.0,True
0.7,0.22599999999999998,0.0,True
0.7,0.22699999999999998,0.0,True
0.7,0.22799999999999998,0.0,True
0.7,0.22899999999999998,0.0,True
0.7,0.22999999999999998,0.0,True
0.7,0.23099999999999998,0.0,True
0.7,0.23199999999999998,0.0,True
0.7,0.23299999999999998,0.0,True
0.7,0.23399999999999999,0.0,True
0.7,0.235,0.0,True
0.7,0.236,0.0,True
0.7,0.237,0.0,True
0.7,0.238,0.0,True
0.7,0.239,0.0,True
0.7,0.24,0.0,True
0.7,0.241,0.0,True
0.7,0.242,0.0,True
0.7,0.243,0.0,True
0.7,0.244,0.0,True
0.7,0.245,0.0,True
0.7,0.246,0.0,True
0.7,0.247,0.0,True
0.7,0.248,0.0,True
0.7,0.249,0.0,True
0.7,0.25,0.0,True
0.7,0.251,0.0,True
0.7,0.252,0.0,True
0.7,0.253,0.0,True
0.7,0.254,0.0,True
0.7,0.255,0.0,True
0.7,0.256,0.0,True
0.7,0.257,0.0,True
0.7,0.258,0.0,True
0.7,0.259,0.0,True
0.7,0.26,0.0,True
0.7,0.261,0.0,True
0.7,0.262,0.0,True
0.7,0.263,0.0,True
0.7,0.264,0.0,True
0.7,0.265,0.0,True
0.7,0.266,0.0,True
0.7,0.267,0.0,True
0.7,0.268,0.0,True
0.7,0.269,0.0,True
0.7,0.27,0.0,True
0.7,0.271,0.0,True
0.7,0.272,0.0,True
0.7,0.273,0.0,True
0.7,0.274,0.0,True
0.7,0.275,0.0,True
0.7,0.276,0.0,True
0.7,0.277,0.0,True
0.7,0.278,0.0,True
0.7,0.279,0.0,True
0.7,0.28,0.0,True
0.7,0.281,0.0,True
0.7,0.28200000000000003,0.0,True
0.7,0.28300000000000003,0.0,True
0.7,0.28400000000000003,0.0,True
0.7,0.28500000000000003,0.0,True
0.7,0.28600000000000003,0.0,True
0.7,0.28700000000000003,0.0,True
0.7,0.28800000000000003,0.0,True
0.7,0.28900000000000003,0.0,True
0.7,0.29000000000000004,0.0,True
0.7,0.29100000000000004,0.0,True
0.7,0.29200000000000004,0.0,True
0.7,0.29300000000000004,0.0,True
0.7,0.29400000000000004,0.0,True
0.7,0.295,0.0,True
0.7,0.296,0.0,True
0.7,0.297,0.0,True
0.7,0.298,0.0,True
0.7,0.299,0.0,True
0.7,0.3,0.0,True
0.7,0.301,0.0,True
0.7,0.302,0.0,True
0.7,0.303,0.0,True
0.7,0.304,0.0,True
0.7,0.305,0.0,True
0.7,0.306,0.0,True
0.7,0.307,0.0,True
0.7,0.308,0.0,True
0.7,0.309,0.0,True
0.7,0.31,0.0,True
0.7,0.311,0.0,True
0.7,0.312,0.0,True
0.7,0.313,0.0,True
0.7,0.314,0.0,True
0.7,0.315,0.0,True
0.7,0.316,0.0,True
0.7,0.317,0.0,True
0.7,0.318,0.0,True
0.7,0.319,0.0,True
0.7,0.32,0.0,True
0.7,0.321,0.0,True
0.7,0.322,0.0,True
0.7,0.323,0.0,True
0.7,0.324,0.0,True
0.7,0.325,0.0,True
0.7,0.32599999999999996,0.0,True
0.7,0.32699999999999996,0.0,True
0.7,0.32799999999999996,0.0,True
0.7,0.32899999999999996,0.0,True
0.7,0.32999999999999996,0.0,True
0.7,0.33099999999999996,0.0,True
0.7,0.33199999999999996,0.0,True
0.7,0.33299999999999996,0.0,True
0.7,0.33399999999999996,0.0,True
0.7,0.33499999999999996,0.0,True
0.7,0.33599999999999997,0.0,True
0.7,0.33699999999999997,0.0,True
0.7,0.33799999999999997,0.0,True
0.7,0.33899999999999997,0.0,True
0.7,0.33999999999999997,0.0,True
0.7,0.34099999999999997,0.0,True
0.7,0.34199999999999997,0.0,True
0.7,0.34299999999999997,0.0,True
0.7,0.344,0.0,True
0.7,0.345,0.0,True
0.7,0.346,0.0,True
0.7,0.347,0.0,True
0.7,0.348,0.0,True
0.7,0.349,0.0,True
0.7,0.35,0.0,True
0.7,0.351,0.0,True
0.7,0.352,0.0,True
0.7,0.353,0.0,True
0.7,0.354,0.0,True
0.7,0.355,0.0,True
0.7,0.356,0.0,True
0.7,0.357,0.0,True
0.7,0.358,0.0,True
0.7,0.359,0.0,True
0.7,0.36,0.0,True
0.7,0.361,0.0,True
0.7,0.362,0.0,True
0.7,0.363,0.0,True
0.7,0.364,0.0,True
0.7,0.365,0.0,True
0.7,0.366,0.0,True
0.7,0.367,0.0,True
0.7,0.368,0.0,True
0.7,0.369,0.0,True
0.7,0.37,0.0,True
0.7,0.371,0.0,True
0.7,0.372,0.0,True
0.7,0.373,0.0,True
0.7,0.374,0.0,True
0.7,0.375,0.0,True
0.7,0.376,0.0,True
0.7,0.377,0.0,True
0.7,0.378,0.0,True
0.7,0.379,0.0,True
0.7,0.38,0.0,True
0.7,0.381,0.0,True
0.7,0.382,0.0,True
0.7,0.383,0.0,True
0.7,0.384,0.0,True
0.7,0.385,0.0,True
0.7,0.386,0.0,True
0.7,0.387,0.0,True
0.7,0.388,0.0,True
0.7,0.389,0.0,True
0.7,0.39,0.0,True
0.7,0.391,0.0,True
0.7,0.392,0.0,True
0.7,0.393,0.0,True
0.7,0.394,0.0,True
0.7,0.395,0.0,True
0.7,0.396,0.0,True
0.7,0.397,0.0,True
0.7,0.398,0.0,True
0.7,0.399,0.0,True
0.7,0.4,0.0,True
0.7,0.401,0.0,True
0.7,0.402,0.0,True
0.7,0.403,0.0,True
0.7,0.404,0.0,True
0.7,0.405,0.0,True
0.7,0.406,0.0,True
0.7,0.40700000000000003,0.0,True
0.7,0.40800000000000003,0.0,True
0.7,0.40900000000000003,0.0,True
0.7,0.41000000000000003,0.0,True
0.7,0.41100000000000003,0.0,True
0.7,0.41200000000000003,0.0,True
0.7,0.41300000000000003,0.0,True
0.7,0.41400000000000003,0.0,True
0.7,0.41500000000000004,0.0,True
0.7,0.41600000000000004,0.0,True
0.7,0.41700000000000004,0.0,True
0.7,0.41800000000000004,0.0,True
0.7,0.41900000000000004,0.0,True
0.7,0.42000000000000004,0.0,True
0.7,0.42100000000000004,0.0,True
0.7,0.42200000000000004,0.0,True
0.7,0.42300000000000004,0.0,True
0.7,0.42400000000000004,0.0,True
0.7,0.42500000000000004,0.0,True
0.7,0.42600000000000005,0.0,True
0.7,0.42700000000000005,0.0,True
0.7,0.42800000000000005,0.0,True
0.7,0.42900000000000005,0.0,True
0.7,0.43000000000000005,0.0,True
0.7,0.43100000000000005,0.0,True
0.7,0.43200000000000005,0.0,True
0.7,0.43300000000000005,0.0,True
0.7,0.43400000000000005,0.0,True
0.7,0.43500000000000005,0.0,True
0.7,0.43600000000000005,0.0,True
0.7,0.43700000000000006,0.0,True
0.7,0.43800000000000006,0.0,True
0.7,0.43899999999999995,0.0,True
0.7,0.43999999999999995,0.0,True
0.7,0.44099999999999995,0.0,True
0.7,0.44199999999999995,0.0,True
0.7,0.44299999999999995,0.0,True
0.7,0.44399999999999995,0.0,True
0.7,0.44499999999999995,0.0,True
0.7,0.44599999999999995,0.0,True
0.7,0.44699999999999995,0.0,True
0.7,0.44799999999999995,0.0,True
0.7,0.44899999999999995,0.0,True
0.7,0.44999999999999996,0.0,True
0.7,0.45099999999999996,0.0,True
0.7,0.45199999999999996,0.0,True
0.7,0.45299999999999996,0.0,True
0.7,0.45399999999999996,0.0,True
0.7,0.45499999999999996,0.0,True
0.7,0.45599999999999996,0.0,True
0.7,0.45699999999999996,0.0,True
0.7,0.45799999999999996,0.0,True
0.7,0.45899999999999996,0.0,True
0.7,0.45999999999999996,0.0,True
0.7,0.46099999999999997,0.0,True
0.7,0.46199999999999997,0.0,True
0.7,0.46299999999999997,0.0,True
0.7,0.46399999999999997,0.0,True
0.7,0.46499999999999997,0.0,True
0.7,0.46599999999999997,0.0,True
0.7,0.46699999999999997,0.0,True
0.7,0.46799999999999997,0.0,True
0.7,0.469,0.0,True
0.7,0.47,0.0,True
0.7,0.471,0.0,True
0.7,0.472,0.0,True
0.7,0.473,0.0,True
0.7,0.474,0.0,True
0.7,0.475,0.0,True
0.7,0.476,0.0,True
0.7,0.477,0.0,True
0.7,0.478,0.0,True
0.7,0.479,0.0,True
0.7,0.48,0.0,True
0.7,0.481,0.0,True
0.7,0.482,0.0,True
0.7,0.483,0.0,True
0.7,0.484,0.0,True
0.7,0.485,0.0,True
0.7,0.486,0.0,True
0.7,0.487,0.0,True
0.7,0.488,0.0,True
0.7,0.489,0.0,True
0.7,0.49,0.0,True
0.7,0.491,0.0,True
0.7,0.492,0.0,True
0.7,0.493,0.0,True
0.7,0.494,0.0,True
0.7,0.495,0.0,True
0.7,0.496,0.0,True
0.7,0.497,0.0,True
0.7,0.498,0.0,True
0.7,0.499,0.0,True
0.7,0.5,0.0,True
