config_id,label,seed,state,learned_delay,true_delay
D1,Restricted learned delay / forced degenerate ramps,20260719,-0.75,0.17841723561286926,0.23992853730998662
D1,Restricted learned delay / forced degenerate ramps,20260719,-0.7425,0.17846517264842987,0.24027123968229624
D1,Restricted learned delay / forced degenerate ramps,20260719,-0.735,0.17851319909095764,0.24061896784484396
D1,Restricted learned delay / forced degenerate ramps,20260719,-0.7275,0.17856132984161377,0.24097176559713476
D1,Restricted learned delay / forced degenerate ramps,20260719,-0.72,0.17860956490039825,0.24132967606933925
D1,Restricted learned delay / forced degenerate ramps,20260719,-0.7125,0.1786578893661499,0.24169274167853338
D1,Restricted learned delay / forced degenerate ramps,20260719,-0.705,0.1787063032388687,0.24206100408407832
D1,Restricted learned delay / forced degenerate ramps,20260719,-0.6975,0.1787548065185547,0.24243450414216147
D1,Restricted learned delay / forced degenerate ramps,20260719,-0.69,0.17880341410636902,0.24281328185952072
D1,Restricted learned delay / forced degenerate ramps,20260719,-0.6825,0.17885209619998932,0.243197376346378
D1,Restricted learned delay / forced degenerate ramps,20260719,-0.675,0.17890086770057678,0.24358682576860918
D1,Restricted learned delay / forced degenerate ramps,20260719,-0.6675,0.17894971370697021,0.24398166729918083
D1,Restricted learned delay / forced degenerate ramps,20260719,-0.66,0.1789986491203308,0.24438193706888614
D1,Restricted learned delay / forced degenerate ramps,20260719,-0.6525,0.17904767394065857,0.24478767011641572
D1,Restricted learned delay / forced degenerate ramps,20260719,-0.645,0.1790967732667923,0.24519890033780076
D1,Restricted learned delay / forced degenerate ramps,20260719,-0.6375,0.1791459619998932,0.2456156604352694
D1,Restricted learned delay / forced degenerate ramps,20260719,-0.63,0.17919521033763885,0.24603798186555936
D1,Restricted learned delay / forced degenerate ramps,20260719,-0.6225,0.17924454808235168,0.2464658947877335
D1,Restricted learned delay / forced degenerate ramps,20260719,-0.615,0.17929396033287048,0.24689942801054632
D1,Restricted learned delay / forced degenerate ramps,20260719,-0.6075,0.17934343218803406,0.24733860893941376
D1,Restricted learned delay / forced degenerate ramps,20260719,-0.6,0.1793929785490036,0.2477834635230408
D1,Restricted learned delay / forced degenerate ramps,20260719,-0.5925,0.1794426143169403,0.24823401619976376
D1,Restricted learned delay / forced degenerate ramps,20260719,-0.585,0.1794923096895218,0.2486902898436682
D1,Restricted learned delay / forced degenerate ramps,20260719,-0.5775,0.17954206466674805,0.24915230571054484
D1,Restricted learned delay / forced degenerate ramps,20260719,-0.5700000000000001,0.17959189414978027,0.24962008338374994
D1,Restricted learned delay / forced degenerate ramps,20260719,-0.5625,0.17964178323745728,0.25009364072003865
D1,Restricted learned delay / forced degenerate ramps,20260719,-0.5549999999999999,0.17969174683094025,0.2505729937954427
D1,Restricted learned delay / forced degenerate ramps,20260719,-0.5475,0.179741770029068,0.251058156851267
D1,Restricted learned delay / forced degenerate ramps,20260719,-0.54,0.17979185283184052,0.25154914224028163
D1,Restricted learned delay / forced degenerate ramps,20260719,-0.5325,0.1798419952392578,0.25204596037318955
D1,Restricted learned delay / forced degenerate ramps,20260719,-0.525,0.17989219725131989,0.2525486196654508
D1,Restricted learned delay / forced degenerate ramps,20260719,-0.5175000000000001,0.17994245886802673,0.2530571264845494
D1,Restricted learned delay / forced degenerate ramps,20260719,-0.51,0.17999278008937836,0.2535714850977891
D1,Restricted learned delay / forced degenerate ramps,20260719,-0.5025,0.18004314601421356,0.2540916976207063
D1,Restricted learned delay / forced degenerate ramps,20260719,-0.495,0.18009358644485474,0.25461776396619384
D1,Restricted learned delay / forced degenerate ramps,20260719,-0.4875,0.1801440566778183,0.25514968179442676
D1,Restricted learned delay / forced degenerate ramps,20260719,-0.48,0.18019460141658783,0.2556874464636868
D1,Restricted learned delay / forced degenerate ramps,20260719,-0.47250000000000003,0.18024519085884094,0.2562310509821821
D1,Restricted learned delay / forced degenerate ramps,20260719,-0.465,0.18029582500457764,0.2567804859609608
D1,Restricted learned delay / forced degenerate ramps,20260719,-0.4575,0.1803465187549591,0.257335739568019
D1,Restricted learned delay / forced degenerate ramps,20260719,-0.45,0.18039725720882416,0.2578967974837031
D1,Restricted learned delay / forced degenerate ramps,20260719,-0.4425,0.18044805526733398,0.258463642857511
D1,Restricted learned delay / forced degenerate ramps,20260719,-0.435,0.1804988831281662,0.25903625626639204
D1,Restricted learned delay / forced degenerate ramps,20260719,-0.4275,0.1805497705936432,0.2596146156746526
D1,Restricted learned delay / forced degenerate ramps,20260719,-0.42000000000000004,0.18060070276260376,0.2601986963955687
D1,Restricted learned delay / forced degenerate ramps,20260719,-0.41250000000000003,0.1806516796350479,0.260788471054811
D1,Restricted learned delay / forced degenerate ramps,20260719,-0.405,0.18070268630981445,0.26138390955578583
D1,Restricted learned delay / forced degenerate ramps,20260719,-0.3975,0.18075375258922577,0.261984979046995
D1,Restricted learned delay / forced degenerate ramps,20260719,-0.39,0.18080484867095947,0.26259164389151846
D1,Restricted learned delay / forced degenerate ramps,20260719,-0.3825,0.18085600435733795,0.26320386563871945
D1,Restricted learned delay / forced degenerate ramps,20260719,-0.375,0.18090718984603882,0.26382160299827534
D1,Restricted learned delay / forced degenerate ramps,20260719,-0.3675,0.18095843493938446,0.2644448118166298
D1,Restricted learned delay / forced degenerate ramps,20260719,-0.36,0.1810096949338913,0.2650734450559664
D1,Restricted learned delay / forced degenerate ramps,20260719,-0.35250000000000004,0.1810610145330429,0.2657074527757957
D1,Restricted learned delay / forced degenerate ramps,20260719,-0.34500000000000003,0.1811123639345169,0.26634678211725016
D1,Restricted learned delay / forced degenerate ramps,20260719,-0.3375,0.1811637580394745,0.26699137729017486
D1,Restricted learned delay / forced degenerate ramps,20260719,-0.33,0.18121518194675446,0.2676411795631011
D1,Restricted learned delay / forced degenerate ramps,20260719,-0.3225,0.1812666654586792,0.2682961272561851
D1,Restricted learned delay / forced degenerate ramps,20260719,-0.315,0.18131816387176514,0.2689561557371918
D1,Restricted learned delay / forced degenerate ramps,20260719,-0.3075,0.18136970698833466,0.2696211974205968
D1,Restricted learned delay / forced degenerate ramps,20260719,-0.30000000000000004,0.18142127990722656,0.2702911817698794
D1,Restricted learned delay / forced degenerate ramps,20260719,-0.29250000000000004,0.18147291243076324,0.27096603530306995
D1,Restricted learned delay / forced degenerate ramps,20260719,-0.28500000000000003,0.18152457475662231,0.2716456816016144
D1,Restricted learned delay / forced degenerate ramps,20260719,-0.2775,0.18157625198364258,0.2723300413226096
D1,Restricted learned delay / forced degenerate ramps,20260719,-0.27,0.18162798881530762,0.2730190322144604
D1,Restricted learned delay / forced degenerate ramps,20260719,-0.2625,0.18167975544929504,0.2737125691360018
D1,Restricted learned delay / forced degenerate ramps,20260719,-0.255,0.18173155188560486,0.2744105640791237
D1,Restricted learned delay / forced degenerate ramps,20260719,-0.24750000000000005,0.18178340792655945,0.2751129261949298
D1,Restricted learned delay / forced degenerate ramps,20260719,-0.24,0.18183526396751404,0.2758195618234552
D1,Restricted learned delay / forced degenerate ramps,20260719,-0.23250000000000004,0.1818871796131134,0.27653037452696
D1,Restricted learned delay / forced degenerate ramps,20260719,-0.22499999999999998,0.18193912506103516,0.27724526512680997
D1,Restricted learned delay / forced degenerate ramps,20260719,-0.21750000000000003,0.1819911003112793,0.2779641317439471
D1,Restricted learned delay / forced degenerate ramps,20260719,-0.20999999999999996,0.1820431351661682,0.27868686984294644
D1,Restricted learned delay / forced degenerate ramps,20260719,-0.2025,0.18209518492221832,0.27941337227964685
D1,Restricted learned delay / forced degenerate ramps,20260719,-0.19500000000000006,0.18214726448059082,0.2801435293523366
D1,Restricted learned delay / forced degenerate ramps,20260719,-0.1875,0.1821993887424469,0.28087722885646643
D1,Restricted learned delay / forced degenerate ramps,20260719,-0.18000000000000005,0.18225155770778656,0.2816143561428546
D1,Restricted learned delay / forced degenerate ramps,20260719,-0.1725,0.1823037564754486,0.28235479417934123
D1,Restricted learned delay / forced degenerate ramps,20260719,-0.16500000000000004,0.18235599994659424,0.28309842361584003
D1,Restricted learned delay / forced degenerate ramps,20260719,-0.15749999999999997,0.18240827322006226,0.2838451228527292
D1,Restricted learned delay / forced degenerate ramps,20260719,-0.15000000000000002,0.18246057629585266,0.28459476811251394
D1,Restricted learned delay / forced degenerate ramps,20260719,-0.14250000000000007,0.18251292407512665,0.28534723351468483
D1,Restricted learned delay / forced degenerate ramps,20260719,-0.135,0.18256531655788422,0.2861023911536912
D1,Restricted learned delay / forced degenerate ramps,20260719,-0.12750000000000006,0.18261773884296417,0.2868601111799366
D1,Restricted learned delay / forced degenerate ramps,20260719,-0.12,0.1826702058315277,0.2876202618837003
D1,Restricted learned delay / forced degenerate ramps,20260719,-0.11250000000000004,0.18272270262241364,0.28838270978187835
D1,Restricted learned delay / forced degenerate ramps,20260719,-0.10499999999999998,0.18277524411678314,0.28914731970743135
D1,Restricted learned delay / forced degenerate ramps,20260719,-0.09750000000000003,0.18282783031463623,0.2899139549014202
D1,Restricted learned delay / forced degenerate ramps,20260719,-0.09000000000000008,0.1828804463148117,0.29068247710750234
D1,Restricted learned delay / forced degenerate ramps,20260719,-0.08250000000000002,0.18293310701847076,0.29145274666875687
D1,Restricted learned delay / forced degenerate ramps,20260719,-0.07500000000000007,0.1829858124256134,0.2922246226266985
D1,Restricted learned delay / forced degenerate ramps,20260719,-0.0675,0.18303856253623962,0.2929979628223361
D1,Restricted learned delay / forced degenerate ramps,20260719,-0.06000000000000005,0.18309134244918823,0.2937726239991255
D1,Restricted learned delay / forced degenerate ramps,20260719,-0.05249999999999999,0.18314416706562042,0.2945484619076617
D1,Restricted learned delay / forced degenerate ramps,20260719,-0.04500000000000004,0.1831970512866974,0.2953253314119491
D1,Restricted learned delay / forced degenerate ramps,20260719,-0.03749999999999998,0.18324996531009674,0.29610308659708684
D1,Restricted learned delay / forced degenerate ramps,20260719,-0.030000000000000027,0.18330292403697968,0.29688158087820066
D1,Restricted learned delay / forced degenerate ramps,20260719,-0.022500000000000075,0.1833559274673462,0.29766066711044903
D1,Restricted learned delay / forced degenerate ramps,20260719,-0.015000000000000013,0.1834089756011963,0.2984401976999299
D1,Restricted learned delay / forced degenerate ramps,20260719,-0.007500000000000062,0.18346208333969116,0.2992200247153102
D1,Restricted learned delay / forced degenerate ramps,20260719,0.0,0.18351522088050842,0.3
D1,Restricted learned delay / forced degenerate ramps,20260719,0.007499999999999951,0.18356841802597046,0.3007799752846898
D1,Restricted learned delay / forced degenerate ramps,20260719,0.015000000000000013,0.18362165987491608,0.30155980230007007
D1,Restricted learned delay / forced degenerate ramps,20260719,0.022499999999999964,0.18367494642734528,0.30233933288955095
D1,Restricted learned delay / forced degenerate ramps,20260719,0.030000000000000027,0.18372827768325806,0.3031184191217993
D1,Restricted learned delay / forced degenerate ramps,20260719,0.03749999999999998,0.1837816834449768,0.30389691340291314
D1,Restricted learned delay / forced degenerate ramps,20260719,0.04499999999999993,0.18383511900901794,0.30467466858805087
D1,Restricted learned delay / forced degenerate ramps,20260719,0.05249999999999999,0.18388861417770386,0.30545153809233827
D1,Restricted learned delay / forced degenerate ramps,20260719,0.05999999999999994,0.18394215404987335,0.30622737600087446
D1,Restricted learned delay / forced degenerate ramps,20260719,0.0675,0.18399575352668762,0.3070020371776639
D1,Restricted learned delay / forced degenerate ramps,20260719,0.07499999999999996,0.18404939770698547,0.30777537737330146
D1,Restricted learned delay / forced degenerate ramps,20260719,0.08250000000000002,0.1841031163930893,0.3085472533312431
D1,Restricted learned delay / forced degenerate ramps,20260719,0.08999999999999997,0.1841568797826767,0.30931752289249764
D1,Restricted learned delay / forced degenerate ramps,20260719,0.09749999999999992,0.18421070277690887,0.3100860450985798
D1,Restricted learned delay / forced degenerate ramps,20260719,0.10499999999999998,0.18426458537578583,0.31085268029256863
D1,Restricted learned delay / forced degenerate ramps,20260719,0.11249999999999993,0.18431851267814636,0.3116172902181216
D1,Restricted learned delay / forced degenerate ramps,20260719,0.12,0.18437251448631287,0.31237973811629965
D1,Restricted learned delay / forced degenerate ramps,20260719,0.12749999999999995,0.18442657589912415,0.3131398888200634
D1,Restricted learned delay / forced degenerate ramps,20260719,0.135,0.1844806969165802,0.3138976088463088
D1,Restricted learned delay / forced degenerate ramps,20260719,0.14249999999999996,0.18453487753868103,0.3146527664853151
D1,Restricted learned delay / forced degenerate ramps,20260719,0.1499999999999999,0.18458911776542664,0.31540523188748604
D1,Restricted learned delay / forced degenerate ramps,20260719,0.15749999999999997,0.18464341759681702,0.31615487714727075
D1,Restricted learned delay / forced degenerate ramps,20260719,0.16499999999999992,0.18469779193401337,0.31690157638415994
D1,Restricted learned delay / forced degenerate ramps,20260719,0.1725,0.1847522258758545,0.31764520582065875
D1,Restricted learned delay / forced degenerate ramps,20260719,0.17999999999999994,0.1848067343235016,0.31838564385714535
D1,Restricted learned delay / forced degenerate ramps,20260719,0.1875,0.18486130237579346,0.31912277114353355
D1,Restricted learned delay / forced degenerate ramps,20260719,0.19499999999999995,0.1849159300327301,0.31985647064766337
D1,Restricted learned delay / forced degenerate ramps,20260719,0.2025,0.1849706470966339,0.3205866277203531
D1,Restricted learned delay / forced degenerate ramps,20260719,0.20999999999999996,0.1850254088640213,0.32131313015705354
D1,Restricted learned delay / forced degenerate ramps,20260719,0.21749999999999992,0.18508024513721466,0.3220358682560529
D1,Restricted learned delay / forced degenerate ramps,20260719,0.22499999999999998,0.18513517081737518,0.32275473487319
D1,Restricted learned delay / forced degenerate ramps,20260719,0.23249999999999993,0.1851901412010193,0.32346962547304
D1,Restricted learned delay / forced degenerate ramps,20260719,0.24,0.18524520099163055,0.3241804381765448
D1,Restricted learned delay / forced degenerate ramps,20260719,0.24749999999999994,0.1853003352880478,0.3248870738050702
D1,Restricted learned delay / forced degenerate ramps,20260719,0.2549999999999999,0.185355544090271,0.3255894359208763
D1,Restricted learned delay / forced degenerate ramps,20260719,0.26249999999999996,0.18541082739830017,0.3262874308639982
D1,Restricted learned delay / forced degenerate ramps,20260719,0.27,0.18546617031097412,0.3269809677855396
D1,Restricted learned delay / forced degenerate ramps,20260719,0.27749999999999986,0.18552160263061523,0.32766995867739035
D1,Restricted learned delay / forced degenerate ramps,20260719,0.2849999999999999,0.18557710945606232,0.3283543183983856
D1,Restricted learned delay / forced degenerate ramps,20260719,0.2925,0.18563269078731537,0.32903396469693
D1,Restricted learned delay / forced degenerate ramps,20260719,0.30000000000000004,0.18568836152553558,0.3297088182301206
D1,Restricted learned delay / forced degenerate ramps,20260719,0.3074999999999999,0.18574410676956177,0.33037880257940316
D1,Restricted learned delay / forced degenerate ramps,20260719,0.31499999999999995,0.18579992651939392,0.3310438442628082
D1,Restricted learned delay / forced degenerate ramps,20260719,0.3225,0.18585583567619324,0.33170387274381485
D1,Restricted learned delay / forced degenerate ramps,20260719,0.33000000000000007,0.18591181933879852,0.3323588204368989
D1,Restricted learned delay / forced degenerate ramps,20260719,0.3374999999999999,0.18596789240837097,0.3330086227098251
D1,Restricted learned delay / forced degenerate ramps,20260719,0.345,0.1860240250825882,0.3336532178827498
D1,Restricted learned delay / forced degenerate ramps,20260719,0.35250000000000004,0.18608027696609497,0.33429254722420426
D1,Restricted learned delay / forced degenerate ramps,20260719,0.3599999999999999,0.18613658845424652,0.33492655494403356
D1,Restricted learned delay / forced degenerate ramps,20260719,0.36749999999999994,0.18619297444820404,0.33555518818337016
D1,Restricted learned delay / forced degenerate ramps,20260719,0.375,0.18624946475028992,0.33617839700172464
D1,Restricted learned delay / forced degenerate ramps,20260719,0.38250000000000006,0.18630602955818176,0.33679613436128053
D1,Restricted learned delay / forced degenerate ramps,20260719,0.3899999999999999,0.18636268377304077,0.3374083561084815
D1,Restricted learned delay / forced degenerate ramps,20260719,0.39749999999999996,0.18641942739486694,0.33801502095300495
D1,Restricted learned delay / forced degenerate ramps,20260719,0.405,0.18647626042366028,0.33861609044421415
D1,Restricted learned delay / forced degenerate ramps,20260719,0.41249999999999987,0.18653316795825958,0.33921152894518897
D1,Restricted learned delay / forced degenerate ramps,20260719,0.41999999999999993,0.18659016489982605,0.3398013036044313
D1,Restricted learned delay / forced degenerate ramps,20260719,0.4275,0.18664726614952087,0.3403853843253474
D1,Restricted learned delay / forced degenerate ramps,20260719,0.43500000000000005,0.18670442700386047,0.34096374373360794
D1,Restricted learned delay / forced degenerate ramps,20260719,0.4424999999999999,0.18676169216632843,0.341536357142489
D1,Restricted learned delay / forced degenerate ramps,20260719,0.44999999999999996,0.18681904673576355,0.34210320251629683
D1,Restricted learned delay / forced degenerate ramps,20260719,0.4575,0.18687649071216583,0.342664260431981
D1,Restricted learned delay / forced degenerate ramps,20260719,0.46499999999999986,0.18693402409553528,0.34321951403903916
D1,Restricted learned delay / forced degenerate ramps,20260719,0.4724999999999999,0.1869916319847107,0.34376894901781785
D1,Restricted learned delay / forced degenerate ramps,20260719,0.48,0.18704932928085327,0.3443125535363132
D1,Restricted learned delay / forced degenerate ramps,20260719,0.48750000000000004,0.1871071308851242,0.3448503182055732
D1,Restricted learned delay / forced degenerate ramps,20260719,0.4949999999999999,0.1871650218963623,0.3453822360338061
D1,Restricted learned delay / forced degenerate ramps,20260719,0.5025,0.18722298741340637,0.34590830237929365
D1,Restricted learned delay / forced degenerate ramps,20260719,0.51,0.1872810423374176,0.3464285149022109
D1,Restricted learned delay / forced degenerate ramps,20260719,0.5174999999999998,0.1873392015695572,0.3469428735154505
D1,Restricted learned delay / forced degenerate ramps,20260719,0.5249999999999999,0.18739743530750275,0.3474513803345492
D1,Restricted learned delay / forced degenerate ramps,20260719,0.5325,0.18745575845241547,0.34795403962681043
D1,Restricted learned delay / forced degenerate ramps,20260719,0.54,0.18751418590545654,0.34845085775971835
D1,Restricted learned delay / forced degenerate ramps,20260719,0.5474999999999999,0.1875726878643036,0.348941843148733
D1,Restricted learned delay / forced degenerate ramps,20260719,0.5549999999999999,0.1876312792301178,0.3494270062045573
D1,Restricted learned delay / forced degenerate ramps,20260719,0.5625,0.18768996000289917,0.34990635927996133
D1,Restricted learned delay / forced degenerate ramps,20260719,0.5699999999999998,0.1877487152814865,0.35037991661625
D1,Restricted learned delay / forced degenerate ramps,20260719,0.5774999999999999,0.1878075748682022,0.3508476942894551
D1,Restricted learned delay / forced degenerate ramps,20260719,0.585,0.18786650896072388,0.3513097101563318
D1,Restricted learned delay / forced degenerate ramps,20260719,0.5925,0.1879255324602127,0.3517659838002362
D1,Restricted learned delay / forced degenerate ramps,20260719,0.5999999999999999,0.1879846453666687,0.35221653647695916
D1,Restricted learned delay / forced degenerate ramps,20260719,0.6074999999999999,0.18804384768009186,0.3526613910605862
D1,Restricted learned delay / forced degenerate ramps,20260719,0.615,0.1881031095981598,0.35310057198945366
D1,Restricted learned delay / forced degenerate ramps,20260719,0.6225,0.18816247582435608,0.35353410521226647
D1,Restricted learned delay / forced degenerate ramps,20260719,0.6299999999999999,0.18822191655635834,0.3539620181344406
D1,Restricted learned delay / forced degenerate ramps,20260719,0.6375,0.18828144669532776,0.3543843395647306
D1,Restricted learned delay / forced degenerate ramps,20260719,0.645,0.18834105134010315,0.3548010996621992
D1,Restricted learned delay / forced degenerate ramps,20260719,0.6524999999999999,0.1884007304906845,0.35521232988358425
D1,Restricted learned delay / forced degenerate ramps,20260719,0.6599999999999999,0.18846049904823303,0.3556180629311138
D1,Restricted learned delay / forced degenerate ramps,20260719,0.6675,0.18852034211158752,0.3560183327008191
D1,Restricted learned delay / forced degenerate ramps,20260719,0.675,0.18858027458190918,0.3564131742313908
D1,Restricted learned delay / forced degenerate ramps,20260719,0.6824999999999999,0.1886402666568756,0.356802623653622
D1,Restricted learned delay / forced degenerate ramps,20260719,0.69,0.188700333237648,0.35718671814047925
D1,Restricted learned delay / forced degenerate ramps,20260719,0.6975,0.18876047432422638,0.3575654958578385
D1,Restricted learned delay / forced degenerate ramps,20260719,0.7049999999999998,0.18882068991661072,0.35793899591592165
D1,Restricted learned delay / forced degenerate ramps,20260719,0.7124999999999999,0.18888098001480103,0.3583072583214666
D1,Restricted learned delay / forced degenerate ramps,20260719,0.72,0.1889413297176361,0.35867032393066073
D1,Restricted learned delay / forced degenerate ramps,20260719,0.7275,0.18900175392627716,0.35902823440286524
D1,Restricted learned delay / forced degenerate ramps,20260719,0.7349999999999999,0.189062237739563,0.35938103215515604
D1,Restricted learned delay / forced degenerate ramps,20260719,0.7424999999999999,0.18912279605865479,0.35972876031770373
D1,Restricted learned delay / forced degenerate ramps,20260719,0.75,0.18918341398239136,0.36007146269001333
D1,Restricted learned delay / forced degenerate ramps,20260720,-0.75,0.26543790102005005,0.23992853730998662
D1,Restricted learned delay / forced degenerate ramps,20260720,-0.7425,0.26554012298583984,0.24027123968229624
D1,Restricted learned delay / forced degenerate ramps,20260720,-0.735,0.2656421661376953,0.24061896784484396
D1,Restricted learned delay / forced degenerate ramps,20260720,-0.7275,0.2657439708709717,0.24097176559713476
D1,Restricted learned delay / forced degenerate ramps,20260720,-0.72,0.26584556698799133,0.24132967606933925
D1,Restricted learned delay / forced degenerate ramps,20260720,-0.7125,0.2659469544887543,0.24169274167853338
D1,Restricted learned delay / forced degenerate ramps,20260720,-0.705,0.2660480737686157,0.24206100408407832
D1,Restricted learned delay / forced degenerate ramps,20260720,-0.6975,0.26614898443222046,0.24243450414216147
D1,Restricted learned delay / forced degenerate ramps,20260720,-0.69,0.2662496566772461,0.24281328185952072
D1,Restricted learned delay / forced degenerate ramps,20260720,-0.6825,0.26635006070137024,0.243197376346378
D1,Restricted learned delay / forced degenerate ramps,20260720,-0.675,0.2664502263069153,0.24358682576860918
D1,Restricted learned delay / forced degenerate ramps,20260720,-0.6675,0.26655012369155884,0.24398166729918083
D1,Restricted learned delay / forced degenerate ramps,20260720,-0.66,0.2666497826576233,0.24438193706888614
D1,Restricted learned delay / forced degenerate ramps,20260720,-0.6525,0.26674920320510864,0.24478767011641572
D1,Restricted learned delay / forced degenerate ramps,20260720,-0.645,0.2668483257293701,0.24519890033780076
D1,Restricted learned delay / forced degenerate ramps,20260720,-0.6375,0.2669471800327301,0.2456156604352694
D1,Restricted learned delay / forced degenerate ramps,20260720,-0.63,0.2670457661151886,0.24603798186555936
D1,Restricted learned delay / forced degenerate ramps,20260720,-0.6225,0.2671440839767456,0.2464658947877335
D1,Restricted learned delay / forced degenerate ramps,20260720,-0.615,0.2672421336174011,0.24689942801054632
D1,Restricted learned delay / forced degenerate ramps,20260720,-0.6075,0.26733988523483276,0.24733860893941376
D1,Restricted learned delay / forced degenerate ramps,20260720,-0.6,0.2674373388290405,0.2477834635230408
D1,Restricted learned delay / forced degenerate ramps,20260720,-0.5925,0.2675344944000244,0.24823401619976376
D1,Restricted learned delay / forced degenerate ramps,20260720,-0.585,0.2676313817501068,0.2486902898436682
D1,Restricted learned delay / forced degenerate ramps,20260720,-0.5775,0.26772797107696533,0.24915230571054484
D1,Restricted learned delay / forced degenerate ramps,20260720,-0.5700000000000001,0.2678242325782776,0.24962008338374994
D1,Restricted learned delay / forced degenerate ramps,20260720,-0.5625,0.26792022585868835,0.25009364072003865
D1,Restricted learned delay / forced degenerate ramps,20260720,-0.5549999999999999,0.26801586151123047,0.2505729937954427
D1,Restricted learned delay / forced degenerate ramps,20260720,-0.5475,0.2681112289428711,0.251058156851267
D1,Restricted learned delay / forced degenerate ramps,20260720,-0.54,0.26820629835128784,0.25154914224028163
D1,Restricted learned delay / forced degenerate ramps,20260720,-0.5325,0.26830101013183594,0.25204596037318955
D1,Restricted learned delay / forced degenerate ramps,20260720,-0.525,0.26839542388916016,0.2525486196654508
D1,Restricted learned delay / forced degenerate ramps,20260720,-0.5175000000000001,0.2684895396232605,0.2530571264845494
D1,Restricted learned delay / forced degenerate ramps,20260720,-0.51,0.2685832977294922,0.2535714850977891
D1,Restricted learned delay / forced degenerate ramps,20260720,-0.5025,0.2686767280101776,0.2540916976207063
D1,Restricted learned delay / forced degenerate ramps,20260720,-0.495,0.2687698304653168,0.25461776396619384
D1,Restricted learned delay / forced degenerate ramps,20260720,-0.4875,0.26886260509490967,0.25514968179442676
D1,Restricted learned delay / forced degenerate ramps,20260720,-0.48,0.2689550518989563,0.2556874464636868
D1,Restricted learned delay / forced degenerate ramps,20260720,-0.47250000000000003,0.2690471410751343,0.2562310509821821
D1,Restricted learned delay / forced degenerate ramps,20260720,-0.465,0.2691389322280884,0.2567804859609608
D1,Restricted learned delay / forced degenerate ramps,20260720,-0.4575,0.26923036575317383,0.257335739568019
D1,Restricted learned delay / forced degenerate ramps,20260720,-0.45,0.2693214416503906,0.2578967974837031
D1,Restricted learned delay / forced degenerate ramps,20260720,-0.4425,0.26941215991973877,0.258463642857511
D1,Restricted learned delay / forced degenerate ramps,20260720,-0.435,0.26950258016586304,0.25903625626639204
D1,Restricted learned delay / forced degenerate ramps,20260720,-0.4275,0.26959261298179626,0.2596146156746526
D1,Restricted learned delay / forced degenerate ramps,20260720,-0.42000000000000004,0.26968228816986084,0.2601986963955687
D1,Restricted learned delay / forced degenerate ramps,20260720,-0.41250000000000003,0.26977166533470154,0.260788471054811
D1,Restricted learned delay / forced degenerate ramps,20260720,-0.405,0.2698606252670288,0.26138390955578583
D1,Restricted learned delay / forced degenerate ramps,20260720,-0.3975,0.2699492871761322,0.261984979046995
D1,Restricted learned delay / forced degenerate ramps,20260720,-0.39,0.27003753185272217,0.26259164389151846
D1,Restricted learned delay / forced degenerate ramps,20260720,-0.3825,0.27012547850608826,0.26320386563871945
D1,Restricted learned delay / forced degenerate ramps,20260720,-0.375,0.2702130377292633,0.26382160299827534
D1,Restricted learned delay / forced degenerate ramps,20260720,-0.3675,0.2703002393245697,0.2644448118166298
D1,Restricted learned delay / forced degenerate ramps,20260720,-0.36,0.27038708329200745,0.2650734450559664
D1,Restricted learned delay / forced degenerate ramps,20260720,-0.35250000000000004,0.27047353982925415,0.2657074527757957
D1,Restricted learned delay / forced degenerate ramps,20260720,-0.34500000000000003,0.2705596685409546,0.26634678211725016
D1,Restricted learned delay / forced degenerate ramps,20260720,-0.3375,0.270645409822464,0.26699137729017486
D1,Restricted learned delay / forced degenerate ramps,20260720,-0.33,0.27073079347610474,0.2676411795631011
D1,Restricted learned delay / forced degenerate ramps,20260720,-0.3225,0.27081578969955444,0.2682961272561851
D1,Restricted learned delay / forced degenerate ramps,20260720,-0.315,0.2709004580974579,0.2689561557371918
D1,Restricted learned delay / forced degenerate ramps,20260720,-0.3075,0.2709847390651703,0.2696211974205968
D1,Restricted learned delay / forced degenerate ramps,20260720,-0.30000000000000004,0.27106863260269165,0.2702911817698794
D1,Restricted learned delay / forced degenerate ramps,20260720,-0.29250000000000004,0.27115216851234436,0.27096603530306995
D1,Restricted learned delay / forced degenerate ramps,20260720,-0.28500000000000003,0.2712353467941284,0.2716456816016144
D1,Restricted learned delay / forced degenerate ramps,20260720,-0.2775,0.2713181674480438,0.2723300413226096
D1,Restricted learned delay / forced degenerate ramps,20260720,-0.27,0.2714005708694458,0.2730190322144604
D1,Restricted learned delay / forced degenerate ramps,20260720,-0.2625,0.2714826464653015,0.2737125691360018
D1,Restricted learned delay / forced degenerate ramps,20260720,-0.255,0.2715643346309662,0.2744105640791237
D1,Restricted learned delay / forced degenerate ramps,20260720,-0.24750000000000005,0.2716456353664398,0.2751129261949298
D1,Restricted learned delay / forced degenerate ramps,20260720,-0.24,0.2717265784740448,0.2758195618234552
D1,Restricted learned delay / forced degenerate ramps,20260720,-0.23250000000000004,0.27180716395378113,0.27653037452696
D1,Restricted learned delay / forced degenerate ramps,20260720,-0.22499999999999998,0.2718873620033264,0.27724526512680997
D1,Restricted learned delay / forced degenerate ramps,20260720,-0.21750000000000003,0.27196717262268066,0.2779641317439471
D1,Restricted learned delay / forced degenerate ramps,20260720,-0.20999999999999996,0.27204662561416626,0.27868686984294644
D1,Restricted learned delay / forced degenerate ramps,20260720,-0.2025,0.2721257209777832,0.27941337227964685
D1,Restricted learned delay / forced degenerate ramps,20260720,-0.19500000000000006,0.2722044289112091,0.2801435293523366
D1,Restricted learned delay / forced degenerate ramps,20260720,-0.1875,0.27228277921676636,0.28087722885646643
D1,Restricted learned delay / forced degenerate ramps,20260720,-0.18000000000000005,0.27236074209213257,0.2816143561428546
D1,Restricted learned delay / forced degenerate ramps,20260720,-0.1725,0.2724383473396301,0.28235479417934123
D1,Restricted learned delay / forced degenerate ramps,20260720,-0.16500000000000004,0.27251556515693665,0.28309842361584003
D1,Restricted learned delay / forced degenerate ramps,20260720,-0.15749999999999997,0.2725924253463745,0.2838451228527292
D1,Restricted learned delay / forced degenerate ramps,20260720,-0.15000000000000002,0.2726689279079437,0.28459476811251394
D1,Restricted learned delay / forced degenerate ramps,20260720,-0.14250000000000007,0.2727450430393219,0.28534723351468483
D1,Restricted learned delay / forced degenerate ramps,20260720,-0.135,0.2728208005428314,0.2861023911536912
D1,Restricted learned delay / forced degenerate ramps,20260720,-0.12750000000000006,0.2728961706161499,0.2868601111799366
D1,Restricted learned delay / forced degenerate ramps,20260720,-0.12,0.27297118306159973,0.2876202618837003
D1,Restricted learned delay / forced degenerate ramps,20260720,-0.11250000000000004,0.2730458378791809,0.28838270978187835
D1,Restricted learned delay / forced degenerate ramps,20260720,-0.10499999999999998,0.27312010526657104,0.28914731970743135
D1,Restricted learned delay / forced degenerate ramps,20260720,-0.09750000000000003,0.2731940448284149,0.2899139549014202
D1,Restricted learned delay / forced degenerate ramps,20260720,-0.09000000000000008,0.27326759696006775,0.29068247710750234
D1,Restricted learned delay / forced degenerate ramps,20260720,-0.08250000000000002,0.27334079146385193,0.29145274666875687
D1,Restricted learned delay / forced degenerate ramps,20260720,-0.07500000000000007,0.27341359853744507,0.2922246226266985
D1,Restricted learned delay / forced degenerate ramps,20260720,-0.0675,0.27348607778549194,0.2929979628223361
D1,Restricted learned delay / forced degenerate ramps,20260720,-0.06000000000000005,0.27355819940567017,0.2937726239991255
D1,Restricted learned delay / forced degenerate ramps,20260720,-0.05249999999999999,0.27362993359565735,0.2945484619076617
D1,Restricted learned delay / forced degenerate ramps,20260720,-0.04500000000000004,0.27370133996009827,0.2953253314119491
D1,Restricted learned delay / forced degenerate ramps,20260720,-0.03749999999999998,0.27377235889434814,0.29610308659708684
D1,Restricted learned delay / forced degenerate ramps,20260720,-0.030000000000000027,0.27384305000305176,0.29688158087820066
D1,Restricted learned delay / forced degenerate ramps,20260720,-0.022500000000000075,0.2739133834838867,0.29766066711044903
D1,Restricted learned delay / forced degenerate ramps,20260720,-0.015000000000000013,0.273983359336853,0.2984401976999299
D1,Restricted learned delay / forced degenerate ramps,20260720,-0.007500000000000062,0.2740529477596283,0.2992200247153102
D1,Restricted learned delay / forced degenerate ramps,20260720,0.0,0.2741222381591797,0.3
D1,Restricted learned delay / forced degenerate ramps,20260720,0.007499999999999951,0.27419114112854004,0.3007799752846898
D1,Restricted learned delay / forced degenerate ramps,20260720,0.015000000000000013,0.2742597162723541,0.30155980230007007
D1,Restricted learned delay / forced degenerate ramps,20260720,0.022499999999999964,0.27432793378829956,0.30233933288955095
D1,Restricted learned delay / forced degenerate ramps,20260720,0.030000000000000027,0.27439579367637634,0.3031184191217993
D1,Restricted learned delay / forced degenerate ramps,20260720,0.03749999999999998,0.27446332573890686,0.30389691340291314
D1,Restricted learned delay / forced degenerate ramps,20260720,0.04499999999999993,0.2745305001735687,0.30467466858805087
D1,Restricted learned delay / forced degenerate ramps,20260720,0.05249999999999999,0.2745973467826843,0.30545153809233827
D1,Restricted learned delay / forced degenerate ramps,20260720,0.05999999999999994,0.27466386556625366,0.30622737600087446
D1,Restricted learned delay / forced degenerate ramps,20260720,0.0675,0.27473002672195435,0.3070020371776639
D1,Restricted learned delay / forced degenerate ramps,20260720,0.07499999999999996,0.27479586005210876,0.30777537737330146
D1,Restricted learned delay / forced degenerate ramps,20260720,0.08250000000000002,0.27486133575439453,0.3085472533312431
D1,Restricted learned delay / forced degenerate ramps,20260720,0.08999999999999997,0.27492648363113403,0.30931752289249764
D1,Restricted learned delay / forced degenerate ramps,20260720,0.09749999999999992,0.27499133348464966,0.3100860450985798
D1,Restricted learned delay / forced degenerate ramps,20260720,0.10499999999999998,0.27505582571029663,0.31085268029256863
D1,Restricted learned delay / forced degenerate ramps,20260720,0.11249999999999993,0.27511996030807495,0.3116172902181216
D1,Restricted learned delay / forced degenerate ramps,20260720,0.12,0.2751837968826294,0.31237973811629965
D1,Restricted learned delay / forced degenerate ramps,20260720,0.12749999999999995,0.2752473056316376,0.3131398888200634
D1,Restricted learned delay / forced degenerate ramps,20260720,0.135,0.2753105163574219,0.3138976088463088
D1,Restricted learned delay / forced degenerate ramps,20260720,0.14249999999999996,0.27537333965301514,0.3146527664853151
D1,Restricted learned delay / forced degenerate ramps,20260720,0.1499999999999999,0.2754358947277069,0.31540523188748604
D1,Restricted learned delay / forced degenerate ramps,20260720,0.15749999999999997,0.27549809217453003,0.31615487714727075
D1,Restricted learned delay / forced degenerate ramps,20260720,0.16499999999999992,0.27556002140045166,0.31690157638415994
D1,Restricted learned delay / forced degenerate ramps,20260720,0.1725,0.27562159299850464,0.31764520582065875
D1,Restricted learned delay / forced degenerate ramps,20260720,0.17999999999999994,0.27568286657333374,0.31838564385714535
D1,Restricted learned delay / forced degenerate ramps,20260720,0.1875,0.2757438123226166,0.31912277114353355
D1,Restricted learned delay / forced degenerate ramps,20260720,0.19499999999999995,0.27580446004867554,0.31985647064766337
D1,Restricted learned delay / forced degenerate ramps,20260720,0.2025,0.27586477994918823,0.3205866277203531
D1,Restricted learned delay / forced degenerate ramps,20260720,0.20999999999999996,0.27592480182647705,0.32131313015705354
D1,Restricted learned delay / forced degenerate ramps,20260720,0.21749999999999992,0.275984525680542,0.3220358682560529
D1,Restricted learned delay / forced degenerate ramps,20260720,0.22499999999999998,0.27604395151138306,0.32275473487319
D1,Restricted learned delay / forced degenerate ramps,20260720,0.23249999999999993,0.27610304951667786,0.32346962547304
D1,Restricted learned delay / forced degenerate ramps,20260720,0.24,0.2761618494987488,0.3241804381765448
D1,Restricted learned delay / forced degenerate ramps,20260720,0.24749999999999994,0.2762203812599182,0.3248870738050702
D1,Restricted learned delay / forced degenerate ramps,20260720,0.2549999999999999,0.276278555393219,0.3255894359208763
D1,Restricted learned delay / forced degenerate ramps,20260720,0.26249999999999996,0.2763364911079407,0.3262874308639982
D1,Restricted learned delay / forced degenerate ramps,20260720,0.27,0.2763941287994385,0.3269809677855396
D1,Restricted learned delay / forced degenerate ramps,20260720,0.27749999999999986,0.2764514088630676,0.32766995867739035
D1,Restricted learned delay / forced degenerate ramps,20260720,0.2849999999999999,0.2765084505081177,0.3283543183983856
D1,Restricted learned delay / forced degenerate ramps,20260720,0.2925,0.27656522393226624,0.32903396469693
D1,Restricted learned delay / forced degenerate ramps,20260720,0.30000000000000004,0.2766216993331909,0.3297088182301206
D1,Restricted learned delay / forced degenerate ramps,20260720,0.3074999999999999,0.27667784690856934,0.33037880257940316
D1,Restricted learned delay / forced degenerate ramps,20260720,0.31499999999999995,0.27673375606536865,0.3310438442628082
D1,Restricted learned delay / forced degenerate ramps,20260720,0.3225,0.2767893671989441,0.33170387274381485
D1,Restricted learned delay / forced degenerate ramps,20260720,0.33000000000000007,0.27684468030929565,0.3323588204368989
D1,Restricted learned delay / forced degenerate ramps,20260720,0.3374999999999999,0.2768997550010681,0.3330086227098251
D1,Restricted learned delay / forced degenerate ramps,20260720,0.345,0.2769545316696167,0.3336532178827498
D1,Restricted learned delay / forced degenerate ramps,20260720,0.35250000000000004,0.2770090103149414,0.33429254722420426
D1,Restricted learned delay / forced degenerate ramps,20260720,0.3599999999999999,0.277063250541687,0.33492655494403356
D1,Restricted learned delay / forced degenerate ramps,20260720,0.36749999999999994,0.27711719274520874,0.33555518818337016
D1,Restricted learned delay / forced degenerate ramps,20260720,0.375,0.27717089653015137,0.33617839700172464
D1,Restricted learned delay / forced degenerate ramps,20260720,0.38250000000000006,0.2772243022918701,0.33679613436128053
D1,Restricted learned delay / forced degenerate ramps,20260720,0.3899999999999999,0.27727746963500977,0.3374083561084815
D1,Restricted learned delay / forced degenerate ramps,20260720,0.39749999999999996,0.27733033895492554,0.33801502095300495
D1,Restricted learned delay / forced degenerate ramps,20260720,0.405,0.2773829698562622,0.33861609044421415
D1,Restricted learned delay / forced degenerate ramps,20260720,0.41249999999999987,0.277435302734375,0.33921152894518897
D1,Restricted learned delay / forced degenerate ramps,20260720,0.41999999999999993,0.2774874269962311,0.3398013036044313
D1,Restricted learned delay / forced degenerate ramps,20260720,0.4275,0.2775392532348633,0.3403853843253474
D1,Restricted learned delay / forced degenerate ramps,20260720,0.43500000000000005,0.2775908410549164,0.34096374373360794
D1,Restricted learned delay / forced degenerate ramps,20260720,0.4424999999999999,0.2776421904563904,0.341536357142489
D1,Restricted learned delay / forced degenerate ramps,20260720,0.44999999999999996,0.2776932716369629,0.34210320251629683
D1,Restricted learned delay / forced degenerate ramps,20260720,0.4575,0.2777441143989563,0.342664260431981
D1,Restricted learned delay / forced degenerate ramps,20260720,0.46499999999999986,0.27779465913772583,0.34321951403903916
D1,Restricted learned delay / forced degenerate ramps,20260720,0.4724999999999999,0.27784502506256104,0.34376894901781785
D1,Restricted learned delay / forced degenerate ramps,20260720,0.48,0.27789509296417236,0.3443125535363132
D1,Restricted learned delay / forced degenerate ramps,20260720,0.48750000000000004,0.2779449224472046,0.3448503182055732
D1,Restricted learned delay / forced degenerate ramps,20260720,0.4949999999999999,0.2779945433139801,0.3453822360338061
D1,Restricted learned delay / forced degenerate ramps,20260720,0.5025,0.27804386615753174,0.34590830237929365
D1,Restricted learned delay / forced degenerate ramps,20260720,0.51,0.27809301018714905,0.3464285149022109
D1,Restricted learned delay / forced degenerate ramps,20260720,0.5174999999999998,0.27814188599586487,0.3469428735154505
D1,Restricted learned delay / forced degenerate ramps,20260720,0.5249999999999999,0.2781905233860016,0.3474513803345492
D1,Restricted learned delay / forced degenerate ramps,20260720,0.5325,0.2782389521598816,0.34795403962681043
D1,Restricted learned delay / forced degenerate ramps,20260720,0.54,0.2782871127128601,0.34845085775971835
D1,Restricted learned delay / forced degenerate ramps,20260720,0.5474999999999999,0.2783350348472595,0.348941843148733
D1,Restricted learned delay / forced degenerate ramps,20260720,0.5549999999999999,0.27838271856307983,0.3494270062045573
D1,Restricted learned delay / forced degenerate ramps,20260720,0.5625,0.2784302234649658,0.34990635927996133
D1,Restricted learned delay / forced degenerate ramps,20260720,0.5699999999999998,0.2784774899482727,0.35037991661625
D1,Restricted learned delay / forced degenerate ramps,20260720,0.5774999999999999,0.2785244882106781,0.3508476942894551
D1,Restricted learned delay / forced degenerate ramps,20260720,0.585,0.27857130765914917,0.3513097101563318
D1,Restricted learned delay / forced degenerate ramps,20260720,0.5925,0.27861785888671875,0.3517659838002362
D1,Restricted learned delay / forced degenerate ramps,20260720,0.5999999999999999,0.278664231300354,0.35221653647695916
D1,Restricted learned delay / forced degenerate ramps,20260720,0.6074999999999999,0.27871036529541016,0.3526613910605862
D1,Restricted learned delay / forced degenerate ramps,20260720,0.615,0.2787562608718872,0.35310057198945366
D1,Restricted learned delay / forced degenerate ramps,20260720,0.6225,0.27880197763442993,0.35353410521226647
D1,Restricted learned delay / forced degenerate ramps,20260720,0.6299999999999999,0.27884742617607117,0.3539620181344406
D1,Restricted learned delay / forced degenerate ramps,20260720,0.6375,0.2788926959037781,0.3543843395647306
D1,Restricted learned delay / forced degenerate ramps,20260720,0.645,0.27893775701522827,0.3548010996621992
D1,Restricted learned delay / forced degenerate ramps,20260720,0.6524999999999999,0.27898257970809937,0.35521232988358425
D1,Restricted learned delay / forced degenerate ramps,20260720,0.6599999999999999,0.27902719378471375,0.3556180629311138
D1,Restricted learned delay / forced degenerate ramps,20260720,0.6675,0.2790716290473938,0.3560183327008191
D1,Restricted learned delay / forced degenerate ramps,20260720,0.675,0.27911582589149475,0.3564131742313908
D1,Restricted learned delay / forced degenerate ramps,20260720,0.6824999999999999,0.279159814119339,0.356802623653622
D1,Restricted learned delay / forced degenerate ramps,20260720,0.69,0.2792035937309265,0.35718671814047925
D1,Restricted learned delay / forced degenerate ramps,20260720,0.6975,0.2792471945285797,0.3575654958578385
D1,Restricted learned delay / forced degenerate ramps,20260720,0.7049999999999998,0.2792905569076538,0.35793899591592165
D1,Restricted learned delay / forced degenerate ramps,20260720,0.7124999999999999,0.27933377027511597,0.3583072583214666
D1,Restricted learned delay / forced degenerate ramps,20260720,0.72,0.279376745223999,0.35867032393066073
D1,Restricted learned delay / forced degenerate ramps,20260720,0.7275,0.279419481754303,0.35902823440286524
D1,Restricted learned delay / forced degenerate ramps,20260720,0.7349999999999999,0.2794620990753174,0.35938103215515604
D1,Restricted learned delay / forced degenerate ramps,20260720,0.7424999999999999,0.2795044779777527,0.35972876031770373
D1,Restricted learned delay / forced degenerate ramps,20260720,0.75,0.27954667806625366,0.36007146269001333
D1,Restricted learned delay / forced degenerate ramps,20260721,-0.75,0.3338214159011841,0.23992853730998662
D1,Restricted learned delay / forced degenerate ramps,20260721,-0.7425,0.33394816517829895,0.24027123968229624
D1,Restricted learned delay / forced degenerate ramps,20260721,-0.735,0.33407479524612427,0.24061896784484396
D1,Restricted learned delay / forced degenerate ramps,20260721,-0.7275,0.3342013359069824,0.24097176559713476
D1,Restricted learned delay / forced degenerate ramps,20260721,-0.72,0.334327757358551,0.24132967606933925
D1,Restricted learned delay / forced degenerate ramps,20260721,-0.7125,0.3344540596008301,0.24169274167853338
D1,Restricted learned delay / forced degenerate ramps,20260721,-0.705,0.33458030223846436,0.24206100408407832
D1,Restricted learned delay / forced degenerate ramps,20260721,-0.6975,0.3347063958644867,0.24243450414216147
D1,Restricted learned delay / forced degenerate ramps,20260721,-0.69,0.3348323702812195,0.24281328185952072
D1,Restricted learned delay / forced degenerate ramps,20260721,-0.6825,0.3349582552909851,0.243197376346378
D1,Restricted learned delay / forced degenerate ramps,20260721,-0.675,0.3350840210914612,0.24358682576860918
D1,Restricted learned delay / forced degenerate ramps,20260721,-0.6675,0.3352096676826477,0.24398166729918083
D1,Restricted learned delay / forced degenerate ramps,20260721,-0.66,0.3353351652622223,0.24438193706888614
D1,Restricted learned delay / forced degenerate ramps,20260721,-0.6525,0.3354605436325073,0.24478767011641572
D1,Restricted learned delay / forced degenerate ramps,20260721,-0.645,0.3355858027935028,0.24519890033780076
D1,Restricted learned delay / forced degenerate ramps,20260721,-0.6375,0.33571094274520874,0.2456156604352694
D1,Restricted learned delay / forced degenerate ramps,20260721,-0.63,0.33583590388298035,0.24603798186555936
D1,Restricted learned delay / forced degenerate ramps,20260721,-0.6225,0.3359607458114624,0.2464658947877335
D1,Restricted learned delay / forced degenerate ramps,20260721,-0.615,0.3360854387283325,0.24689942801054632
D1,Restricted learned delay / forced degenerate ramps,20260721,-0.6075,0.3362099826335907,0.24733860893941376
D1,Restricted learned delay / forced degenerate ramps,20260721,-0.6,0.3363344073295593,0.2477834635230408
D1,Restricted learned delay / forced degenerate ramps,20260721,-0.5925,0.33645865321159363,0.24823401619976376
D1,Restricted learned delay / forced degenerate ramps,20260721,-0.585,0.3365827202796936,0.2486902898436682
D1,Restricted learned delay / forced degenerate ramps,20260721,-0.5775,0.33670666813850403,0.24915230571054484
D1,Restricted learned delay / forced degenerate ramps,20260721,-0.5700000000000001,0.3368304371833801,0.24962008338374994
D1,Restricted learned delay / forced degenerate ramps,20260721,-0.5625,0.3369540572166443,0.25009364072003865
D1,Restricted learned delay / forced degenerate ramps,20260721,-0.5549999999999999,0.3370775282382965,0.2505729937954427
D1,Restricted learned delay / forced degenerate ramps,20260721,-0.5475,0.3372008204460144,0.251058156851267
D1,Restricted learned delay / forced degenerate ramps,20260721,-0.54,0.3373239040374756,0.25154914224028163
D1,Restricted learned delay / forced degenerate ramps,20260721,-0.5325,0.3374468684196472,0.25204596037318955
D1,Restricted learned delay / forced degenerate ramps,20260721,-0.525,0.3375696539878845,0.2525486196654508
D1,Restricted learned delay / forced degenerate ramps,20260721,-0.5175000000000001,0.3376922309398651,0.2530571264845494
D1,Restricted learned delay / forced degenerate ramps,20260721,-0.51,0.3378146290779114,0.2535714850977891
D1,Restricted learned delay / forced degenerate ramps,20260721,-0.5025,0.3379368782043457,0.2540916976207063
D1,Restricted learned delay / forced degenerate ramps,20260721,-0.495,0.3380588889122009,0.25461776396619384
D1,Restricted learned delay / forced degenerate ramps,20260721,-0.4875,0.3381807506084442,0.25514968179442676
D1,Restricted learned delay / forced degenerate ramps,20260721,-0.48,0.3383024334907532,0.2556874464636868
D1,Restricted learned delay / forced degenerate ramps,20260721,-0.47250000000000003,0.33842387795448303,0.2562310509821821
D1,Restricted learned delay / forced degenerate ramps,20260721,-0.465,0.33854514360427856,0.2567804859609608
D1,Restricted learned delay / forced degenerate ramps,20260721,-0.4575,0.33866623044013977,0.257335739568019
D1,Restricted learned delay / forced degenerate ramps,20260721,-0.45,0.3387870788574219,0.2578967974837031
D1,Restricted learned delay / forced degenerate ramps,20260721,-0.4425,0.33890780806541443,0.258463642857511
D1,Restricted learned delay / forced degenerate ramps,20260721,-0.435,0.3390282392501831,0.25903625626639204
D1,Restricted learned delay / forced degenerate ramps,20260721,-0.4275,0.33914852142333984,0.2596146156746526
D1,Restricted learned delay / forced degenerate ramps,20260721,-0.42000000000000004,0.3392685651779175,0.2601986963955687
D1,Restricted learned delay / forced degenerate ramps,20260721,-0.41250000000000003,0.3393884301185608,0.260788471054811
D1,Restricted learned delay / forced degenerate ramps,20260721,-0.405,0.339508056640625,0.26138390955578583
D1,Restricted learned delay / forced degenerate ramps,20260721,-0.3975,0.3396274447441101,0.261984979046995
D1,Restricted learned delay / forced degenerate ramps,20260721,-0.39,0.3397466540336609,0.26259164389151846
D1,Restricted learned delay / forced degenerate ramps,20260721,-0.3825,0.33986562490463257,0.26320386563871945
D1,Restricted learned delay / forced degenerate ramps,20260721,-0.375,0.3399844169616699,0.26382160299827534
D1,Restricted learned delay / forced degenerate ramps,20260721,-0.3675,0.3401029407978058,0.2644448118166298
D1,Restricted learned delay / forced degenerate ramps,20260721,-0.36,0.34022125601768494,0.2650734450559664
D1,Restricted learned delay / forced degenerate ramps,20260721,-0.35250000000000004,0.3403393626213074,0.2657074527757957
D1,Restricted learned delay / forced degenerate ramps,20260721,-0.34500000000000003,0.3404572010040283,0.26634678211725016
D1,Restricted learned delay / forced degenerate ramps,20260721,-0.3375,0.34057480096817017,0.26699137729017486
D1,Restricted learned delay / forced degenerate ramps,20260721,-0.33,0.3406922221183777,0.2676411795631011
D1,Restricted learned delay / forced degenerate ramps,20260721,-0.3225,0.34080934524536133,0.2682961272561851
D1,Restricted learned delay / forced degenerate ramps,20260721,-0.315,0.34092628955841064,0.2689561557371918
D1,Restricted learned delay / forced degenerate ramps,20260721,-0.3075,0.3410429358482361,0.2696211974205968
D1,Restricted learned delay / forced degenerate ramps,20260721,-0.30000000000000004,0.3411594033241272,0.2702911817698794
D1,Restricted learned delay / forced degenerate ramps,20260721,-0.29250000000000004,0.34127557277679443,0.27096603530306995
D1,Restricted learned delay / forced degenerate ramps,20260721,-0.28500000000000003,0.34139156341552734,0.2716456816016144
D1,Restricted learned delay / forced degenerate ramps,20260721,-0.2775,0.3415072560310364,0.2723300413226096
D1,Restricted learned delay / forced degenerate ramps,20260721,-0.27,0.3416227102279663,0.2730190322144604
D1,Restricted learned delay / forced degenerate ramps,20260721,-0.2625,0.34173792600631714,0.2737125691360018
D1,Restricted learned delay / forced degenerate ramps,20260721,-0.255,0.3418528437614441,0.2744105640791237
D1,Restricted learned delay / forced degenerate ramps,20260721,-0.24750000000000005,0.3419675827026367,0.2751129261949298
D1,Restricted learned delay / forced degenerate ramps,20260721,-0.24,0.34208202362060547,0.2758195618234552
D1,Restricted learned delay / forced degenerate ramps,20260721,-0.23250000000000004,0.3421962261199951,0.27653037452696
D1,Restricted learned delay / forced degenerate ramps,20260721,-0.22499999999999998,0.3423101305961609,0.27724526512680997
D1,Restricted learned delay / forced degenerate ramps,20260721,-0.21750000000000003,0.34242385625839233,0.2779641317439471
D1,Restricted learned delay / forced degenerate ramps,20260721,-0.20999999999999996,0.3425372242927551,0.27868686984294644
D1,Restricted learned delay / forced degenerate ramps,20260721,-0.2025,0.3426504135131836,0.27941337227964685
D1,Restricted learned delay / forced degenerate ramps,20260721,-0.19500000000000006,0.3427633047103882,0.2801435293523366
D1,Restricted learned delay / forced degenerate ramps,20260721,-0.1875,0.3428759276866913,0.28087722885646643
D1,Restricted learned delay / forced degenerate ramps,20260721,-0.18000000000000005,0.3429883122444153,0.2816143561428546
D1,Restricted learned delay / forced degenerate ramps,20260721,-0.1725,0.343100368976593,0.28235479417934123
D1,Restricted learned delay / forced degenerate ramps,20260721,-0.16500000000000004,0.34321221709251404,0.28309842361584003
D1,Restricted learned delay / forced degenerate ramps,20260721,-0.15749999999999997,0.3433237671852112,0.2838451228527292
D1,Restricted learned delay / forced degenerate ramps,20260721,-0.15000000000000002,0.34343504905700684,0.28459476811251394
D1,Restricted learned delay / forced degenerate ramps,20260721,-0.14250000000000007,0.3435460329055786,0.28534723351468483
D1,Restricted learned delay / forced degenerate ramps,20260721,-0.135,0.3436567783355713,0.2861023911536912
D1,Restricted learned delay / forced degenerate ramps,20260721,-0.12750000000000006,0.34376728534698486,0.2868601111799366
D1,Restricted learned delay / forced degenerate ramps,20260721,-0.12,0.3438774347305298,0.2876202618837003
D1,Restricted learned delay / forced degenerate ramps,20260721,-0.11250000000000004,0.3439873456954956,0.28838270978187835
D1,Restricted learned delay / forced degenerate ramps,20260721,-0.10499999999999998,0.34409695863723755,0.28914731970743135
D1,Restricted learned delay / forced degenerate ramps,20260721,-0.09750000000000003,0.3442063331604004,0.2899139549014202
D1,Restricted learned delay / forced degenerate ramps,20260721,-0.09000000000000008,0.34431537985801697,0.29068247710750234
D1,Restricted learned delay / forced degenerate ramps,20260721,-0.08250000000000002,0.34442415833473206,0.29145274666875687
D1,Restricted learned delay / forced degenerate ramps,20260721,-0.07500000000000007,0.34453266859054565,0.2922246226266985
D1,Restricted learned delay / forced degenerate ramps,20260721,-0.0675,0.344640851020813,0.2929979628223361
D1,Restricted learned delay / forced degenerate ramps,20260721,-0.06000000000000005,0.3447487950325012,0.2937726239991255
D1,Restricted learned delay / forced degenerate ramps,20260721,-0.05249999999999999,0.3448564410209656,0.2945484619076617
D1,Restricted learned delay / forced degenerate ramps,20260721,-0.04500000000000004,0.34496375918388367,0.2953253314119491
D1,Restricted learned delay / forced degenerate ramps,20260721,-0.03749999999999998,0.34507083892822266,0.29610308659708684
D1,Restricted learned delay / forced degenerate ramps,20260721,-0.030000000000000027,0.3451775908470154,0.29688158087820066
D1,Restricted learned delay / forced degenerate ramps,20260721,-0.022500000000000075,0.3452840745449066,0.29766066711044903
D1,Restricted learned delay / forced degenerate ramps,20260721,-0.015000000000000013,0.345390260219574,0.2984401976999299
D1,Restricted learned delay / forced degenerate ramps,20260721,-0.007500000000000062,0.34549614787101746,0.2992200247153102
D1,Restricted learned delay / forced degenerate ramps,20260721,0.0,0.34560173749923706,0.3
D1,Restricted learned delay / forced degenerate ramps,20260721,0.007499999999999951,0.3457070589065552,0.3007799752846898
D1,Restricted learned delay / forced degenerate ramps,20260721,0.015000000000000013,0.34581202268600464,0.30155980230007007
D1,Restricted learned delay / forced degenerate ramps,20260721,0.022499999999999964,0.345916748046875,0.30233933288955095
D1,Restricted learned delay / forced degenerate ramps,20260721,0.030000000000000027,0.3460211753845215,0.3031184191217993
D1,Restricted learned delay / forced degenerate ramps,20260721,0.03749999999999998,0.3461252450942993,0.30389691340291314
D1,Restricted learned delay / forced degenerate ramps,20260721,0.04499999999999993,0.34622907638549805,0.30467466858805087
D1,Restricted learned delay / forced degenerate ramps,20260721,0.05249999999999999,0.3463325798511505,0.30545153809233827
D1,Restricted learned delay / forced degenerate ramps,20260721,0.05999999999999994,0.3464357852935791,0.30622737600087446
D1,Restricted learned delay / forced degenerate ramps,20260721,0.0675,0.3465387225151062,0.3070020371776639
D1,Restricted learned delay / forced degenerate ramps,20260721,0.07499999999999996,0.34664130210876465,0.30777537737330146
D1,Restricted learned delay / forced degenerate ramps,20260721,0.08250000000000002,0.3467436134815216,0.3085472533312431
D1,Restricted learned delay / forced degenerate ramps,20260721,0.08999999999999997,0.3468456268310547,0.30931752289249764
D1,Restricted learned delay / forced degenerate ramps,20260721,0.09749999999999992,0.3469473123550415,0.3100860450985798
D1,Restricted learned delay / forced degenerate ramps,20260721,0.10499999999999998,0.34704869985580444,0.31085268029256863
D1,Restricted learned delay / forced degenerate ramps,20260721,0.11249999999999993,0.3471497893333435,0.3116172902181216
D1,Restricted learned delay / forced degenerate ramps,20260721,0.12,0.3472505509853363,0.31237973811629965
D1,Restricted learned delay / forced degenerate ramps,20260721,0.12749999999999995,0.3473510146141052,0.3131398888200634
D1,Restricted learned delay / forced degenerate ramps,20260721,0.135,0.3474511504173279,0.3138976088463088
D1,Restricted learned delay / forced degenerate ramps,20260721,0.14249999999999996,0.34755101799964905,0.3146527664853151
D1,Restricted learned delay / forced degenerate ramps,20260721,0.1499999999999999,0.34765055775642395,0.31540523188748604
D1,Restricted learned delay / forced degenerate ramps,20260721,0.15749999999999997,0.347749799489975,0.31615487714727075
D1,Restricted learned delay / forced degenerate ramps,20260721,0.16499999999999992,0.34784871339797974,0.31690157638415994
D1,Restricted learned delay / forced degenerate ramps,20260721,0.1725,0.34794729948043823,0.31764520582065875
D1,Restricted learned delay / forced degenerate ramps,20260721,0.17999999999999994,0.34804561734199524,0.31838564385714535
D1,Restricted learned delay / forced degenerate ramps,20260721,0.1875,0.3481435775756836,0.31912277114353355
D1,Restricted learned delay / forced degenerate ramps,20260721,0.19499999999999995,0.34824126958847046,0.31985647064766337
D1,Restricted learned delay / forced degenerate ramps,20260721,0.2025,0.34833863377571106,0.3205866277203531
D1,Restricted learned delay / forced degenerate ramps,20260721,0.20999999999999996,0.348435640335083,0.32131313015705354
D1,Restricted learned delay / forced degenerate ramps,20260721,0.21749999999999992,0.34853243827819824,0.3220358682560529
D1,Restricted learned delay / forced degenerate ramps,20260721,0.22499999999999998,0.34862881898880005,0.32275473487319
D1,Restricted learned delay / forced degenerate ramps,20260721,0.23249999999999993,0.34872493147850037,0.32346962547304
D1,Restricted learned delay / forced degenerate ramps,20260721,0.24,0.3488207459449768,0.3241804381765448
D1,Restricted learned delay / forced degenerate ramps,20260721,0.24749999999999994,0.3489162027835846,0.3248870738050702
D1,Restricted learned delay / forced degenerate ramps,20260721,0.2549999999999999,0.3490113615989685,0.3255894359208763
D1,Restricted learned delay / forced degenerate ramps,20260721,0.26249999999999996,0.34910619258880615,0.3262874308639982
D1,Restricted learned delay / forced degenerate ramps,20260721,0.27,0.3492007255554199,0.3269809677855396
D1,Restricted learned delay / forced degenerate ramps,20260721,0.27749999999999986,0.3492949306964874,0.32766995867739035
D1,Restricted learned delay / forced degenerate ramps,20260721,0.2849999999999999,0.34938883781433105,0.3283543183983856
D1,Restricted learned delay / forced degenerate ramps,20260721,0.2925,0.3494824171066284,0.32903396469693
D1,Restricted learned delay / forced degenerate ramps,20260721,0.30000000000000004,0.3495756685733795,0.3297088182301206
D1,Restricted learned delay / forced degenerate ramps,20260721,0.3074999999999999,0.34966862201690674,0.33037880257940316
D1,Restricted learned delay / forced degenerate ramps,20260721,0.31499999999999995,0.3497612476348877,0.3310438442628082
D1,Restricted learned delay / forced degenerate ramps,20260721,0.3225,0.3498535454273224,0.33170387274381485
D1,Restricted learned delay / forced degenerate ramps,20260721,0.33000000000000007,0.3499455451965332,0.3323588204368989
D1,Restricted learned delay / forced degenerate ramps,20260721,0.3374999999999999,0.35003721714019775,0.3330086227098251
D1,Restricted learned delay / forced degenerate ramps,20260721,0.345,0.35012856125831604,0.3336532178827498
D1,Restricted learned delay / forced degenerate ramps,20260721,0.35250000000000004,0.35021957755088806,0.33429254722420426
D1,Restricted learned delay / forced degenerate ramps,20260721,0.3599999999999999,0.3503103256225586,0.33492655494403356
D1,Restricted learned delay / forced degenerate ramps,20260721,0.36749999999999994,0.3504006862640381,0.33555518818337016
D1,Restricted learned delay / forced degenerate ramps,20260721,0.375,0.3504907786846161,0.33617839700172464
D1,Restricted learned delay / forced degenerate ramps,20260721,0.38250000000000006,0.35058051347732544,0.33679613436128053
D1,Restricted learned delay / forced degenerate ramps,20260721,0.3899999999999999,0.3506699800491333,0.3374083561084815
D1,Restricted learned delay / forced degenerate ramps,20260721,0.39749999999999996,0.3507590889930725,0.33801502095300495
D1,Restricted learned delay / forced degenerate ramps,20260721,0.405,0.35084789991378784,0.33861609044421415
D1,Restricted learned delay / forced degenerate ramps,20260721,0.41249999999999987,0.3509363830089569,0.33921152894518897
D1,Restricted learned delay / forced degenerate ramps,20260721,0.41999999999999993,0.3510245680809021,0.3398013036044313
D1,Restricted learned delay / forced degenerate ramps,20260721,0.4275,0.35111239552497864,0.3403853843253474
D1,Restricted learned delay / forced degenerate ramps,20260721,0.43500000000000005,0.3511999249458313,0.34096374373360794
D1,Restricted learned delay / forced degenerate ramps,20260721,0.4424999999999999,0.3512871265411377,0.341536357142489
D1,Restricted learned delay / forced degenerate ramps,20260721,0.44999999999999996,0.3513740301132202,0.34210320251629683
D1,Restricted learned delay / forced degenerate ramps,20260721,0.4575,0.3514605760574341,0.342664260431981
D1,Restricted learned delay / forced degenerate ramps,20260721,0.46499999999999986,0.3515468239784241,0.34321951403903916
D1,Restricted learned delay / forced degenerate ramps,20260721,0.4724999999999999,0.3516327738761902,0.34376894901781785
D1,Restricted learned delay / forced degenerate ramps,20260721,0.48,0.35171836614608765,0.3443125535363132
D1,Restricted learned delay / forced degenerate ramps,20260721,0.48750000000000004,0.35180366039276123,0.3448503182055732
D1,Restricted learned delay / forced degenerate ramps,20260721,0.4949999999999999,0.35188865661621094,0.3453822360338061
D1,Restricted learned delay / forced degenerate ramps,20260721,0.5025,0.351973295211792,0.34590830237929365
D1,Restricted learned delay / forced degenerate ramps,20260721,0.51,0.35205763578414917,0.3464285149022109
D1,Restricted learned delay / forced degenerate ramps,20260721,0.5174999999999998,0.35214167833328247,0.3469428735154505
D1,Restricted learned delay / forced degenerate ramps,20260721,0.5249999999999999,0.3522253632545471,0.3474513803345492
D1,Restricted learned delay / forced degenerate ramps,20260721,0.5325,0.3523087501525879,0.34795403962681043
D1,Restricted learned delay / forced degenerate ramps,20260721,0.54,0.3523918390274048,0.34845085775971835
D1,Restricted learned delay / forced degenerate ramps,20260721,0.5474999999999999,0.352474570274353,0.348941843148733
D1,Restricted learned delay / forced degenerate ramps,20260721,0.5549999999999999,0.352556973695755,0.3494270062045573
D1,Restricted learned delay / forced degenerate ramps,20260721,0.5625,0.3526391088962555,0.34990635927996133
D1,Restricted learned delay / forced degenerate ramps,20260721,0.5699999999999998,0.35272088646888733,0.35037991661625
D1,Restricted learned delay / forced degenerate ramps,20260721,0.5774999999999999,0.3528023958206177,0.3508476942894551
D1,Restricted learned delay / forced degenerate ramps,20260721,0.585,0.35288354754447937,0.3513097101563318
D1,Restricted learned delay / forced degenerate ramps,20260721,0.5925,0.3529644012451172,0.3517659838002362
D1,Restricted learned delay / forced degenerate ramps,20260721,0.5999999999999999,0.35304492712020874,0.35221653647695916
D1,Restricted learned delay / forced degenerate ramps,20260721,0.6074999999999999,0.3531251549720764,0.3526613910605862
D1,Restricted learned delay / forced degenerate ramps,20260721,0.615,0.35320502519607544,0.35310057198945366
D1,Restricted learned delay / forced degenerate ramps,20260721,0.6225,0.353284627199173,0.35353410521226647
D1,Restricted learned delay / forced degenerate ramps,20260721,0.6299999999999999,0.35336390137672424,0.3539620181344406
D1,Restricted learned delay / forced degenerate ramps,20260721,0.6375,0.35344284772872925,0.3543843395647306
D1,Restricted learned delay / forced degenerate ramps,20260721,0.645,0.35352152585983276,0.3548010996621992
D1,Restricted learned delay / forced degenerate ramps,20260721,0.6524999999999999,0.3535998463630676,0.35521232988358425
D1,Restricted learned delay / forced degenerate ramps,20260721,0.6599999999999999,0.3536778688430786,0.3556180629311138
D1,Restricted learned delay / forced degenerate ramps,20260721,0.6675,0.35375556349754333,0.3560183327008191
D1,Restricted learned delay / forced degenerate ramps,20260721,0.675,0.3538329601287842,0.3564131742313908
D1,Restricted learned delay / forced degenerate ramps,20260721,0.6824999999999999,0.35391002893447876,0.356802623653622
D1,Restricted learned delay / forced degenerate ramps,20260721,0.69,0.35398679971694946,0.35718671814047925
D1,Restricted learned delay / forced degenerate ramps,20260721,0.6975,0.3540632724761963,0.3575654958578385
D1,Restricted learned delay / forced degenerate ramps,20260721,0.7049999999999998,0.35413941740989685,0.35793899591592165
D1,Restricted learned delay / forced degenerate ramps,20260721,0.7124999999999999,0.35421526432037354,0.3583072583214666
D1,Restricted learned delay / forced degenerate ramps,20260721,0.72,0.35429078340530396,0.35867032393066073
D1,Restricted learned delay / forced degenerate ramps,20260721,0.7275,0.3543660044670105,0.35902823440286524
D1,Restricted learned delay / forced degenerate ramps,20260721,0.7349999999999999,0.35444092750549316,0.35938103215515604
D1,Restricted learned delay / forced degenerate ramps,20260721,0.7424999999999999,0.3545154929161072,0.35972876031770373
D1,Restricted learned delay / forced degenerate ramps,20260721,0.75,0.3545898199081421,0.36007146269001333
D1,Restricted learned delay / forced degenerate ramps,20260722,-0.75,0.40929147601127625,0.23992853730998662
D1,Restricted learned delay / forced degenerate ramps,20260722,-0.7425,0.40933746099472046,0.24027123968229624
D1,Restricted learned delay / forced degenerate ramps,20260722,-0.735,0.4093834161758423,0.24061896784484396
D1,Restricted learned delay / forced degenerate ramps,20260722,-0.7275,0.4094294011592865,0.24097176559713476
D1,Restricted learned delay / forced degenerate ramps,20260722,-0.72,0.4094753861427307,0.24132967606933925
D1,Restricted learned delay / forced degenerate ramps,20260722,-0.7125,0.4095213711261749,0.24169274167853338
D1,Restricted learned delay / forced degenerate ramps,20260722,-0.705,0.40956732630729675,0.24206100408407832
D1,Restricted learned delay / forced degenerate ramps,20260722,-0.6975,0.4096132814884186,0.24243450414216147
D1,Restricted learned delay / forced degenerate ramps,20260722,-0.69,0.4096592664718628,0.24281328185952072
D1,Restricted learned delay / forced degenerate ramps,20260722,-0.6825,0.40970519185066223,0.243197376346378
D1,Restricted learned delay / forced degenerate ramps,20260722,-0.675,0.40975117683410645,0.24358682576860918
D1,Restricted learned delay / forced degenerate ramps,20260722,-0.6675,0.4097971022129059,0.24398166729918083
D1,Restricted learned delay / forced degenerate ramps,20260722,-0.66,0.4098430573940277,0.24438193706888614
D1,Restricted learned delay / forced degenerate ramps,20260722,-0.6525,0.40988898277282715,0.24478767011641572
D1,Restricted learned delay / forced degenerate ramps,20260722,-0.645,0.4099348783493042,0.24519890033780076
D1,Restricted learned delay / forced degenerate ramps,20260722,-0.6375,0.40998080372810364,0.2456156604352694
D1,Restricted learned delay / forced degenerate ramps,20260722,-0.63,0.4100267291069031,0.24603798186555936
D1,Restricted learned delay / forced degenerate ramps,20260722,-0.6225,0.4100726246833801,0.2464658947877335
D1,Restricted learned delay / forced degenerate ramps,20260722,-0.615,0.4101185202598572,0.24689942801054632
D1,Restricted learned delay / forced degenerate ramps,20260722,-0.6075,0.41016438603401184,0.24733860893941376
D1,Restricted learned delay / forced degenerate ramps,20260722,-0.6,0.4102102816104889,0.2477834635230408
D1,Restricted learned delay / forced degenerate ramps,20260722,-0.5925,0.41025611758232117,0.24823401619976376
D1,Restricted learned delay / forced degenerate ramps,20260722,-0.585,0.4103020131587982,0.2486902898436682
D1,Restricted learned delay / forced degenerate ramps,20260722,-0.5775,0.4103478193283081,0.24915230571054484
D1,Restricted learned delay / forced degenerate ramps,20260722,-0.5700000000000001,0.4103936553001404,0.24962008338374994
D1,Restricted learned delay / forced degenerate ramps,20260722,-0.5625,0.41043946146965027,0.25009364072003865
D1,Restricted learned delay / forced degenerate ramps,20260722,-0.5549999999999999,0.41048523783683777,0.2505729937954427
D1,Restricted learned delay / forced degenerate ramps,20260722,-0.5475,0.41053104400634766,0.251058156851267
D1,Restricted learned delay / forced degenerate ramps,20260722,-0.54,0.41057679057121277,0.25154914224028163
D1,Restricted learned delay / forced degenerate ramps,20260722,-0.5325,0.4106225371360779,0.25204596037318955
D1,Restricted learned delay / forced degenerate ramps,20260722,-0.525,0.410668283700943,0.2525486196654508
D1,Restricted learned delay / forced degenerate ramps,20260722,-0.5175000000000001,0.41071397066116333,0.2530571264845494
D1,Restricted learned delay / forced degenerate ramps,20260722,-0.51,0.41075971722602844,0.2535714850977891
D1,Restricted learned delay / forced degenerate ramps,20260722,-0.5025,0.4108054041862488,0.2540916976207063
D1,Restricted learned delay / forced degenerate ramps,20260722,-0.495,0.41085103154182434,0.25461776396619384
D1,Restricted learned delay / forced degenerate ramps,20260722,-0.4875,0.4108966886997223,0.25514968179442676
D1,Restricted learned delay / forced degenerate ramps,20260722,-0.48,0.41094234585762024,0.2556874464636868
D1,Restricted learned delay / forced degenerate ramps,20260722,-0.47250000000000003,0.4109879434108734,0.2562310509821821
D1,Restricted learned delay / forced degenerate ramps,20260722,-0.465,0.4110335409641266,0.2567804859609608
D1,Restricted learned delay / forced degenerate ramps,20260722,-0.4575,0.4110791087150574,0.257335739568019
D1,Restricted learned delay / forced degenerate ramps,20260722,-0.45,0.41112464666366577,0.2578967974837031
D1,Restricted learned delay / forced degenerate ramps,20260722,-0.4425,0.4111701548099518,0.258463642857511
D1,Restricted learned delay / forced degenerate ramps,20260722,-0.435,0.4112156629562378,0.25903625626639204
D1,Restricted learned delay / forced degenerate ramps,20260722,-0.4275,0.4112611711025238,0.2596146156746526
D1,Restricted learned delay / forced degenerate ramps,20260722,-0.42000000000000004,0.41130661964416504,0.2601986963955687
D1,Restricted learned delay / forced degenerate ramps,20260722,-0.41250000000000003,0.4113520383834839,0.260788471054811
D1,Restricted learned delay / forced degenerate ramps,20260722,-0.405,0.4113974869251251,0.26138390955578583
D1,Restricted learned delay / forced degenerate ramps,20260722,-0.3975,0.4114428460597992,0.261984979046995
D1,Restricted learned delay / forced degenerate ramps,20260722,-0.39,0.41148823499679565,0.26259164389151846
D1,Restricted learned delay / forced degenerate ramps,20260722,-0.3825,0.41153353452682495,0.26320386563871945
D1,Restricted learned delay / forced degenerate ramps,20260722,-0.375,0.411578893661499,0.26382160299827534
D1,Restricted learned delay / forced degenerate ramps,20260722,-0.3675,0.41162416338920593,0.2644448118166298
D1,Restricted learned delay / forced degenerate ramps,20260722,-0.36,0.41166943311691284,0.2650734450559664
D1,Restricted learned delay / forced degenerate ramps,20260722,-0.35250000000000004,0.41171467304229736,0.2657074527757957
D1,Restricted learned delay / forced degenerate ramps,20260722,-0.34500000000000003,0.4117598831653595,0.26634678211725016
D1,Restricted learned delay / forced degenerate ramps,20260722,-0.3375,0.41180506348609924,0.26699137729017486
D1,Restricted learned delay / forced degenerate ramps,20260722,-0.33,0.4118502140045166,0.2676411795631011
D1,Restricted learned delay / forced degenerate ramps,20260722,-0.3225,0.4118953347206116,0.2682961272561851
D1,Restricted learned delay / forced degenerate ramps,20260722,-0.315,0.41194042563438416,0.2689561557371918
D1,Restricted learned delay / forced degenerate ramps,20260722,-0.3075,0.41198548674583435,0.2696211974205968
D1,Restricted learned delay / forced degenerate ramps,20260722,-0.30000000000000004,0.41203051805496216,0.2702911817698794
D1,Restricted learned delay / forced degenerate ramps,20260722,-0.29250000000000004,0.4120755195617676,0.27096603530306995
D1,Restricted learned delay / forced degenerate ramps,20260722,-0.28500000000000003,0.412120521068573,0.2716456816016144
D1,Restricted learned delay / forced degenerate ramps,20260722,-0.2775,0.41216543316841125,0.2723300413226096
D1,Restricted learned delay / forced degenerate ramps,20260722,-0.27,0.4122103452682495,0.2730190322144604
D1,Restricted learned delay / forced degenerate ramps,20260722,-0.2625,0.4122552275657654,0.2737125691360018
D1,Restricted learned delay / forced degenerate ramps,20260722,-0.255,0.4123000502586365,0.2744105640791237
D1,Restricted learned delay / forced degenerate ramps,20260722,-0.24750000000000005,0.41234487295150757,0.2751129261949298
D1,Restricted learned delay / forced degenerate ramps,20260722,-0.24,0.4123896658420563,0.2758195618234552
D1,Restricted learned delay / forced degenerate ramps,20260722,-0.23250000000000004,0.4124343991279602,0.27653037452696
D1,Restricted learned delay / forced degenerate ramps,20260722,-0.22499999999999998,0.41247913241386414,0.27724526512680997
D1,Restricted learned delay / forced degenerate ramps,20260722,-0.21750000000000003,0.4125238358974457,0.2779641317439471
D1,Restricted learned delay / forced degenerate ramps,20260722,-0.20999999999999996,0.41256844997406006,0.27868686984294644
D1,Restricted learned delay / forced degenerate ramps,20260722,-0.2025,0.41261306405067444,0.27941337227964685
D1,Restricted learned delay / forced degenerate ramps,20260722,-0.19500000000000006,0.41265761852264404,0.2801435293523366
D1,Restricted learned delay / forced degenerate ramps,20260722,-0.1875,0.41270217299461365,0.28087722885646643
D1,Restricted learned delay / forced degenerate ramps,20260722,-0.18000000000000005,0.4127466678619385,0.2816143561428546
D1,Restricted learned delay / forced degenerate ramps,20260722,-0.1725,0.4127911329269409,0.28235479417934123
D1,Restricted learned delay / forced degenerate ramps,20260722,-0.16500000000000004,0.41283556818962097,0.28309842361584003
D1,Restricted learned delay / forced degenerate ramps,20260722,-0.15749999999999997,0.41287994384765625,0.2838451228527292
D1,Restricted learned delay / forced degenerate ramps,20260722,-0.15000000000000002,0.41292431950569153,0.28459476811251394
D1,Restricted learned delay / forced degenerate ramps,20260722,-0.14250000000000007,0.41296860575675964,0.28534723351468483
D1,Restricted learned delay / forced degenerate ramps,20260722,-0.135,0.41301289200782776,0.2861023911536912
D1,Restricted learned delay / forced degenerate ramps,20260722,-0.12750000000000006,0.4130571186542511,0.2868601111799366
D1,Restricted learned delay / forced degenerate ramps,20260722,-0.12,0.41310131549835205,0.2876202618837003
D1,Restricted learned delay / forced degenerate ramps,20260722,-0.11250000000000004,0.4131454825401306,0.28838270978187835
D1,Restricted learned delay / forced degenerate ramps,20260722,-0.10499999999999998,0.4131895899772644,0.28914731970743135
D1,Restricted learned delay / forced degenerate ramps,20260722,-0.09750000000000003,0.4132336676120758,0.2899139549014202
D1,Restricted learned delay / forced degenerate ramps,20260722,-0.09000000000000008,0.4132777154445648,0.29068247710750234
D1,Restricted learned delay / forced degenerate ramps,20260722,-0.08250000000000002,0.41332170367240906,0.29145274666875687
D1,Restricted learned delay / forced degenerate ramps,20260722,-0.07500000000000007,0.4133656322956085,0.2922246226266985
D1,Restricted learned delay / forced degenerate ramps,20260722,-0.0675,0.413409560918808,0.2929979628223361
D1,Restricted learned delay / forced degenerate ramps,20260722,-0.06000000000000005,0.41345342993736267,0.2937726239991255
D1,Restricted learned delay / forced degenerate ramps,20260722,-0.05249999999999999,0.4134972393512726,0.2945484619076617
D1,Restricted learned delay / forced degenerate ramps,20260722,-0.04500000000000004,0.4135410487651825,0.2953253314119491
D1,Restricted learned delay / forced degenerate ramps,20260722,-0.03749999999999998,0.41358476877212524,0.29610308659708684
D1,Restricted learned delay / forced degenerate ramps,20260722,-0.030000000000000027,0.4136284589767456,0.29688158087820066
D1,Restricted learned delay / forced degenerate ramps,20260722,-0.022500000000000075,0.4136721193790436,0.29766066711044903
D1,Restricted learned delay / forced degenerate ramps,20260722,-0.015000000000000013,0.41371574997901917,0.2984401976999299
D1,Restricted learned delay / forced degenerate ramps,20260722,-0.007500000000000062,0.4137592911720276,0.2992200247153102
D1,Restricted learned delay / forced degenerate ramps,20260722,0.0,0.413802832365036,0.3
D1,Restricted learned delay / forced degenerate ramps,20260722,0.007499999999999951,0.41384628415107727,0.3007799752846898
D1,Restricted learned delay / forced degenerate ramps,20260722,0.015000000000000013,0.41388970613479614,0.30155980230007007
D1,Restricted learned delay / forced degenerate ramps,20260722,0.022499999999999964,0.4139330983161926,0.30233933288955095
D1,Restricted learned delay / forced degenerate ramps,20260722,0.030000000000000027,0.41397643089294434,0.3031184191217993
D1,Restricted learned delay / forced degenerate ramps,20260722,0.03749999999999998,0.41401973366737366,0.30389691340291314
D1,Restricted learned delay / forced degenerate ramps,20260722,0.04499999999999993,0.4140629470348358,0.30467466858805087
D1,Restricted learned delay / forced degenerate ramps,20260722,0.05249999999999999,0.414106160402298,0.30545153809233827
D1,Restricted learned delay / forced degenerate ramps,20260722,0.05999999999999994,0.41414931416511536,0.30622737600087446
D1,Restricted learned delay / forced degenerate ramps,20260722,0.0675,0.41419240832328796,0.3070020371776639
D1,Restricted learned delay / forced degenerate ramps,20260722,0.07499999999999996,0.4142354428768158,0.30777537737330146
D1,Restricted learned delay / forced degenerate ramps,20260722,0.08250000000000002,0.41427844762802124,0.3085472533312431
D1,Restricted learned delay / forced degenerate ramps,20260722,0.08999999999999997,0.4143213927745819,0.30931752289249764
D1,Restricted learned delay / forced degenerate ramps,20260722,0.09749999999999992,0.4143643081188202,0.3100860450985798
D1,Restricted learned delay / forced degenerate ramps,20260722,0.10499999999999998,0.4144071638584137,0.31085268029256863
D1,Restricted learned delay / forced degenerate ramps,20260722,0.11249999999999993,0.4144499897956848,0.3116172902181216
D1,Restricted learned delay / forced degenerate ramps,20260722,0.12,0.41449272632598877,0.31237973811629965
D1,Restricted learned delay / forced degenerate ramps,20260722,0.12749999999999995,0.41453543305397034,0.3131398888200634
D1,Restricted learned delay / forced degenerate ramps,20260722,0.135,0.41457808017730713,0.3138976088463088
D1,Restricted learned delay / forced degenerate ramps,20260722,0.14249999999999996,0.41462066769599915,0.3146527664853151
D1,Restricted learned delay / forced degenerate ramps,20260722,0.1499999999999999,0.4146632254123688,0.31540523188748604
D1,Restricted learned delay / forced degenerate ramps,20260722,0.15749999999999997,0.414705753326416,0.31615487714727075
D1,Restricted learned delay / forced degenerate ramps,20260722,0.16499999999999992,0.4147481620311737,0.31690157638415994
D1,Restricted learned delay / forced degenerate ramps,20260722,0.1725,0.4147905707359314,0.31764520582065875
D1,Restricted learned delay / forced degenerate ramps,20260722,0.17999999999999994,0.4148329198360443,0.31838564385714535
D1,Restricted learned delay / forced degenerate ramps,20260722,0.1875,0.41487520933151245,0.31912277114353355
D1,Restricted learned delay / forced degenerate ramps,20260722,0.19499999999999995,0.4149174392223358,0.31985647064766337
D1,Restricted learned delay / forced degenerate ramps,20260722,0.2025,0.414959579706192,0.3205866277203531
D1,Restricted learned delay / forced degenerate ramps,20260722,0.20999999999999996,0.4150017201900482,0.32131313015705354
D1,Restricted learned delay / forced degenerate ramps,20260722,0.21749999999999992,0.41504377126693726,0.3220358682560529
D1,Restricted learned delay / forced degenerate ramps,20260722,0.22499999999999998,0.4150857925415039,0.32275473487319
D1,Restricted learned delay / forced degenerate ramps,20260722,0.23249999999999993,0.41512778401374817,0.32346962547304
D1,Restricted learned delay / forced degenerate ramps,20260722,0.24,0.4151696562767029,0.3241804381765448
D1,Restricted learned delay / forced degenerate ramps,20260722,0.24749999999999994,0.4152114987373352,0.3248870738050702
D1,Restricted learned delay / forced degenerate ramps,20260722,0.2549999999999999,0.41525331139564514,0.3255894359208763
D1,Restricted learned delay / forced degenerate ramps,20260722,0.26249999999999996,0.4152950346469879,0.3262874308639982
D1,Restricted learned delay / forced degenerate ramps,20260722,0.27,0.4153366982936859,0.3269809677855396
D1,Restricted learned delay / forced degenerate ramps,20260722,0.27749999999999986,0.4153783321380615,0.32766995867739035
D1,Restricted learned delay / forced degenerate ramps,20260722,0.2849999999999999,0.41541990637779236,0.3283543183983856
D1,Restricted learned delay / forced degenerate ramps,20260722,0.2925,0.4154614210128784,0.32903396469693
D1,Restricted learned delay / forced degenerate ramps,20260722,0.30000000000000004,0.4155028462409973,0.3297088182301206
D1,Restricted learned delay / forced degenerate ramps,20260722,0.3074999999999999,0.4155442416667938,0.33037880257940316
D1,Restricted learned delay / forced degenerate ramps,20260722,0.31499999999999995,0.41558557748794556,0.3310438442628082
D1,Restricted learned delay / forced degenerate ramps,20260722,0.3225,0.4156268537044525,0.33170387274381485
D1,Restricted learned delay / forced degenerate ramps,20260722,0.33000000000000007,0.4156680703163147,0.3323588204368989
D1,Restricted learned delay / forced degenerate ramps,20260722,0.3374999999999999,0.4157091975212097,0.3330086227098251
D1,Restricted learned delay / forced degenerate ramps,20260722,0.345,0.41575029492378235,0.3336532178827498
D1,Restricted learned delay / forced degenerate ramps,20260722,0.35250000000000004,0.4157913327217102,0.33429254722420426
D1,Restricted learned delay / forced degenerate ramps,20260722,0.3599999999999999,0.4158323109149933,0.33492655494403356
D1,Restricted learned delay / forced degenerate ramps,20260722,0.36749999999999994,0.4158731997013092,0.33555518818337016
D1,Restricted learned delay / forced degenerate ramps,20260722,0.375,0.41591405868530273,0.33617839700172464
D1,Restricted learned delay / forced degenerate ramps,20260722,0.38250000000000006,0.4159548580646515,0.33679613436128053
D1,Restricted learned delay / forced degenerate ramps,20260722,0.3899999999999999,0.4159955680370331,0.3374083561084815
D1,Restricted learned delay / forced degenerate ramps,20260722,0.39749999999999996,0.4160362482070923,0.33801502095300495
D1,Restricted learned delay / forced degenerate ramps,20260722,0.405,0.4160768389701843,0.33861609044421415
D1,Restricted learned delay / forced degenerate ramps,20260722,0.41249999999999987,0.4161173701286316,0.33921152894518897
D1,Restricted learned delay / forced degenerate ramps,20260722,0.41999999999999993,0.41615787148475647,0.3398013036044313
D1,Restricted learned delay / forced degenerate ramps,20260722,0.4275,0.4161982536315918,0.3403853843253474
D1,Restricted learned delay / forced degenerate ramps,20260722,0.43500000000000005,0.41623860597610474,0.34096374373360794
D1,Restricted learned delay / forced degenerate ramps,20260722,0.4424999999999999,0.4162788689136505,0.341536357142489
D1,Restricted learned delay / forced degenerate ramps,20260722,0.44999999999999996,0.4163191020488739,0.34210320251629683
D1,Restricted learned delay / forced degenerate ramps,20260722,0.4575,0.4163592457771301,0.342664260431981
D1,Restricted learned delay / forced degenerate ramps,20260722,0.46499999999999986,0.41639935970306396,0.34321951403903916
D1,Restricted learned delay / forced degenerate ramps,20260722,0.4724999999999999,0.41643935441970825,0.34376894901781785
D1,Restricted learned delay / forced degenerate ramps,20260722,0.48,0.41647931933403015,0.3443125535363132
D1,Restricted learned delay / forced degenerate ramps,20260722,0.48750000000000004,0.4165191948413849,0.3448503182055732
D1,Restricted learned delay / forced degenerate ramps,20260722,0.4949999999999999,0.41655904054641724,0.3453822360338061
D1,Restricted learned delay / forced degenerate ramps,20260722,0.5025,0.41659876704216003,0.34590830237929365
D1,Restricted learned delay / forced degenerate ramps,20260722,0.51,0.41663843393325806,0.3464285149022109
D1,Restricted learned delay / forced degenerate ramps,20260722,0.5174999999999998,0.4166780710220337,0.3469428735154505
D1,Restricted learned delay / forced degenerate ramps,20260722,0.5249999999999999,0.41671764850616455,0.3474513803345492
D1,Restricted learned delay / forced degenerate ramps,20260722,0.5325,0.41675710678100586,0.34795403962681043
D1,Restricted learned delay / forced degenerate ramps,20260722,0.54,0.4167965054512024,0.34845085775971835
D1,Restricted learned delay / forced degenerate ramps,20260722,0.5474999999999999,0.41683587431907654,0.348941843148733
D1,Restricted learned delay / forced degenerate ramps,20260722,0.5549999999999999,0.41687512397766113,0.3494270062045573
D1,Restricted learned delay / forced degenerate ramps,20260722,0.5625,0.41691434383392334,0.34990635927996133
D1,Restricted learned delay / forced degenerate ramps,20260722,0.5699999999999998,0.416953444480896,0.35037991661625
D1,Restricted learned delay / forced degenerate ramps,20260722,0.5774999999999999,0.41699254512786865,0.3508476942894551
D1,Restricted learned delay / forced degenerate ramps,20260722,0.585,0.41703152656555176,0.3513097101563318
D1,Restricted learned delay / forced degenerate ramps,20260722,0.5925,0.4170704483985901,0.3517659838002362
D1,Restricted learned delay / forced degenerate ramps,20260722,0.5999999999999999,0.41710928082466125,0.35221653647695916
D1,Restricted learned delay / forced degenerate ramps,20260722,0.6074999999999999,0.41714808344841003,0.3526613910605862
D1,Restricted learned delay / forced degenerate ramps,20260722,0.615,0.41718676686286926,0.35310057198945366
D1,Restricted learned delay / forced degenerate ramps,20260722,0.6225,0.4172253906726837,0.35353410521226647
D1,Restricted learned delay / forced degenerate ramps,20260722,0.6299999999999999,0.4172639548778534,0.3539620181344406
D1,Restricted learned delay / forced degenerate ramps,20260722,0.6375,0.4173024296760559,0.3543843395647306
D1,Restricted learned delay / forced degenerate ramps,20260722,0.645,0.41734084486961365,0.3548010996621992
D1,Restricted learned delay / forced degenerate ramps,20260722,0.6524999999999999,0.4173791706562042,0.35521232988358425
D1,Restricted learned delay / forced degenerate ramps,20260722,0.6599999999999999,0.41741740703582764,0.3556180629311138
D1,Restricted learned delay / forced degenerate ramps,20260722,0.6675,0.41745561361312866,0.3560183327008191
D1,Restricted learned delay / forced degenerate ramps,20260722,0.675,0.4174937307834625,0.3564131742313908
D1,Restricted learned delay / forced degenerate ramps,20260722,0.6824999999999999,0.4175317585468292,0.356802623653622
D1,Restricted learned delay / forced degenerate ramps,20260722,0.69,0.41756969690322876,0.35718671814047925
D1,Restricted learned delay / forced degenerate ramps,20260722,0.6975,0.4176076054573059,0.3575654958578385
D1,Restricted learned delay / forced degenerate ramps,20260722,0.7049999999999998,0.4176453948020935,0.35793899591592165
D1,Restricted learned delay / forced degenerate ramps,20260722,0.7124999999999999,0.41768312454223633,0.3583072583214666
D1,Restricted learned delay / forced degenerate ramps,20260722,0.72,0.417720764875412,0.35867032393066073
D1,Restricted learned delay / forced degenerate ramps,20260722,0.7275,0.41775834560394287,0.35902823440286524
D1,Restricted learned delay / forced degenerate ramps,20260722,0.7349999999999999,0.4177958369255066,0.35938103215515604
D1,Restricted learned delay / forced degenerate ramps,20260722,0.7424999999999999,0.41783326864242554,0.35972876031770373
D1,Restricted learned delay / forced degenerate ramps,20260722,0.75,0.4178706109523773,0.36007146269001333
D1,Restricted learned delay / forced degenerate ramps,20260723,-0.75,0.4691735804080963,0.23992853730998662
D1,Restricted learned delay / forced degenerate ramps,20260723,-0.7425,0.46920621395111084,0.24027123968229624
D1,Restricted learned delay / forced degenerate ramps,20260723,-0.735,0.46923887729644775,0.24061896784484396
D1,Restricted learned delay / forced degenerate ramps,20260723,-0.7275,0.4692715108394623,0.24097176559713476
D1,Restricted learned delay / forced degenerate ramps,20260723,-0.72,0.4693041741847992,0.24132967606933925
D1,Restricted learned delay / forced degenerate ramps,20260723,-0.7125,0.4693368673324585,0.24169274167853338
D1,Restricted learned delay / forced degenerate ramps,20260723,-0.705,0.4693695306777954,0.24206100408407832
D1,Restricted learned delay / forced degenerate ramps,20260723,-0.6975,0.4694022238254547,0.24243450414216147
D1,Restricted learned delay / forced degenerate ramps,20260723,-0.69,0.4694349467754364,0.24281328185952072
D1,Restricted learned delay / forced degenerate ramps,20260723,-0.6825,0.4694676697254181,0.243197376346378
D1,Restricted learned delay / forced degenerate ramps,20260723,-0.675,0.4695003628730774,0.24358682576860918
D1,Restricted learned delay / forced degenerate ramps,20260723,-0.6675,0.4695330560207367,0.24398166729918083
D1,Restricted learned delay / forced degenerate ramps,20260723,-0.66,0.4695657789707184,0.24438193706888614
D1,Restricted learned delay / forced degenerate ramps,20260723,-0.6525,0.4695984721183777,0.24478767011641572
D1,Restricted learned delay / forced degenerate ramps,20260723,-0.645,0.4696311950683594,0.24519890033780076
D1,Restricted learned delay / forced degenerate ramps,20260723,-0.6375,0.4696638882160187,0.2456156604352694
D1,Restricted learned delay / forced degenerate ramps,20260723,-0.63,0.46969661116600037,0.24603798186555936
D1,Restricted learned delay / forced degenerate ramps,20260723,-0.6225,0.46972930431365967,0.2464658947877335
D1,Restricted learned delay / forced degenerate ramps,20260723,-0.615,0.4697619676589966,0.24689942801054632
D1,Restricted learned delay / forced degenerate ramps,20260723,-0.6075,0.4697946608066559,0.24733860893941376
D1,Restricted learned delay / forced degenerate ramps,20260723,-0.6,0.4698273241519928,0.2477834635230408
D1,Restricted learned delay / forced degenerate ramps,20260723,-0.5925,0.4698599874973297,0.24823401619976376
D1,Restricted learned delay / forced degenerate ramps,20260723,-0.585,0.46989262104034424,0.2486902898436682
D1,Restricted learned delay / forced degenerate ramps,20260723,-0.5775,0.4699252247810364,0.24915230571054484
D1,Restricted learned delay / forced degenerate ramps,20260723,-0.5700000000000001,0.4699578881263733,0.24962008338374994
D1,Restricted learned delay / forced degenerate ramps,20260723,-0.5625,0.46999046206474304,0.25009364072003865
D1,Restricted learned delay / forced degenerate ramps,20260723,-0.5549999999999999,0.4700230062007904,0.2505729937954427
D1,Restricted learned delay / forced degenerate ramps,20260723,-0.5475,0.47005558013916016,0.251058156851267
D1,Restricted learned delay / forced degenerate ramps,20260723,-0.54,0.4700881242752075,0.25154914224028163
D1,Restricted learned delay / forced degenerate ramps,20260723,-0.5325,0.4701206386089325,0.25204596037318955
D1,Restricted learned delay / forced degenerate ramps,20260723,-0.525,0.4701530933380127,0.2525486196654508
D1,Restricted learned delay / forced degenerate ramps,20260723,-0.5175000000000001,0.4701855480670929,0.2530571264845494
D1,Restricted learned delay / forced degenerate ramps,20260723,-0.51,0.4702179729938507,0.2535714850977891
D1,Restricted learned delay / forced degenerate ramps,20260723,-0.5025,0.4702503979206085,0.2540916976207063
D1,Restricted learned delay / forced degenerate ramps,20260723,-0.495,0.47028276324272156,0.25461776396619384
D1,Restricted learned delay / forced degenerate ramps,20260723,-0.4875,0.4703151285648346,0.25514968179442676
D1,Restricted learned delay / forced degenerate ramps,20260723,-0.48,0.47034740447998047,0.2556874464636868
D1,Restricted learned delay / forced degenerate ramps,20260723,-0.47250000000000003,0.47037965059280396,0.2562310509821821
D1,Restricted learned delay / forced degenerate ramps,20260723,-0.465,0.47041192650794983,0.2567804859609608
D1,Restricted learned delay / forced degenerate ramps,20260723,-0.4575,0.47044411301612854,0.257335739568019
D1,Restricted learned delay / forced degenerate ramps,20260723,-0.45,0.4704762399196625,0.2578967974837031
D1,Restricted learned delay / forced degenerate ramps,20260723,-0.4425,0.4705083966255188,0.258463642857511
D1,Restricted learned delay / forced degenerate ramps,20260723,-0.435,0.47054046392440796,0.25903625626639204
D1,Restricted learned delay / forced degenerate ramps,20260723,-0.4275,0.4705725312232971,0.2596146156746526
D1,Restricted learned delay / forced degenerate ramps,20260723,-0.42000000000000004,0.4706045091152191,0.2601986963955687
D1,Restricted learned delay / forced degenerate ramps,20260723,-0.41250000000000003,0.4706364572048187,0.260788471054811
D1,Restricted learned delay / forced degenerate ramps,20260723,-0.405,0.47066834568977356,0.26138390955578583
D1,Restricted learned delay / forced degenerate ramps,20260723,-0.3975,0.4707001745700836,0.261984979046995
D1,Restricted learned delay / forced degenerate ramps,20260723,-0.39,0.4707320034503937,0.26259164389151846
D1,Restricted learned delay / forced degenerate ramps,20260723,-0.3825,0.47076380252838135,0.26320386563871945
D1,Restricted learned delay / forced degenerate ramps,20260723,-0.375,0.4707954525947571,0.26382160299827534
D1,Restricted learned delay / forced degenerate ramps,20260723,-0.3675,0.4708271324634552,0.2644448118166298
D1,Restricted learned delay / forced degenerate ramps,20260723,-0.36,0.47085875272750854,0.2650734450559664
D1,Restricted learned delay / forced degenerate ramps,20260723,-0.35250000000000004,0.4708902835845947,0.2657074527757957
D1,Restricted learned delay / forced degenerate ramps,20260723,-0.34500000000000003,0.4709217846393585,0.26634678211725016
D1,Restricted learned delay / forced degenerate ramps,20260723,-0.3375,0.47095316648483276,0.26699137729017486
D1,Restricted learned delay / forced degenerate ramps,20260723,-0.33,0.4709845185279846,0.2676411795631011
D1,Restricted learned delay / forced degenerate ramps,20260723,-0.3225,0.4710158705711365,0.2682961272561851
D1,Restricted learned delay / forced degenerate ramps,20260723,-0.315,0.4710471034049988,0.2689561557371918
D1,Restricted learned delay / forced degenerate ramps,20260723,-0.3075,0.4710783064365387,0.2696211974205968
D1,Restricted learned delay / forced degenerate ramps,20260723,-0.30000000000000004,0.47110944986343384,0.2702911817698794
D1,Restricted learned delay / forced degenerate ramps,20260723,-0.29250000000000004,0.47114047408103943,0.27096603530306995
D1,Restricted learned delay / forced degenerate ramps,20260723,-0.28500000000000003,0.47117146849632263,0.2716456816016144
D1,Restricted learned delay / forced degenerate ramps,20260723,-0.2775,0.47120243310928345,0.2723300413226096
D1,Restricted learned delay / forced degenerate ramps,20260723,-0.27,0.4712332785129547,0.2730190322144604
D1,Restricted learned delay / forced degenerate ramps,20260723,-0.2625,0.4712640643119812,0.2737125691360018
D1,Restricted learned delay / forced degenerate ramps,20260723,-0.255,0.4712947905063629,0.2744105640791237
D1,Restricted learned delay / forced degenerate ramps,20260723,-0.24750000000000005,0.47132545709609985,0.2751129261949298
D1,Restricted learned delay / forced degenerate ramps,20260723,-0.24,0.47135603427886963,0.2758195618234552
D1,Restricted learned delay / forced degenerate ramps,20260723,-0.23250000000000004,0.47138652205467224,0.27653037452696
D1,Restricted learned delay / forced degenerate ramps,20260723,-0.22499999999999998,0.47141698002815247,0.27724526512680997
D1,Restricted learned delay / forced degenerate ramps,20260723,-0.21750000000000003,0.4714473485946655,0.2779641317439471
D1,Restricted learned delay / forced degenerate ramps,20260723,-0.20999999999999996,0.4714776277542114,0.27868686984294644
D1,Restricted learned delay / forced degenerate ramps,20260723,-0.2025,0.47150784730911255,0.27941337227964685
D1,Restricted learned delay / forced degenerate ramps,20260723,-0.19500000000000006,0.4715379476547241,0.2801435293523366
D1,Restricted learned delay / forced degenerate ramps,20260723,-0.1875,0.4715680181980133,0.28087722885646643
D1,Restricted learned delay / forced degenerate ramps,20260723,-0.18000000000000005,0.47159796953201294,0.2816143561428546
D1,Restricted learned delay / forced degenerate ramps,20260723,-0.1725,0.4716278910636902,0.28235479417934123
D1,Restricted learned delay / forced degenerate ramps,20260723,-0.16500000000000004,0.4716576933860779,0.28309842361584003
D1,Restricted learned delay / forced degenerate ramps,20260723,-0.15749999999999997,0.4716874063014984,0.2838451228527292
D1,Restricted learned delay / forced degenerate ramps,20260723,-0.15000000000000002,0.4717170298099518,0.28459476811251394
D1,Restricted learned delay / forced degenerate ramps,20260723,-0.14250000000000007,0.47174662351608276,0.28534723351468483
D1,Restricted learned delay / forced degenerate ramps,20260723,-0.135,0.4717760980129242,0.2861023911536912
D1,Restricted learned delay / forced degenerate ramps,20260723,-0.12750000000000006,0.47180548310279846,0.2868601111799366
D1,Restricted learned delay / forced degenerate ramps,20260723,-0.12,0.47183477878570557,0.2876202618837003
D1,Restricted learned delay / forced degenerate ramps,20260723,-0.11250000000000004,0.4718639850616455,0.28838270978187835
D1,Restricted learned delay / forced degenerate ramps,20260723,-0.10499999999999998,0.4718931019306183,0.28914731970743135
D1,Restricted learned delay / forced degenerate ramps,20260723,-0.09750000000000003,0.4719221591949463,0.2899139549014202
D1,Restricted learned delay / forced degenerate ramps,20260723,-0.09000000000000008,0.47195109724998474,0.29068247710750234
D1,Restricted learned delay / forced degenerate ramps,20260723,-0.08250000000000002,0.47197994589805603,0.29145274666875687
D1,Restricted learned delay / forced degenerate ramps,20260723,-0.07500000000000007,0.47200873494148254,0.2922246226266985
D1,Restricted learned delay / forced degenerate ramps,20260723,-0.0675,0.4720374047756195,0.2929979628223361
D1,Restricted learned delay / forced degenerate ramps,20260723,-0.06000000000000005,0.4720659852027893,0.2937726239991255
D1,Restricted learned delay / forced degenerate ramps,20260723,-0.05249999999999999,0.47209450602531433,0.2945484619076617
D1,Restricted learned delay / forced degenerate ramps,20260723,-0.04500000000000004,0.4721228778362274,0.2953253314119491
D1,Restricted learned delay / forced degenerate ramps,20260723,-0.03749999999999998,0.4721511900424957,0.29610308659708684
D1,Restricted learned delay / forced degenerate ramps,20260723,-0.030000000000000027,0.4721793830394745,0.29688158087820066
D1,Restricted learned delay / forced degenerate ramps,20260723,-0.022500000000000075,0.47220751643180847,0.29766066711044903
D1,Restricted learned delay / forced degenerate ramps,20260723,-0.015000000000000013,0.4722355008125305,0.2984401976999299
D1,Restricted learned delay / forced degenerate ramps,20260723,-0.007500000000000062,0.4722634553909302,0.2992200247153102
D1,Restricted learned delay / forced degenerate ramps,20260723,0.0,0.4722912907600403,0.3
D1,Restricted learned delay / forced degenerate ramps,20260723,0.007499999999999951,0.47231900691986084,0.3007799752846898
D1,Restricted learned delay / forced degenerate ramps,20260723,0.015000000000000013,0.47234663367271423,0.30155980230007007
D1,Restricted learned delay / forced degenerate ramps,20260723,0.022499999999999964,0.47237417101860046,0.30233933288955095
D1,Restricted learned delay / forced degenerate ramps,20260723,0.030000000000000027,0.47240161895751953,0.3031184191217993
D1,Restricted learned delay / forced degenerate ramps,20260723,0.03749999999999998,0.47242894768714905,0.30389691340291314
D1,Restricted learned delay / forced degenerate ramps,20260723,0.04499999999999993,0.472456157207489,0.30467466858805087
D1,Restricted learned delay / forced degenerate ramps,20260723,0.05249999999999999,0.4724832773208618,0.30545153809233827
D1,Restricted learned delay / forced degenerate ramps,20260723,0.05999999999999994,0.47251033782958984,0.30622737600087446
D1,Restricted learned delay / forced degenerate ramps,20260723,0.0675,0.47253724932670593,0.3070020371776639
D1,Restricted learned delay / forced degenerate ramps,20260723,0.07499999999999996,0.47256407141685486,0.30777537737330146
D1,Restricted learned delay / forced degenerate ramps,20260723,0.08250000000000002,0.4725908041000366,0.3085472533312431
D1,Restricted learned delay / forced degenerate ramps,20260723,0.08999999999999997,0.47261741757392883,0.30931752289249764
D1,Restricted learned delay / forced degenerate ramps,20260723,0.09749999999999992,0.4726439416408539,0.3100860450985798
D1,Restricted learned delay / forced degenerate ramps,20260723,0.10499999999999998,0.4726703464984894,0.31085268029256863
D1,Restricted learned delay / forced degenerate ramps,20260723,0.11249999999999993,0.4726966321468353,0.3116172902181216
D1,Restricted learned delay / forced degenerate ramps,20260723,0.12,0.4727228581905365,0.31237973811629965
D1,Restricted learned delay / forced degenerate ramps,20260723,0.12749999999999995,0.4727489650249481,0.3131398888200634
D1,Restricted learned delay / forced degenerate ramps,20260723,0.135,0.4727749228477478,0.3138976088463088
D1,Restricted learned delay / forced degenerate ramps,20260723,0.14249999999999996,0.4728008508682251,0.3146527664853151
D1,Restricted learned delay / forced degenerate ramps,20260723,0.1499999999999999,0.47282660007476807,0.31540523188748604
D1,Restricted learned delay / forced degenerate ramps,20260723,0.15749999999999997,0.47285231947898865,0.31615487714727075
D1,Restricted learned delay / forced degenerate ramps,20260723,0.16499999999999992,0.4728778898715973,0.31690157638415994
D1,Restricted learned delay / forced degenerate ramps,20260723,0.1725,0.4729033410549164,0.31764520582065875
D1,Restricted learned delay / forced degenerate ramps,20260723,0.17999999999999994,0.4729287028312683,0.31838564385714535
D1,Restricted learned delay / forced degenerate ramps,20260723,0.1875,0.4729539752006531,0.31912277114353355
D1,Restricted learned delay / forced degenerate ramps,20260723,0.19499999999999995,0.4729790985584259,0.31985647064766337
D1,Restricted learned delay / forced degenerate ramps,20260723,0.2025,0.47300416231155396,0.3205866277203531
D1,Restricted learned delay / forced degenerate ramps,20260723,0.20999999999999996,0.47302910685539246,0.32131313015705354
D1,Restricted learned delay / forced degenerate ramps,20260723,0.21749999999999992,0.473053902387619,0.3220358682560529
D1,Restricted learned delay / forced degenerate ramps,20260723,0.22499999999999998,0.4730786681175232,0.32275473487319
D1,Restricted learned delay / forced degenerate ramps,20260723,0.23249999999999993,0.47310325503349304,0.32346962547304
D1,Restricted learned delay / forced degenerate ramps,20260723,0.24,0.4731277525424957,0.3241804381765448
D1,Restricted learned delay / forced degenerate ramps,20260723,0.24749999999999994,0.47315216064453125,0.3248870738050702
D1,Restricted learned delay / forced degenerate ramps,20260723,0.2549999999999999,0.4731764495372772,0.3255894359208763
D1,Restricted learned delay / forced degenerate ramps,20260723,0.26249999999999996,0.47320064902305603,0.3262874308639982
D1,Restricted learned delay / forced degenerate ramps,20260723,0.27,0.4732246994972229,0.3269809677855396
D1,Restricted learned delay / forced degenerate ramps,20260723,0.27749999999999986,0.473248690366745,0.32766995867739035
D1,Restricted learned delay / forced degenerate ramps,20260723,0.2849999999999999,0.47327253222465515,0.3283543183983856
D1,Restricted learned delay / forced degenerate ramps,20260723,0.2925,0.47329625487327576,0.32903396469693
D1,Restricted learned delay / forced degenerate ramps,20260723,0.30000000000000004,0.4733198881149292,0.3297088182301206
D1,Restricted learned delay / forced degenerate ramps,20260723,0.3074999999999999,0.47334346175193787,0.33037880257940316
D1,Restricted learned delay / forced degenerate ramps,20260723,0.31499999999999995,0.4733668863773346,0.3310438442628082
D1,Restricted learned delay / forced degenerate ramps,20260723,0.3225,0.4733901917934418,0.33170387274381485
D1,Restricted learned delay / forced degenerate ramps,20260723,0.33000000000000007,0.4734134078025818,0.3323588204368989
D1,Restricted learned delay / forced degenerate ramps,20260723,0.3374999999999999,0.47343650460243225,0.3330086227098251
D1,Restricted learned delay / forced degenerate ramps,20260723,0.345,0.47345951199531555,0.3336532178827498
D1,Restricted learned delay / forced degenerate ramps,20260723,0.35250000000000004,0.4734824001789093,0.33429254722420426
D1,Restricted learned delay / forced degenerate ramps,20260723,0.3599999999999999,0.4735051393508911,0.33492655494403356
D1,Restricted learned delay / forced degenerate ramps,20260723,0.36749999999999994,0.47352781891822815,0.33555518818337016
D1,Restricted learned delay / forced degenerate ramps,20260723,0.375,0.473550409078598,0.33617839700172464
D1,Restricted learned delay / forced degenerate ramps,20260723,0.38250000000000006,0.47357288002967834,0.33679613436128053
D1,Restricted learned delay / forced degenerate ramps,20260723,0.3899999999999999,0.47359520196914673,0.3374083561084815
D1,Restricted learned delay / forced degenerate ramps,20260723,0.39749999999999996,0.47361746430397034,0.33801502095300495
D1,Restricted learned delay / forced degenerate ramps,20260723,0.405,0.473639577627182,0.33861609044421415
D1,Restricted learned delay / forced degenerate ramps,20260723,0.41249999999999987,0.4736615717411041,0.33921152894518897
D1,Restricted learned delay / forced degenerate ramps,20260723,0.41999999999999993,0.47368350625038147,0.3398013036044313
D1,Restricted learned delay / forced degenerate ramps,20260723,0.4275,0.47370532155036926,0.3403853843253474
D1,Restricted learned delay / forced degenerate ramps,20260723,0.43500000000000005,0.4737270474433899,0.34096374373360794
D1,Restricted learned delay / forced degenerate ramps,20260723,0.4424999999999999,0.4737485945224762,0.341536357142489
D1,Restricted learned delay / forced degenerate ramps,20260723,0.44999999999999996,0.4737700819969177,0.34210320251629683
D1,Restricted learned delay / forced degenerate ramps,20260723,0.4575,0.4737914800643921,0.342664260431981
D1,Restricted learned delay / forced degenerate ramps,20260723,0.46499999999999986,0.4738127589225769,0.34321951403903916
D1,Restricted learned delay / forced degenerate ramps,20260723,0.4724999999999999,0.47383391857147217,0.34376894901781785
D1,Restricted learned delay / forced degenerate ramps,20260723,0.48,0.4738549590110779,0.3443125535363132
D1,Restricted learned delay / forced degenerate ramps,20260723,0.48750000000000004,0.4738759398460388,0.3448503182055732
D1,Restricted learned delay / forced degenerate ramps,20260723,0.4949999999999999,0.4738968014717102,0.3453822360338061
D1,Restricted learned delay / forced degenerate ramps,20260723,0.5025,0.47391751408576965,0.34590830237929365
D1,Restricted learned delay / forced degenerate ramps,20260723,0.51,0.4739381968975067,0.3464285149022109
D1,Restricted learned delay / forced degenerate ramps,20260723,0.5174999999999998,0.47395870089530945,0.3469428735154505
D1,Restricted learned delay / forced degenerate ramps,20260723,0.5249999999999999,0.4739791452884674,0.3474513803345492
D1,Restricted learned delay / forced degenerate ramps,20260723,0.5325,0.4739995002746582,0.34795403962681043
D1,Restricted learned delay / forced degenerate ramps,20260723,0.54,0.47401970624923706,0.34845085775971835
D1,Restricted learned delay / forced degenerate ramps,20260723,0.5474999999999999,0.47403982281684875,0.348941843148733
D1,Restricted learned delay / forced degenerate ramps,20260723,0.5549999999999999,0.4740598499774933,0.3494270062045573
D1,Restricted learned delay / forced degenerate ramps,20260723,0.5625,0.47407975792884827,0.34990635927996133
D1,Restricted learned delay / forced degenerate ramps,20260723,0.5699999999999998,0.4740995764732361,0.35037991661625
D1,Restricted learned delay / forced degenerate ramps,20260723,0.5774999999999999,0.47411927580833435,0.3508476942894551
D1,Restricted learned delay / forced degenerate ramps,20260723,0.585,0.47413888573646545,0.3513097101563318
D1,Restricted learned delay / forced degenerate ramps,20260723,0.5925,0.4741583466529846,0.3517659838002362
D1,Restricted learned delay / forced degenerate ramps,20260723,0.5999999999999999,0.474177747964859,0.35221653647695916
D1,Restricted learned delay / forced degenerate ramps,20260723,0.6074999999999999,0.4741970896720886,0.3526613910605862
D1,Restricted learned delay / forced degenerate ramps,20260723,0.615,0.4742162823677063,0.35310057198945366
D1,Restricted learned delay / forced degenerate ramps,20260723,0.6225,0.4742353856563568,0.35353410521226647
D1,Restricted learned delay / forced degenerate ramps,20260723,0.6299999999999999,0.4742543697357178,0.3539620181344406
D1,Restricted learned delay / forced degenerate ramps,20260723,0.6375,0.4742732644081116,0.3543843395647306
D1,Restricted learned delay / forced degenerate ramps,20260723,0.645,0.4742920398712158,0.3548010996621992
D1,Restricted learned delay / forced degenerate ramps,20260723,0.6524999999999999,0.4743107557296753,0.35521232988358425
D1,Restricted learned delay / forced degenerate ramps,20260723,0.6599999999999999,0.4743293523788452,0.3556180629311138
D1,Restricted learned delay / forced degenerate ramps,20260723,0.6675,0.4743478298187256,0.3560183327008191
D1,Restricted learned delay / forced degenerate ramps,20260723,0.675,0.4743662178516388,0.3564131742313908
D1,Restricted learned delay / forced degenerate ramps,20260723,0.6824999999999999,0.4743845462799072,0.356802623653622
D1,Restricted learned delay / forced degenerate ramps,20260723,0.69,0.4744027554988861,0.35718671814047925
D1,Restricted learned delay / forced degenerate ramps,20260723,0.6975,0.47442084550857544,0.3575654958578385
D1,Restricted learned delay / forced degenerate ramps,20260723,0.7049999999999998,0.4744388461112976,0.35793899591592165
D1,Restricted learned delay / forced degenerate ramps,20260723,0.7124999999999999,0.4744567275047302,0.3583072583214666
D1,Restricted learned delay / forced degenerate ramps,20260723,0.72,0.47447454929351807,0.35867032393066073
D1,Restricted learned delay / forced degenerate ramps,20260723,0.7275,0.47449225187301636,0.35902823440286524
D1,Restricted learned delay / forced degenerate ramps,20260723,0.7349999999999999,0.4745098650455475,0.35938103215515604
D1,Restricted learned delay / forced degenerate ramps,20260723,0.7424999999999999,0.47452741861343384,0.35972876031770373
D1,Restricted learned delay / forced degenerate ramps,20260723,0.75,0.47454482316970825,0.36007146269001333
D2,Restricted fixed wrong delay / forced degenerate ramps,20260719,-0.75,0.46000000834465027,0.23992853730998662
D2,Restricted fixed wrong delay / forced degenerate ramps,20260719,-0.7425,0.46000000834465027,0.24027123968229624
D2,Restricted fixed wrong delay / forced degenerate ramps,20260719,-0.735,0.46000000834465027,0.24061896784484396
D2,Restricted fixed wrong delay / forced degenerate ramps,20260719,-0.7275,0.46000000834465027,0.24097176559713476
D2,Restricted fixed wrong delay / forced degenerate ramps,20260719,-0.72,0.46000000834465027,0.24132967606933925
D2,Restricted fixed wrong delay / forced degenerate ramps,20260719,-0.7125,0.46000000834465027,0.24169274167853338
D2,Restricted fixed wrong delay / forced degenerate ramps,20260719,-0.705,0.46000000834465027,0.24206100408407832
D2,Restricted fixed wrong delay / forced degenerate ramps,20260719,-0.6975,0.46000000834465027,0.24243450414216147
D2,Restricted fixed wrong delay / forced degenerate ramps,20260719,-0.69,0.46000000834465027,0.24281328185952072
D2,Restricted fixed wrong delay / forced degenerate ramps,20260719,-0.6825,0.46000000834465027,0.243197376346378
D2,Restricted fixed wrong delay / forced degenerate ramps,20260719,-0.675,0.46000000834465027,0.24358682576860918
D2,Restricted fixed wrong delay / forced degenerate ramps,20260719,-0.6675,0.46000000834465027,0.24398166729918083
D2,Restricted fixed wrong delay / forced degenerate ramps,20260719,-0.66,0.46000000834465027,0.24438193706888614
D2,Restricted fixed wrong delay / forced degenerate ramps,20260719,-0.6525,0.46000000834465027,0.24478767011641572
D2,Restricted fixed wrong delay / forced degenerate ramps,20260719,-0.645,0.46000000834465027,0.24519890033780076
D2,Restricted fixed wrong delay / forced degenerate ramps,20260719,-0.6375,0.46000000834465027,0.2456156604352694
D2,Restricted fixed wrong delay / forced degenerate ramps,20260719,-0.63,0.46000000834465027,0.24603798186555936
D2,Restricted fixed wrong delay / forced degenerate ramps,20260719,-0.6225,0.46000000834465027,0.2464658947877335
D2,Restricted fixed wrong delay / forced degenerate ramps,20260719,-0.615,0.46000000834465027,0.24689942801054632
D2,Restricted fixed wrong delay / forced degenerate ramps,20260719,-0.6075,0.46000000834465027,0.24733860893941376
D2,Restricted fixed wrong delay / forced degenerate ramps,20260719,-0.6,0.46000000834465027,0.2477834635230408
D2,Restricted fixed wrong delay / forced degenerate ramps,20260719,-0.5925,0.46000000834465027,0.24823401619976376
D2,Restricted fixed wrong delay / forced degenerate ramps,20260719,-0.585,0.46000000834465027,0.2486902898436682
D2,Restricted fixed wrong delay / forced degenerate ramps,20260719,-0.5775,0.46000000834465027,0.24915230571054484
D2,Restricted fixed wrong delay / forced degenerate ramps,20260719,-0.5700000000000001,0.46000000834465027,0.24962008338374994
D2,Restricted fixed wrong delay / forced degenerate ramps,20260719,-0.5625,0.46000000834465027,0.25009364072003865
D2,Restricted fixed wrong delay / forced degenerate ramps,20260719,-0.5549999999999999,0.46000000834465027,0.2505729937954427
D2,Restricted fixed wrong delay / forced degenerate ramps,20260719,-0.5475,0.46000000834465027,0.251058156851267
D2,Restricted fixed wrong delay / forced degenerate ramps,20260719,-0.54,0.46000000834465027,0.25154914224028163
D2,Restricted fixed wrong delay / forced degenerate ramps,20260719,-0.5325,0.46000000834465027,0.25204596037318955
D2,Restricted fixed wrong delay / forced degenerate ramps,20260719,-0.525,0.46000000834465027,0.2525486196654508
D2,Restricted fixed wrong delay / forced degenerate ramps,20260719,-0.5175000000000001,0.46000000834465027,0.2530571264845494
D2,Restricted fixed wrong delay / forced degenerate ramps,20260719,-0.51,0.46000000834465027,0.2535714850977891
D2,Restricted fixed wrong delay / forced degenerate ramps,20260719,-0.5025,0.46000000834465027,0.2540916976207063
D2,Restricted fixed wrong delay / forced degenerate ramps,20260719,-0.495,0.46000000834465027,0.25461776396619384
D2,Restricted fixed wrong delay / forced degenerate ramps,20260719,-0.4875,0.46000000834465027,0.25514968179442676
D2,Restricted fixed wrong delay / forced degenerate ramps,20260719,-0.48,0.46000000834465027,0.2556874464636868
D2,Restricted fixed wrong delay / forced degenerate ramps,20260719,-0.47250000000000003,0.46000000834465027,0.2562310509821821
D2,Restricted fixed wrong delay / forced degenerate ramps,20260719,-0.465,0.46000000834465027,0.2567804859609608
D2,Restricted fixed wrong delay / forced degenerate ramps,20260719,-0.4575,0.46000000834465027,0.257335739568019
D2,Restricted fixed wrong delay / forced degenerate ramps,20260719,-0.45,0.46000000834465027,0.2578967974837031
D2,Restricted fixed wrong delay / forced degenerate ramps,20260719,-0.4425,0.46000000834465027,0.258463642857511
D2,Restricted fixed wrong delay / forced degenerate ramps,20260719,-0.435,0.46000000834465027,0.25903625626639204
D2,Restricted fixed wrong delay / forced degenerate ramps,20260719,-0.4275,0.46000000834465027,0.2596146156746526
D2,Restricted fixed wrong delay / forced degenerate ramps,20260719,-0.42000000000000004,0.46000000834465027,0.2601986963955687
D2,Restricted fixed wrong delay / forced degenerate ramps,20260719,-0.41250000000000003,0.46000000834465027,0.260788471054811
D2,Restricted fixed wrong delay / forced degenerate ramps,20260719,-0.405,0.46000000834465027,0.26138390955578583
D2,Restricted fixed wrong delay / forced degenerate ramps,20260719,-0.3975,0.46000000834465027,0.261984979046995
D2,Restricted fixed wrong delay / forced degenerate ramps,20260719,-0.39,0.46000000834465027,0.26259164389151846
D2,Restricted fixed wrong delay / forced degenerate ramps,20260719,-0.3825,0.46000000834465027,0.26320386563871945
D2,Restricted fixed wrong delay / forced degenerate ramps,20260719,-0.375,0.46000000834465027,0.26382160299827534
D2,Restricted fixed wrong delay / forced degenerate ramps,20260719,-0.3675,0.46000000834465027,0.2644448118166298
D2,Restricted fixed wrong delay / forced degenerate ramps,20260719,-0.36,0.46000000834465027,0.2650734450559664
D2,Restricted fixed wrong delay / forced degenerate ramps,20260719,-0.35250000000000004,0.46000000834465027,0.2657074527757957
D2,Restricted fixed wrong delay / forced degenerate ramps,20260719,-0.34500000000000003,0.46000000834465027,0.26634678211725016
D2,Restricted fixed wrong delay / forced degenerate ramps,20260719,-0.3375,0.46000000834465027,0.26699137729017486
D2,Restricted fixed wrong delay / forced degenerate ramps,20260719,-0.33,0.46000000834465027,0.2676411795631011
D2,Restricted fixed wrong delay / forced degenerate ramps,20260719,-0.3225,0.46000000834465027,0.2682961272561851
D2,Restricted fixed wrong delay / forced degenerate ramps,20260719,-0.315,0.46000000834465027,0.2689561557371918
D2,Restricted fixed wrong delay / forced degenerate ramps,20260719,-0.3075,0.46000000834465027,0.2696211974205968
D2,Restricted fixed wrong delay / forced degenerate ramps,20260719,-0.30000000000000004,0.46000000834465027,0.2702911817698794
D2,Restricted fixed wrong delay / forced degenerate ramps,20260719,-0.29250000000000004,0.46000000834465027,0.27096603530306995
D2,Restricted fixed wrong delay / forced degenerate ramps,20260719,-0.28500000000000003,0.46000000834465027,0.2716456816016144
D2,Restricted fixed wrong delay / forced degenerate ramps,20260719,-0.2775,0.46000000834465027,0.2723300413226096
D2,Restricted fixed wrong delay / forced degenerate ramps,20260719,-0.27,0.46000000834465027,0.2730190322144604
D2,Restricted fixed wrong delay / forced degenerate ramps,20260719,-0.2625,0.46000000834465027,0.2737125691360018
D2,Restricted fixed wrong delay / forced degenerate ramps,20260719,-0.255,0.46000000834465027,0.2744105640791237
D2,Restricted fixed wrong delay / forced degenerate ramps,20260719,-0.24750000000000005,0.46000000834465027,0.2751129261949298
D2,Restricted fixed wrong delay / forced degenerate ramps,20260719,-0.24,0.46000000834465027,0.2758195618234552
D2,Restricted fixed wrong delay / forced degenerate ramps,20260719,-0.23250000000000004,0.46000000834465027,0.27653037452696
D2,Restricted fixed wrong delay / forced degenerate ramps,20260719,-0.22499999999999998,0.46000000834465027,0.27724526512680997
D2,Restricted fixed wrong delay / forced degenerate ramps,20260719,-0.21750000000000003,0.46000000834465027,0.2779641317439471
D2,Restricted fixed wrong delay / forced degenerate ramps,20260719,-0.20999999999999996,0.46000000834465027,0.27868686984294644
D2,Restricted fixed wrong delay / forced degenerate ramps,20260719,-0.2025,0.46000000834465027,0.27941337227964685
D2,Restricted fixed wrong delay / forced degenerate ramps,20260719,-0.19500000000000006,0.46000000834465027,0.2801435293523366
D2,Restricted fixed wrong delay / forced degenerate ramps,20260719,-0.1875,0.46000000834465027,0.28087722885646643
D2,Restricted fixed wrong delay / forced degenerate ramps,20260719,-0.18000000000000005,0.46000000834465027,0.2816143561428546
D2,Restricted fixed wrong delay / forced degenerate ramps,20260719,-0.1725,0.46000000834465027,0.28235479417934123
D2,Restricted fixed wrong delay / forced degenerate ramps,20260719,-0.16500000000000004,0.46000000834465027,0.28309842361584003
D2,Restricted fixed wrong delay / forced degenerate ramps,20260719,-0.15749999999999997,0.46000000834465027,0.2838451228527292
D2,Restricted fixed wrong delay / forced degenerate ramps,20260719,-0.15000000000000002,0.46000000834465027,0.28459476811251394
D2,Restricted fixed wrong delay / forced degenerate ramps,20260719,-0.14250000000000007,0.46000000834465027,0.28534723351468483
D2,Restricted fixed wrong delay / forced degenerate ramps,20260719,-0.135,0.46000000834465027,0.2861023911536912
D2,Restricted fixed wrong delay / forced degenerate ramps,20260719,-0.12750000000000006,0.46000000834465027,0.2868601111799366
D2,Restricted fixed wrong delay / forced degenerate ramps,20260719,-0.12,0.46000000834465027,0.2876202618837003
D2,Restricted fixed wrong delay / forced degenerate ramps,20260719,-0.11250000000000004,0.46000000834465027,0.28838270978187835
D2,Restricted fixed wrong delay / forced degenerate ramps,20260719,-0.10499999999999998,0.46000000834465027,0.28914731970743135
D2,Restricted fixed wrong delay / forced degenerate ramps,20260719,-0.09750000000000003,0.46000000834465027,0.2899139549014202
D2,Restricted fixed wrong delay / forced degenerate ramps,20260719,-0.09000000000000008,0.46000000834465027,0.29068247710750234
D2,Restricted fixed wrong delay / forced degenerate ramps,20260719,-0.08250000000000002,0.46000000834465027,0.29145274666875687
D2,Restricted fixed wrong delay / forced degenerate ramps,20260719,-0.07500000000000007,0.46000000834465027,0.2922246226266985
D2,Restricted fixed wrong delay / forced degenerate ramps,20260719,-0.0675,0.46000000834465027,0.2929979628223361
D2,Restricted fixed wrong delay / forced degenerate ramps,20260719,-0.06000000000000005,0.46000000834465027,0.2937726239991255
D2,Restricted fixed wrong delay / forced degenerate ramps,20260719,-0.05249999999999999,0.46000000834465027,0.2945484619076617
D2,Restricted fixed wrong delay / forced degenerate ramps,20260719,-0.04500000000000004,0.46000000834465027,0.2953253314119491
D2,Restricted fixed wrong delay / forced degenerate ramps,20260719,-0.03749999999999998,0.46000000834465027,0.29610308659708684
D2,Restricted fixed wrong delay / forced degenerate ramps,20260719,-0.030000000000000027,0.46000000834465027,0.29688158087820066
D2,Restricted fixed wrong delay / forced degenerate ramps,20260719,-0.022500000000000075,0.46000000834465027,0.29766066711044903
D2,Restricted fixed wrong delay / forced degenerate ramps,20260719,-0.015000000000000013,0.46000000834465027,0.2984401976999299
D2,Restricted fixed wrong delay / forced degenerate ramps,20260719,-0.007500000000000062,0.46000000834465027,0.2992200247153102
D2,Restricted fixed wrong delay / forced degenerate ramps,20260719,0.0,0.46000000834465027,0.3
D2,Restricted fixed wrong delay / forced degenerate ramps,20260719,0.007499999999999951,0.46000000834465027,0.3007799752846898
D2,Restricted fixed wrong delay / forced degenerate ramps,20260719,0.015000000000000013,0.46000000834465027,0.30155980230007007
D2,Restricted fixed wrong delay / forced degenerate ramps,20260719,0.022499999999999964,0.46000000834465027,0.30233933288955095
D2,Restricted fixed wrong delay / forced degenerate ramps,20260719,0.030000000000000027,0.46000000834465027,0.3031184191217993
D2,Restricted fixed wrong delay / forced degenerate ramps,20260719,0.03749999999999998,0.46000000834465027,0.30389691340291314
D2,Restricted fixed wrong delay / forced degenerate ramps,20260719,0.04499999999999993,0.46000000834465027,0.30467466858805087
D2,Restricted fixed wrong delay / forced degenerate ramps,20260719,0.05249999999999999,0.46000000834465027,0.30545153809233827
D2,Restricted fixed wrong delay / forced degenerate ramps,20260719,0.05999999999999994,0.46000000834465027,0.30622737600087446
D2,Restricted fixed wrong delay / forced degenerate ramps,20260719,0.0675,0.46000000834465027,0.3070020371776639
D2,Restricted fixed wrong delay / forced degenerate ramps,20260719,0.07499999999999996,0.46000000834465027,0.30777537737330146
D2,Restricted fixed wrong delay / forced degenerate ramps,20260719,0.08250000000000002,0.46000000834465027,0.3085472533312431
D2,Restricted fixed wrong delay / forced degenerate ramps,20260719,0.08999999999999997,0.46000000834465027,0.30931752289249764
D2,Restricted fixed wrong delay / forced degenerate ramps,20260719,0.09749999999999992,0.46000000834465027,0.3100860450985798
D2,Restricted fixed wrong delay / forced degenerate ramps,20260719,0.10499999999999998,0.46000000834465027,0.31085268029256863
D2,Restricted fixed wrong delay / forced degenerate ramps,20260719,0.11249999999999993,0.46000000834465027,0.3116172902181216
D2,Restricted fixed wrong delay / forced degenerate ramps,20260719,0.12,0.46000000834465027,0.31237973811629965
D2,Restricted fixed wrong delay / forced degenerate ramps,20260719,0.12749999999999995,0.46000000834465027,0.3131398888200634
D2,Restricted fixed wrong delay / forced degenerate ramps,20260719,0.135,0.46000000834465027,0.3138976088463088
D2,Restricted fixed wrong delay / forced degenerate ramps,20260719,0.14249999999999996,0.46000000834465027,0.3146527664853151
D2,Restricted fixed wrong delay / forced degenerate ramps,20260719,0.1499999999999999,0.46000000834465027,0.31540523188748604
D2,Restricted fixed wrong delay / forced degenerate ramps,20260719,0.15749999999999997,0.46000000834465027,0.31615487714727075
D2,Restricted fixed wrong delay / forced degenerate ramps,20260719,0.16499999999999992,0.46000000834465027,0.31690157638415994
D2,Restricted fixed wrong delay / forced degenerate ramps,20260719,0.1725,0.46000000834465027,0.31764520582065875
D2,Restricted fixed wrong delay / forced degenerate ramps,20260719,0.17999999999999994,0.46000000834465027,0.31838564385714535
D2,Restricted fixed wrong delay / forced degenerate ramps,20260719,0.1875,0.46000000834465027,0.31912277114353355
D2,Restricted fixed wrong delay / forced degenerate ramps,20260719,0.19499999999999995,0.46000000834465027,0.31985647064766337
D2,Restricted fixed wrong delay / forced degenerate ramps,20260719,0.2025,0.46000000834465027,0.3205866277203531
D2,Restricted fixed wrong delay / forced degenerate ramps,20260719,0.20999999999999996,0.46000000834465027,0.32131313015705354
D2,Restricted fixed wrong delay / forced degenerate ramps,20260719,0.21749999999999992,0.46000000834465027,0.3220358682560529
D2,Restricted fixed wrong delay / forced degenerate ramps,20260719,0.22499999999999998,0.46000000834465027,0.32275473487319
D2,Restricted fixed wrong delay / forced degenerate ramps,20260719,0.23249999999999993,0.46000000834465027,0.32346962547304
D2,Restricted fixed wrong delay / forced degenerate ramps,20260719,0.24,0.46000000834465027,0.3241804381765448
D2,Restricted fixed wrong delay / forced degenerate ramps,20260719,0.24749999999999994,0.46000000834465027,0.3248870738050702
D2,Restricted fixed wrong delay / forced degenerate ramps,20260719,0.2549999999999999,0.46000000834465027,0.3255894359208763
D2,Restricted fixed wrong delay / forced degenerate ramps,20260719,0.26249999999999996,0.46000000834465027,0.3262874308639982
D2,Restricted fixed wrong delay / forced degenerate ramps,20260719,0.27,0.46000000834465027,0.3269809677855396
D2,Restricted fixed wrong delay / forced degenerate ramps,20260719,0.27749999999999986,0.46000000834465027,0.32766995867739035
D2,Restricted fixed wrong delay / forced degenerate ramps,20260719,0.2849999999999999,0.46000000834465027,0.3283543183983856
D2,Restricted fixed wrong delay / forced degenerate ramps,20260719,0.2925,0.46000000834465027,0.32903396469693
D2,Restricted fixed wrong delay / forced degenerate ramps,20260719,0.30000000000000004,0.46000000834465027,0.3297088182301206
D2,Restricted fixed wrong delay / forced degenerate ramps,20260719,0.3074999999999999,0.46000000834465027,0.33037880257940316
D2,Restricted fixed wrong delay / forced degenerate ramps,20260719,0.31499999999999995,0.46000000834465027,0.3310438442628082
D2,Restricted fixed wrong delay / forced degenerate ramps,20260719,0.3225,0.46000000834465027,0.33170387274381485
D2,Restricted fixed wrong delay / forced degenerate ramps,20260719,0.33000000000000007,0.46000000834465027,0.3323588204368989
D2,Restricted fixed wrong delay / forced degenerate ramps,20260719,0.3374999999999999,0.46000000834465027,0.3330086227098251
D2,Restricted fixed wrong delay / forced degenerate ramps,20260719,0.345,0.46000000834465027,0.3336532178827498
D2,Restricted fixed wrong delay / forced degenerate ramps,20260719,0.35250000000000004,0.46000000834465027,0.33429254722420426
D2,Restricted fixed wrong delay / forced degenerate ramps,20260719,0.3599999999999999,0.46000000834465027,0.33492655494403356
D2,Restricted fixed wrong delay / forced degenerate ramps,20260719,0.36749999999999994,0.46000000834465027,0.33555518818337016
D2,Restricted fixed wrong delay / forced degenerate ramps,20260719,0.375,0.46000000834465027,0.33617839700172464
D2,Restricted fixed wrong delay / forced degenerate ramps,20260719,0.38250000000000006,0.46000000834465027,0.33679613436128053
D2,Restricted fixed wrong delay / forced degenerate ramps,20260719,0.3899999999999999,0.46000000834465027,0.3374083561084815
D2,Restricted fixed wrong delay / forced degenerate ramps,20260719,0.39749999999999996,0.46000000834465027,0.33801502095300495
D2,Restricted fixed wrong delay / forced degenerate ramps,20260719,0.405,0.46000000834465027,0.33861609044421415
D2,Restricted fixed wrong delay / forced degenerate ramps,20260719,0.41249999999999987,0.46000000834465027,0.33921152894518897
D2,Restricted fixed wrong delay / forced degenerate ramps,20260719,0.41999999999999993,0.46000000834465027,0.3398013036044313
D2,Restricted fixed wrong delay / forced degenerate ramps,20260719,0.4275,0.46000000834465027,0.3403853843253474
D2,Restricted fixed wrong delay / forced degenerate ramps,20260719,0.43500000000000005,0.46000000834465027,0.34096374373360794
D2,Restricted fixed wrong delay / forced degenerate ramps,20260719,0.4424999999999999,0.46000000834465027,0.341536357142489
D2,Restricted fixed wrong delay / forced degenerate ramps,20260719,0.44999999999999996,0.46000000834465027,0.34210320251629683
D2,Restricted fixed wrong delay / forced degenerate ramps,20260719,0.4575,0.46000000834465027,0.342664260431981
D2,Restricted fixed wrong delay / forced degenerate ramps,20260719,0.46499999999999986,0.46000000834465027,0.34321951403903916
D2,Restricted fixed wrong delay / forced degenerate ramps,20260719,0.4724999999999999,0.46000000834465027,0.34376894901781785
D2,Restricted fixed wrong delay / forced degenerate ramps,20260719,0.48,0.46000000834465027,0.3443125535363132
D2,Restricted fixed wrong delay / forced degenerate ramps,20260719,0.48750000000000004,0.46000000834465027,0.3448503182055732
D2,Restricted fixed wrong delay / forced degenerate ramps,20260719,0.4949999999999999,0.46000000834465027,0.3453822360338061
D2,Restricted fixed wrong delay / forced degenerate ramps,20260719,0.5025,0.46000000834465027,0.34590830237929365
D2,Restricted fixed wrong delay / forced degenerate ramps,20260719,0.51,0.46000000834465027,0.3464285149022109
D2,Restricted fixed wrong delay / forced degenerate ramps,20260719,0.5174999999999998,0.46000000834465027,0.3469428735154505
D2,Restricted fixed wrong delay / forced degenerate ramps,20260719,0.5249999999999999,0.46000000834465027,0.3474513803345492
D2,Restricted fixed wrong delay / forced degenerate ramps,20260719,0.5325,0.46000000834465027,0.34795403962681043
D2,Restricted fixed wrong delay / forced degenerate ramps,20260719,0.54,0.46000000834465027,0.34845085775971835
D2,Restricted fixed wrong delay / forced degenerate ramps,20260719,0.5474999999999999,0.46000000834465027,0.348941843148733
D2,Restricted fixed wrong delay / forced degenerate ramps,20260719,0.5549999999999999,0.46000000834465027,0.3494270062045573
D2,Restricted fixed wrong delay / forced degenerate ramps,20260719,0.5625,0.46000000834465027,0.34990635927996133
D2,Restricted fixed wrong delay / forced degenerate ramps,20260719,0.5699999999999998,0.46000000834465027,0.35037991661625
D2,Restricted fixed wrong delay / forced degenerate ramps,20260719,0.5774999999999999,0.46000000834465027,0.3508476942894551
D2,Restricted fixed wrong delay / forced degenerate ramps,20260719,0.585,0.46000000834465027,0.3513097101563318
D2,Restricted fixed wrong delay / forced degenerate ramps,20260719,0.5925,0.46000000834465027,0.3517659838002362
D2,Restricted fixed wrong delay / forced degenerate ramps,20260719,0.5999999999999999,0.46000000834465027,0.35221653647695916
D2,Restricted fixed wrong delay / forced degenerate ramps,20260719,0.6074999999999999,0.46000000834465027,0.3526613910605862
D2,Restricted fixed wrong delay / forced degenerate ramps,20260719,0.615,0.46000000834465027,0.35310057198945366
D2,Restricted fixed wrong delay / forced degenerate ramps,20260719,0.6225,0.46000000834465027,0.35353410521226647
D2,Restricted fixed wrong delay / forced degenerate ramps,20260719,0.6299999999999999,0.46000000834465027,0.3539620181344406
D2,Restricted fixed wrong delay / forced degenerate ramps,20260719,0.6375,0.46000000834465027,0.3543843395647306
D2,Restricted fixed wrong delay / forced degenerate ramps,20260719,0.645,0.46000000834465027,0.3548010996621992
D2,Restricted fixed wrong delay / forced degenerate ramps,20260719,0.6524999999999999,0.46000000834465027,0.35521232988358425
D2,Restricted fixed wrong delay / forced degenerate ramps,20260719,0.6599999999999999,0.46000000834465027,0.3556180629311138
D2,Restricted fixed wrong delay / forced degenerate ramps,20260719,0.6675,0.46000000834465027,0.3560183327008191
D2,Restricted fixed wrong delay / forced degenerate ramps,20260719,0.675,0.46000000834465027,0.3564131742313908
D2,Restricted fixed wrong delay / forced degenerate ramps,20260719,0.6824999999999999,0.46000000834465027,0.356802623653622
D2,Restricted fixed wrong delay / forced degenerate ramps,20260719,0.69,0.46000000834465027,0.35718671814047925
D2,Restricted fixed wrong delay / forced degenerate ramps,20260719,0.6975,0.46000000834465027,0.3575654958578385
D2,Restricted fixed wrong delay / forced degenerate ramps,20260719,0.7049999999999998,0.46000000834465027,0.35793899591592165
D2,Restricted fixed wrong delay / forced degenerate ramps,20260719,0.7124999999999999,0.46000000834465027,0.3583072583214666
D2,Restricted fixed wrong delay / forced degenerate ramps,20260719,0.72,0.46000000834465027,0.35867032393066073
D2,Restricted fixed wrong delay / forced degenerate ramps,20260719,0.7275,0.46000000834465027,0.35902823440286524
D2,Restricted fixed wrong delay / forced degenerate ramps,20260719,0.7349999999999999,0.46000000834465027,0.35938103215515604
D2,Restricted fixed wrong delay / forced degenerate ramps,20260719,0.7424999999999999,0.46000000834465027,0.35972876031770373
D2,Restricted fixed wrong delay / forced degenerate ramps,20260719,0.75,0.46000000834465027,0.36007146269001333
