config_id,label,seed,state,learned_delay,true_delay
P0,Oracle restricted,20260719,-0.75,0.23992854356765747,0.23992853730998662
P0,Oracle restricted,20260719,-0.7425,0.24027125537395477,0.24027123968229624
P0,Oracle restricted,20260719,-0.735,0.2406189739704132,0.24061896784484396
P0,Oracle restricted,20260719,-0.7275,0.24097177386283875,0.24097176559713476
P0,Oracle restricted,20260719,-0.72,0.24132968485355377,0.24132967606933925
P0,Oracle restricted,20260719,-0.7125,0.24169275164604187,0.24169274167853338
P0,Oracle restricted,20260719,-0.705,0.24206101894378662,0.24206100408407832
P0,Oracle restricted,20260719,-0.6975,0.2424345165491104,0.24243450414216147
P0,Oracle restricted,20260719,-0.69,0.24281328916549683,0.24281328185952072
P0,Oracle restricted,20260719,-0.6825,0.24319739639759064,0.243197376346378
P0,Oracle restricted,20260719,-0.675,0.24358683824539185,0.24358682576860918
P0,Oracle restricted,20260719,-0.6675,0.24398167431354523,0.24398166729918083
P0,Oracle restricted,20260719,-0.66,0.24438194930553436,0.24438193706888614
P0,Oracle restricted,20260719,-0.6525,0.24478769302368164,0.24478767011641572
P0,Oracle restricted,20260719,-0.645,0.24519892036914825,0.24519890033780076
P0,Oracle restricted,20260719,-0.6375,0.24561567604541779,0.2456156604352694
P0,Oracle restricted,20260719,-0.63,0.24603798985481262,0.24603798186555936
P0,Oracle restricted,20260719,-0.6225,0.24646590650081635,0.2464658947877335
P0,Oracle restricted,20260719,-0.615,0.24689944088459015,0.24689942801054632
P0,Oracle restricted,20260719,-0.6075,0.24733862280845642,0.24733860893941376
P0,Oracle restricted,20260719,-0.6,0.24778348207473755,0.2477834635230408
P0,Oracle restricted,20260719,-0.5925,0.24823403358459473,0.24823401619976376
P0,Oracle restricted,20260719,-0.585,0.24869030714035034,0.2486902898436682
P0,Oracle restricted,20260719,-0.5775,0.2491523176431656,0.24915230571054484
P0,Oracle restricted,20260719,-0.5700000000000001,0.24962009489536285,0.24962008338374994
P0,Oracle restricted,20260719,-0.5625,0.25009363889694214,0.25009364072003865
P0,Oracle restricted,20260719,-0.5549999999999999,0.2505730092525482,0.2505729937954427
P0,Oracle restricted,20260719,-0.5475,0.2510581612586975,0.251058156851267
P0,Oracle restricted,20260719,-0.54,0.2515491545200348,0.25154914224028163
P0,Oracle restricted,20260719,-0.5325,0.25204598903656006,0.25204596037318955
P0,Oracle restricted,20260719,-0.525,0.2525486350059509,0.2525486196654508
P0,Oracle restricted,20260719,-0.5175000000000001,0.2530571520328522,0.2530571264845494
P0,Oracle restricted,20260719,-0.51,0.2535715103149414,0.2535714850977891
P0,Oracle restricted,20260719,-0.5025,0.25409170985221863,0.2540916976207063
P0,Oracle restricted,20260719,-0.495,0.2546177804470062,0.25461776396619384
P0,Oracle restricted,20260719,-0.4875,0.2551496922969818,0.25514968179442676
P0,Oracle restricted,20260719,-0.48,0.2556874752044678,0.2556874464636868
P0,Oracle restricted,20260719,-0.47250000000000003,0.25623106956481934,0.2562310509821821
P0,Oracle restricted,20260719,-0.465,0.2567805051803589,0.2567804859609608
P0,Oracle restricted,20260719,-0.4575,0.25733575224876404,0.257335739568019
P0,Oracle restricted,20260719,-0.45,0.2578968107700348,0.2578967974837031
P0,Oracle restricted,20260719,-0.4425,0.25846365094184875,0.258463642857511
P0,Oracle restricted,20260719,-0.435,0.25903627276420593,0.25903625626639204
P0,Oracle restricted,20260719,-0.4275,0.25961461663246155,0.2596146156746526
P0,Oracle restricted,20260719,-0.42000000000000004,0.260198712348938,0.2601986963955687
P0,Oracle restricted,20260719,-0.41250000000000003,0.2607885003089905,0.260788471054811
P0,Oracle restricted,20260719,-0.405,0.26138392090797424,0.26138390955578583
P0,Oracle restricted,20260719,-0.3975,0.26198500394821167,0.261984979046995
P0,Oracle restricted,20260719,-0.39,0.2625916600227356,0.26259164389151846
P0,Oracle restricted,20260719,-0.3825,0.263203889131546,0.26320386563871945
P0,Oracle restricted,20260719,-0.375,0.2638216018676758,0.26382160299827534
P0,Oracle restricted,20260719,-0.3675,0.26444482803344727,0.2644448118166298
P0,Oracle restricted,20260719,-0.36,0.2650734484195709,0.2650734450559664
P0,Oracle restricted,20260719,-0.35250000000000004,0.26570746302604675,0.2657074527757957
P0,Oracle restricted,20260719,-0.34500000000000003,0.26634681224823,0.26634678211725016
P0,Oracle restricted,20260719,-0.3375,0.26699137687683105,0.26699137729017486
P0,Oracle restricted,20260719,-0.33,0.26764118671417236,0.2676411795631011
P0,Oracle restricted,20260719,-0.3225,0.26829615235328674,0.2682961272561851
P0,Oracle restricted,20260719,-0.315,0.26895618438720703,0.2689561557371918
P0,Oracle restricted,20260719,-0.3075,0.26962122321128845,0.2696211974205968
P0,Oracle restricted,20260719,-0.30000000000000004,0.27029117941856384,0.2702911817698794
P0,Oracle restricted,20260719,-0.29250000000000004,0.2709660530090332,0.27096603530306995
P0,Oracle restricted,20260719,-0.28500000000000003,0.2716456949710846,0.2716456816016144
P0,Oracle restricted,20260719,-0.2775,0.27233004570007324,0.2723300413226096
P0,Oracle restricted,20260719,-0.27,0.27301904559135437,0.2730190322144604
P0,Oracle restricted,20260719,-0.2625,0.2737125754356384,0.2737125691360018
P0,Oracle restricted,20260719,-0.255,0.27441057562828064,0.2744105640791237
P0,Oracle restricted,20260719,-0.24750000000000005,0.27511292695999146,0.2751129261949298
P0,Oracle restricted,20260719,-0.24,0.2758195698261261,0.2758195618234552
P0,Oracle restricted,20260719,-0.23250000000000004,0.276530385017395,0.27653037452696
P0,Oracle restricted,20260719,-0.22499999999999998,0.27724528312683105,0.27724526512680997
P0,Oracle restricted,20260719,-0.21750000000000003,0.27796414494514465,0.2779641317439471
P0,Oracle restricted,20260719,-0.20999999999999996,0.27868688106536865,0.27868686984294644
P0,Oracle restricted,20260719,-0.2025,0.2794133722782135,0.27941337227964685
P0,Oracle restricted,20260719,-0.19500000000000006,0.28014352917671204,0.2801435293523366
P0,Oracle restricted,20260719,-0.1875,0.2808772325515747,0.28087722885646643
P0,Oracle restricted,20260719,-0.18000000000000005,0.28161436319351196,0.2816143561428546
P0,Oracle restricted,20260719,-0.1725,0.28235480189323425,0.28235479417934123
P0,Oracle restricted,20260719,-0.16500000000000004,0.283098429441452,0.28309842361584003
P0,Oracle restricted,20260719,-0.15749999999999997,0.28384512662887573,0.2838451228527292
P0,Oracle restricted,20260719,-0.15000000000000002,0.2845947742462158,0.28459476811251394
P0,Oracle restricted,20260719,-0.14250000000000007,0.28534725308418274,0.28534723351468483
P0,Oracle restricted,20260719,-0.135,0.28610241413116455,0.2861023911536912
P0,Oracle restricted,20260719,-0.12750000000000006,0.2868601381778717,0.2868601111799366
P0,Oracle restricted,20260719,-0.12,0.28762027621269226,0.2876202618837003
P0,Oracle restricted,20260719,-0.11250000000000004,0.28838270902633667,0.28838270978187835
P0,Oracle restricted,20260719,-0.10499999999999998,0.28914734721183777,0.28914731970743135
P0,Oracle restricted,20260719,-0.09750000000000003,0.28991398215293884,0.2899139549014202
P0,Oracle restricted,20260719,-0.09000000000000008,0.29068249464035034,0.29068247710750234
P0,Oracle restricted,20260719,-0.08250000000000002,0.2914527654647827,0.29145274666875687
P0,Oracle restricted,20260719,-0.07500000000000007,0.292224645614624,0.2922246226266985
P0,Oracle restricted,20260719,-0.0675,0.29299798607826233,0.2929979628223361
P0,Oracle restricted,20260719,-0.06000000000000005,0.2937726378440857,0.2937726239991255
P0,Oracle restricted,20260719,-0.05249999999999999,0.29454848170280457,0.2945484619076617
P0,Oracle restricted,20260719,-0.04500000000000004,0.2953253388404846,0.2953253314119491
P0,Oracle restricted,20260719,-0.03749999999999998,0.2961030900478363,0.29610308659708684
P0,Oracle restricted,20260719,-0.030000000000000027,0.2968815863132477,0.29688158087820066
P0,Oracle restricted,20260719,-0.022500000000000075,0.2976606786251068,0.29766066711044903
P0,Oracle restricted,20260719,-0.015000000000000013,0.29844021797180176,0.2984401976999299
P0,Oracle restricted,20260719,-0.007500000000000062,0.2992200255393982,0.2992200247153102
P0,Oracle restricted,20260719,0.0,0.30000001192092896,0.3
P0,Oracle restricted,20260719,0.007499999999999951,0.3007799983024597,0.3007799752846898
P0,Oracle restricted,20260719,0.015000000000000013,0.30155980587005615,0.30155980230007007
P0,Oracle restricted,20260719,0.022499999999999964,0.3023393452167511,0.30233933288955095
P0,Oracle restricted,20260719,0.030000000000000027,0.30311843752861023,0.3031184191217993
P0,Oracle restricted,20260719,0.03749999999999998,0.3038969337940216,0.30389691340291314
P0,Oracle restricted,20260719,0.04499999999999993,0.3046746850013733,0.30467466858805087
P0,Oracle restricted,20260719,0.05249999999999999,0.30545154213905334,0.30545153809233827
P0,Oracle restricted,20260719,0.05999999999999994,0.3062273859977722,0.30622737600087446
P0,Oracle restricted,20260719,0.0675,0.3070020377635956,0.3070020371776639
P0,Oracle restricted,20260719,0.07499999999999996,0.3077753782272339,0.30777537737330146
P0,Oracle restricted,20260719,0.08250000000000002,0.3085472583770752,0.3085472533312431
P0,Oracle restricted,20260719,0.08999999999999997,0.30931752920150757,0.30931752289249764
P0,Oracle restricted,20260719,0.09749999999999992,0.31008604168891907,0.3100860450985798
P0,Oracle restricted,20260719,0.10499999999999998,0.31085267663002014,0.31085268029256863
P0,Oracle restricted,20260719,0.11249999999999993,0.31161731481552124,0.3116172902181216
P0,Oracle restricted,20260719,0.12,0.31237974762916565,0.31237973811629965
P0,Oracle restricted,20260719,0.12749999999999995,0.3131398856639862,0.3131398888200634
P0,Oracle restricted,20260719,0.135,0.31389760971069336,0.3138976088463088
P0,Oracle restricted,20260719,0.14249999999999996,0.31465277075767517,0.3146527664853151
P0,Oracle restricted,20260719,0.1499999999999999,0.3154052495956421,0.31540523188748604
P0,Oracle restricted,20260719,0.15749999999999997,0.3161548972129822,0.31615487714727075
P0,Oracle restricted,20260719,0.16499999999999992,0.3169015944004059,0.31690157638415994
P0,Oracle restricted,20260719,0.1725,0.31764522194862366,0.31764520582065875
P0,Oracle restricted,20260719,0.17999999999999994,0.31838566064834595,0.31838564385714535
P0,Oracle restricted,20260719,0.1875,0.3191227912902832,0.31912277114353355
P0,Oracle restricted,20260719,0.19499999999999995,0.3198564946651459,0.31985647064766337
P0,Oracle restricted,20260719,0.2025,0.3205866515636444,0.3205866277203531
P0,Oracle restricted,20260719,0.20999999999999996,0.32131314277648926,0.32131313015705354
P0,Oracle restricted,20260719,0.21749999999999992,0.32203587889671326,0.3220358682560529
P0,Oracle restricted,20260719,0.22499999999999998,0.32275474071502686,0.32275473487319
P0,Oracle restricted,20260719,0.23249999999999993,0.3234696388244629,0.32346962547304
P0,Oracle restricted,20260719,0.24,0.3241804540157318,0.3241804381765448
P0,Oracle restricted,20260719,0.24749999999999994,0.32488709688186646,0.3248870738050702
P0,Oracle restricted,20260719,0.2549999999999999,0.32558944821357727,0.3255894359208763
P0,Oracle restricted,20260719,0.26249999999999996,0.3262874484062195,0.3262874308639982
P0,Oracle restricted,20260719,0.27,0.32698097825050354,0.3269809677855396
P0,Oracle restricted,20260719,0.27749999999999986,0.32766997814178467,0.32766995867739035
P0,Oracle restricted,20260719,0.2849999999999999,0.3283543288707733,0.3283543183983856
P0,Oracle restricted,20260719,0.2925,0.3290339708328247,0.32903396469693
P0,Oracle restricted,20260719,0.30000000000000004,0.32970884442329407,0.3297088182301206
P0,Oracle restricted,20260719,0.3074999999999999,0.33037880063056946,0.33037880257940316
P0,Oracle restricted,20260719,0.31499999999999995,0.3310438394546509,0.3310438442628082
P0,Oracle restricted,20260719,0.3225,0.33170387148857117,0.33170387274381485
P0,Oracle restricted,20260719,0.33000000000000007,0.33235883712768555,0.3323588204368989
P0,Oracle restricted,20260719,0.3374999999999999,0.33300864696502686,0.3330086227098251
P0,Oracle restricted,20260719,0.345,0.33365321159362793,0.3336532178827498
P0,Oracle restricted,20260719,0.35250000000000004,0.33429256081581116,0.33429254722420426
P0,Oracle restricted,20260719,0.3599999999999999,0.334926575422287,0.33492655494403356
P0,Oracle restricted,20260719,0.36749999999999994,0.33555519580841064,0.33555518818337016
P0,Oracle restricted,20260719,0.375,0.33617842197418213,0.33617839700172464
P0,Oracle restricted,20260719,0.38250000000000006,0.3367961347103119,0.33679613436128053
P0,Oracle restricted,20260719,0.3899999999999999,0.3374083638191223,0.3374083561084815
P0,Oracle restricted,20260719,0.39749999999999996,0.33801501989364624,0.33801502095300495
P0,Oracle restricted,20260719,0.405,0.33861610293388367,0.33861609044421415
P0,Oracle restricted,20260719,0.41249999999999987,0.33921152353286743,0.33921152894518897
P0,Oracle restricted,20260719,0.41999999999999993,0.3398013114929199,0.3398013036044313
P0,Oracle restricted,20260719,0.4275,0.34038540720939636,0.3403853843253474
P0,Oracle restricted,20260719,0.43500000000000005,0.340963751077652,0.34096374373360794
P0,Oracle restricted,20260719,0.4424999999999999,0.34153637290000916,0.341536357142489
P0,Oracle restricted,20260719,0.44999999999999996,0.3421032130718231,0.34210320251629683
P0,Oracle restricted,20260719,0.4575,0.34266427159309387,0.342664260431981
P0,Oracle restricted,20260719,0.46499999999999986,0.343219518661499,0.34321951403903916
P0,Oracle restricted,20260719,0.4724999999999999,0.3437689542770386,0.34376894901781785
P0,Oracle restricted,20260719,0.48,0.34431254863739014,0.3443125535363132
P0,Oracle restricted,20260719,0.48750000000000004,0.3448503315448761,0.3448503182055732
P0,Oracle restricted,20260719,0.4949999999999999,0.3453822433948517,0.3453822360338061
P0,Oracle restricted,20260719,0.5025,0.3459083139896393,0.34590830237929365
P0,Oracle restricted,20260719,0.51,0.3464285135269165,0.3464285149022109
P0,Oracle restricted,20260719,0.5174999999999998,0.34694287180900574,0.3469428735154505
P0,Oracle restricted,20260719,0.5249999999999999,0.347451388835907,0.3474513803345492
P0,Oracle restricted,20260719,0.5325,0.34795403480529785,0.34795403962681043
P0,Oracle restricted,20260719,0.54,0.3484508693218231,0.34845085775971835
P0,Oracle restricted,20260719,0.5474999999999999,0.3489418625831604,0.348941843148733
P0,Oracle restricted,20260719,0.5549999999999999,0.3494270145893097,0.3494270062045573
P0,Oracle restricted,20260719,0.5625,0.34990638494491577,0.34990635927996133
P0,Oracle restricted,20260719,0.5699999999999998,0.35037991404533386,0.35037991661625
P0,Oracle restricted,20260719,0.5774999999999999,0.35084769129753113,0.3508476942894551
P0,Oracle restricted,20260719,0.585,0.35130971670150757,0.3513097101563318
P0,Oracle restricted,20260719,0.5925,0.3517659902572632,0.3517659838002362
P0,Oracle restricted,20260719,0.5999999999999999,0.35221654176712036,0.35221653647695916
P0,Oracle restricted,20260719,0.6074999999999999,0.3526614010334015,0.3526613910605862
P0,Oracle restricted,20260719,0.615,0.35310059785842896,0.35310057198945366
P0,Oracle restricted,20260719,0.6225,0.35353410243988037,0.35353410521226647
P0,Oracle restricted,20260719,0.6299999999999999,0.3539620339870453,0.3539620181344406
P0,Oracle restricted,20260719,0.6375,0.3543843626976013,0.3543843395647306
P0,Oracle restricted,20260719,0.645,0.35480111837387085,0.3548010996621992
P0,Oracle restricted,20260719,0.6524999999999999,0.35521233081817627,0.35521232988358425
P0,Oracle restricted,20260719,0.6599999999999999,0.35561805963516235,0.3556180629311138
P0,Oracle restricted,20260719,0.6675,0.3560183346271515,0.3560183327008191
P0,Oracle restricted,20260719,0.675,0.35641318559646606,0.3564131742313908
P0,Oracle restricted,20260719,0.6824999999999999,0.35680264234542847,0.356802623653622
P0,Oracle restricted,20260719,0.69,0.3571867346763611,0.35718671814047925
P0,Oracle restricted,20260719,0.6975,0.3575654923915863,0.3575654958578385
P0,Oracle restricted,20260719,0.7049999999999998,0.3579390048980713,0.35793899591592165
P0,Oracle restricted,20260719,0.7124999999999999,0.35830727219581604,0.3583072583214666
P0,Oracle restricted,20260719,0.72,0.35867032408714294,0.35867032393066073
P0,Oracle restricted,20260719,0.7275,0.35902824997901917,0.35902823440286524
P0,Oracle restricted,20260719,0.7349999999999999,0.3593810498714447,0.35938103215515604
P0,Oracle restricted,20260719,0.7424999999999999,0.35972878336906433,0.35972876031770373
P0,Oracle restricted,20260719,0.75,0.36007148027420044,0.36007146269001333
P0,Oracle restricted,20260720,-0.75,0.23992854356765747,0.23992853730998662
P0,Oracle restricted,20260720,-0.7425,0.24027125537395477,0.24027123968229624
P0,Oracle restricted,20260720,-0.735,0.2406189739704132,0.24061896784484396
P0,Oracle restricted,20260720,-0.7275,0.24097177386283875,0.24097176559713476
P0,Oracle restricted,20260720,-0.72,0.24132968485355377,0.24132967606933925
P0,Oracle restricted,20260720,-0.7125,0.24169275164604187,0.24169274167853338
P0,Oracle restricted,20260720,-0.705,0.24206101894378662,0.24206100408407832
P0,Oracle restricted,20260720,-0.6975,0.2424345165491104,0.24243450414216147
P0,Oracle restricted,20260720,-0.69,0.24281328916549683,0.24281328185952072
P0,Oracle restricted,20260720,-0.6825,0.24319739639759064,0.243197376346378
P0,Oracle restricted,20260720,-0.675,0.24358683824539185,0.24358682576860918
P0,Oracle restricted,20260720,-0.6675,0.24398167431354523,0.24398166729918083
P0,Oracle restricted,20260720,-0.66,0.24438194930553436,0.24438193706888614
P0,Oracle restricted,20260720,-0.6525,0.24478769302368164,0.24478767011641572
P0,Oracle restricted,20260720,-0.645,0.24519892036914825,0.24519890033780076
P0,Oracle restricted,20260720,-0.6375,0.24561567604541779,0.2456156604352694
P0,Oracle restricted,20260720,-0.63,0.24603798985481262,0.24603798186555936
P0,Oracle restricted,20260720,-0.6225,0.24646590650081635,0.2464658947877335
P0,Oracle restricted,20260720,-0.615,0.24689944088459015,0.24689942801054632
P0,Oracle restricted,20260720,-0.6075,0.24733862280845642,0.24733860893941376
P0,Oracle restricted,20260720,-0.6,0.24778348207473755,0.2477834635230408
P0,Oracle restricted,20260720,-0.5925,0.24823403358459473,0.24823401619976376
P0,Oracle restricted,20260720,-0.585,0.24869030714035034,0.2486902898436682
P0,Oracle restricted,20260720,-0.5775,0.2491523176431656,0.24915230571054484
P0,Oracle restricted,20260720,-0.5700000000000001,0.24962009489536285,0.24962008338374994
P0,Oracle restricted,20260720,-0.5625,0.25009363889694214,0.25009364072003865
P0,Oracle restricted,20260720,-0.5549999999999999,0.2505730092525482,0.2505729937954427
P0,Oracle restricted,20260720,-0.5475,0.2510581612586975,0.251058156851267
P0,Oracle restricted,20260720,-0.54,0.2515491545200348,0.25154914224028163
P0,Oracle restricted,20260720,-0.5325,0.25204598903656006,0.25204596037318955
P0,Oracle restricted,20260720,-0.525,0.2525486350059509,0.2525486196654508
P0,Oracle restricted,20260720,-0.5175000000000001,0.2530571520328522,0.2530571264845494
P0,Oracle restricted,20260720,-0.51,0.2535715103149414,0.2535714850977891
P0,Oracle restricted,20260720,-0.5025,0.25409170985221863,0.2540916976207063
P0,Oracle restricted,20260720,-0.495,0.2546177804470062,0.25461776396619384
P0,Oracle restricted,20260720,-0.4875,0.2551496922969818,0.25514968179442676
P0,Oracle restricted,20260720,-0.48,0.2556874752044678,0.2556874464636868
P0,Oracle restricted,20260720,-0.47250000000000003,0.25623106956481934,0.2562310509821821
P0,Oracle restricted,20260720,-0.465,0.2567805051803589,0.2567804859609608
P0,Oracle restricted,20260720,-0.4575,0.25733575224876404,0.257335739568019
P0,Oracle restricted,20260720,-0.45,0.2578968107700348,0.2578967974837031
P0,Oracle restricted,20260720,-0.4425,0.25846365094184875,0.258463642857511
P0,Oracle restricted,20260720,-0.435,0.25903627276420593,0.25903625626639204
P0,Oracle restricted,20260720,-0.4275,0.25961461663246155,0.2596146156746526
P0,Oracle restricted,20260720,-0.42000000000000004,0.260198712348938,0.2601986963955687
P0,Oracle restricted,20260720,-0.41250000000000003,0.2607885003089905,0.260788471054811
P0,Oracle restricted,20260720,-0.405,0.26138392090797424,0.26138390955578583
P0,Oracle restricted,20260720,-0.3975,0.26198500394821167,0.261984979046995
P0,Oracle restricted,20260720,-0.39,0.2625916600227356,0.26259164389151846
P0,Oracle restricted,20260720,-0.3825,0.263203889131546,0.26320386563871945
P0,Oracle restricted,20260720,-0.375,0.2638216018676758,0.26382160299827534
P0,Oracle restricted,20260720,-0.3675,0.26444482803344727,0.2644448118166298
P0,Oracle restricted,20260720,-0.36,0.2650734484195709,0.2650734450559664
P0,Oracle restricted,20260720,-0.35250000000000004,0.26570746302604675,0.2657074527757957
P0,Oracle restricted,20260720,-0.34500000000000003,0.26634681224823,0.26634678211725016
P0,Oracle restricted,20260720,-0.3375,0.26699137687683105,0.26699137729017486
P0,Oracle restricted,20260720,-0.33,0.26764118671417236,0.2676411795631011
P0,Oracle restricted,20260720,-0.3225,0.26829615235328674,0.2682961272561851
P0,Oracle restricted,20260720,-0.315,0.26895618438720703,0.2689561557371918
P0,Oracle restricted,20260720,-0.3075,0.26962122321128845,0.2696211974205968
P0,Oracle restricted,20260720,-0.30000000000000004,0.27029117941856384,0.2702911817698794
P0,Oracle restricted,20260720,-0.29250000000000004,0.2709660530090332,0.27096603530306995
P0,Oracle restricted,20260720,-0.28500000000000003,0.2716456949710846,0.2716456816016144
P0,Oracle restricted,20260720,-0.2775,0.27233004570007324,0.2723300413226096
P0,Oracle restricted,20260720,-0.27,0.27301904559135437,0.2730190322144604
P0,Oracle restricted,20260720,-0.2625,0.2737125754356384,0.2737125691360018
P0,Oracle restricted,20260720,-0.255,0.27441057562828064,0.2744105640791237
P0,Oracle restricted,20260720,-0.24750000000000005,0.27511292695999146,0.2751129261949298
P0,Oracle restricted,20260720,-0.24,0.2758195698261261,0.2758195618234552
P0,Oracle restricted,20260720,-0.23250000000000004,0.276530385017395,0.27653037452696
P0,Oracle restricted,20260720,-0.22499999999999998,0.27724528312683105,0.27724526512680997
P0,Oracle restricted,20260720,-0.21750000000000003,0.27796414494514465,0.2779641317439471
P0,Oracle restricted,20260720,-0.20999999999999996,0.27868688106536865,0.27868686984294644
P0,Oracle restricted,20260720,-0.2025,0.2794133722782135,0.27941337227964685
P0,Oracle restricted,20260720,-0.19500000000000006,0.28014352917671204,0.2801435293523366
P0,Oracle restricted,20260720,-0.1875,0.2808772325515747,0.28087722885646643
P0,Oracle restricted,20260720,-0.18000000000000005,0.28161436319351196,0.2816143561428546
P0,Oracle restricted,20260720,-0.1725,0.28235480189323425,0.28235479417934123
P0,Oracle restricted,20260720,-0.16500000000000004,0.283098429441452,0.28309842361584003
P0,Oracle restricted,20260720,-0.15749999999999997,0.28384512662887573,0.2838451228527292
P0,Oracle restricted,20260720,-0.15000000000000002,0.2845947742462158,0.28459476811251394
P0,Oracle restricted,20260720,-0.14250000000000007,0.28534725308418274,0.28534723351468483
P0,Oracle restricted,20260720,-0.135,0.28610241413116455,0.2861023911536912
P0,Oracle restricted,20260720,-0.12750000000000006,0.2868601381778717,0.2868601111799366
P0,Oracle restricted,20260720,-0.12,0.28762027621269226,0.2876202618837003
P0,Oracle restricted,20260720,-0.11250000000000004,0.28838270902633667,0.28838270978187835
P0,Oracle restricted,20260720,-0.10499999999999998,0.28914734721183777,0.28914731970743135
P0,Oracle restricted,20260720,-0.09750000000000003,0.28991398215293884,0.2899139549014202
P0,Oracle restricted,20260720,-0.09000000000000008,0.29068249464035034,0.29068247710750234
P0,Oracle restricted,20260720,-0.08250000000000002,0.2914527654647827,0.29145274666875687
P0,Oracle restricted,20260720,-0.07500000000000007,0.292224645614624,0.2922246226266985
P0,Oracle restricted,20260720,-0.0675,0.29299798607826233,0.2929979628223361
P0,Oracle restricted,20260720,-0.06000000000000005,0.2937726378440857,0.2937726239991255
P0,Oracle restricted,20260720,-0.05249999999999999,0.29454848170280457,0.2945484619076617
P0,Oracle restricted,20260720,-0.04500000000000004,0.2953253388404846,0.2953253314119491
P0,Oracle restricted,20260720,-0.03749999999999998,0.2961030900478363,0.29610308659708684
P0,Oracle restricted,20260720,-0.030000000000000027,0.2968815863132477,0.29688158087820066
P0,Oracle restricted,20260720,-0.022500000000000075,0.2976606786251068,0.29766066711044903
P0,Oracle restricted,20260720,-0.015000000000000013,0.29844021797180176,0.2984401976999299
P0,Oracle restricted,20260720,-0.007500000000000062,0.2992200255393982,0.2992200247153102
P0,Oracle restricted,20260720,0.0,0.30000001192092896,0.3
P0,Oracle restricted,20260720,0.007499999999999951,0.3007799983024597,0.3007799752846898
P0,Oracle restricted,20260720,0.015000000000000013,0.30155980587005615,0.30155980230007007
P0,Oracle restricted,20260720,0.022499999999999964,0.3023393452167511,0.30233933288955095
P0,Oracle restricted,20260720,0.030000000000000027,0.30311843752861023,0.3031184191217993
P0,Oracle restricted,20260720,0.03749999999999998,0.3038969337940216,0.30389691340291314
P0,Oracle restricted,20260720,0.04499999999999993,0.3046746850013733,0.30467466858805087
P0,Oracle restricted,20260720,0.05249999999999999,0.30545154213905334,0.30545153809233827
P0,Oracle restricted,20260720,0.05999999999999994,0.3062273859977722,0.30622737600087446
P0,Oracle restricted,20260720,0.0675,0.3070020377635956,0.3070020371776639
P0,Oracle restricted,20260720,0.07499999999999996,0.3077753782272339,0.30777537737330146
P0,Oracle restricted,20260720,0.08250000000000002,0.3085472583770752,0.3085472533312431
P0,Oracle restricted,20260720,0.08999999999999997,0.30931752920150757,0.30931752289249764
P0,Oracle restricted,20260720,0.09749999999999992,0.31008604168891907,0.3100860450985798
P0,Oracle restricted,20260720,0.10499999999999998,0.31085267663002014,0.31085268029256863
P0,Oracle restricted,20260720,0.11249999999999993,0.31161731481552124,0.3116172902181216
P0,Oracle restricted,20260720,0.12,0.31237974762916565,0.31237973811629965
P0,Oracle restricted,20260720,0.12749999999999995,0.3131398856639862,0.3131398888200634
P0,Oracle restricted,20260720,0.135,0.31389760971069336,0.3138976088463088
P0,Oracle restricted,20260720,0.14249999999999996,0.31465277075767517,0.3146527664853151
P0,Oracle restricted,20260720,0.1499999999999999,0.3154052495956421,0.31540523188748604
P0,Oracle restricted,20260720,0.15749999999999997,0.3161548972129822,0.31615487714727075
P0,Oracle restricted,20260720,0.16499999999999992,0.3169015944004059,0.31690157638415994
P0,Oracle restricted,20260720,0.1725,0.31764522194862366,0.31764520582065875
P0,Oracle restricted,20260720,0.17999999999999994,0.31838566064834595,0.31838564385714535
P0,Oracle restricted,20260720,0.1875,0.3191227912902832,0.31912277114353355
P0,Oracle restricted,20260720,0.19499999999999995,0.3198564946651459,0.31985647064766337
P0,Oracle restricted,20260720,0.2025,0.3205866515636444,0.3205866277203531
P0,Oracle restricted,20260720,0.20999999999999996,0.32131314277648926,0.32131313015705354
P0,Oracle restricted,20260720,0.21749999999999992,0.32203587889671326,0.3220358682560529
P0,Oracle restricted,20260720,0.22499999999999998,0.32275474071502686,0.32275473487319
P0,Oracle restricted,20260720,0.23249999999999993,0.3234696388244629,0.32346962547304
P0,Oracle restricted,20260720,0.24,0.3241804540157318,0.3241804381765448
P0,Oracle restricted,20260720,0.24749999999999994,0.32488709688186646,0.3248870738050702
P0,Oracle restricted,20260720,0.2549999999999999,0.32558944821357727,0.3255894359208763
P0,Oracle restricted,20260720,0.26249999999999996,0.3262874484062195,0.3262874308639982
P0,Oracle restricted,20260720,0.27,0.32698097825050354,0.3269809677855396
P0,Oracle restricted,20260720,0.27749999999999986,0.32766997814178467,0.32766995867739035
P0,Oracle restricted,20260720,0.2849999999999999,0.3283543288707733,0.3283543183983856
P0,Oracle restricted,20260720,0.2925,0.3290339708328247,0.32903396469693
P0,Oracle restricted,20260720,0.30000000000000004,0.32970884442329407,0.3297088182301206
P0,Oracle restricted,20260720,0.3074999999999999,0.33037880063056946,0.33037880257940316
P0,Oracle restricted,20260720,0.31499999999999995,0.3310438394546509,0.3310438442628082
P0,Oracle restricted,20260720,0.3225,0.33170387148857117,0.33170387274381485
P0,Oracle restricted,20260720,0.33000000000000007,0.33235883712768555,0.3323588204368989
P0,Oracle restricted,20260720,0.3374999999999999,0.33300864696502686,0.3330086227098251
P0,Oracle restricted,20260720,0.345,0.33365321159362793,0.3336532178827498
P0,Oracle restricted,20260720,0.35250000000000004,0.33429256081581116,0.33429254722420426
P0,Oracle restricted,20260720,0.3599999999999999,0.334926575422287,0.33492655494403356
P0,Oracle restricted,20260720,0.36749999999999994,0.33555519580841064,0.33555518818337016
P0,Oracle restricted,20260720,0.375,0.33617842197418213,0.33617839700172464
P0,Oracle restricted,20260720,0.38250000000000006,0.3367961347103119,0.33679613436128053
P0,Oracle restricted,20260720,0.3899999999999999,0.3374083638191223,0.3374083561084815
P0,Oracle restricted,20260720,0.39749999999999996,0.33801501989364624,0.33801502095300495
P0,Oracle restricted,20260720,0.405,0.33861610293388367,0.33861609044421415
P0,Oracle restricted,20260720,0.41249999999999987,0.33921152353286743,0.33921152894518897
P0,Oracle restricted,20260720,0.41999999999999993,0.3398013114929199,0.3398013036044313
P0,Oracle restricted,20260720,0.4275,0.34038540720939636,0.3403853843253474
P0,Oracle restricted,20260720,0.43500000000000005,0.340963751077652,0.34096374373360794
P0,Oracle restricted,20260720,0.4424999999999999,0.34153637290000916,0.341536357142489
P0,Oracle restricted,20260720,0.44999999999999996,0.3421032130718231,0.34210320251629683
P0,Oracle restricted,20260720,0.4575,0.34266427159309387,0.342664260431981
P0,Oracle restricted,20260720,0.46499999999999986,0.343219518661499,0.34321951403903916
P0,Oracle restricted,20260720,0.4724999999999999,0.3437689542770386,0.34376894901781785
P0,Oracle restricted,20260720,0.48,0.34431254863739014,0.3443125535363132
P0,Oracle restricted,20260720,0.48750000000000004,0.3448503315448761,0.3448503182055732
P0,Oracle restricted,20260720,0.4949999999999999,0.3453822433948517,0.3453822360338061
P0,Oracle restricted,20260720,0.5025,0.3459083139896393,0.34590830237929365
P0,Oracle restricted,20260720,0.51,0.3464285135269165,0.3464285149022109
P0,Oracle restricted,20260720,0.5174999999999998,0.34694287180900574,0.3469428735154505
P0,Oracle restricted,20260720,0.5249999999999999,0.347451388835907,0.3474513803345492
P0,Oracle restricted,20260720,0.5325,0.34795403480529785,0.34795403962681043
P0,Oracle restricted,20260720,0.54,0.3484508693218231,0.34845085775971835
P0,Oracle restricted,20260720,0.5474999999999999,0.3489418625831604,0.348941843148733
P0,Oracle restricted,20260720,0.5549999999999999,0.3494270145893097,0.3494270062045573
P0,Oracle restricted,20260720,0.5625,0.34990638494491577,0.34990635927996133
P0,Oracle restricted,20260720,0.5699999999999998,0.35037991404533386,0.35037991661625
P0,Oracle restricted,20260720,0.5774999999999999,0.35084769129753113,0.3508476942894551
P0,Oracle restricted,20260720,0.585,0.35130971670150757,0.3513097101563318
P0,Oracle restricted,20260720,0.5925,0.3517659902572632,0.3517659838002362
P0,Oracle restricted,20260720,0.5999999999999999,0.35221654176712036,0.35221653647695916
P0,Oracle restricted,20260720,0.6074999999999999,0.3526614010334015,0.3526613910605862
P0,Oracle restricted,20260720,0.615,0.35310059785842896,0.35310057198945366
P0,Oracle restricted,20260720,0.6225,0.35353410243988037,0.35353410521226647
P0,Oracle restricted,20260720,0.6299999999999999,0.3539620339870453,0.3539620181344406
P0,Oracle restricted,20260720,0.6375,0.3543843626976013,0.3543843395647306
P0,Oracle restricted,20260720,0.645,0.35480111837387085,0.3548010996621992
P0,Oracle restricted,20260720,0.6524999999999999,0.35521233081817627,0.35521232988358425
P0,Oracle restricted,20260720,0.6599999999999999,0.35561805963516235,0.3556180629311138
P0,Oracle restricted,20260720,0.6675,0.3560183346271515,0.3560183327008191
P0,Oracle restricted,20260720,0.675,0.35641318559646606,0.3564131742313908
P0,Oracle restricted,20260720,0.6824999999999999,0.35680264234542847,0.356802623653622
P0,Oracle restricted,20260720,0.69,0.3571867346763611,0.35718671814047925
P0,Oracle restricted,20260720,0.6975,0.3575654923915863,0.3575654958578385
P0,Oracle restricted,20260720,0.7049999999999998,0.3579390048980713,0.35793899591592165
P0,Oracle restricted,20260720,0.7124999999999999,0.35830727219581604,0.3583072583214666
P0,Oracle restricted,20260720,0.72,0.35867032408714294,0.35867032393066073
P0,Oracle restricted,20260720,0.7275,0.35902824997901917,0.35902823440286524
P0,Oracle restricted,20260720,0.7349999999999999,0.3593810498714447,0.35938103215515604
P0,Oracle restricted,20260720,0.7424999999999999,0.35972878336906433,0.35972876031770373
P0,Oracle restricted,20260720,0.75,0.36007148027420044,0.36007146269001333
P0,Oracle restricted,20260721,-0.75,0.23992854356765747,0.23992853730998662
P0,Oracle restricted,20260721,-0.7425,0.24027125537395477,0.24027123968229624
P0,Oracle restricted,20260721,-0.735,0.2406189739704132,0.24061896784484396
P0,Oracle restricted,20260721,-0.7275,0.24097177386283875,0.24097176559713476
P0,Oracle restricted,20260721,-0.72,0.24132968485355377,0.24132967606933925
P0,Oracle restricted,20260721,-0.7125,0.24169275164604187,0.24169274167853338
P0,Oracle restricted,20260721,-0.705,0.24206101894378662,0.24206100408407832
P0,Oracle restricted,20260721,-0.6975,0.2424345165491104,0.24243450414216147
P0,Oracle restricted,20260721,-0.69,0.24281328916549683,0.24281328185952072
P0,Oracle restricted,20260721,-0.6825,0.24319739639759064,0.243197376346378
P0,Oracle restricted,20260721,-0.675,0.24358683824539185,0.24358682576860918
P0,Oracle restricted,20260721,-0.6675,0.24398167431354523,0.24398166729918083
P0,Oracle restricted,20260721,-0.66,0.24438194930553436,0.24438193706888614
P0,Oracle restricted,20260721,-0.6525,0.24478769302368164,0.24478767011641572
P0,Oracle restricted,20260721,-0.645,0.24519892036914825,0.24519890033780076
P0,Oracle restricted,20260721,-0.6375,0.24561567604541779,0.2456156604352694
P0,Oracle restricted,20260721,-0.63,0.24603798985481262,0.24603798186555936
P0,Oracle restricted,20260721,-0.6225,0.24646590650081635,0.2464658947877335
P0,Oracle restricted,20260721,-0.615,0.24689944088459015,0.24689942801054632
P0,Oracle restricted,20260721,-0.6075,0.24733862280845642,0.24733860893941376
P0,Oracle restricted,20260721,-0.6,0.24778348207473755,0.2477834635230408
P0,Oracle restricted,20260721,-0.5925,0.24823403358459473,0.24823401619976376
P0,Oracle restricted,20260721,-0.585,0.24869030714035034,0.2486902898436682
P0,Oracle restricted,20260721,-0.5775,0.2491523176431656,0.24915230571054484
P0,Oracle restricted,20260721,-0.5700000000000001,0.24962009489536285,0.24962008338374994
P0,Oracle restricted,20260721,-0.5625,0.25009363889694214,0.25009364072003865
P0,Oracle restricted,20260721,-0.5549999999999999,0.2505730092525482,0.2505729937954427
P0,Oracle restricted,20260721,-0.5475,0.2510581612586975,0.251058156851267
P0,Oracle restricted,20260721,-0.54,0.2515491545200348,0.25154914224028163
P0,Oracle restricted,20260721,-0.5325,0.25204598903656006,0.25204596037318955
P0,Oracle restricted,20260721,-0.525,0.2525486350059509,0.2525486196654508
P0,Oracle restricted,20260721,-0.5175000000000001,0.2530571520328522,0.2530571264845494
P0,Oracle restricted,20260721,-0.51,0.2535715103149414,0.2535714850977891
P0,Oracle restricted,20260721,-0.5025,0.25409170985221863,0.2540916976207063
P0,Oracle restricted,20260721,-0.495,0.2546177804470062,0.25461776396619384
P0,Oracle restricted,20260721,-0.4875,0.2551496922969818,0.25514968179442676
P0,Oracle restricted,20260721,-0.48,0.2556874752044678,0.2556874464636868
P0,Oracle restricted,20260721,-0.47250000000000003,0.25623106956481934,0.2562310509821821
P0,Oracle restricted,20260721,-0.465,0.2567805051803589,0.2567804859609608
P0,Oracle restricted,20260721,-0.4575,0.25733575224876404,0.257335739568019
P0,Oracle restricted,20260721,-0.45,0.2578968107700348,0.2578967974837031
P0,Oracle restricted,20260721,-0.4425,0.25846365094184875,0.258463642857511
P0,Oracle restricted,20260721,-0.435,0.25903627276420593,0.25903625626639204
P0,Oracle restricted,20260721,-0.4275,0.25961461663246155,0.2596146156746526
P0,Oracle restricted,20260721,-0.42000000000000004,0.260198712348938,0.2601986963955687
P0,Oracle restricted,20260721,-0.41250000000000003,0.2607885003089905,0.260788471054811
P0,Oracle restricted,20260721,-0.405,0.26138392090797424,0.26138390955578583
P0,Oracle restricted,20260721,-0.3975,0.26198500394821167,0.261984979046995
P0,Oracle restricted,20260721,-0.39,0.2625916600227356,0.26259164389151846
P0,Oracle restricted,20260721,-0.3825,0.263203889131546,0.26320386563871945
P0,Oracle restricted,20260721,-0.375,0.2638216018676758,0.26382160299827534
P0,Oracle restricted,20260721,-0.3675,0.26444482803344727,0.2644448118166298
P0,Oracle restricted,20260721,-0.36,0.2650734484195709,0.2650734450559664
P0,Oracle restricted,20260721,-0.35250000000000004,0.26570746302604675,0.2657074527757957
P0,Oracle restricted,20260721,-0.34500000000000003,0.26634681224823,0.26634678211725016
P0,Oracle restricted,20260721,-0.3375,0.26699137687683105,0.26699137729017486
P0,Oracle restricted,20260721,-0.33,0.26764118671417236,0.2676411795631011
P0,Oracle restricted,20260721,-0.3225,0.26829615235328674,0.2682961272561851
P0,Oracle restricted,20260721,-0.315,0.26895618438720703,0.2689561557371918
P0,Oracle restricted,20260721,-0.3075,0.26962122321128845,0.2696211974205968
P0,Oracle restricted,20260721,-0.30000000000000004,0.27029117941856384,0.2702911817698794
P0,Oracle restricted,20260721,-0.29250000000000004,0.2709660530090332,0.27096603530306995
P0,Oracle restricted,20260721,-0.28500000000000003,0.2716456949710846,0.2716456816016144
P0,Oracle restricted,20260721,-0.2775,0.27233004570007324,0.2723300413226096
P0,Oracle restricted,20260721,-0.27,0.27301904559135437,0.2730190322144604
P0,Oracle restricted,20260721,-0.2625,0.2737125754356384,0.2737125691360018
P0,Oracle restricted,20260721,-0.255,0.27441057562828064,0.2744105640791237
P0,Oracle restricted,20260721,-0.24750000000000005,0.27511292695999146,0.2751129261949298
P0,Oracle restricted,20260721,-0.24,0.2758195698261261,0.2758195618234552
P0,Oracle restricted,20260721,-0.23250000000000004,0.276530385017395,0.27653037452696
P0,Oracle restricted,20260721,-0.22499999999999998,0.27724528312683105,0.27724526512680997
P0,Oracle restricted,20260721,-0.21750000000000003,0.27796414494514465,0.2779641317439471
P0,Oracle restricted,20260721,-0.20999999999999996,0.27868688106536865,0.27868686984294644
P0,Oracle restricted,20260721,-0.2025,0.2794133722782135,0.27941337227964685
P0,Oracle restricted,20260721,-0.19500000000000006,0.28014352917671204,0.2801435293523366
P0,Oracle restricted,20260721,-0.1875,0.2808772325515747,0.28087722885646643
P0,Oracle restricted,20260721,-0.18000000000000005,0.28161436319351196,0.2816143561428546
P0,Oracle restricted,20260721,-0.1725,0.28235480189323425,0.28235479417934123
P0,Oracle restricted,20260721,-0.16500000000000004,0.283098429441452,0.28309842361584003
P0,Oracle restricted,20260721,-0.15749999999999997,0.28384512662887573,0.2838451228527292
P0,Oracle restricted,20260721,-0.15000000000000002,0.2845947742462158,0.28459476811251394
P0,Oracle restricted,20260721,-0.14250000000000007,0.28534725308418274,0.28534723351468483
P0,Oracle restricted,20260721,-0.135,0.28610241413116455,0.2861023911536912
P0,Oracle restricted,20260721,-0.12750000000000006,0.2868601381778717,0.2868601111799366
P0,Oracle restricted,20260721,-0.12,0.28762027621269226,0.2876202618837003
P0,Oracle restricted,20260721,-0.11250000000000004,0.28838270902633667,0.28838270978187835
P0,Oracle restricted,20260721,-0.10499999999999998,0.28914734721183777,0.28914731970743135
P0,Oracle restricted,20260721,-0.09750000000000003,0.28991398215293884,0.2899139549014202
P0,Oracle restricted,20260721,-0.09000000000000008,0.29068249464035034,0.29068247710750234
P0,Oracle restricted,20260721,-0.08250000000000002,0.2914527654647827,0.29145274666875687
P0,Oracle restricted,20260721,-0.07500000000000007,0.292224645614624,0.2922246226266985
P0,Oracle restricted,20260721,-0.0675,0.29299798607826233,0.2929979628223361
P0,Oracle restricted,20260721,-0.06000000000000005,0.2937726378440857,0.2937726239991255
P0,Oracle restricted,20260721,-0.05249999999999999,0.29454848170280457,0.2945484619076617
P0,Oracle restricted,20260721,-0.04500000000000004,0.2953253388404846,0.2953253314119491
P0,Oracle restricted,20260721,-0.03749999999999998,0.2961030900478363,0.29610308659708684
P0,Oracle restricted,20260721,-0.030000000000000027,0.2968815863132477,0.29688158087820066
P0,Oracle restricted,20260721,-0.022500000000000075,0.2976606786251068,0.29766066711044903
P0,Oracle restricted,20260721,-0.015000000000000013,0.29844021797180176,0.2984401976999299
P0,Oracle restricted,20260721,-0.007500000000000062,0.2992200255393982,0.2992200247153102
P0,Oracle restricted,20260721,0.0,0.30000001192092896,0.3
P0,Oracle restricted,20260721,0.007499999999999951,0.3007799983024597,0.3007799752846898
P0,Oracle restricted,20260721,0.015000000000000013,0.30155980587005615,0.30155980230007007
P0,Oracle restricted,20260721,0.022499999999999964,0.3023393452167511,0.30233933288955095
P0,Oracle restricted,20260721,0.030000000000000027,0.30311843752861023,0.3031184191217993
P0,Oracle restricted,20260721,0.03749999999999998,0.3038969337940216,0.30389691340291314
P0,Oracle restricted,20260721,0.04499999999999993,0.3046746850013733,0.30467466858805087
P0,Oracle restricted,20260721,0.05249999999999999,0.30545154213905334,0.30545153809233827
P0,Oracle restricted,20260721,0.05999999999999994,0.3062273859977722,0.30622737600087446
P0,Oracle restricted,20260721,0.0675,0.3070020377635956,0.3070020371776639
P0,Oracle restricted,20260721,0.07499999999999996,0.3077753782272339,0.30777537737330146
P0,Oracle restricted,20260721,0.08250000000000002,0.3085472583770752,0.3085472533312431
P0,Oracle restricted,20260721,0.08999999999999997,0.30931752920150757,0.30931752289249764
P0,Oracle restricted,20260721,0.09749999999999992,0.31008604168891907,0.3100860450985798
P0,Oracle restricted,20260721,0.10499999999999998,0.31085267663002014,0.31085268029256863
P0,Oracle restricted,20260721,0.11249999999999993,0.31161731481552124,0.3116172902181216
P0,Oracle restricted,20260721,0.12,0.31237974762916565,0.31237973811629965
P0,Oracle restricted,20260721,0.12749999999999995,0.3131398856639862,0.3131398888200634
P0,Oracle restricted,20260721,0.135,0.31389760971069336,0.3138976088463088
P0,Oracle restricted,20260721,0.14249999999999996,0.31465277075767517,0.3146527664853151
P0,Oracle restricted,20260721,0.1499999999999999,0.3154052495956421,0.31540523188748604
P0,Oracle restricted,20260721,0.15749999999999997,0.3161548972129822,0.31615487714727075
P0,Oracle restricted,20260721,0.16499999999999992,0.3169015944004059,0.31690157638415994
P0,Oracle restricted,20260721,0.1725,0.31764522194862366,0.31764520582065875
P0,Oracle restricted,20260721,0.17999999999999994,0.31838566064834595,0.31838564385714535
P0,Oracle restricted,20260721,0.1875,0.3191227912902832,0.31912277114353355
P0,Oracle restricted,20260721,0.19499999999999995,0.3198564946651459,0.31985647064766337
P0,Oracle restricted,20260721,0.2025,0.3205866515636444,0.3205866277203531
P0,Oracle restricted,20260721,0.20999999999999996,0.32131314277648926,0.32131313015705354
P0,Oracle restricted,20260721,0.21749999999999992,0.32203587889671326,0.3220358682560529
P0,Oracle restricted,20260721,0.22499999999999998,0.32275474071502686,0.32275473487319
P0,Oracle restricted,20260721,0.23249999999999993,0.3234696388244629,0.32346962547304
P0,Oracle restricted,20260721,0.24,0.3241804540157318,0.3241804381765448
P0,Oracle restricted,20260721,0.24749999999999994,0.32488709688186646,0.3248870738050702
P0,Oracle restricted,20260721,0.2549999999999999,0.32558944821357727,0.3255894359208763
P0,Oracle restricted,20260721,0.26249999999999996,0.3262874484062195,0.3262874308639982
P0,Oracle restricted,20260721,0.27,0.32698097825050354,0.3269809677855396
P0,Oracle restricted,20260721,0.27749999999999986,0.32766997814178467,0.32766995867739035
P0,Oracle restricted,20260721,0.2849999999999999,0.3283543288707733,0.3283543183983856
P0,Oracle restricted,20260721,0.2925,0.3290339708328247,0.32903396469693
P0,Oracle restricted,20260721,0.30000000000000004,0.32970884442329407,0.3297088182301206
P0,Oracle restricted,20260721,0.3074999999999999,0.33037880063056946,0.33037880257940316
P0,Oracle restricted,20260721,0.31499999999999995,0.3310438394546509,0.3310438442628082
P0,Oracle restricted,20260721,0.3225,0.33170387148857117,0.33170387274381485
P0,Oracle restricted,20260721,0.33000000000000007,0.33235883712768555,0.3323588204368989
P0,Oracle restricted,20260721,0.3374999999999999,0.33300864696502686,0.3330086227098251
P0,Oracle restricted,20260721,0.345,0.33365321159362793,0.3336532178827498
P0,Oracle restricted,20260721,0.35250000000000004,0.33429256081581116,0.33429254722420426
P0,Oracle restricted,20260721,0.3599999999999999,0.334926575422287,0.33492655494403356
P0,Oracle restricted,20260721,0.36749999999999994,0.33555519580841064,0.33555518818337016
P0,Oracle restricted,20260721,0.375,0.33617842197418213,0.33617839700172464
P0,Oracle restricted,20260721,0.38250000000000006,0.3367961347103119,0.33679613436128053
P0,Oracle restricted,20260721,0.3899999999999999,0.3374083638191223,0.3374083561084815
P0,Oracle restricted,20260721,0.39749999999999996,0.33801501989364624,0.33801502095300495
P0,Oracle restricted,20260721,0.405,0.33861610293388367,0.33861609044421415
P0,Oracle restricted,20260721,0.41249999999999987,0.33921152353286743,0.33921152894518897
P0,Oracle restricted,20260721,0.41999999999999993,0.3398013114929199,0.3398013036044313
P0,Oracle restricted,20260721,0.4275,0.34038540720939636,0.3403853843253474
P0,Oracle restricted,20260721,0.43500000000000005,0.340963751077652,0.34096374373360794
P0,Oracle restricted,20260721,0.4424999999999999,0.34153637290000916,0.341536357142489
P0,Oracle restricted,20260721,0.44999999999999996,0.3421032130718231,0.34210320251629683
P0,Oracle restricted,20260721,0.4575,0.34266427159309387,0.342664260431981
P0,Oracle restricted,20260721,0.46499999999999986,0.343219518661499,0.34321951403903916
P0,Oracle restricted,20260721,0.4724999999999999,0.3437689542770386,0.34376894901781785
P0,Oracle restricted,20260721,0.48,0.34431254863739014,0.3443125535363132
P0,Oracle restricted,20260721,0.48750000000000004,0.3448503315448761,0.3448503182055732
P0,Oracle restricted,20260721,0.4949999999999999,0.3453822433948517,0.3453822360338061
P0,Oracle restricted,20260721,0.5025,0.3459083139896393,0.34590830237929365
P0,Oracle restricted,20260721,0.51,0.3464285135269165,0.3464285149022109
P0,Oracle restricted,20260721,0.5174999999999998,0.34694287180900574,0.3469428735154505
P0,Oracle restricted,20260721,0.5249999999999999,0.347451388835907,0.3474513803345492
P0,Oracle restricted,20260721,0.5325,0.34795403480529785,0.34795403962681043
P0,Oracle restricted,20260721,0.54,0.3484508693218231,0.34845085775971835
P0,Oracle restricted,20260721,0.5474999999999999,0.3489418625831604,0.348941843148733
P0,Oracle restricted,20260721,0.5549999999999999,0.3494270145893097,0.3494270062045573
P0,Oracle restricted,20260721,0.5625,0.34990638494491577,0.34990635927996133
P0,Oracle restricted,20260721,0.5699999999999998,0.35037991404533386,0.35037991661625
P0,Oracle restricted,20260721,0.5774999999999999,0.35084769129753113,0.3508476942894551
P0,Oracle restricted,20260721,0.585,0.35130971670150757,0.3513097101563318
P0,Oracle restricted,20260721,0.5925,0.3517659902572632,0.3517659838002362
P0,Oracle restricted,20260721,0.5999999999999999,0.35221654176712036,0.35221653647695916
P0,Oracle restricted,20260721,0.6074999999999999,0.3526614010334015,0.3526613910605862
P0,Oracle restricted,20260721,0.615,0.35310059785842896,0.35310057198945366
P0,Oracle restricted,20260721,0.6225,0.35353410243988037,0.35353410521226647
P0,Oracle restricted,20260721,0.6299999999999999,0.3539620339870453,0.3539620181344406
P0,Oracle restricted,20260721,0.6375,0.3543843626976013,0.3543843395647306
P0,Oracle restricted,20260721,0.645,0.35480111837387085,0.3548010996621992
P0,Oracle restricted,20260721,0.6524999999999999,0.35521233081817627,0.35521232988358425
P0,Oracle restricted,20260721,0.6599999999999999,0.35561805963516235,0.3556180629311138
P0,Oracle restricted,20260721,0.6675,0.3560183346271515,0.3560183327008191
P0,Oracle restricted,20260721,0.675,0.35641318559646606,0.3564131742313908
P0,Oracle restricted,20260721,0.6824999999999999,0.35680264234542847,0.356802623653622
P0,Oracle restricted,20260721,0.69,0.3571867346763611,0.35718671814047925
P0,Oracle restricted,20260721,0.6975,0.3575654923915863,0.3575654958578385
P0,Oracle restricted,20260721,0.7049999999999998,0.3579390048980713,0.35793899591592165
P0,Oracle restricted,20260721,0.7124999999999999,0.35830727219581604,0.3583072583214666
P0,Oracle restricted,20260721,0.72,0.35867032408714294,0.35867032393066073
P0,Oracle restricted,20260721,0.7275,0.35902824997901917,0.35902823440286524
P0,Oracle restricted,20260721,0.7349999999999999,0.3593810498714447,0.35938103215515604
P0,Oracle restricted,20260721,0.7424999999999999,0.35972878336906433,0.35972876031770373
P0,Oracle restricted,20260721,0.75,0.36007148027420044,0.36007146269001333
P0,Oracle restricted,20260722,-0.75,0.23992854356765747,0.23992853730998662
P0,Oracle restricted,20260722,-0.7425,0.24027125537395477,0.24027123968229624
P0,Oracle restricted,20260722,-0.735,0.2406189739704132,0.24061896784484396
P0,Oracle restricted,20260722,-0.7275,0.24097177386283875,0.24097176559713476
P0,Oracle restricted,20260722,-0.72,0.24132968485355377,0.24132967606933925
P0,Oracle restricted,20260722,-0.7125,0.24169275164604187,0.24169274167853338
P0,Oracle restricted,20260722,-0.705,0.24206101894378662,0.24206100408407832
P0,Oracle restricted,20260722,-0.6975,0.2424345165491104,0.24243450414216147
P0,Oracle restricted,20260722,-0.69,0.24281328916549683,0.24281328185952072
P0,Oracle restricted,20260722,-0.6825,0.24319739639759064,0.243197376346378
P0,Oracle restricted,20260722,-0.675,0.24358683824539185,0.24358682576860918
P0,Oracle restricted,20260722,-0.6675,0.24398167431354523,0.24398166729918083
P0,Oracle restricted,20260722,-0.66,0.24438194930553436,0.24438193706888614
P0,Oracle restricted,20260722,-0.6525,0.24478769302368164,0.24478767011641572
P0,Oracle restricted,20260722,-0.645,0.24519892036914825,0.24519890033780076
P0,Oracle restricted,20260722,-0.6375,0.24561567604541779,0.2456156604352694
P0,Oracle restricted,20260722,-0.63,0.24603798985481262,0.24603798186555936
P0,Oracle restricted,20260722,-0.6225,0.24646590650081635,0.2464658947877335
P0,Oracle restricted,20260722,-0.615,0.24689944088459015,0.24689942801054632
P0,Oracle restricted,20260722,-0.6075,0.24733862280845642,0.24733860893941376
P0,Oracle restricted,20260722,-0.6,0.24778348207473755,0.2477834635230408
P0,Oracle restricted,20260722,-0.5925,0.24823403358459473,0.24823401619976376
P0,Oracle restricted,20260722,-0.585,0.24869030714035034,0.2486902898436682
P0,Oracle restricted,20260722,-0.5775,0.2491523176431656,0.24915230571054484
P0,Oracle restricted,20260722,-0.5700000000000001,0.24962009489536285,0.24962008338374994
P0,Oracle restricted,20260722,-0.5625,0.25009363889694214,0.25009364072003865
P0,Oracle restricted,20260722,-0.5549999999999999,0.2505730092525482,0.2505729937954427
P0,Oracle restricted,20260722,-0.5475,0.2510581612586975,0.251058156851267
P0,Oracle restricted,20260722,-0.54,0.2515491545200348,0.25154914224028163
P0,Oracle restricted,20260722,-0.5325,0.25204598903656006,0.25204596037318955
P0,Oracle restricted,20260722,-0.525,0.2525486350059509,0.2525486196654508
P0,Oracle restricted,20260722,-0.5175000000000001,0.2530571520328522,0.2530571264845494
P0,Oracle restricted,20260722,-0.51,0.2535715103149414,0.2535714850977891
P0,Oracle restricted,20260722,-0.5025,0.25409170985221863,0.2540916976207063
P0,Oracle restricted,20260722,-0.495,0.2546177804470062,0.25461776396619384
P0,Oracle restricted,20260722,-0.4875,0.2551496922969818,0.25514968179442676
P0,Oracle restricted,20260722,-0.48,0.2556874752044678,0.2556874464636868
P0,Oracle restricted,20260722,-0.47250000000000003,0.25623106956481934,0.2562310509821821
P0,Oracle restricted,20260722,-0.465,0.2567805051803589,0.2567804859609608
P0,Oracle restricted,20260722,-0.4575,0.25733575224876404,0.257335739568019
P0,Oracle restricted,20260722,-0.45,0.2578968107700348,0.2578967974837031
P0,Oracle restricted,20260722,-0.4425,0.25846365094184875,0.258463642857511
P0,Oracle restricted,20260722,-0.435,0.25903627276420593,0.25903625626639204
P0,Oracle restricted,20260722,-0.4275,0.25961461663246155,0.2596146156746526
P0,Oracle restricted,20260722,-0.42000000000000004,0.260198712348938,0.2601986963955687
P0,Oracle restricted,20260722,-0.41250000000000003,0.2607885003089905,0.260788471054811
P0,Oracle restricted,20260722,-0.405,0.26138392090797424,0.26138390955578583
P0,Oracle restricted,20260722,-0.3975,0.26198500394821167,0.261984979046995
P0,Oracle restricted,20260722,-0.39,0.2625916600227356,0.26259164389151846
P0,Oracle restricted,20260722,-0.3825,0.263203889131546,0.26320386563871945
P0,Oracle restricted,20260722,-0.375,0.2638216018676758,0.26382160299827534
P0,Oracle restricted,20260722,-0.3675,0.26444482803344727,0.2644448118166298
P0,Oracle restricted,20260722,-0.36,0.2650734484195709,0.2650734450559664
P0,Oracle restricted,20260722,-0.35250000000000004,0.26570746302604675,0.2657074527757957
P0,Oracle restricted,20260722,-0.34500000000000003,0.26634681224823,0.26634678211725016
P0,Oracle restricted,20260722,-0.3375,0.26699137687683105,0.26699137729017486
P0,Oracle restricted,20260722,-0.33,0.26764118671417236,0.2676411795631011
P0,Oracle restricted,20260722,-0.3225,0.26829615235328674,0.2682961272561851
P0,Oracle restricted,20260722,-0.315,0.26895618438720703,0.2689561557371918
P0,Oracle restricted,20260722,-0.3075,0.26962122321128845,0.2696211974205968
P0,Oracle restricted,20260722,-0.30000000000000004,0.27029117941856384,0.2702911817698794
P0,Oracle restricted,20260722,-0.29250000000000004,0.2709660530090332,0.27096603530306995
P0,Oracle restricted,20260722,-0.28500000000000003,0.2716456949710846,0.2716456816016144
P0,Oracle restricted,20260722,-0.2775,0.27233004570007324,0.2723300413226096
P0,Oracle restricted,20260722,-0.27,0.27301904559135437,0.2730190322144604
P0,Oracle restricted,20260722,-0.2625,0.2737125754356384,0.2737125691360018
P0,Oracle restricted,20260722,-0.255,0.27441057562828064,0.2744105640791237
P0,Oracle restricted,20260722,-0.24750000000000005,0.27511292695999146,0.2751129261949298
P0,Oracle restricted,20260722,-0.24,0.2758195698261261,0.2758195618234552
P0,Oracle restricted,20260722,-0.23250000000000004,0.276530385017395,0.27653037452696
P0,Oracle restricted,20260722,-0.22499999999999998,0.27724528312683105,0.27724526512680997
P0,Oracle restricted,20260722,-0.21750000000000003,0.27796414494514465,0.2779641317439471
P0,Oracle restricted,20260722,-0.20999999999999996,0.27868688106536865,0.27868686984294644
P0,Oracle restricted,20260722,-0.2025,0.2794133722782135,0.27941337227964685
P0,Oracle restricted,20260722,-0.19500000000000006,0.28014352917671204,0.2801435293523366
P0,Oracle restricted,20260722,-0.1875,0.2808772325515747,0.28087722885646643
P0,Oracle restricted,20260722,-0.18000000000000005,0.28161436319351196,0.2816143561428546
P0,Oracle restricted,20260722,-0.1725,0.28235480189323425,0.28235479417934123
P0,Oracle restricted,20260722,-0.16500000000000004,0.283098429441452,0.28309842361584003
P0,Oracle restricted,20260722,-0.15749999999999997,0.28384512662887573,0.2838451228527292
P0,Oracle restricted,20260722,-0.15000000000000002,0.2845947742462158,0.28459476811251394
P0,Oracle restricted,20260722,-0.14250000000000007,0.28534725308418274,0.28534723351468483
P0,Oracle restricted,20260722,-0.135,0.28610241413116455,0.2861023911536912
P0,Oracle restricted,20260722,-0.12750000000000006,0.2868601381778717,0.2868601111799366
P0,Oracle restricted,20260722,-0.12,0.28762027621269226,0.2876202618837003
P0,Oracle restricted,20260722,-0.11250000000000004,0.28838270902633667,0.28838270978187835
P0,Oracle restricted,20260722,-0.10499999999999998,0.28914734721183777,0.28914731970743135
P0,Oracle restricted,20260722,-0.09750000000000003,0.28991398215293884,0.2899139549014202
P0,Oracle restricted,20260722,-0.09000000000000008,0.29068249464035034,0.29068247710750234
P0,Oracle restricted,20260722,-0.08250000000000002,0.2914527654647827,0.29145274666875687
P0,Oracle restricted,20260722,-0.07500000000000007,0.292224645614624,0.2922246226266985
P0,Oracle restricted,20260722,-0.0675,0.29299798607826233,0.2929979628223361
P0,Oracle restricted,20260722,-0.06000000000000005,0.2937726378440857,0.2937726239991255
P0,Oracle restricted,20260722,-0.05249999999999999,0.29454848170280457,0.2945484619076617
P0,Oracle restricted,20260722,-0.04500000000000004,0.2953253388404846,0.2953253314119491
P0,Oracle restricted,20260722,-0.03749999999999998,0.2961030900478363,0.29610308659708684
P0,Oracle restricted,20260722,-0.030000000000000027,0.2968815863132477,0.29688158087820066
P0,Oracle restricted,20260722,-0.022500000000000075,0.2976606786251068,0.29766066711044903
P0,Oracle restricted,20260722,-0.015000000000000013,0.29844021797180176,0.2984401976999299
P0,Oracle restricted,20260722,-0.007500000000000062,0.2992200255393982,0.2992200247153102
P0,Oracle restricted,20260722,0.0,0.30000001192092896,0.3
P0,Oracle restricted,20260722,0.007499999999999951,0.3007799983024597,0.3007799752846898
P0,Oracle restricted,20260722,0.015000000000000013,0.30155980587005615,0.30155980230007007
P0,Oracle restricted,20260722,0.022499999999999964,0.3023393452167511,0.30233933288955095
P0,Oracle restricted,20260722,0.030000000000000027,0.30311843752861023,0.3031184191217993
P0,Oracle restricted,20260722,0.03749999999999998,0.3038969337940216,0.30389691340291314
P0,Oracle restricted,20260722,0.04499999999999993,0.3046746850013733,0.30467466858805087
P0,Oracle restricted,20260722,0.05249999999999999,0.30545154213905334,0.30545153809233827
P0,Oracle restricted,20260722,0.05999999999999994,0.3062273859977722,0.30622737600087446
P0,Oracle restricted,20260722,0.0675,0.3070020377635956,0.3070020371776639
P0,Oracle restricted,20260722,0.07499999999999996,0.3077753782272339,0.30777537737330146
P0,Oracle restricted,20260722,0.08250000000000002,0.3085472583770752,0.3085472533312431
P0,Oracle restricted,20260722,0.08999999999999997,0.30931752920150757,0.30931752289249764
P0,Oracle restricted,20260722,0.09749999999999992,0.31008604168891907,0.3100860450985798
P0,Oracle restricted,20260722,0.10499999999999998,0.31085267663002014,0.31085268029256863
P0,Oracle restricted,20260722,0.11249999999999993,0.31161731481552124,0.3116172902181216
P0,Oracle restricted,20260722,0.12,0.31237974762916565,0.31237973811629965
P0,Oracle restricted,20260722,0.12749999999999995,0.3131398856639862,0.3131398888200634
P0,Oracle restricted,20260722,0.135,0.31389760971069336,0.3138976088463088
P0,Oracle restricted,20260722,0.14249999999999996,0.31465277075767517,0.3146527664853151
P0,Oracle restricted,20260722,0.1499999999999999,0.3154052495956421,0.31540523188748604
P0,Oracle restricted,20260722,0.15749999999999997,0.3161548972129822,0.31615487714727075
P0,Oracle restricted,20260722,0.16499999999999992,0.3169015944004059,0.31690157638415994
P0,Oracle restricted,20260722,0.1725,0.31764522194862366,0.31764520582065875
P0,Oracle restricted,20260722,0.17999999999999994,0.31838566064834595,0.31838564385714535
P0,Oracle restricted,20260722,0.1875,0.3191227912902832,0.31912277114353355
P0,Oracle restricted,20260722,0.19499999999999995,0.3198564946651459,0.31985647064766337
P0,Oracle restricted,20260722,0.2025,0.3205866515636444,0.3205866277203531
P0,Oracle restricted,20260722,0.20999999999999996,0.32131314277648926,0.32131313015705354
P0,Oracle restricted,20260722,0.21749999999999992,0.32203587889671326,0.3220358682560529
P0,Oracle restricted,20260722,0.22499999999999998,0.32275474071502686,0.32275473487319
P0,Oracle restricted,20260722,0.23249999999999993,0.3234696388244629,0.32346962547304
P0,Oracle restricted,20260722,0.24,0.3241804540157318,0.3241804381765448
P0,Oracle restricted,20260722,0.24749999999999994,0.32488709688186646,0.3248870738050702
P0,Oracle restricted,20260722,0.2549999999999999,0.32558944821357727,0.3255894359208763
P0,Oracle restricted,20260722,0.26249999999999996,0.3262874484062195,0.3262874308639982
P0,Oracle restricted,20260722,0.27,0.32698097825050354,0.3269809677855396
P0,Oracle restricted,20260722,0.27749999999999986,0.32766997814178467,0.32766995867739035
P0,Oracle restricted,20260722,0.2849999999999999,0.3283543288707733,0.3283543183983856
P0,Oracle restricted,20260722,0.2925,0.3290339708328247,0.32903396469693
P0,Oracle restricted,20260722,0.30000000000000004,0.32970884442329407,0.3297088182301206
P0,Oracle restricted,20260722,0.3074999999999999,0.33037880063056946,0.33037880257940316
P0,Oracle restricted,20260722,0.31499999999999995,0.3310438394546509,0.3310438442628082
P0,Oracle restricted,20260722,0.3225,0.33170387148857117,0.33170387274381485
P0,Oracle restricted,20260722,0.33000000000000007,0.33235883712768555,0.3323588204368989
P0,Oracle restricted,20260722,0.3374999999999999,0.33300864696502686,0.3330086227098251
P0,Oracle restricted,20260722,0.345,0.33365321159362793,0.3336532178827498
P0,Oracle restricted,20260722,0.35250000000000004,0.33429256081581116,0.33429254722420426
P0,Oracle restricted,20260722,0.3599999999999999,0.334926575422287,0.33492655494403356
P0,Oracle restricted,20260722,0.36749999999999994,0.33555519580841064,0.33555518818337016
P0,Oracle restricted,20260722,0.375,0.33617842197418213,0.33617839700172464
P0,Oracle restricted,20260722,0.38250000000000006,0.3367961347103119,0.33679613436128053
P0,Oracle restricted,20260722,0.3899999999999999,0.3374083638191223,0.3374083561084815
P0,Oracle restricted,20260722,0.39749999999999996,0.33801501989364624,0.33801502095300495
P0,Oracle restricted,20260722,0.405,0.33861610293388367,0.33861609044421415
P0,Oracle restricted,20260722,0.41249999999999987,0.33921152353286743,0.33921152894518897
P0,Oracle restricted,20260722,0.41999999999999993,0.3398013114929199,0.3398013036044313
P0,Oracle restricted,20260722,0.4275,0.34038540720939636,0.3403853843253474
P0,Oracle restricted,20260722,0.43500000000000005,0.340963751077652,0.34096374373360794
P0,Oracle restricted,20260722,0.4424999999999999,0.34153637290000916,0.341536357142489
P0,Oracle restricted,20260722,0.44999999999999996,0.3421032130718231,0.34210320251629683
P0,Oracle restricted,20260722,0.4575,0.34266427159309387,0.342664260431981
P0,Oracle restricted,20260722,0.46499999999999986,0.343219518661499,0.34321951403903916
P0,Oracle restricted,20260722,0.4724999999999999,0.3437689542770386,0.34376894901781785
P0,Oracle restricted,20260722,0.48,0.34431254863739014,0.3443125535363132
P0,Oracle restricted,20260722,0.48750000000000004,0.3448503315448761,0.3448503182055732
P0,Oracle restricted,20260722,0.4949999999999999,0.3453822433948517,0.3453822360338061
P0,Oracle restricted,20260722,0.5025,0.3459083139896393,0.34590830237929365
P0,Oracle restricted,20260722,0.51,0.3464285135269165,0.3464285149022109
P0,Oracle restricted,20260722,0.5174999999999998,0.34694287180900574,0.3469428735154505
P0,Oracle restricted,20260722,0.5249999999999999,0.347451388835907,0.3474513803345492
P0,Oracle restricted,20260722,0.5325,0.34795403480529785,0.34795403962681043
P0,Oracle restricted,20260722,0.54,0.3484508693218231,0.34845085775971835
P0,Oracle restricted,20260722,0.5474999999999999,0.3489418625831604,0.348941843148733
P0,Oracle restricted,20260722,0.5549999999999999,0.3494270145893097,0.3494270062045573
P0,Oracle restricted,20260722,0.5625,0.34990638494491577,0.34990635927996133
P0,Oracle restricted,20260722,0.5699999999999998,0.35037991404533386,0.35037991661625
P0,Oracle restricted,20260722,0.5774999999999999,0.35084769129753113,0.3508476942894551
P0,Oracle restricted,20260722,0.585,0.35130971670150757,0.3513097101563318
P0,Oracle restricted,20260722,0.5925,0.3517659902572632,0.3517659838002362
P0,Oracle restricted,20260722,0.5999999999999999,0.35221654176712036,0.35221653647695916
P0,Oracle restricted,20260722,0.6074999999999999,0.3526614010334015,0.3526613910605862
P0,Oracle restricted,20260722,0.615,0.35310059785842896,0.35310057198945366
P0,Oracle restricted,20260722,0.6225,0.35353410243988037,0.35353410521226647
P0,Oracle restricted,20260722,0.6299999999999999,0.3539620339870453,0.3539620181344406
P0,Oracle restricted,20260722,0.6375,0.3543843626976013,0.3543843395647306
P0,Oracle restricted,20260722,0.645,0.35480111837387085,0.3548010996621992
P0,Oracle restricted,20260722,0.6524999999999999,0.35521233081817627,0.35521232988358425
P0,Oracle restricted,20260722,0.6599999999999999,0.35561805963516235,0.3556180629311138
P0,Oracle restricted,20260722,0.6675,0.3560183346271515,0.3560183327008191
P0,Oracle restricted,20260722,0.675,0.35641318559646606,0.3564131742313908
P0,Oracle restricted,20260722,0.6824999999999999,0.35680264234542847,0.356802623653622
P0,Oracle restricted,20260722,0.69,0.3571867346763611,0.35718671814047925
P0,Oracle restricted,20260722,0.6975,0.3575654923915863,0.3575654958578385
P0,Oracle restricted,20260722,0.7049999999999998,0.3579390048980713,0.35793899591592165
P0,Oracle restricted,20260722,0.7124999999999999,0.35830727219581604,0.3583072583214666
P0,Oracle restricted,20260722,0.72,0.35867032408714294,0.35867032393066073
P0,Oracle restricted,20260722,0.7275,0.35902824997901917,0.35902823440286524
P0,Oracle restricted,20260722,0.7349999999999999,0.3593810498714447,0.35938103215515604
P0,Oracle restricted,20260722,0.7424999999999999,0.35972878336906433,0.35972876031770373
P0,Oracle restricted,20260722,0.75,0.36007148027420044,0.36007146269001333
P0,Oracle restricted,20260723,-0.75,0.23992854356765747,0.23992853730998662
P0,Oracle restricted,20260723,-0.7425,0.24027125537395477,0.24027123968229624
P0,Oracle restricted,20260723,-0.735,0.2406189739704132,0.24061896784484396
P0,Oracle restricted,20260723,-0.7275,0.24097177386283875,0.24097176559713476
P0,Oracle restricted,20260723,-0.72,0.24132968485355377,0.24132967606933925
P0,Oracle restricted,20260723,-0.7125,0.24169275164604187,0.24169274167853338
P0,Oracle restricted,20260723,-0.705,0.24206101894378662,0.24206100408407832
P0,Oracle restricted,20260723,-0.6975,0.2424345165491104,0.24243450414216147
P0,Oracle restricted,20260723,-0.69,0.24281328916549683,0.24281328185952072
P0,Oracle restricted,20260723,-0.6825,0.24319739639759064,0.243197376346378
P0,Oracle restricted,20260723,-0.675,0.24358683824539185,0.24358682576860918
P0,Oracle restricted,20260723,-0.6675,0.24398167431354523,0.24398166729918083
P0,Oracle restricted,20260723,-0.66,0.24438194930553436,0.24438193706888614
P0,Oracle restricted,20260723,-0.6525,0.24478769302368164,0.24478767011641572
P0,Oracle restricted,20260723,-0.645,0.24519892036914825,0.24519890033780076
P0,Oracle restricted,20260723,-0.6375,0.24561567604541779,0.2456156604352694
P0,Oracle restricted,20260723,-0.63,0.24603798985481262,0.24603798186555936
P0,Oracle restricted,20260723,-0.6225,0.24646590650081635,0.2464658947877335
P0,Oracle restricted,20260723,-0.615,0.24689944088459015,0.24689942801054632
P0,Oracle restricted,20260723,-0.6075,0.24733862280845642,0.24733860893941376
P0,Oracle restricted,20260723,-0.6,0.24778348207473755,0.2477834635230408
P0,Oracle restricted,20260723,-0.5925,0.24823403358459473,0.24823401619976376
P0,Oracle restricted,20260723,-0.585,0.24869030714035034,0.2486902898436682
P0,Oracle restricted,20260723,-0.5775,0.2491523176431656,0.24915230571054484
P0,Oracle restricted,20260723,-0.5700000000000001,0.24962009489536285,0.24962008338374994
P0,Oracle restricted,20260723,-0.5625,0.25009363889694214,0.25009364072003865
P0,Oracle restricted,20260723,-0.5549999999999999,0.2505730092525482,0.2505729937954427
P0,Oracle restricted,20260723,-0.5475,0.2510581612586975,0.251058156851267
P0,Oracle restricted,20260723,-0.54,0.2515491545200348,0.25154914224028163
P0,Oracle restricted,20260723,-0.5325,0.25204598903656006,0.25204596037318955
P0,Oracle restricted,20260723,-0.525,0.2525486350059509,0.2525486196654508
P0,Oracle restricted,20260723,-0.5175000000000001,0.2530571520328522,0.2530571264845494
P0,Oracle restricted,20260723,-0.51,0.2535715103149414,0.2535714850977891
P0,Oracle restricted,20260723,-0.5025,0.25409170985221863,0.2540916976207063
P0,Oracle restricted,20260723,-0.495,0.2546177804470062,0.25461776396619384
P0,Oracle restricted,20260723,-0.4875,0.2551496922969818,0.25514968179442676
P0,Oracle restricted,20260723,-0.48,0.2556874752044678,0.2556874464636868
P0,Oracle restricted,20260723,-0.47250000000000003,0.25623106956481934,0.2562310509821821
P0,Oracle restricted,20260723,-0.465,0.2567805051803589,0.2567804859609608
P0,Oracle restricted,20260723,-0.4575,0.25733575224876404,0.257335739568019
P0,Oracle restricted,20260723,-0.45,0.2578968107700348,0.2578967974837031
P0,Oracle restricted,20260723,-0.4425,0.25846365094184875,0.258463642857511
P0,Oracle restricted,20260723,-0.435,0.25903627276420593,0.25903625626639204
P0,Oracle restricted,20260723,-0.4275,0.25961461663246155,0.2596146156746526
P0,Oracle restricted,20260723,-0.42000000000000004,0.260198712348938,0.2601986963955687
P0,Oracle restricted,20260723,-0.41250000000000003,0.2607885003089905,0.260788471054811
P0,Oracle restricted,20260723,-0.405,0.26138392090797424,0.26138390955578583
P0,Oracle restricted,20260723,-0.3975,0.26198500394821167,0.261984979046995
P0,Oracle restricted,20260723,-0.39,0.2625916600227356,0.26259164389151846
P0,Oracle restricted,20260723,-0.3825,0.263203889131546,0.26320386563871945
P0,Oracle restricted,20260723,-0.375,0.2638216018676758,0.26382160299827534
P0,Oracle restricted,20260723,-0.3675,0.26444482803344727,0.2644448118166298
P0,Oracle restricted,20260723,-0.36,0.2650734484195709,0.2650734450559664
P0,Oracle restricted,20260723,-0.35250000000000004,0.26570746302604675,0.2657074527757957
P0,Oracle restricted,20260723,-0.34500000000000003,0.26634681224823,0.26634678211725016
P0,Oracle restricted,20260723,-0.3375,0.26699137687683105,0.26699137729017486
P0,Oracle restricted,20260723,-0.33,0.26764118671417236,0.2676411795631011
P0,Oracle restricted,20260723,-0.3225,0.26829615235328674,0.2682961272561851
P0,Oracle restricted,20260723,-0.315,0.26895618438720703,0.2689561557371918
P0,Oracle restricted,20260723,-0.3075,0.26962122321128845,0.2696211974205968
P0,Oracle restricted,20260723,-0.30000000000000004,0.27029117941856384,0.2702911817698794
P0,Oracle restricted,20260723,-0.29250000000000004,0.2709660530090332,0.27096603530306995
P0,Oracle restricted,20260723,-0.28500000000000003,0.2716456949710846,0.2716456816016144
P0,Oracle restricted,20260723,-0.2775,0.27233004570007324,0.2723300413226096
P0,Oracle restricted,20260723,-0.27,0.27301904559135437,0.2730190322144604
P0,Oracle restricted,20260723,-0.2625,0.2737125754356384,0.2737125691360018
P0,Oracle restricted,20260723,-0.255,0.27441057562828064,0.2744105640791237
P0,Oracle restricted,20260723,-0.24750000000000005,0.27511292695999146,0.2751129261949298
P0,Oracle restricted,20260723,-0.24,0.2758195698261261,0.2758195618234552
P0,Oracle restricted,20260723,-0.23250000000000004,0.276530385017395,0.27653037452696
P0,Oracle restricted,20260723,-0.22499999999999998,0.27724528312683105,0.27724526512680997
P0,Oracle restricted,20260723,-0.21750000000000003,0.27796414494514465,0.2779641317439471
P0,Oracle restricted,20260723,-0.20999999999999996,0.27868688106536865,0.27868686984294644
P0,Oracle restricted,20260723,-0.2025,0.2794133722782135,0.27941337227964685
P0,Oracle restricted,20260723,-0.19500000000000006,0.28014352917671204,0.2801435293523366
P0,Oracle restricted,20260723,-0.1875,0.2808772325515747,0.28087722885646643
P0,Oracle restricted,20260723,-0.18000000000000005,0.28161436319351196,0.2816143561428546
P0,Oracle restricted,20260723,-0.1725,0.28235480189323425,0.28235479417934123
P0,Oracle restricted,20260723,-0.16500000000000004,0.283098429441452,0.28309842361584003
P0,Oracle restricted,20260723,-0.15749999999999997,0.28384512662887573,0.2838451228527292
P0,Oracle restricted,20260723,-0.15000000000000002,0.2845947742462158,0.28459476811251394
P0,Oracle restricted,20260723,-0.14250000000000007,0.28534725308418274,0.28534723351468483
P0,Oracle restricted,20260723,-0.135,0.28610241413116455,0.2861023911536912
P0,Oracle restricted,20260723,-0.12750000000000006,0.2868601381778717,0.2868601111799366
P0,Oracle restricted,20260723,-0.12,0.28762027621269226,0.2876202618837003
P0,Oracle restricted,20260723,-0.11250000000000004,0.28838270902633667,0.28838270978187835
P0,Oracle restricted,20260723,-0.10499999999999998,0.28914734721183777,0.28914731970743135
P0,Oracle restricted,20260723,-0.09750000000000003,0.28991398215293884,0.2899139549014202
P0,Oracle restricted,20260723,-0.09000000000000008,0.29068249464035034,0.29068247710750234
P0,Oracle restricted,20260723,-0.08250000000000002,0.2914527654647827,0.29145274666875687
P0,Oracle restricted,20260723,-0.07500000000000007,0.292224645614624,0.2922246226266985
P0,Oracle restricted,20260723,-0.0675,0.29299798607826233,0.2929979628223361
P0,Oracle restricted,20260723,-0.06000000000000005,0.2937726378440857,0.2937726239991255
P0,Oracle restricted,20260723,-0.05249999999999999,0.29454848170280457,0.2945484619076617
P0,Oracle restricted,20260723,-0.04500000000000004,0.2953253388404846,0.2953253314119491
P0,Oracle restricted,20260723,-0.03749999999999998,0.2961030900478363,0.29610308659708684
P0,Oracle restricted,20260723,-0.030000000000000027,0.2968815863132477,0.29688158087820066
P0,Oracle restricted,20260723,-0.022500000000000075,0.2976606786251068,0.29766066711044903
P0,Oracle restricted,20260723,-0.015000000000000013,0.29844021797180176,0.2984401976999299
P0,Oracle restricted,20260723,-0.007500000000000062,0.2992200255393982,0.2992200247153102
P0,Oracle restricted,20260723,0.0,0.30000001192092896,0.3
P0,Oracle restricted,20260723,0.007499999999999951,0.3007799983024597,0.3007799752846898
P0,Oracle restricted,20260723,0.015000000000000013,0.30155980587005615,0.30155980230007007
P0,Oracle restricted,20260723,0.022499999999999964,0.3023393452167511,0.30233933288955095
P0,Oracle restricted,20260723,0.030000000000000027,0.30311843752861023,0.3031184191217993
P0,Oracle restricted,20260723,0.03749999999999998,0.3038969337940216,0.30389691340291314
P0,Oracle restricted,20260723,0.04499999999999993,0.3046746850013733,0.30467466858805087
P0,Oracle restricted,20260723,0.05249999999999999,0.30545154213905334,0.30545153809233827
P0,Oracle restricted,20260723,0.05999999999999994,0.3062273859977722,0.30622737600087446
P0,Oracle restricted,20260723,0.0675,0.3070020377635956,0.3070020371776639
P0,Oracle restricted,20260723,0.07499999999999996,0.3077753782272339,0.30777537737330146
P0,Oracle restricted,20260723,0.08250000000000002,0.3085472583770752,0.3085472533312431
P0,Oracle restricted,20260723,0.08999999999999997,0.30931752920150757,0.30931752289249764
P0,Oracle restricted,20260723,0.09749999999999992,0.31008604168891907,0.3100860450985798
P0,Oracle restricted,20260723,0.10499999999999998,0.31085267663002014,0.31085268029256863
P0,Oracle restricted,20260723,0.11249999999999993,0.31161731481552124,0.3116172902181216
P0,Oracle restricted,20260723,0.12,0.31237974762916565,0.31237973811629965
P0,Oracle restricted,20260723,0.12749999999999995,0.3131398856639862,0.3131398888200634
P0,Oracle restricted,20260723,0.135,0.31389760971069336,0.3138976088463088
P0,Oracle restricted,20260723,0.14249999999999996,0.31465277075767517,0.3146527664853151
P0,Oracle restricted,20260723,0.1499999999999999,0.3154052495956421,0.31540523188748604
P0,Oracle restricted,20260723,0.15749999999999997,0.3161548972129822,0.31615487714727075
P0,Oracle restricted,20260723,0.16499999999999992,0.3169015944004059,0.31690157638415994
P0,Oracle restricted,20260723,0.1725,0.31764522194862366,0.31764520582065875
P0,Oracle restricted,20260723,0.17999999999999994,0.31838566064834595,0.31838564385714535
P0,Oracle restricted,20260723,0.1875,0.3191227912902832,0.31912277114353355
P0,Oracle restricted,20260723,0.19499999999999995,0.3198564946651459,0.31985647064766337
P0,Oracle restricted,20260723,0.2025,0.3205866515636444,0.3205866277203531
P0,Oracle restricted,20260723,0.20999999999999996,0.32131314277648926,0.32131313015705354
P0,Oracle restricted,20260723,0.21749999999999992,0.32203587889671326,0.3220358682560529
P0,Oracle restricted,20260723,0.22499999999999998,0.32275474071502686,0.32275473487319
P0,Oracle restricted,20260723,0.23249999999999993,0.3234696388244629,0.32346962547304
P0,Oracle restricted,20260723,0.24,0.3241804540157318,0.3241804381765448
P0,Oracle restricted,20260723,0.24749999999999994,0.32488709688186646,0.3248870738050702
P0,Oracle restricted,20260723,0.2549999999999999,0.32558944821357727,0.3255894359208763
P0,Oracle restricted,20260723,0.26249999999999996,0.3262874484062195,0.3262874308639982
P0,Oracle restricted,20260723,0.27,0.32698097825050354,0.3269809677855396
P0,Oracle restricted,20260723,0.27749999999999986,0.32766997814178467,0.32766995867739035
P0,Oracle restricted,20260723,0.2849999999999999,0.3283543288707733,0.3283543183983856
P0,Oracle restricted,20260723,0.2925,0.3290339708328247,0.32903396469693
P0,Oracle restricted,20260723,0.30000000000000004,0.32970884442329407,0.3297088182301206
P0,Oracle restricted,20260723,0.3074999999999999,0.33037880063056946,0.33037880257940316
P0,Oracle restricted,20260723,0.31499999999999995,0.3310438394546509,0.3310438442628082
P0,Oracle restricted,20260723,0.3225,0.33170387148857117,0.33170387274381485
P0,Oracle restricted,20260723,0.33000000000000007,0.33235883712768555,0.3323588204368989
P0,Oracle restricted,20260723,0.3374999999999999,0.33300864696502686,0.3330086227098251
P0,Oracle restricted,20260723,0.345,0.33365321159362793,0.3336532178827498
P0,Oracle restricted,20260723,0.35250000000000004,0.33429256081581116,0.33429254722420426
P0,Oracle restricted,20260723,0.3599999999999999,0.334926575422287,0.33492655494403356
P0,Oracle restricted,20260723,0.36749999999999994,0.33555519580841064,0.33555518818337016
P0,Oracle restricted,20260723,0.375,0.33617842197418213,0.33617839700172464
P0,Oracle restricted,20260723,0.38250000000000006,0.3367961347103119,0.33679613436128053
P0,Oracle restricted,20260723,0.3899999999999999,0.3374083638191223,0.3374083561084815
P0,Oracle restricted,20260723,0.39749999999999996,0.33801501989364624,0.33801502095300495
P0,Oracle restricted,20260723,0.405,0.33861610293388367,0.33861609044421415
P0,Oracle restricted,20260723,0.41249999999999987,0.33921152353286743,0.33921152894518897
P0,Oracle restricted,20260723,0.41999999999999993,0.3398013114929199,0.3398013036044313
P0,Oracle restricted,20260723,0.4275,0.34038540720939636,0.3403853843253474
P0,Oracle restricted,20260723,0.43500000000000005,0.340963751077652,0.34096374373360794
P0,Oracle restricted,20260723,0.4424999999999999,0.34153637290000916,0.341536357142489
P0,Oracle restricted,20260723,0.44999999999999996,0.3421032130718231,0.34210320251629683
P0,Oracle restricted,20260723,0.4575,0.34266427159309387,0.342664260431981
P0,Oracle restricted,20260723,0.46499999999999986,0.343219518661499,0.34321951403903916
P0,Oracle restricted,20260723,0.4724999999999999,0.3437689542770386,0.34376894901781785
P0,Oracle restricted,20260723,0.48,0.34431254863739014,0.3443125535363132
P0,Oracle restricted,20260723,0.48750000000000004,0.3448503315448761,0.3448503182055732
P0,Oracle restricted,20260723,0.4949999999999999,0.3453822433948517,0.3453822360338061
P0,Oracle restricted,20260723,0.5025,0.3459083139896393,0.34590830237929365
P0,Oracle restricted,20260723,0.51,0.3464285135269165,0.3464285149022109
P0,Oracle restricted,20260723,0.5174999999999998,0.34694287180900574,0.3469428735154505
P0,Oracle restricted,20260723,0.5249999999999999,0.347451388835907,0.3474513803345492
P0,Oracle restricted,20260723,0.5325,0.34795403480529785,0.34795403962681043
P0,Oracle restricted,20260723,0.54,0.3484508693218231,0.34845085775971835
P0,Oracle restricted,20260723,0.5474999999999999,0.3489418625831604,0.348941843148733
P0,Oracle restricted,20260723,0.5549999999999999,0.3494270145893097,0.3494270062045573
P0,Oracle restricted,20260723,0.5625,0.34990638494491577,0.34990635927996133
P0,Oracle restricted,20260723,0.5699999999999998,0.35037991404533386,0.35037991661625
P0,Oracle restricted,20260723,0.5774999999999999,0.35084769129753113,0.3508476942894551
P0,Oracle restricted,20260723,0.585,0.35130971670150757,0.3513097101563318
P0,Oracle restricted,20260723,0.5925,0.3517659902572632,0.3517659838002362
P0,Oracle restricted,20260723,0.5999999999999999,0.35221654176712036,0.35221653647695916
P0,Oracle restricted,20260723,0.6074999999999999,0.3526614010334015,0.3526613910605862
P0,Oracle restricted,20260723,0.615,0.35310059785842896,0.35310057198945366
P0,Oracle restricted,20260723,0.6225,0.35353410243988037,0.35353410521226647
P0,Oracle restricted,20260723,0.6299999999999999,0.3539620339870453,0.3539620181344406
P0,Oracle restricted,20260723,0.6375,0.3543843626976013,0.3543843395647306
P0,Oracle restricted,20260723,0.645,0.35480111837387085,0.3548010996621992
P0,Oracle restricted,20260723,0.6524999999999999,0.35521233081817627,0.35521232988358425
P0,Oracle restricted,20260723,0.6599999999999999,0.35561805963516235,0.3556180629311138
P0,Oracle restricted,20260723,0.6675,0.3560183346271515,0.3560183327008191
P0,Oracle restricted,20260723,0.675,0.35641318559646606,0.3564131742313908
P0,Oracle restricted,20260723,0.6824999999999999,0.35680264234542847,0.356802623653622
P0,Oracle restricted,20260723,0.69,0.3571867346763611,0.35718671814047925
P0,Oracle restricted,20260723,0.6975,0.3575654923915863,0.3575654958578385
P0,Oracle restricted,20260723,0.7049999999999998,0.3579390048980713,0.35793899591592165
P0,Oracle restricted,20260723,0.7124999999999999,0.35830727219581604,0.3583072583214666
P0,Oracle restricted,20260723,0.72,0.35867032408714294,0.35867032393066073
P0,Oracle restricted,20260723,0.7275,0.35902824997901917,0.35902823440286524
P0,Oracle restricted,20260723,0.7349999999999999,0.3593810498714447,0.35938103215515604
P0,Oracle restricted,20260723,0.7424999999999999,0.35972878336906433,0.35972876031770373
P0,Oracle restricted,20260723,0.75,0.36007148027420044,0.36007146269001333
P1,Full identifiability-aware,20260719,-0.75,0.2212090939283371,0.23992853730998662
P1,Full identifiability-aware,20260719,-0.7425,0.22242853045463562,0.24027123968229624
P1,Full identifiability-aware,20260719,-0.735,0.2236715406179428,0.24061896784484396
P1,Full identifiability-aware,20260719,-0.7275,0.22493764758110046,0.24097176559713476
P1,Full identifiability-aware,20260719,-0.72,0.2262263000011444,0.24132967606933925
P1,Full identifiability-aware,20260719,-0.7125,0.2275368571281433,0.24169274167853338
P1,Full identifiability-aware,20260719,-0.705,0.22886858880519867,0.24206100408407832
P1,Full identifiability-aware,20260719,-0.6975,0.2302207052707672,0.24243450414216147
P1,Full identifiability-aware,20260719,-0.69,0.23159226775169373,0.24281328185952072
P1,Full identifiability-aware,20260719,-0.6825,0.2329823225736618,0.243197376346378
P1,Full identifiability-aware,20260719,-0.675,0.2343897819519043,0.24358682576860918
P1,Full identifiability-aware,20260719,-0.6675,0.23581349849700928,0.24398166729918083
P1,Full identifiability-aware,20260719,-0.66,0.23725229501724243,0.24438193706888614
P1,Full identifiability-aware,20260719,-0.6525,0.23870481550693512,0.24478767011641572
P1,Full identifiability-aware,20260719,-0.645,0.2401697039604187,0.24519890033780076
P1,Full identifiability-aware,20260719,-0.6375,0.24164554476737976,0.2456156604352694
P1,Full identifiability-aware,20260719,-0.63,0.2431308925151825,0.24603798186555936
P1,Full identifiability-aware,20260719,-0.6225,0.24462419748306274,0.2464658947877335
P1,Full identifiability-aware,20260719,-0.615,0.24612390995025635,0.24689942801054632
P1,Full identifiability-aware,20260719,-0.6075,0.24762843549251556,0.24733860893941376
P1,Full identifiability-aware,20260719,-0.6,0.24913622438907623,0.2477834635230408
P1,Full identifiability-aware,20260719,-0.5925,0.25064563751220703,0.24823401619976376
P1,Full identifiability-aware,20260719,-0.585,0.2521550953388214,0.2486902898436682
P1,Full identifiability-aware,20260719,-0.5775,0.25366300344467163,0.24915230571054484
P1,Full identifiability-aware,20260719,-0.5700000000000001,0.25516775250434875,0.24962008338374994
P1,Full identifiability-aware,20260719,-0.5625,0.2566678524017334,0.25009364072003865
P1,Full identifiability-aware,20260719,-0.5549999999999999,0.2581617832183838,0.2505729937954427
P1,Full identifiability-aware,20260719,-0.5475,0.2596481144428253,0.251058156851267
P1,Full identifiability-aware,20260719,-0.54,0.2611254155635834,0.25154914224028163
P1,Full identifiability-aware,20260719,-0.5325,0.2625923752784729,0.25204596037318955
P1,Full identifiability-aware,20260719,-0.525,0.26404768228530884,0.2525486196654508
P1,Full identifiability-aware,20260719,-0.5175000000000001,0.2654901444911957,0.2530571264845494
P1,Full identifiability-aware,20260719,-0.51,0.2669186592102051,0.2535714850977891
P1,Full identifiability-aware,20260719,-0.5025,0.2683321535587311,0.2540916976207063
P1,Full identifiability-aware,20260719,-0.495,0.2697296738624573,0.25461776396619384
P1,Full identifiability-aware,20260719,-0.4875,0.27111029624938965,0.25514968179442676
P1,Full identifiability-aware,20260719,-0.48,0.2724732756614685,0.2556874464636868
P1,Full identifiability-aware,20260719,-0.47250000000000003,0.273817777633667,0.2562310509821821
P1,Full identifiability-aware,20260719,-0.465,0.27514326572418213,0.2567804859609608
P1,Full identifiability-aware,20260719,-0.4575,0.27644914388656616,0.257335739568019
P1,Full identifiability-aware,20260719,-0.45,0.2777348756790161,0.2578967974837031
P1,Full identifiability-aware,20260719,-0.4425,0.27900010347366333,0.258463642857511
P1,Full identifiability-aware,20260719,-0.435,0.28024449944496155,0.25903625626639204
P1,Full identifiability-aware,20260719,-0.4275,0.2814677655696869,0.2596146156746526
P1,Full identifiability-aware,20260719,-0.42000000000000004,0.28266969323158264,0.2601986963955687
P1,Full identifiability-aware,20260719,-0.41250000000000003,0.28385019302368164,0.260788471054811
P1,Full identifiability-aware,20260719,-0.405,0.28500914573669434,0.26138390955578583
P1,Full identifiability-aware,20260719,-0.3975,0.28614652156829834,0.261984979046995
P1,Full identifiability-aware,20260719,-0.39,0.2872623801231384,0.26259164389151846
P1,Full identifiability-aware,20260719,-0.3825,0.2883567810058594,0.26320386563871945
P1,Full identifiability-aware,20260719,-0.375,0.28942984342575073,0.26382160299827534
P1,Full identifiability-aware,20260719,-0.3675,0.2904817759990692,0.2644448118166298
P1,Full identifiability-aware,20260719,-0.36,0.29151272773742676,0.2650734450559664
P1,Full identifiability-aware,20260719,-0.35250000000000004,0.2925229072570801,0.2657074527757957
P1,Full identifiability-aware,20260719,-0.34500000000000003,0.29351264238357544,0.26634678211725016
P1,Full identifiability-aware,20260719,-0.3375,0.29448220133781433,0.26699137729017486
P1,Full identifiability-aware,20260719,-0.33,0.29543188214302063,0.2676411795631011
P1,Full identifiability-aware,20260719,-0.3225,0.2963620126247406,0.2682961272561851
P1,Full identifiability-aware,20260719,-0.315,0.2972729802131653,0.2689561557371918
P1,Full identifiability-aware,20260719,-0.3075,0.29816508293151855,0.2696211974205968
P1,Full identifiability-aware,20260719,-0.30000000000000004,0.29903876781463623,0.2702911817698794
P1,Full identifiability-aware,20260719,-0.29250000000000004,0.29989439249038696,0.27096603530306995
P1,Full identifiability-aware,20260719,-0.28500000000000003,0.3007323741912842,0.2716456816016144
P1,Full identifiability-aware,20260719,-0.2775,0.3015531301498413,0.2723300413226096
P1,Full identifiability-aware,20260719,-0.27,0.3023569881916046,0.2730190322144604
P1,Full identifiability-aware,20260719,-0.2625,0.3031444549560547,0.2737125691360018
P1,Full identifiability-aware,20260719,-0.255,0.3039158582687378,0.2744105640791237
P1,Full identifiability-aware,20260719,-0.24750000000000005,0.3046717047691345,0.2751129261949298
P1,Full identifiability-aware,20260719,-0.24,0.3054123818874359,0.2758195618234552
P1,Full identifiability-aware,20260719,-0.23250000000000004,0.3061383068561554,0.27653037452696
P1,Full identifiability-aware,20260719,-0.22499999999999998,0.3068498373031616,0.27724526512680997
P1,Full identifiability-aware,20260719,-0.21750000000000003,0.30754750967025757,0.2779641317439471
P1,Full identifiability-aware,20260719,-0.20999999999999996,0.3082315921783447,0.27868686984294644
P1,Full identifiability-aware,20260719,-0.2025,0.3089025318622589,0.27941337227964685
P1,Full identifiability-aware,20260719,-0.19500000000000006,0.30956074595451355,0.2801435293523366
P1,Full identifiability-aware,20260719,-0.1875,0.31020665168762207,0.28087722885646643
P1,Full identifiability-aware,20260719,-0.18000000000000005,0.31084054708480835,0.2816143561428546
P1,Full identifiability-aware,20260719,-0.1725,0.3114628791809082,0.28235479417934123
P1,Full identifiability-aware,20260719,-0.16500000000000004,0.3120740056037903,0.28309842361584003
P1,Full identifiability-aware,20260719,-0.15749999999999997,0.31267431378364563,0.2838451228527292
P1,Full identifiability-aware,20260719,-0.15000000000000002,0.3132641315460205,0.28459476811251394
P1,Full identifiability-aware,20260719,-0.14250000000000007,0.31384381651878357,0.28534723351468483
P1,Full identifiability-aware,20260719,-0.135,0.3144136667251587,0.2861023911536912
P1,Full identifiability-aware,20260719,-0.12750000000000006,0.3149741291999817,0.2868601111799366
P1,Full identifiability-aware,20260719,-0.12,0.31552544236183167,0.2876202618837003
P1,Full identifiability-aware,20260719,-0.11250000000000004,0.31606799364089966,0.28838270978187835
P1,Full identifiability-aware,20260719,-0.10499999999999998,0.3166019916534424,0.28914731970743135
P1,Full identifiability-aware,20260719,-0.09750000000000003,0.31712788343429565,0.2899139549014202
P1,Full identifiability-aware,20260719,-0.09000000000000008,0.3176458477973938,0.29068247710750234
P1,Full identifiability-aware,20260719,-0.08250000000000002,0.31815624237060547,0.29145274666875687
P1,Full identifiability-aware,20260719,-0.07500000000000007,0.31865936517715454,0.2922246226266985
P1,Full identifiability-aware,20260719,-0.0675,0.3191554546356201,0.2929979628223361
P1,Full identifiability-aware,20260719,-0.06000000000000005,0.3196447789669037,0.2937726239991255
P1,Full identifiability-aware,20260719,-0.05249999999999999,0.32012760639190674,0.2945484619076617
P1,Full identifiability-aware,20260719,-0.04500000000000004,0.32060426473617554,0.2953253314119491
P1,Full identifiability-aware,20260719,-0.03749999999999998,0.321074903011322,0.29610308659708684
P1,Full identifiability-aware,20260719,-0.030000000000000027,0.32153984904289246,0.29688158087820066
P1,Full identifiability-aware,20260719,-0.022500000000000075,0.32199928164482117,0.29766066711044903
P1,Full identifiability-aware,20260719,-0.015000000000000013,0.32245343923568726,0.2984401976999299
P1,Full identifiability-aware,20260719,-0.007500000000000062,0.3229025602340698,0.2992200247153102
P1,Full identifiability-aware,20260719,0.0,0.32334691286087036,0.3
P1,Full identifiability-aware,20260719,0.007499999999999951,0.3237866163253784,0.3007799752846898
P1,Full identifiability-aware,20260719,0.015000000000000013,0.3242219090461731,0.30155980230007007
P1,Full identifiability-aware,20260719,0.022499999999999964,0.3246530592441559,0.30233933288955095
P1,Full identifiability-aware,20260719,0.030000000000000027,0.32508015632629395,0.3031184191217993
P1,Full identifiability-aware,20260719,0.03749999999999998,0.32550346851348877,0.30389691340291314
P1,Full identifiability-aware,20260719,0.04499999999999993,0.3259231448173523,0.30467466858805087
P1,Full identifiability-aware,20260719,0.05249999999999999,0.32633936405181885,0.30545153809233827
P1,Full identifiability-aware,20260719,0.05999999999999994,0.32675233483314514,0.30622737600087446
P1,Full identifiability-aware,20260719,0.0675,0.3271622061729431,0.3070020371776639
P1,Full identifiability-aware,20260719,0.07499999999999996,0.3275691270828247,0.30777537737330146
P1,Full identifiability-aware,20260719,0.08250000000000002,0.32797324657440186,0.3085472533312431
P1,Full identifiability-aware,20260719,0.08999999999999997,0.3283747732639313,0.30931752289249764
P1,Full identifiability-aware,20260719,0.09749999999999992,0.3287737965583801,0.3100860450985798
P1,Full identifiability-aware,20260719,0.10499999999999998,0.3291705250740051,0.31085268029256863
P1,Full identifiability-aware,20260719,0.11249999999999993,0.32956504821777344,0.3116172902181216
P1,Full identifiability-aware,20260719,0.12,0.3299574851989746,0.31237973811629965
P1,Full identifiability-aware,20260719,0.12749999999999995,0.33034807443618774,0.3131398888200634
P1,Full identifiability-aware,20260719,0.135,0.33073681592941284,0.3138976088463088
P1,Full identifiability-aware,20260719,0.14249999999999996,0.331123948097229,0.3146527664853151
P1,Full identifiability-aware,20260719,0.1499999999999999,0.33150947093963623,0.31540523188748604
P1,Full identifiability-aware,20260719,0.15749999999999997,0.3318936228752136,0.31615487714727075
P1,Full identifiability-aware,20260719,0.16499999999999992,0.33227643370628357,0.31690157638415994
P1,Full identifiability-aware,20260719,0.1725,0.332658052444458,0.31764520582065875
P1,Full identifiability-aware,20260719,0.17999999999999994,0.3330385684967041,0.31838564385714535
P1,Full identifiability-aware,20260719,0.1875,0.333418071269989,0.31912277114353355
P1,Full identifiability-aware,20260719,0.19499999999999995,0.33379673957824707,0.31985647064766337
P1,Full identifiability-aware,20260719,0.2025,0.3341745138168335,0.3205866277203531
P1,Full identifiability-aware,20260719,0.20999999999999996,0.3345516324043274,0.32131313015705354
P1,Full identifiability-aware,20260719,0.21749999999999992,0.33492815494537354,0.3220358682560529
P1,Full identifiability-aware,20260719,0.22499999999999998,0.3353040814399719,0.32275473487319
P1,Full identifiability-aware,20260719,0.23249999999999993,0.3356795907020569,0.32346962547304
P1,Full identifiability-aware,20260719,0.24,0.3360546827316284,0.3241804381765448
P1,Full identifiability-aware,20260719,0.24749999999999994,0.33642953634262085,0.3248870738050702
P1,Full identifiability-aware,20260719,0.2549999999999999,0.3368041515350342,0.3255894359208763
P1,Full identifiability-aware,20260719,0.26249999999999996,0.3371785879135132,0.3262874308639982
P1,Full identifiability-aware,20260719,0.27,0.3375529646873474,0.3269809677855396
P1,Full identifiability-aware,20260719,0.27749999999999986,0.33792731165885925,0.32766995867739035
P1,Full identifiability-aware,20260719,0.2849999999999999,0.33830171823501587,0.3283543183983856
P1,Full identifiability-aware,20260719,0.2925,0.33867621421813965,0.32903396469693
P1,Full identifiability-aware,20260719,0.30000000000000004,0.33905088901519775,0.3297088182301206
P1,Full identifiability-aware,20260719,0.3074999999999999,0.3394257426261902,0.33037880257940316
P1,Full identifiability-aware,20260719,0.31499999999999995,0.3398008942604065,0.3310438442628082
P1,Full identifiability-aware,20260719,0.3225,0.3401763439178467,0.33170387274381485
P1,Full identifiability-aware,20260719,0.33000000000000007,0.3405521512031555,0.3323588204368989
P1,Full identifiability-aware,20260719,0.3374999999999999,0.3409283757209778,0.3330086227098251
P1,Full identifiability-aware,20260719,0.345,0.34130507707595825,0.3336532178827498
P1,Full identifiability-aware,20260719,0.35250000000000004,0.34168222546577454,0.33429254722420426
P1,Full identifiability-aware,20260719,0.3599999999999999,0.3420599102973938,0.33492655494403356
P1,Full identifiability-aware,20260719,0.36749999999999994,0.3424381613731384,0.33555518818337016
P1,Full identifiability-aware,20260719,0.375,0.3428170084953308,0.33617839700172464
P1,Full identifiability-aware,20260719,0.38250000000000006,0.3431965112686157,0.33679613436128053
P1,Full identifiability-aware,20260719,0.3899999999999999,0.3435766398906708,0.3374083561084815
P1,Full identifiability-aware,20260719,0.39749999999999996,0.34395742416381836,0.33801502095300495
P1,Full identifiability-aware,20260719,0.405,0.34433895349502563,0.33861609044421415
P1,Full identifiability-aware,20260719,0.41249999999999987,0.3447212278842926,0.33921152894518897
P1,Full identifiability-aware,20260719,0.41999999999999993,0.34510424733161926,0.3398013036044313
P1,Full identifiability-aware,20260719,0.4275,0.3454880118370056,0.3403853843253474
P1,Full identifiability-aware,20260719,0.43500000000000005,0.34587258100509644,0.34096374373360794
P1,Full identifiability-aware,20260719,0.4424999999999999,0.34625792503356934,0.341536357142489
P1,Full identifiability-aware,20260719,0.44999999999999996,0.3466441035270691,0.34210320251629683
P1,Full identifiability-aware,20260719,0.4575,0.3470311164855957,0.342664260431981
P1,Full identifiability-aware,20260719,0.46499999999999986,0.34741899371147156,0.34321951403903916
P1,Full identifiability-aware,20260719,0.4724999999999999,0.34780770540237427,0.34376894901781785
P1,Full identifiability-aware,20260719,0.48,0.34819725155830383,0.3443125535363132
P1,Full identifiability-aware,20260719,0.48750000000000004,0.34858766198158264,0.3448503182055732
P1,Full identifiability-aware,20260719,0.4949999999999999,0.3489789366722107,0.3453822360338061
P1,Full identifiability-aware,20260719,0.5025,0.349371075630188,0.34590830237929365
P1,Full identifiability-aware,20260719,0.51,0.3497641086578369,0.3464285149022109
P1,Full identifiability-aware,20260719,0.5174999999999998,0.3501579761505127,0.3469428735154505
P1,Full identifiability-aware,20260719,0.5249999999999999,0.35055267810821533,0.3474513803345492
P1,Full identifiability-aware,20260719,0.5325,0.3509483337402344,0.34795403962681043
P1,Full identifiability-aware,20260719,0.54,0.3513447642326355,0.34845085775971835
P1,Full identifiability-aware,20260719,0.5474999999999999,0.35174205899238586,0.348941843148733
P1,Full identifiability-aware,20260719,0.5549999999999999,0.3521401882171631,0.3494270062045573
P1,Full identifiability-aware,20260719,0.5625,0.35253918170928955,0.34990635927996133
P1,Full identifiability-aware,20260719,0.5699999999999998,0.3529389798641205,0.35037991661625
P1,Full identifiability-aware,20260719,0.5774999999999999,0.35333961248397827,0.3508476942894551
P1,Full identifiability-aware,20260719,0.585,0.35374101996421814,0.3513097101563318
P1,Full identifiability-aware,20260719,0.5925,0.3541432023048401,0.3517659838002362
P1,Full identifiability-aware,20260719,0.5999999999999999,0.3545461893081665,0.35221653647695916
P1,Full identifiability-aware,20260719,0.6074999999999999,0.3549498915672302,0.3526613910605862
P1,Full identifiability-aware,20260719,0.615,0.355354368686676,0.35310057198945366
P1,Full identifiability-aware,20260719,0.6225,0.3557595908641815,0.35353410521226647
P1,Full identifiability-aware,20260719,0.6299999999999999,0.35616549849510193,0.3539620181344406
P1,Full identifiability-aware,20260719,0.6375,0.35657209157943726,0.3543843395647306
P1,Full identifiability-aware,20260719,0.645,0.3569793701171875,0.3548010996621992
P1,Full identifiability-aware,20260719,0.6524999999999999,0.3573872447013855,0.35521232988358425
P1,Full identifiability-aware,20260719,0.6599999999999999,0.357795774936676,0.3556180629311138
P1,Full identifiability-aware,20260719,0.6675,0.3582049310207367,0.3560183327008191
P1,Full identifiability-aware,20260719,0.675,0.35861465334892273,0.3564131742313908
P1,Full identifiability-aware,20260719,0.6824999999999999,0.35902494192123413,0.356802623653622
P1,Full identifiability-aware,20260719,0.69,0.3594357371330261,0.35718671814047925
P1,Full identifiability-aware,20260719,0.6975,0.3598470985889435,0.3575654958578385
P1,Full identifiability-aware,20260719,0.7049999999999998,0.36025890707969666,0.35793899591592165
P1,Full identifiability-aware,20260719,0.7124999999999999,0.36067119240760803,0.3583072583214666
P1,Full identifiability-aware,20260719,0.72,0.36108389496803284,0.35867032393066073
P1,Full identifiability-aware,20260719,0.7275,0.36149704456329346,0.35902823440286524
P1,Full identifiability-aware,20260719,0.7349999999999999,0.36191052198410034,0.35938103215515604
P1,Full identifiability-aware,20260719,0.7424999999999999,0.36232441663742065,0.35972876031770373
P1,Full identifiability-aware,20260719,0.75,0.36273857951164246,0.36007146269001333
P1,Full identifiability-aware,20260720,-0.75,0.22192129492759705,0.23992853730998662
P1,Full identifiability-aware,20260720,-0.7425,0.22318536043167114,0.24027123968229624
P1,Full identifiability-aware,20260720,-0.735,0.22446125745773315,0.24061896784484396
P1,Full identifiability-aware,20260720,-0.7275,0.2257479429244995,0.24097176559713476
P1,Full identifiability-aware,20260720,-0.72,0.22704438865184784,0.24132967606933925
P1,Full identifiability-aware,20260720,-0.7125,0.228349506855011,0.24169274167853338
P1,Full identifiability-aware,20260720,-0.705,0.22966217994689941,0.24206100408407832
P1,Full identifiability-aware,20260720,-0.6975,0.23098132014274597,0.24243450414216147
P1,Full identifiability-aware,20260720,-0.69,0.23230572044849396,0.24281328185952072
P1,Full identifiability-aware,20260720,-0.6825,0.23363429307937622,0.243197376346378
P1,Full identifiability-aware,20260720,-0.675,0.23496592044830322,0.24358682576860918
P1,Full identifiability-aware,20260720,-0.6675,0.23629944026470184,0.24398166729918083
P1,Full identifiability-aware,20260720,-0.66,0.23763370513916016,0.24438193706888614
P1,Full identifiability-aware,20260720,-0.6525,0.2389676570892334,0.24478767011641572
P1,Full identifiability-aware,20260720,-0.645,0.24030011892318726,0.24519890033780076
P1,Full identifiability-aware,20260720,-0.6375,0.24163010716438293,0.2456156604352694
P1,Full identifiability-aware,20260720,-0.63,0.2429564893245697,0.24603798186555936
P1,Full identifiability-aware,20260720,-0.6225,0.24427831172943115,0.2464658947877335
P1,Full identifiability-aware,20260720,-0.615,0.24559462070465088,0.24689942801054632
P1,Full identifiability-aware,20260720,-0.6075,0.2469044029712677,0.24733860893941376
P1,Full identifiability-aware,20260720,-0.6,0.24820676445960999,0.2477834635230408
P1,Full identifiability-aware,20260720,-0.5925,0.24950090050697327,0.24823401619976376
P1,Full identifiability-aware,20260720,-0.585,0.2507859468460083,0.2486902898436682
P1,Full identifiability-aware,20260720,-0.5775,0.2520611584186554,0.24915230571054484
P1,Full identifiability-aware,20260720,-0.5700000000000001,0.25332579016685486,0.24962008338374994
P1,Full identifiability-aware,20260720,-0.5625,0.25457921624183655,0.25009364072003865
P1,Full identifiability-aware,20260720,-0.5549999999999999,0.25582078099250793,0.2505729937954427
P1,Full identifiability-aware,20260720,-0.5475,0.25704991817474365,0.251058156851267
P1,Full identifiability-aware,20260720,-0.54,0.2582660913467407,0.25154914224028163
P1,Full identifiability-aware,20260720,-0.5325,0.25946885347366333,0.25204596037318955
P1,Full identifiability-aware,20260720,-0.525,0.26065778732299805,0.2525486196654508
P1,Full identifiability-aware,20260720,-0.5175000000000001,0.26183250546455383,0.2530571264845494
P1,Full identifiability-aware,20260720,-0.51,0.2629926800727844,0.2535714850977891
P1,Full identifiability-aware,20260720,-0.5025,0.26413801312446594,0.2540916976207063
P1,Full identifiability-aware,20260720,-0.495,0.2652682662010193,0.25461776396619384
P1,Full identifiability-aware,20260720,-0.4875,0.26638326048851013,0.25514968179442676
P1,Full identifiability-aware,20260720,-0.48,0.26748284697532654,0.2556874464636868
P1,Full identifiability-aware,20260720,-0.47250000000000003,0.26856693625450134,0.2562310509821821
P1,Full identifiability-aware,20260720,-0.465,0.2696353793144226,0.2567804859609608
P1,Full identifiability-aware,20260720,-0.4575,0.27068817615509033,0.257335739568019
P1,Full identifiability-aware,20260720,-0.45,0.2717253267765045,0.2578967974837031
P1,Full identifiability-aware,20260720,-0.4425,0.27274686098098755,0.258463642857511
P1,Full identifiability-aware,20260720,-0.435,0.2737528085708618,0.25903625626639204
P1,Full identifiability-aware,20260720,-0.4275,0.2747432291507721,0.2596146156746526
P1,Full identifiability-aware,20260720,-0.42000000000000004,0.2757182717323303,0.2601986963955687
P1,Full identifiability-aware,20260720,-0.41250000000000003,0.27667808532714844,0.260788471054811
P1,Full identifiability-aware,20260720,-0.405,0.2776227593421936,0.26138390955578583
P1,Full identifiability-aware,20260720,-0.3975,0.2785525321960449,0.261984979046995
P1,Full identifiability-aware,20260720,-0.39,0.27946755290031433,0.26259164389151846
P1,Full identifiability-aware,20260720,-0.3825,0.28036803007125854,0.26320386563871945
P1,Full identifiability-aware,20260720,-0.375,0.28125420212745667,0.26382160299827534
P1,Full identifiability-aware,20260720,-0.3675,0.2821263074874878,0.2644448118166298
P1,Full identifiability-aware,20260720,-0.36,0.28298455476760864,0.2650734450559664
P1,Full identifiability-aware,20260720,-0.35250000000000004,0.2838292419910431,0.2657074527757957
P1,Full identifiability-aware,20260720,-0.34500000000000003,0.2846606373786926,0.26634678211725016
P1,Full identifiability-aware,20260720,-0.3375,0.28547900915145874,0.26699137729017486
P1,Full identifiability-aware,20260720,-0.33,0.28628459572792053,0.2676411795631011
P1,Full identifiability-aware,20260720,-0.3225,0.28707775473594666,0.2682961272561851
P1,Full identifiability-aware,20260720,-0.315,0.2878587245941162,0.2689561557371918
P1,Full identifiability-aware,20260720,-0.3075,0.2886278033256531,0.2696211974205968
P1,Full identifiability-aware,20260720,-0.30000000000000004,0.28938525915145874,0.2702911817698794
P1,Full identifiability-aware,20260720,-0.29250000000000004,0.29013147950172424,0.27096603530306995
P1,Full identifiability-aware,20260720,-0.28500000000000003,0.2908667027950287,0.2716456816016144
P1,Full identifiability-aware,20260720,-0.2775,0.29159122705459595,0.2723300413226096
P1,Full identifiability-aware,20260720,-0.27,0.2923053503036499,0.2730190322144604
P1,Full identifiability-aware,20260720,-0.2625,0.29300934076309204,0.2737125691360018
P1,Full identifiability-aware,20260720,-0.255,0.293703556060791,0.2744105640791237
P1,Full identifiability-aware,20260720,-0.24750000000000005,0.2943882644176483,0.2751129261949298
P1,Full identifiability-aware,20260720,-0.24,0.29506373405456543,0.2758195618234552
P1,Full identifiability-aware,20260720,-0.23250000000000004,0.29573026299476624,0.27653037452696
P1,Full identifiability-aware,20260720,-0.22499999999999998,0.2963881492614746,0.27724526512680997
P1,Full identifiability-aware,20260720,-0.21750000000000003,0.29703766107559204,0.2779641317439471
P1,Full identifiability-aware,20260720,-0.20999999999999996,0.29767903685569763,0.27868686984294644
P1,Full identifiability-aware,20260720,-0.2025,0.29831260442733765,0.27941337227964685
P1,Full identifiability-aware,20260720,-0.19500000000000006,0.2989386320114136,0.2801435293523366
P1,Full identifiability-aware,20260720,-0.1875,0.29955732822418213,0.28087722885646643
P1,Full identifiability-aware,20260720,-0.18000000000000005,0.3001689910888672,0.2816143561428546
P1,Full identifiability-aware,20260720,-0.1725,0.30077382922172546,0.28235479417934123
P1,Full identifiability-aware,20260720,-0.16500000000000004,0.3013721704483032,0.28309842361584003
P1,Full identifiability-aware,20260720,-0.15749999999999997,0.3019641637802124,0.2838451228527292
P1,Full identifiability-aware,20260720,-0.15000000000000002,0.30255013704299927,0.28459476811251394
P1,Full identifiability-aware,20260720,-0.14250000000000007,0.30313026905059814,0.28534723351468483
P1,Full identifiability-aware,20260720,-0.135,0.30370473861694336,0.2861023911536912
P1,Full identifiability-aware,20260720,-0.12750000000000006,0.30427390336990356,0.2868601111799366
P1,Full identifiability-aware,20260720,-0.12,0.3048378527164459,0.2876202618837003
P1,Full identifiability-aware,20260720,-0.11250000000000004,0.3053968548774719,0.28838270978187835
P1,Full identifiability-aware,20260720,-0.10499999999999998,0.3059511184692383,0.28914731970743135
P1,Full identifiability-aware,20260720,-0.09750000000000003,0.30650079250335693,0.2899139549014202
P1,Full identifiability-aware,20260720,-0.09000000000000008,0.30704614520072937,0.29068247710750234
P1,Full identifiability-aware,20260720,-0.08250000000000002,0.30758732557296753,0.29145274666875687
P1,Full identifiability-aware,20260720,-0.07500000000000007,0.3081245422363281,0.2922246226266985
P1,Full identifiability-aware,20260720,-0.0675,0.3086579442024231,0.2929979628223361
P1,Full identifiability-aware,20260720,-0.06000000000000005,0.30918776988983154,0.2937726239991255
P1,Full identifiability-aware,20260720,-0.05249999999999999,0.30971410870552063,0.2945484619076617
P1,Full identifiability-aware,20260720,-0.04500000000000004,0.31023716926574707,0.2953253314119491
P1,Full identifiability-aware,20260720,-0.03749999999999998,0.3107571303844452,0.29610308659708684
P1,Full identifiability-aware,20260720,-0.030000000000000027,0.31127411127090454,0.29688158087820066
P1,Full identifiability-aware,20260720,-0.022500000000000075,0.31178829073905945,0.29766066711044903
P1,Full identifiability-aware,20260720,-0.015000000000000013,0.31229981780052185,0.2984401976999299
P1,Full identifiability-aware,20260720,-0.007500000000000062,0.3128088116645813,0.2992200247153102
P1,Full identifiability-aware,20260720,0.0,0.3133154511451721,0.3
P1,Full identifiability-aware,20260720,0.007499999999999951,0.31381985545158386,0.3007799752846898
P1,Full identifiability-aware,20260720,0.015000000000000013,0.3143221139907837,0.30155980230007007
P1,Full identifiability-aware,20260720,0.022499999999999964,0.3148224353790283,0.30233933288955095
P1,Full identifiability-aware,20260720,0.030000000000000027,0.3153209090232849,0.3031184191217993
P1,Full identifiability-aware,20260720,0.03749999999999998,0.315817654132843,0.30389691340291314
P1,Full identifiability-aware,20260720,0.04499999999999993,0.3163127601146698,0.30467466858805087
P1,Full identifiability-aware,20260720,0.05249999999999999,0.3168063759803772,0.30545153809233827
P1,Full identifiability-aware,20260720,0.05999999999999994,0.3172985911369324,0.30622737600087446
P1,Full identifiability-aware,20260720,0.0675,0.3177894949913025,0.3070020371776639
P1,Full identifiability-aware,20260720,0.07499999999999996,0.3182792663574219,0.30777537737330146
P1,Full identifiability-aware,20260720,0.08250000000000002,0.3187679052352905,0.3085472533312431
P1,Full identifiability-aware,20260720,0.08999999999999997,0.3192555904388428,0.30931752289249764
P1,Full identifiability-aware,20260720,0.09749999999999992,0.3197423815727234,0.3100860450985798
P1,Full identifiability-aware,20260720,0.10499999999999998,0.32022833824157715,0.31085268029256863
P1,Full identifiability-aware,20260720,0.11249999999999993,0.3207135796546936,0.3116172902181216
P1,Full identifiability-aware,20260720,0.12,0.3211981952190399,0.31237973811629965
P1,Full identifiability-aware,20260720,0.12749999999999995,0.32168227434158325,0.3131398888200634
P1,Full identifiability-aware,20260720,0.135,0.322165846824646,0.3138976088463088
P1,Full identifiability-aware,20260720,0.14249999999999996,0.3226490318775177,0.3146527664853151
P1,Full identifiability-aware,20260720,0.1499999999999999,0.32313188910484314,0.31540523188748604
P1,Full identifiability-aware,20260720,0.15749999999999997,0.3236144781112671,0.31615487714727075
P1,Full identifiability-aware,20260720,0.16499999999999992,0.3240969181060791,0.31690157638415994
P1,Full identifiability-aware,20260720,0.1725,0.3245791792869568,0.31764520582065875
P1,Full identifiability-aware,20260720,0.17999999999999994,0.3250614404678345,0.31838564385714535
P1,Full identifiability-aware,20260720,0.1875,0.325543612241745,0.31912277114353355
P1,Full identifiability-aware,20260720,0.19499999999999995,0.32602590322494507,0.31985647064766337
P1,Full identifiability-aware,20260720,0.2025,0.3265082836151123,0.3205866277203531
P1,Full identifiability-aware,20260720,0.20999999999999996,0.3269908130168915,0.32131313015705354
P1,Full identifiability-aware,20260720,0.21749999999999992,0.32747358083724976,0.3220358682560529
P1,Full identifiability-aware,20260720,0.22499999999999998,0.32795655727386475,0.32275473487319
P1,Full identifiability-aware,20260720,0.23249999999999993,0.3284398913383484,0.32346962547304
P1,Full identifiability-aware,20260720,0.24,0.3289235532283783,0.3241804381765448
P1,Full identifiability-aware,20260720,0.24749999999999994,0.32940760254859924,0.3248870738050702
P1,Full identifiability-aware,20260720,0.2549999999999999,0.329892098903656,0.3255894359208763
P1,Full identifiability-aware,20260720,0.26249999999999996,0.33037707209587097,0.3262874308639982
P1,Full identifiability-aware,20260720,0.27,0.33086252212524414,0.3269809677855396
P1,Full identifiability-aware,20260720,0.27749999999999986,0.3313485383987427,0.32766995867739035
P1,Full identifiability-aware,20260720,0.2849999999999999,0.3318351209163666,0.3283543183983856
P1,Full identifiability-aware,20260720,0.2925,0.33232229948043823,0.32903396469693
P1,Full identifiability-aware,20260720,0.30000000000000004,0.3328101336956024,0.3297088182301206
P1,Full identifiability-aware,20260720,0.3074999999999999,0.33329862356185913,0.33037880257940316
P1,Full identifiability-aware,20260720,0.31499999999999995,0.333787739276886,0.3310438442628082
P1,Full identifiability-aware,20260720,0.3225,0.3342776298522949,0.33170387274381485
P1,Full identifiability-aware,20260720,0.33000000000000007,0.33476823568344116,0.3323588204368989
P1,Full identifiability-aware,20260720,0.3374999999999999,0.3352595865726471,0.3330086227098251
P1,Full identifiability-aware,20260720,0.345,0.3357516825199127,0.3336532178827498
P1,Full identifiability-aware,20260720,0.35250000000000004,0.3362446129322052,0.33429254722420426
P1,Full identifiability-aware,20260720,0.3599999999999999,0.33673831820487976,0.33492655494403356
P1,Full identifiability-aware,20260720,0.36749999999999994,0.3372327983379364,0.33555518818337016
P1,Full identifiability-aware,20260720,0.375,0.3377281427383423,0.33617839700172464
P1,Full identifiability-aware,20260720,0.38250000000000006,0.33822429180145264,0.33679613436128053
P1,Full identifiability-aware,20260720,0.3899999999999999,0.3387213349342346,0.3374083561084815
P1,Full identifiability-aware,20260720,0.39749999999999996,0.33921921253204346,0.33801502095300495
P1,Full identifiability-aware,20260720,0.405,0.33971792459487915,0.33861609044421415
P1,Full identifiability-aware,20260720,0.41249999999999987,0.3402175307273865,0.33921152894518897
P1,Full identifiability-aware,20260720,0.41999999999999993,0.34071797132492065,0.3398013036044313
P1,Full identifiability-aware,20260720,0.4275,0.34121930599212646,0.3403853843253474
P1,Full identifiability-aware,20260720,0.43500000000000005,0.3417215347290039,0.34096374373360794
P1,Full identifiability-aware,20260720,0.4424999999999999,0.3422245681285858,0.341536357142489
P1,Full identifiability-aware,20260720,0.44999999999999996,0.34272849559783936,0.34210320251629683
P1,Full identifiability-aware,20260720,0.4575,0.3432333171367645,0.342664260431981
P1,Full identifiability-aware,20260720,0.46499999999999986,0.34373897314071655,0.34321951403903916
P1,Full identifiability-aware,20260720,0.4724999999999999,0.3442454934120178,0.34376894901781785
P1,Full identifiability-aware,20260720,0.48,0.34475284814834595,0.3443125535363132
P1,Full identifiability-aware,20260720,0.48750000000000004,0.3452610671520233,0.3448503182055732
P1,Full identifiability-aware,20260720,0.4949999999999999,0.34577009081840515,0.3453822360338061
P1,Full identifiability-aware,20260720,0.5025,0.34627994894981384,0.34590830237929365
P1,Full identifiability-aware,20260720,0.51,0.346790611743927,0.3464285149022109
P1,Full identifiability-aware,20260720,0.5174999999999998,0.34730207920074463,0.3469428735154505
P1,Full identifiability-aware,20260720,0.5249999999999999,0.34781429171562195,0.3474513803345492
P1,Full identifiability-aware,20260720,0.5325,0.3483273386955261,0.34795403962681043
P1,Full identifiability-aware,20260720,0.54,0.3488410711288452,0.34845085775971835
P1,Full identifiability-aware,20260720,0.5474999999999999,0.3493555784225464,0.348941843148733
P1,Full identifiability-aware,20260720,0.5549999999999999,0.34987080097198486,0.3494270062045573
P1,Full identifiability-aware,20260720,0.5625,0.35038673877716064,0.34990635927996133
P1,Full identifiability-aware,20260720,0.5699999999999998,0.35090333223342896,0.35037991661625
P1,Full identifiability-aware,20260720,0.5774999999999999,0.3514205813407898,0.3508476942894551
P1,Full identifiability-aware,20260720,0.585,0.35193848609924316,0.3513097101563318
P1,Full identifiability-aware,20260720,0.5925,0.3524569869041443,0.3517659838002362
P1,Full identifiability-aware,20260720,0.5999999999999999,0.35297611355781555,0.35221653647695916
P1,Full identifiability-aware,20260720,0.6074999999999999,0.3534957766532898,0.3526613910605862
P1,Full identifiability-aware,20260720,0.615,0.3540160059928894,0.35310057198945366
P1,Full identifiability-aware,20260720,0.6225,0.3545367121696472,0.35353410521226647
P1,Full identifiability-aware,20260720,0.6299999999999999,0.355057954788208,0.3539620181344406
P1,Full identifiability-aware,20260720,0.6375,0.3555796444416046,0.3543843395647306
P1,Full identifiability-aware,20260720,0.645,0.35610175132751465,0.3548010996621992
P1,Full identifiability-aware,20260720,0.6524999999999999,0.3566243052482605,0.35521232988358425
P1,Full identifiability-aware,20260720,0.6599999999999999,0.357147216796875,0.3556180629311138
P1,Full identifiability-aware,20260720,0.6675,0.35767045617103577,0.3560183327008191
P1,Full identifiability-aware,20260720,0.675,0.3581940531730652,0.3564131742313908
P1,Full identifiability-aware,20260720,0.6824999999999999,0.3587179183959961,0.356802623653622
P1,Full identifiability-aware,20260720,0.69,0.3592420220375061,0.35718671814047925
P1,Full identifiability-aware,20260720,0.6975,0.3597663342952728,0.3575654958578385
P1,Full identifiability-aware,20260720,0.7049999999999998,0.36029088497161865,0.35793899591592165
P1,Full identifiability-aware,20260720,0.7124999999999999,0.36081552505493164,0.3583072583214666
P1,Full identifiability-aware,20260720,0.72,0.36134034395217896,0.35867032393066073
P1,Full identifiability-aware,20260720,0.7275,0.36186519265174866,0.35902823440286524
P1,Full identifiability-aware,20260720,0.7349999999999999,0.36239010095596313,0.35938103215515604
P1,Full identifiability-aware,20260720,0.7424999999999999,0.3629150390625,0.35972876031770373
P1,Full identifiability-aware,20260720,0.75,0.3634399473667145,0.36007146269001333
P1,Full identifiability-aware,20260721,-0.75,0.21945735812187195,0.23992853730998662
P1,Full identifiability-aware,20260721,-0.7425,0.22082510590553284,0.24027123968229624
P1,Full identifiability-aware,20260721,-0.735,0.222222700715065,0.24061896784484396
P1,Full identifiability-aware,20260721,-0.7275,0.22364890575408936,0.24097176559713476
P1,Full identifiability-aware,20260721,-0.72,0.22510232031345367,0.24132967606933925
P1,Full identifiability-aware,20260721,-0.7125,0.22658148407936096,0.24169274167853338
P1,Full identifiability-aware,20260721,-0.705,0.22808463871479034,0.24206100408407832
P1,Full identifiability-aware,20260721,-0.6975,0.22960998117923737,0.24243450414216147
P1,Full identifiability-aware,20260721,-0.69,0.23115552961826324,0.24281328185952072
P1,Full identifiability-aware,20260721,-0.6825,0.23271921277046204,0.243197376346378
P1,Full identifiability-aware,20260721,-0.675,0.23429875075817108,0.24358682576860918
P1,Full identifiability-aware,20260721,-0.6675,0.2358919084072113,0.24398166729918083
P1,Full identifiability-aware,20260721,-0.66,0.2374962717294693,0.24438193706888614
P1,Full identifiability-aware,20260721,-0.6525,0.2391093671321869,0.24478767011641572
P1,Full identifiability-aware,20260721,-0.645,0.2407287061214447,0.24519890033780076
P1,Full identifiability-aware,20260721,-0.6375,0.24235177040100098,0.2456156604352694
P1,Full identifiability-aware,20260721,-0.63,0.24397602677345276,0.24603798186555936
P1,Full identifiability-aware,20260721,-0.6225,0.24559897184371948,0.2464658947877335
P1,Full identifiability-aware,20260721,-0.615,0.24721810221672058,0.24689942801054632
P1,Full identifiability-aware,20260721,-0.6075,0.24883106350898743,0.24733860893941376
P1,Full identifiability-aware,20260721,-0.6,0.25043541193008423,0.2477834635230408
P1,Full identifiability-aware,20260721,-0.5925,0.2520289719104767,0.24823401619976376
P1,Full identifiability-aware,20260721,-0.585,0.2536095380783081,0.2486902898436682
P1,Full identifiability-aware,20260721,-0.5775,0.25517502427101135,0.24915230571054484
P1,Full identifiability-aware,20260721,-0.5700000000000001,0.256723552942276,0.24962008338374994
P1,Full identifiability-aware,20260721,-0.5625,0.2582533061504364,0.25009364072003865
P1,Full identifiability-aware,20260721,-0.5549999999999999,0.25976264476776123,0.2505729937954427
P1,Full identifiability-aware,20260721,-0.5475,0.2612500786781311,0.251058156851267
P1,Full identifiability-aware,20260721,-0.54,0.2627142369747162,0.25154914224028163
P1,Full identifiability-aware,20260721,-0.5325,0.26415395736694336,0.25204596037318955
P1,Full identifiability-aware,20260721,-0.525,0.2655681371688843,0.2525486196654508
P1,Full identifiability-aware,20260721,-0.5175000000000001,0.2669559121131897,0.2530571264845494
P1,Full identifiability-aware,20260721,-0.51,0.26831650733947754,0.2535714850977891
P1,Full identifiability-aware,20260721,-0.5025,0.26964929699897766,0.2540916976207063
P1,Full identifiability-aware,20260721,-0.495,0.27095386385917664,0.25461776396619384
P1,Full identifiability-aware,20260721,-0.4875,0.2722298204898834,0.25514968179442676
P1,Full identifiability-aware,20260721,-0.48,0.2734769582748413,0.2556874464636868
P1,Full identifiability-aware,20260721,-0.47250000000000003,0.27469518780708313,0.2562310509821821
P1,Full identifiability-aware,20260721,-0.465,0.2758845090866089,0.2567804859609608
P1,Full identifiability-aware,20260721,-0.4575,0.27704501152038574,0.257335739568019
P1,Full identifiability-aware,20260721,-0.45,0.2781769037246704,0.2578967974837031
P1,Full identifiability-aware,20260721,-0.4425,0.27928048372268677,0.258463642857511
P1,Full identifiability-aware,20260721,-0.435,0.28035610914230347,0.25903625626639204
P1,Full identifiability-aware,20260721,-0.4275,0.28140419721603394,0.2596146156746526
P1,Full identifiability-aware,20260721,-0.42000000000000004,0.28242528438568115,0.2601986963955687
P1,Full identifiability-aware,20260721,-0.41250000000000003,0.2834198474884033,0.260788471054811
P1,Full identifiability-aware,20260721,-0.405,0.28438854217529297,0.26138390955578583
P1,Full identifiability-aware,20260721,-0.3975,0.28533196449279785,0.261984979046995
P1,Full identifiability-aware,20260721,-0.39,0.2862508296966553,0.26259164389151846
P1,Full identifiability-aware,20260721,-0.3825,0.2871457636356354,0.26320386563871945
P1,Full identifiability-aware,20260721,-0.375,0.2880175709724426,0.26382160299827534
P1,Full identifiability-aware,20260721,-0.3675,0.28886693716049194,0.2644448118166298
P1,Full identifiability-aware,20260721,-0.36,0.2896946370601654,0.2650734450559664
P1,Full identifiability-aware,20260721,-0.35250000000000004,0.2905014753341675,0.2657074527757957
P1,Full identifiability-aware,20260721,-0.34500000000000003,0.2912881374359131,0.26634678211725016
P1,Full identifiability-aware,20260721,-0.3375,0.29205548763275146,0.26699137729017486
P1,Full identifiability-aware,20260721,-0.33,0.2928042709827423,0.2676411795631011
P1,Full identifiability-aware,20260721,-0.3225,0.2935352921485901,0.2682961272561851
P1,Full identifiability-aware,20260721,-0.315,0.2942492961883545,0.2689561557371918
P1,Full identifiability-aware,20260721,-0.3075,0.29494708776474,0.2696211974205968
P1,Full identifiability-aware,20260721,-0.30000000000000004,0.2956293821334839,0.2702911817698794
P1,Full identifiability-aware,20260721,-0.29250000000000004,0.29629701375961304,0.27096603530306995
P1,Full identifiability-aware,20260721,-0.28500000000000003,0.29695063829421997,0.2716456816016144
P1,Full identifiability-aware,20260721,-0.2775,0.29759109020233154,0.2723300413226096
P1,Full identifiability-aware,20260721,-0.27,0.2982189953327179,0.2730190322144604
P1,Full identifiability-aware,20260721,-0.2625,0.2988350987434387,0.2737125691360018
P1,Full identifiability-aware,20260721,-0.255,0.2994401454925537,0.2744105640791237
P1,Full identifiability-aware,20260721,-0.24750000000000005,0.300034761428833,0.2751129261949298
P1,Full identifiability-aware,20260721,-0.24,0.30061960220336914,0.2758195618234552
P1,Full identifiability-aware,20260721,-0.23250000000000004,0.3011954128742218,0.27653037452696
P1,Full identifiability-aware,20260721,-0.22499999999999998,0.30176275968551636,0.27724526512680997
P1,Full identifiability-aware,20260721,-0.21750000000000003,0.30232229828834534,0.2779641317439471
P1,Full identifiability-aware,20260721,-0.20999999999999996,0.3028746247291565,0.27868686984294644
P1,Full identifiability-aware,20260721,-0.2025,0.30342036485671997,0.27941337227964685
P1,Full identifiability-aware,20260721,-0.19500000000000006,0.30396008491516113,0.2801435293523366
P1,Full identifiability-aware,20260721,-0.1875,0.30449432134628296,0.28087722885646643
P1,Full identifiability-aware,20260721,-0.18000000000000005,0.3050236999988556,0.2816143561428546
P1,Full identifiability-aware,20260721,-0.1725,0.30554866790771484,0.28235479417934123
P1,Full identifiability-aware,20260721,-0.16500000000000004,0.30606985092163086,0.28309842361584003
P1,Full identifiability-aware,20260721,-0.15749999999999997,0.30658769607543945,0.2838451228527292
P1,Full identifiability-aware,20260721,-0.15000000000000002,0.3071027398109436,0.28459476811251394
P1,Full identifiability-aware,20260721,-0.14250000000000007,0.30761533975601196,0.28534723351468483
P1,Full identifiability-aware,20260721,-0.135,0.30812615156173706,0.2861023911536912
P1,Full identifiability-aware,20260721,-0.12750000000000006,0.3086354434490204,0.2868601111799366
P1,Full identifiability-aware,20260721,-0.12,0.3091437816619873,0.2876202618837003
P1,Full identifiability-aware,20260721,-0.11250000000000004,0.30965155363082886,0.28838270978187835
P1,Full identifiability-aware,20260721,-0.10499999999999998,0.3101590871810913,0.28914731970743135
P1,Full identifiability-aware,20260721,-0.09750000000000003,0.31066685914993286,0.2899139549014202
P1,Full identifiability-aware,20260721,-0.09000000000000008,0.31117522716522217,0.29068247710750234
P1,Full identifiability-aware,20260721,-0.08250000000000002,0.3116844892501831,0.29145274666875687
P1,Full identifiability-aware,20260721,-0.07500000000000007,0.3121950626373291,0.2922246226266985
P1,Full identifiability-aware,20260721,-0.0675,0.31270724534988403,0.2929979628223361
P1,Full identifiability-aware,20260721,-0.06000000000000005,0.3132213056087494,0.2937726239991255
P1,Full identifiability-aware,20260721,-0.05249999999999999,0.3137376010417938,0.2945484619076617
P1,Full identifiability-aware,20260721,-0.04500000000000004,0.31425631046295166,0.2953253314119491
P1,Full identifiability-aware,20260721,-0.03749999999999998,0.31477779150009155,0.29610308659708684
P1,Full identifiability-aware,20260721,-0.030000000000000027,0.3153022229671478,0.29688158087820066
P1,Full identifiability-aware,20260721,-0.022500000000000075,0.3158298134803772,0.29766066711044903
P1,Full identifiability-aware,20260721,-0.015000000000000013,0.31636083126068115,0.2984401976999299
P1,Full identifiability-aware,20260721,-0.007500000000000062,0.31689536571502686,0.2992200247153102
P1,Full identifiability-aware,20260721,0.0,0.3174336552619934,0.3
P1,Full identifiability-aware,20260721,0.007499999999999951,0.317975789308548,0.3007799752846898
P1,Full identifiability-aware,20260721,0.015000000000000013,0.3185219168663025,0.30155980230007007
P1,Full identifiability-aware,20260721,0.022499999999999964,0.31907206773757935,0.30233933288955095
P1,Full identifiability-aware,20260721,0.030000000000000027,0.31962642073631287,0.3031184191217993
P1,Full identifiability-aware,20260721,0.03749999999999998,0.32018500566482544,0.30389691340291314
P1,Full identifiability-aware,20260721,0.04499999999999993,0.32074782252311707,0.30467466858805087
P1,Full identifiability-aware,20260721,0.05249999999999999,0.3213149309158325,0.30545153809233827
P1,Full identifiability-aware,20260721,0.05999999999999994,0.32188624143600464,0.30622737600087446
P1,Full identifiability-aware,20260721,0.0675,0.3224618434906006,0.3070020371776639
P1,Full identifiability-aware,20260721,0.07499999999999996,0.3230416178703308,0.30777537737330146
P1,Full identifiability-aware,20260721,0.08250000000000002,0.32362550497055054,0.3085472533312431
P1,Full identifiability-aware,20260721,0.08999999999999997,0.3242133855819702,0.30931752289249764
P1,Full identifiability-aware,20260721,0.09749999999999992,0.3248051702976227,0.3100860450985798
P1,Full identifiability-aware,20260721,0.10499999999999998,0.32540076971054077,0.31085268029256863
P1,Full identifiability-aware,20260721,0.11249999999999993,0.3259999752044678,0.3116172902181216
P1,Full identifiability-aware,20260721,0.12,0.32660260796546936,0.31237973811629965
P1,Full identifiability-aware,20260721,0.12749999999999995,0.3272085189819336,0.3131398888200634
P1,Full identifiability-aware,20260721,0.135,0.327817440032959,0.3138976088463088
P1,Full identifiability-aware,20260721,0.14249999999999996,0.3284292221069336,0.3146527664853151
P1,Full identifiability-aware,20260721,0.1499999999999999,0.32904356718063354,0.31540523188748604
P1,Full identifiability-aware,20260721,0.15749999999999997,0.32966023683547974,0.31615487714727075
P1,Full identifiability-aware,20260721,0.16499999999999992,0.3302789330482483,0.31690157638415994
P1,Full identifiability-aware,20260721,0.1725,0.33089929819107056,0.31764520582065875
P1,Full identifiability-aware,20260721,0.17999999999999994,0.331521213054657,0.31838564385714535
P1,Full identifiability-aware,20260721,0.1875,0.33214420080184937,0.31912277114353355
P1,Full identifiability-aware,20260721,0.19499999999999995,0.3327679932117462,0.31985647064766337
P1,Full identifiability-aware,20260721,0.2025,0.33339226245880127,0.3205866277203531
P1,Full identifiability-aware,20260721,0.20999999999999996,0.33401668071746826,0.32131313015705354
P1,Full identifiability-aware,20260721,0.21749999999999992,0.3346409201622009,0.3220358682560529
P1,Full identifiability-aware,20260721,0.22499999999999998,0.33526453375816345,0.32275473487319
P1,Full identifiability-aware,20260721,0.23249999999999993,0.33588725328445435,0.32346962547304
P1,Full identifiability-aware,20260721,0.24,0.33650872111320496,0.3241804381765448
P1,Full identifiability-aware,20260721,0.24749999999999994,0.33712854981422424,0.3248870738050702
P1,Full identifiability-aware,20260721,0.2549999999999999,0.33774638175964355,0.3255894359208763
P1,Full identifiability-aware,20260721,0.26249999999999996,0.3383618891239166,0.3262874308639982
P1,Full identifiability-aware,20260721,0.27,0.3389747142791748,0.3269809677855396
P1,Full identifiability-aware,20260721,0.27749999999999986,0.3395845293998718,0.32766995867739035
P1,Full identifiability-aware,20260721,0.2849999999999999,0.34019094705581665,0.3283543183983856
P1,Full identifiability-aware,20260721,0.2925,0.3407936990261078,0.32903396469693
P1,Full identifiability-aware,20260721,0.30000000000000004,0.341392457485199,0.3297088182301206
P1,Full identifiability-aware,20260721,0.3074999999999999,0.34198683500289917,0.33037880257940316
P1,Full identifiability-aware,20260721,0.31499999999999995,0.3425765931606293,0.3310438442628082
P1,Full identifiability-aware,20260721,0.3225,0.3431614637374878,0.33170387274381485
P1,Full identifiability-aware,20260721,0.33000000000000007,0.34374111890792847,0.3323588204368989
P1,Full identifiability-aware,20260721,0.3374999999999999,0.3443152904510498,0.3330086227098251
P1,Full identifiability-aware,20260721,0.345,0.3448837399482727,0.3336532178827498
P1,Full identifiability-aware,20260721,0.35250000000000004,0.34544631838798523,0.33429254722420426
P1,Full identifiability-aware,20260721,0.3599999999999999,0.3460026681423187,0.33492655494403356
P1,Full identifiability-aware,20260721,0.36749999999999994,0.34655267000198364,0.33555518818337016
P1,Full identifiability-aware,20260721,0.375,0.3470960855484009,0.33617839700172464
P1,Full identifiability-aware,20260721,0.38250000000000006,0.3476327359676361,0.33679613436128053
P1,Full identifiability-aware,20260721,0.3899999999999999,0.3481625020503998,0.3374083561084815
P1,Full identifiability-aware,20260721,0.39749999999999996,0.34868523478507996,0.33801502095300495
P1,Full identifiability-aware,20260721,0.405,0.3492007553577423,0.33861609044421415
P1,Full identifiability-aware,20260721,0.41249999999999987,0.3497089743614197,0.33921152894518897
P1,Full identifiability-aware,20260721,0.41999999999999993,0.3502098321914673,0.3398013036044313
P1,Full identifiability-aware,20260721,0.4275,0.3507032096385956,0.3403853843253474
P1,Full identifiability-aware,20260721,0.43500000000000005,0.3511890172958374,0.34096374373360794
P1,Full identifiability-aware,20260721,0.4424999999999999,0.35166722536087036,0.341536357142489
P1,Full identifiability-aware,20260721,0.44999999999999996,0.35213783383369446,0.34210320251629683
P1,Full identifiability-aware,20260721,0.4575,0.35260072350502014,0.342664260431981
P1,Full identifiability-aware,20260721,0.46499999999999986,0.3530559539794922,0.34321951403903916
P1,Full identifiability-aware,20260721,0.4724999999999999,0.3535034656524658,0.34376894901781785
P1,Full identifiability-aware,20260721,0.48,0.3539433479309082,0.3443125535363132
P1,Full identifiability-aware,20260721,0.48750000000000004,0.3543755114078522,0.3448503182055732
P1,Full identifiability-aware,20260721,0.4949999999999999,0.35480010509490967,0.3453822360338061
P1,Full identifiability-aware,20260721,0.5025,0.3552170395851135,0.34590830237929365
P1,Full identifiability-aware,20260721,0.51,0.35562649369239807,0.3464285149022109
P1,Full identifiability-aware,20260721,0.5174999999999998,0.3560284972190857,0.3469428735154505
P1,Full identifiability-aware,20260721,0.5249999999999999,0.356423020362854,0.3474513803345492
P1,Full identifiability-aware,20260721,0.5325,0.3568102717399597,0.34795403962681043
P1,Full identifiability-aware,20260721,0.54,0.3571902811527252,0.34845085775971835
P1,Full identifiability-aware,20260721,0.5474999999999999,0.3575631380081177,0.348941843148733
P1,Full identifiability-aware,20260721,0.5549999999999999,0.35792893171310425,0.3494270062045573
P1,Full identifiability-aware,20260721,0.5625,0.3582877516746521,0.34990635927996133
P1,Full identifiability-aware,20260721,0.5699999999999998,0.3586397171020508,0.35037991661625
P1,Full identifiability-aware,20260721,0.5774999999999999,0.3589850068092346,0.3508476942894551
P1,Full identifiability-aware,20260721,0.585,0.3593235909938812,0.3513097101563318
P1,Full identifiability-aware,20260721,0.5925,0.3596557080745697,0.3517659838002362
P1,Full identifiability-aware,20260721,0.5999999999999999,0.3599814772605896,0.35221653647695916
P1,Full identifiability-aware,20260721,0.6074999999999999,0.3603009581565857,0.3526613910605862
P1,Full identifiability-aware,20260721,0.615,0.3606142997741699,0.35310057198945366
P1,Full identifiability-aware,20260721,0.6225,0.36092162132263184,0.35353410521226647
P1,Full identifiability-aware,20260721,0.6299999999999999,0.36122313141822815,0.3539620181344406
P1,Full identifiability-aware,20260721,0.6375,0.36151885986328125,0.3543843395647306
P1,Full identifiability-aware,20260721,0.645,0.36180898547172546,0.3548010996621992
P1,Full identifiability-aware,20260721,0.6524999999999999,0.36209362745285034,0.35521232988358425
P1,Full identifiability-aware,20260721,0.6599999999999999,0.3623729348182678,0.3556180629311138
P1,Full identifiability-aware,20260721,0.6675,0.36264699697494507,0.3560183327008191
P1,Full identifiability-aware,20260721,0.675,0.3629160225391388,0.3564131742313908
P1,Full identifiability-aware,20260721,0.6824999999999999,0.3631800413131714,0.356802623653622
P1,Full identifiability-aware,20260721,0.69,0.36343932151794434,0.35718671814047925
P1,Full identifiability-aware,20260721,0.6975,0.36369383335113525,0.3575654958578385
P1,Full identifiability-aware,20260721,0.7049999999999998,0.36394375562667847,0.35793899591592165
P1,Full identifiability-aware,20260721,0.7124999999999999,0.3641892671585083,0.3583072583214666
P1,Full identifiability-aware,20260721,0.72,0.3644304871559143,0.35867032393066073
P1,Full identifiability-aware,20260721,0.7275,0.36466747522354126,0.35902823440286524
P1,Full identifiability-aware,20260721,0.7349999999999999,0.3649004101753235,0.35938103215515604
P1,Full identifiability-aware,20260721,0.7424999999999999,0.36512935161590576,0.35972876031770373
P1,Full identifiability-aware,20260721,0.75,0.3653545081615448,0.36007146269001333
P1,Full identifiability-aware,20260722,-0.75,0.22394824028015137,0.23992853730998662
P1,Full identifiability-aware,20260722,-0.7425,0.22511699795722961,0.24027123968229624
P1,Full identifiability-aware,20260722,-0.735,0.22630354762077332,0.24061896784484396
P1,Full identifiability-aware,20260722,-0.7275,0.22750726342201233,0.24097176559713476
P1,Full identifiability-aware,20260722,-0.72,0.2287275195121765,0.24132967606933925
P1,Full identifiability-aware,20260722,-0.7125,0.22996360063552856,0.24169274167853338
P1,Full identifiability-aware,20260722,-0.705,0.2312147319316864,0.24206100408407832
P1,Full identifiability-aware,20260722,-0.6975,0.23248010873794556,0.24243450414216147
P1,Full identifiability-aware,20260722,-0.69,0.23375888168811798,0.24281328185952072
P1,Full identifiability-aware,20260722,-0.6825,0.23505017161369324,0.243197376346378
P1,Full identifiability-aware,20260722,-0.675,0.2363530397415161,0.24358682576860918
P1,Full identifiability-aware,20260722,-0.6675,0.2376665323972702,0.24398166729918083
P1,Full identifiability-aware,20260722,-0.66,0.23898962140083313,0.24438193706888614
P1,Full identifiability-aware,20260722,-0.6525,0.2403213083744049,0.24478767011641572
P1,Full identifiability-aware,20260722,-0.645,0.24166050553321838,0.24519890033780076
P1,Full identifiability-aware,20260722,-0.6375,0.24300616979599,0.2456156604352694
P1,Full identifiability-aware,20260722,-0.63,0.244357168674469,0.24603798186555936
P1,Full identifiability-aware,20260722,-0.6225,0.24571244418621063,0.2464658947877335
P1,Full identifiability-aware,20260722,-0.615,0.24707087874412537,0.24689942801054632
P1,Full identifiability-aware,20260722,-0.6075,0.24843135476112366,0.24733860893941376
P1,Full identifiability-aware,20260722,-0.6,0.24979279935359955,0.2477834635230408
P1,Full identifiability-aware,20260722,-0.5925,0.2511540949344635,0.24823401619976376
P1,Full identifiability-aware,20260722,-0.585,0.25251415371894836,0.2486902898436682
P1,Full identifiability-aware,20260722,-0.5775,0.2538719177246094,0.24915230571054484
P1,Full identifiability-aware,20260722,-0.5700000000000001,0.25522634387016296,0.24962008338374994
P1,Full identifiability-aware,20260722,-0.5625,0.25657638907432556,0.25009364072003865
P1,Full identifiability-aware,20260722,-0.5549999999999999,0.25792112946510315,0.2505729937954427
P1,Full identifiability-aware,20260722,-0.5475,0.25925952196121216,0.251058156851267
P1,Full identifiability-aware,20260722,-0.54,0.26059070229530334,0.25154914224028163
P1,Full identifiability-aware,20260722,-0.5325,0.2619137763977051,0.25204596037318955
P1,Full identifiability-aware,20260722,-0.525,0.2632278800010681,0.2525486196654508
P1,Full identifiability-aware,20260722,-0.5175000000000001,0.264532208442688,0.2530571264845494
P1,Full identifiability-aware,20260722,-0.51,0.2658259868621826,0.2535714850977891
P1,Full identifiability-aware,20260722,-0.5025,0.2671085596084595,0.2540916976207063
P1,Full identifiability-aware,20260722,-0.495,0.26837924122810364,0.25461776396619384
P1,Full identifiability-aware,20260722,-0.4875,0.2696373462677002,0.25514968179442676
P1,Full identifiability-aware,20260722,-0.48,0.27088236808776855,0.2556874464636868
P1,Full identifiability-aware,20260722,-0.47250000000000003,0.27211377024650574,0.2562310509821821
P1,Full identifiability-aware,20260722,-0.465,0.27333107590675354,0.2567804859609608
P1,Full identifiability-aware,20260722,-0.4575,0.27453380823135376,0.257335739568019
P1,Full identifiability-aware,20260722,-0.45,0.27572160959243774,0.2578967974837031
P1,Full identifiability-aware,20260722,-0.4425,0.27689415216445923,0.258463642857511
P1,Full identifiability-aware,20260722,-0.435,0.27805113792419434,0.25903625626639204
P1,Full identifiability-aware,20260722,-0.4275,0.2791922688484192,0.2596146156746526
P1,Full identifiability-aware,20260722,-0.42000000000000004,0.28031742572784424,0.2601986963955687
P1,Full identifiability-aware,20260722,-0.41250000000000003,0.2814263701438904,0.260788471054811
P1,Full identifiability-aware,20260722,-0.405,0.28251898288726807,0.26138390955578583
P1,Full identifiability-aware,20260722,-0.3975,0.28359514474868774,0.261984979046995
P1,Full identifiability-aware,20260722,-0.39,0.284654825925827,0.26259164389151846
P1,Full identifiability-aware,20260722,-0.3825,0.2856979966163635,0.26320386563871945
P1,Full identifiability-aware,20260722,-0.375,0.28672468662261963,0.26382160299827534
P1,Full identifiability-aware,20260722,-0.3675,0.28773486614227295,0.2644448118166298
P1,Full identifiability-aware,20260722,-0.36,0.28872865438461304,0.2650734450559664
P1,Full identifiability-aware,20260722,-0.35250000000000004,0.28970611095428467,0.2657074527757957
P1,Full identifiability-aware,20260722,-0.34500000000000003,0.2906673848628998,0.26634678211725016
P1,Full identifiability-aware,20260722,-0.3375,0.29161256551742554,0.26699137729017486
P1,Full identifiability-aware,20260722,-0.33,0.29254186153411865,0.2676411795631011
P1,Full identifiability-aware,20260722,-0.3225,0.2934553921222687,0.2682961272561851
P1,Full identifiability-aware,20260722,-0.315,0.2943533658981323,0.2689561557371918
P1,Full identifiability-aware,20260722,-0.3075,0.2952359914779663,0.2696211974205968
P1,Full identifiability-aware,20260722,-0.30000000000000004,0.2961035370826721,0.2702911817698794
P1,Full identifiability-aware,20260722,-0.29250000000000004,0.29695621132850647,0.27096603530306995
P1,Full identifiability-aware,20260722,-0.28500000000000003,0.2977942228317261,0.2716456816016144
P1,Full identifiability-aware,20260722,-0.2775,0.2986178994178772,0.2723300413226096
P1,Full identifiability-aware,20260722,-0.27,0.29942741990089417,0.2730190322144604
P1,Full identifiability-aware,20260722,-0.2625,0.30022311210632324,0.2737125691360018
P1,Full identifiability-aware,20260722,-0.255,0.3010052442550659,0.2744105640791237
P1,Full identifiability-aware,20260722,-0.24750000000000005,0.30177414417266846,0.2751129261949298
P1,Full identifiability-aware,20260722,-0.24,0.3025299906730652,0.2758195618234552
P1,Full identifiability-aware,20260722,-0.23250000000000004,0.30327320098876953,0.27653037452696
P1,Full identifiability-aware,20260722,-0.22499999999999998,0.3040039837360382,0.27724526512680997
P1,Full identifiability-aware,20260722,-0.21750000000000003,0.3047226667404175,0.2779641317439471
P1,Full identifiability-aware,20260722,-0.20999999999999996,0.3054295778274536,0.27868686984294644
P1,Full identifiability-aware,20260722,-0.2025,0.3061249554157257,0.27941337227964685
P1,Full identifiability-aware,20260722,-0.19500000000000006,0.30680912733078003,0.2801435293523366
P1,Full identifiability-aware,20260722,-0.1875,0.30748239159584045,0.28087722885646643
P1,Full identifiability-aware,20260722,-0.18000000000000005,0.30814504623413086,0.2816143561428546
P1,Full identifiability-aware,20260722,-0.1725,0.30879735946655273,0.28235479417934123
P1,Full identifiability-aware,20260722,-0.16500000000000004,0.30943962931632996,0.28309842361584003
P1,Full identifiability-aware,20260722,-0.15749999999999997,0.3100721836090088,0.2838451228527292
P1,Full identifiability-aware,20260722,-0.15000000000000002,0.31069523096084595,0.28459476811251394
P1,Full identifiability-aware,20260722,-0.14250000000000007,0.3113090991973877,0.28534723351468483
P1,Full identifiability-aware,20260722,-0.135,0.31191402673721313,0.2861023911536912
P1,Full identifiability-aware,20260722,-0.12750000000000006,0.3125103712081909,0.2868601111799366
P1,Full identifiability-aware,20260722,-0.12,0.31309831142425537,0.2876202618837003
P1,Full identifiability-aware,20260722,-0.11250000000000004,0.31367814540863037,0.28838270978187835
P1,Full identifiability-aware,20260722,-0.10499999999999998,0.314250111579895,0.28914731970743135
P1,Full identifiability-aware,20260722,-0.09750000000000003,0.3148144781589508,0.2899139549014202
P1,Full identifiability-aware,20260722,-0.09000000000000008,0.31537145376205444,0.29068247710750234
P1,Full identifiability-aware,20260722,-0.08250000000000002,0.3159213662147522,0.29145274666875687
P1,Full identifiability-aware,20260722,-0.07500000000000007,0.316464364528656,0.2922246226266985
P1,Full identifiability-aware,20260722,-0.0675,0.31700074672698975,0.2929979628223361
P1,Full identifiability-aware,20260722,-0.06000000000000005,0.31753069162368774,0.2937726239991255
P1,Full identifiability-aware,20260722,-0.05249999999999999,0.3180544376373291,0.2945484619076617
P1,Full identifiability-aware,20260722,-0.04500000000000004,0.31857213377952576,0.2953253314119491
P1,Full identifiability-aware,20260722,-0.03749999999999998,0.319084107875824,0.29610308659708684
P1,Full identifiability-aware,20260722,-0.030000000000000027,0.3195905089378357,0.29688158087820066
P1,Full identifiability-aware,20260722,-0.022500000000000075,0.32009151577949524,0.29766066711044903
P1,Full identifiability-aware,20260722,-0.015000000000000013,0.3205873370170593,0.2984401976999299
P1,Full identifiability-aware,20260722,-0.007500000000000062,0.3210781216621399,0.2992200247153102
P1,Full identifiability-aware,20260722,0.0,0.3215641379356384,0.3
P1,Full identifiability-aware,20260722,0.007499999999999951,0.3220455050468445,0.3007799752846898
P1,Full identifiability-aware,20260722,0.015000000000000013,0.3225224018096924,0.30155980230007007
P1,Full identifiability-aware,20260722,0.022499999999999964,0.32299500703811646,0.30233933288955095
P1,Full identifiability-aware,20260722,0.030000000000000027,0.32346343994140625,0.3031184191217993
P1,Full identifiability-aware,20260722,0.03749999999999998,0.3239279091358185,0.30389691340291314
P1,Full identifiability-aware,20260722,0.04499999999999993,0.3243885040283203,0.30467466858805087
P1,Full identifiability-aware,20260722,0.05249999999999999,0.32484543323516846,0.30545153809233827
P1,Full identifiability-aware,20260722,0.05999999999999994,0.3252987861633301,0.30622737600087446
P1,Full identifiability-aware,20260722,0.0675,0.3257487416267395,0.3070020371776639
P1,Full identifiability-aware,20260722,0.07499999999999996,0.3261954188346863,0.30777537737330146
P1,Full identifiability-aware,20260722,0.08250000000000002,0.32663893699645996,0.3085472533312431
P1,Full identifiability-aware,20260722,0.08999999999999997,0.3270794153213501,0.30931752289249764
P1,Full identifiability-aware,20260722,0.09749999999999992,0.32751700282096863,0.3100860450985798
P1,Full identifiability-aware,20260722,0.10499999999999998,0.3279517889022827,0.31085268029256863
P1,Full identifiability-aware,20260722,0.11249999999999993,0.3283838629722595,0.3116172902181216
P1,Full identifiability-aware,20260722,0.12,0.328813374042511,0.31237973811629965
P1,Full identifiability-aware,20260722,0.12749999999999995,0.3292403817176819,0.3131398888200634
P1,Full identifiability-aware,20260722,0.135,0.32966503500938416,0.3138976088463088
P1,Full identifiability-aware,20260722,0.14249999999999996,0.3300873637199402,0.3146527664853151
P1,Full identifiability-aware,20260722,0.1499999999999999,0.3305075764656067,0.31540523188748604
P1,Full identifiability-aware,20260722,0.15749999999999997,0.3309255838394165,0.31615487714727075
P1,Full identifiability-aware,20260722,0.16499999999999992,0.3313416838645935,0.31690157638415994
P1,Full identifiability-aware,20260722,0.1725,0.33175575733184814,0.31764520582065875
P1,Full identifiability-aware,20260722,0.17999999999999994,0.33216798305511475,0.31838564385714535
P1,Full identifiability-aware,20260722,0.1875,0.3325784206390381,0.31912277114353355
P1,Full identifiability-aware,20260722,0.19499999999999995,0.3329871892929077,0.31985647064766337
P1,Full identifiability-aware,20260722,0.2025,0.33339422941207886,0.3205866277203531
P1,Full identifiability-aware,20260722,0.20999999999999996,0.3337997496128082,0.32131313015705354
P1,Full identifiability-aware,20260722,0.21749999999999992,0.3342037498950958,0.3220358682560529
P1,Full identifiability-aware,20260722,0.22499999999999998,0.3346062898635864,0.32275473487319
P1,Full identifiability-aware,20260722,0.23249999999999993,0.3350074291229248,0.32346962547304
P1,Full identifiability-aware,20260722,0.24,0.33540722727775574,0.3241804381765448
P1,Full identifiability-aware,20260722,0.24749999999999994,0.3358057141304016,0.3248870738050702
P1,Full identifiability-aware,20260722,0.2549999999999999,0.3362029790878296,0.3255894359208763
P1,Full identifiability-aware,20260722,0.26249999999999996,0.33659905195236206,0.3262874308639982
P1,Full identifiability-aware,20260722,0.27,0.3369940221309662,0.3269809677855396
P1,Full identifiability-aware,20260722,0.27749999999999986,0.3373878598213196,0.32766995867739035
P1,Full identifiability-aware,20260722,0.2849999999999999,0.337780624628067,0.3283543183983856
P1,Full identifiability-aware,20260722,0.2925,0.33817237615585327,0.32903396469693
P1,Full identifiability-aware,20260722,0.30000000000000004,0.3385631740093231,0.3297088182301206
P1,Full identifiability-aware,20260722,0.3074999999999999,0.33895301818847656,0.33037880257940316
P1,Full identifiability-aware,20260722,0.31499999999999995,0.339341938495636,0.3310438442628082
P1,Full identifiability-aware,20260722,0.3225,0.33972999453544617,0.33170387274381485
P1,Full identifiability-aware,20260722,0.33000000000000007,0.3401172161102295,0.3323588204368989
P1,Full identifiability-aware,20260722,0.3374999999999999,0.34050363302230835,0.3330086227098251
P1,Full identifiability-aware,20260722,0.345,0.34088924527168274,0.3336532178827498
P1,Full identifiability-aware,20260722,0.35250000000000004,0.34127408266067505,0.33429254722420426
P1,Full identifiability-aware,20260722,0.3599999999999999,0.34165823459625244,0.33492655494403356
P1,Full identifiability-aware,20260722,0.36749999999999994,0.34204164147377014,0.33555518818337016
P1,Full identifiability-aware,20260722,0.375,0.34242433309555054,0.33617839700172464
P1,Full identifiability-aware,20260722,0.38250000000000006,0.3428063988685608,0.33679613436128053
P1,Full identifiability-aware,20260722,0.3899999999999999,0.3431878387928009,0.3374083561084815
P1,Full identifiability-aware,20260722,0.39749999999999996,0.3435686230659485,0.33801502095300495
P1,Full identifiability-aware,20260722,0.405,0.3439487814903259,0.33861609044421415
P1,Full identifiability-aware,20260722,0.41249999999999987,0.3443283438682556,0.33921152894518897
P1,Full identifiability-aware,20260722,0.41999999999999993,0.34470734000205994,0.3398013036044313
P1,Full identifiability-aware,20260722,0.4275,0.3450857996940613,0.3403853843253474
P1,Full identifiability-aware,20260722,0.43500000000000005,0.3454636335372925,0.34096374373360794
P1,Full identifiability-aware,20260722,0.4424999999999999,0.3458409905433655,0.341536357142489
P1,Full identifiability-aware,20260722,0.44999999999999996,0.3462177813053131,0.34210320251629683
P1,Full identifiability-aware,20260722,0.4575,0.34659406542778015,0.342664260431981
P1,Full identifiability-aware,20260722,0.46499999999999986,0.3469698429107666,0.34321951403903916
P1,Full identifiability-aware,20260722,0.4724999999999999,0.34734511375427246,0.34376894901781785
P1,Full identifiability-aware,20260722,0.48,0.34771987795829773,0.3443125535363132
P1,Full identifiability-aware,20260722,0.48750000000000004,0.3480941653251648,0.3448503182055732
P1,Full identifiability-aware,20260722,0.4949999999999999,0.34846797585487366,0.3453822360338061
P1,Full identifiability-aware,20260722,0.5025,0.3488413095474243,0.34590830237929365
P1,Full identifiability-aware,20260722,0.51,0.3492141366004944,0.3464285149022109
P1,Full identifiability-aware,20260722,0.5174999999999998,0.349586546421051,0.3469428735154505
P1,Full identifiability-aware,20260722,0.5249999999999999,0.34995847940444946,0.3474513803345492
P1,Full identifiability-aware,20260722,0.5325,0.3503299355506897,0.34795403962681043
P1,Full identifiability-aware,20260722,0.54,0.3507009446620941,0.34845085775971835
P1,Full identifiability-aware,20260722,0.5474999999999999,0.35107147693634033,0.348941843148733
P1,Full identifiability-aware,20260722,0.5549999999999999,0.35144156217575073,0.3494270062045573
P1,Full identifiability-aware,20260722,0.5625,0.3518112301826477,0.34990635927996133
P1,Full identifiability-aware,20260722,0.5699999999999998,0.3521803915500641,0.35037991661625
P1,Full identifiability-aware,20260722,0.5774999999999999,0.35254907608032227,0.3508476942894551
P1,Full identifiability-aware,20260722,0.585,0.3529173731803894,0.3513097101563318
P1,Full identifiability-aware,20260722,0.5925,0.35328519344329834,0.3517659838002362
P1,Full identifiability-aware,20260722,0.5999999999999999,0.3536525070667267,0.35221653647695916
P1,Full identifiability-aware,20260722,0.6074999999999999,0.3540193736553192,0.3526613910605862
P1,Full identifiability-aware,20260722,0.615,0.3543857932090759,0.35310057198945366
P1,Full identifiability-aware,20260722,0.6225,0.35475170612335205,0.35353410521226647
P1,Full identifiability-aware,20260722,0.6299999999999999,0.35511720180511475,0.3539620181344406
P1,Full identifiability-aware,20260722,0.6375,0.35548216104507446,0.3543843395647306
P1,Full identifiability-aware,20260722,0.645,0.355846643447876,0.3548010996621992
P1,Full identifiability-aware,20260722,0.6524999999999999,0.3562106788158417,0.35521232988358425
P1,Full identifiability-aware,20260722,0.6599999999999999,0.35657423734664917,0.3556180629311138
P1,Full identifiability-aware,20260722,0.6675,0.3569372296333313,0.3560183327008191
P1,Full identifiability-aware,20260722,0.675,0.3572997450828552,0.3564131742313908
P1,Full identifiability-aware,20260722,0.6824999999999999,0.35766175389289856,0.356802623653622
P1,Full identifiability-aware,20260722,0.69,0.3580232262611389,0.35718671814047925
P1,Full identifiability-aware,20260722,0.6975,0.35838422179222107,0.3575654958578385
P1,Full identifiability-aware,20260722,0.7049999999999998,0.35874468088150024,0.35793899591592165
P1,Full identifiability-aware,20260722,0.7124999999999999,0.35910457372665405,0.3583072583214666
P1,Full identifiability-aware,20260722,0.72,0.3594639301300049,0.35867032393066073
P1,Full identifiability-aware,20260722,0.7275,0.35982275009155273,0.35902823440286524
P1,Full identifiability-aware,20260722,0.7349999999999999,0.36018097400665283,0.35938103215515604
P1,Full identifiability-aware,20260722,0.7424999999999999,0.36053866147994995,0.35972876031770373
P1,Full identifiability-aware,20260722,0.75,0.3608957827091217,0.36007146269001333
P1,Full identifiability-aware,20260723,-0.75,0.21458005905151367,0.23992853730998662
P1,Full identifiability-aware,20260723,-0.7425,0.21600227057933807,0.24027123968229624
P1,Full identifiability-aware,20260723,-0.735,0.21745474636554718,0.24061896784484396
P1,Full identifiability-aware,20260723,-0.7275,0.21893632411956787,0.24097176559713476
P1,Full identifiability-aware,20260723,-0.72,0.22044584155082703,0.24132967606933925
P1,Full identifiability-aware,20260723,-0.7125,0.22198186814785004,0.24169274167853338
P1,Full identifiability-aware,20260723,-0.705,0.22354289889335632,0.24206100408407832
P1,Full identifiability-aware,20260723,-0.6975,0.22512733936309814,0.24243450414216147
P1,Full identifiability-aware,20260723,-0.69,0.22673338651657104,0.24281328185952072
P1,Full identifiability-aware,20260723,-0.6825,0.22835922241210938,0.243197376346378
P1,Full identifiability-aware,20260723,-0.675,0.23000288009643555,0.24358682576860918
P1,Full identifiability-aware,20260723,-0.6675,0.2316623032093048,0.24398166729918083
P1,Full identifiability-aware,20260723,-0.66,0.23333537578582764,0.24438193706888614
P1,Full identifiability-aware,20260723,-0.6525,0.23501989245414734,0.24478767011641572
P1,Full identifiability-aware,20260723,-0.645,0.23671360313892365,0.24519890033780076
P1,Full identifiability-aware,20260723,-0.6375,0.2384142279624939,0.2456156604352694
P1,Full identifiability-aware,20260723,-0.63,0.24011948704719543,0.24603798186555936
P1,Full identifiability-aware,20260723,-0.6225,0.2418271005153656,0.2464658947877335
P1,Full identifiability-aware,20260723,-0.615,0.24353468418121338,0.24689942801054632
P1,Full identifiability-aware,20260723,-0.6075,0.24524006247520447,0.24733860893941376
P1,Full identifiability-aware,20260723,-0.6,0.2469409555196762,0.2477834635230408
P1,Full identifiability-aware,20260723,-0.5925,0.2486352175474167,0.24823401619976376
P1,Full identifiability-aware,20260723,-0.585,0.2503206729888916,0.2486902898436682
P1,Full identifiability-aware,20260723,-0.5775,0.25199535489082336,0.24915230571054484
P1,Full identifiability-aware,20260723,-0.5700000000000001,0.2536572813987732,0.24962008338374994
P1,Full identifiability-aware,20260723,-0.5625,0.25530460476875305,0.25009364072003865
P1,Full identifiability-aware,20260723,-0.5549999999999999,0.2569355368614197,0.2505729937954427
P1,Full identifiability-aware,20260723,-0.5475,0.2585485577583313,0.251058156851267
P1,Full identifiability-aware,20260723,-0.54,0.2601420283317566,0.25154914224028163
P1,Full identifiability-aware,20260723,-0.5325,0.2617145776748657,0.25204596037318955
P1,Full identifiability-aware,20260723,-0.525,0.2632649540901184,0.2525486196654508
P1,Full identifiability-aware,20260723,-0.5175000000000001,0.2647920548915863,0.2530571264845494
P1,Full identifiability-aware,20260723,-0.51,0.2662947475910187,0.2535714850977891
P1,Full identifiability-aware,20260723,-0.5025,0.26777222752571106,0.2540916976207063
P1,Full identifiability-aware,20260723,-0.495,0.269223690032959,0.25461776396619384
P1,Full identifiability-aware,20260723,-0.4875,0.2706484794616699,0.25514968179442676
P1,Full identifiability-aware,20260723,-0.48,0.2720460593700409,0.2556874464636868
P1,Full identifiability-aware,20260723,-0.47250000000000003,0.27341601252555847,0.2562310509821821
P1,Full identifiability-aware,20260723,-0.465,0.2747580111026764,0.2567804859609608
P1,Full identifiability-aware,20260723,-0.4575,0.27607184648513794,0.257335739568019
P1,Full identifiability-aware,20260723,-0.45,0.27735739946365356,0.2578967974837031
P1,Full identifiability-aware,20260723,-0.4425,0.2786146104335785,0.258463642857511
P1,Full identifiability-aware,20260723,-0.435,0.2798435688018799,0.25903625626639204
P1,Full identifiability-aware,20260723,-0.4275,0.2810444235801697,0.2596146156746526
P1,Full identifiability-aware,20260723,-0.42000000000000004,0.2822173237800598,0.2601986963955687
P1,Full identifiability-aware,20260723,-0.41250000000000003,0.28336259722709656,0.260788471054811
P1,Full identifiability-aware,20260723,-0.405,0.28448057174682617,0.26138390955578583
P1,Full identifiability-aware,20260723,-0.3975,0.2855715751647949,0.261984979046995
P1,Full identifiability-aware,20260723,-0.39,0.286636084318161,0.26259164389151846
P1,Full identifiability-aware,20260723,-0.3825,0.28767457604408264,0.26320386563871945
P1,Full identifiability-aware,20260723,-0.375,0.2886875569820404,0.26382160299827534
P1,Full identifiability-aware,20260723,-0.3675,0.2896755337715149,0.2644448118166298
P1,Full identifiability-aware,20260723,-0.36,0.29063910245895386,0.2650734450559664
P1,Full identifiability-aware,20260723,-0.35250000000000004,0.29157888889312744,0.2657074527757957
P1,Full identifiability-aware,20260723,-0.34500000000000003,0.2924954295158386,0.26634678211725016
P1,Full identifiability-aware,20260723,-0.3375,0.2933894395828247,0.26699137729017486
P1,Full identifiability-aware,20260723,-0.33,0.29426145553588867,0.2676411795631011
P1,Full identifiability-aware,20260723,-0.3225,0.2951121926307678,0.2682961272561851
P1,Full identifiability-aware,20260723,-0.315,0.2959423065185547,0.2689561557371918
P1,Full identifiability-aware,20260723,-0.3075,0.296752393245697,0.2696211974205968
P1,Full identifiability-aware,20260723,-0.30000000000000004,0.29754316806793213,0.2702911817698794
P1,Full identifiability-aware,20260723,-0.29250000000000004,0.29831522703170776,0.27096603530306995
P1,Full identifiability-aware,20260723,-0.28500000000000003,0.29906922578811646,0.2716456816016144
P1,Full identifiability-aware,20260723,-0.2775,0.29980581998825073,0.2723300413226096
P1,Full identifiability-aware,20260723,-0.27,0.3005256652832031,0.2730190322144604
P1,Full identifiability-aware,20260723,-0.2625,0.3012293577194214,0.2737125691360018
P1,Full identifiability-aware,20260723,-0.255,0.30191749334335327,0.2744105640791237
P1,Full identifiability-aware,20260723,-0.24750000000000005,0.3025906980037689,0.2751129261949298
P1,Full identifiability-aware,20260723,-0.24,0.3032495379447937,0.2758195618234552
P1,Full identifiability-aware,20260723,-0.23250000000000004,0.30389463901519775,0.27653037452696
P1,Full identifiability-aware,20260723,-0.22499999999999998,0.30452653765678406,0.27724526512680997
P1,Full identifiability-aware,20260723,-0.21750000000000003,0.3051457703113556,0.2779641317439471
P1,Full identifiability-aware,20260723,-0.20999999999999996,0.3057529330253601,0.27868686984294644
P1,Full identifiability-aware,20260723,-0.2025,0.30634844303131104,0.27941337227964685
P1,Full identifiability-aware,20260723,-0.19500000000000006,0.3069329261779785,0.2801435293523366
P1,Full identifiability-aware,20260723,-0.1875,0.30750685930252075,0.28087722885646643
P1,Full identifiability-aware,20260723,-0.18000000000000005,0.30807065963745117,0.2816143561428546
P1,Full identifiability-aware,20260723,-0.1725,0.30862483382225037,0.28235479417934123
P1,Full identifiability-aware,20260723,-0.16500000000000004,0.30916982889175415,0.28309842361584003
P1,Full identifiability-aware,20260723,-0.15749999999999997,0.30970609188079834,0.2838451228527292
P1,Full identifiability-aware,20260723,-0.15000000000000002,0.31023406982421875,0.28459476811251394
P1,Full identifiability-aware,20260723,-0.14250000000000007,0.3107541501522064,0.28534723351468483
P1,Full identifiability-aware,20260723,-0.135,0.3112667202949524,0.2861023911536912
P1,Full identifiability-aware,20260723,-0.12750000000000006,0.3117722272872925,0.2868601111799366
P1,Full identifiability-aware,20260723,-0.12,0.3122709393501282,0.2876202618837003
P1,Full identifiability-aware,20260723,-0.11250000000000004,0.3127632737159729,0.28838270978187835
P1,Full identifiability-aware,20260723,-0.10499999999999998,0.3132495880126953,0.28914731970743135
P1,Full identifiability-aware,20260723,-0.09750000000000003,0.31373023986816406,0.2899139549014202
P1,Full identifiability-aware,20260723,-0.09000000000000008,0.31420546770095825,0.29068247710750234
P1,Full identifiability-aware,20260723,-0.08250000000000002,0.3146756887435913,0.29145274666875687
P1,Full identifiability-aware,20260723,-0.07500000000000007,0.31514111161231995,0.2922246226266985
P1,Full identifiability-aware,20260723,-0.0675,0.31560206413269043,0.2929979628223361
P1,Full identifiability-aware,20260723,-0.06000000000000005,0.316058874130249,0.2937726239991255
P1,Full identifiability-aware,20260723,-0.05249999999999999,0.31651172041893005,0.2945484619076617
P1,Full identifiability-aware,20260723,-0.04500000000000004,0.3169609308242798,0.2953253314119491
P1,Full identifiability-aware,20260723,-0.03749999999999998,0.31740671396255493,0.29610308659708684
P1,Full identifiability-aware,20260723,-0.030000000000000027,0.317849338054657,0.29688158087820066
P1,Full identifiability-aware,20260723,-0.022500000000000075,0.31828904151916504,0.29766066711044903
P1,Full identifiability-aware,20260723,-0.015000000000000013,0.3187260031700134,0.2984401976999299
P1,Full identifiability-aware,20260723,-0.007500000000000062,0.31916046142578125,0.2992200247153102
P1,Full identifiability-aware,20260723,0.0,0.3195926547050476,0.3
P1,Full identifiability-aware,20260723,0.007499999999999951,0.32002270221710205,0.3007799752846898
P1,Full identifiability-aware,20260723,0.015000000000000013,0.32045090198516846,0.30155980230007007
P1,Full identifiability-aware,20260723,0.022499999999999964,0.3208773732185364,0.30233933288955095
P1,Full identifiability-aware,20260723,0.030000000000000027,0.32130229473114014,0.3031184191217993
P1,Full identifiability-aware,20260723,0.03749999999999998,0.32172584533691406,0.30389691340291314
P1,Full identifiability-aware,20260723,0.04499999999999993,0.3221481442451477,0.30467466858805087
P1,Full identifiability-aware,20260723,0.05249999999999999,0.32256942987442017,0.30545153809233827
P1,Full identifiability-aware,20260723,0.05999999999999994,0.3229897916316986,0.30622737600087446
P1,Full identifiability-aware,20260723,0.0675,0.32340943813323975,0.3070020371776639
P1,Full identifiability-aware,20260723,0.07499999999999996,0.32382839918136597,0.30777537737330146
P1,Full identifiability-aware,20260723,0.08250000000000002,0.324246883392334,0.3085472533312431
P1,Full identifiability-aware,20260723,0.08999999999999997,0.3246650695800781,0.30931752289249764
P1,Full identifiability-aware,20260723,0.09749999999999992,0.3250829577445984,0.3100860450985798
P1,Full identifiability-aware,20260723,0.10499999999999998,0.3255007266998291,0.31085268029256863
P1,Full identifiability-aware,20260723,0.11249999999999993,0.3259185552597046,0.3116172902181216
P1,Full identifiability-aware,20260723,0.12,0.32633644342422485,0.31237973811629965
P1,Full identifiability-aware,20260723,0.12749999999999995,0.32675451040267944,0.3131398888200634
P1,Full identifiability-aware,20260723,0.135,0.3271729350090027,0.3138976088463088
P1,Full identifiability-aware,20260723,0.14249999999999996,0.3275917172431946,0.3146527664853151
P1,Full identifiability-aware,20260723,0.1499999999999999,0.32801100611686707,0.31540523188748604
P1,Full identifiability-aware,20260723,0.15749999999999997,0.3284308910369873,0.31615487714727075
P1,Full identifiability-aware,20260723,0.16499999999999992,0.3288514018058777,0.31690157638415994
P1,Full identifiability-aware,20260723,0.1725,0.32927268743515015,0.31764520582065875
P1,Full identifiability-aware,20260723,0.17999999999999994,0.3296947479248047,0.31838564385714535
P1,Full identifiability-aware,20260723,0.1875,0.33011770248413086,0.31912277114353355
P1,Full identifiability-aware,20260723,0.19499999999999995,0.3305416405200958,0.31985647064766337
P1,Full identifiability-aware,20260723,0.2025,0.330966591835022,0.3205866277203531
P1,Full identifiability-aware,20260723,0.20999999999999996,0.3313925862312317,0.32131313015705354
P1,Full identifiability-aware,20260723,0.21749999999999992,0.33181971311569214,0.3220358682560529
P1,Full identifiability-aware,20260723,0.22499999999999998,0.33224809169769287,0.32275473487319
P1,Full identifiability-aware,20260723,0.23249999999999993,0.3326776623725891,0.32346962547304
P1,Full identifiability-aware,20260723,0.24,0.3331085443496704,0.3241804381765448
P1,Full identifiability-aware,20260723,0.24749999999999994,0.33354076743125916,0.3248870738050702
P1,Full identifiability-aware,20260723,0.2549999999999999,0.33397436141967773,0.3255894359208763
P1,Full identifiability-aware,20260723,0.26249999999999996,0.3344094157218933,0.3262874308639982
P1,Full identifiability-aware,20260723,0.27,0.3348459005355835,0.3269809677855396
P1,Full identifiability-aware,20260723,0.27749999999999986,0.33528390526771545,0.32766995867739035
P1,Full identifiability-aware,20260723,0.2849999999999999,0.3357234597206116,0.3283543183983856
P1,Full identifiability-aware,20260723,0.2925,0.33616453409194946,0.32903396469693
P1,Full identifiability-aware,20260723,0.30000000000000004,0.3366072177886963,0.3297088182301206
P1,Full identifiability-aware,20260723,0.3074999999999999,0.33705151081085205,0.33037880257940316
P1,Full identifiability-aware,20260723,0.31499999999999995,0.33749741315841675,0.3310438442628082
P1,Full identifiability-aware,20260723,0.3225,0.33794498443603516,0.33170387274381485
P1,Full identifiability-aware,20260723,0.33000000000000007,0.33839425444602966,0.3323588204368989
P1,Full identifiability-aware,20260723,0.3374999999999999,0.3388451933860779,0.3330086227098251
P1,Full identifiability-aware,20260723,0.345,0.3392978310585022,0.3336532178827498
P1,Full identifiability-aware,20260723,0.35250000000000004,0.339752197265625,0.33429254722420426
P1,Full identifiability-aware,20260723,0.3599999999999999,0.3402082920074463,0.33492655494403356
P1,Full identifiability-aware,20260723,0.36749999999999994,0.34066611528396606,0.33555518818337016
P1,Full identifiability-aware,20260723,0.375,0.3411256670951843,0.33617839700172464
P1,Full identifiability-aware,20260723,0.38250000000000006,0.34158697724342346,0.33679613436128053
P1,Full identifiability-aware,20260723,0.3899999999999999,0.3420500159263611,0.3374083561084815
P1,Full identifiability-aware,20260723,0.39749999999999996,0.3425148129463196,0.33801502095300495
P1,Full identifiability-aware,20260723,0.405,0.34298133850097656,0.33861609044421415
P1,Full identifiability-aware,20260723,0.41249999999999987,0.34344956278800964,0.33921152894518897
P1,Full identifiability-aware,20260723,0.41999999999999993,0.3439195156097412,0.3398013036044313
P1,Full identifiability-aware,20260723,0.4275,0.34439122676849365,0.3403853843253474
P1,Full identifiability-aware,20260723,0.43500000000000005,0.3448646664619446,0.34096374373360794
P1,Full identifiability-aware,20260723,0.4424999999999999,0.34533971548080444,0.341536357142489
P1,Full identifiability-aware,20260723,0.44999999999999996,0.3458164930343628,0.34210320251629683
P1,Full identifiability-aware,20260723,0.4575,0.34629496932029724,0.342664260431981
P1,Full identifiability-aware,20260723,0.46499999999999986,0.3467750549316406,0.34321951403903916
P1,Full identifiability-aware,20260723,0.4724999999999999,0.34725677967071533,0.34376894901781785
P1,Full identifiability-aware,20260723,0.48,0.347740113735199,0.3443125535363132
P1,Full identifiability-aware,20260723,0.48750000000000004,0.3482249975204468,0.3448503182055732
P1,Full identifiability-aware,20260723,0.4949999999999999,0.3487114906311035,0.3453822360338061
P1,Full identifiability-aware,20260723,0.5025,0.34919947385787964,0.34590830237929365
P1,Full identifiability-aware,20260723,0.51,0.3496890068054199,0.3464285149022109
P1,Full identifiability-aware,20260723,0.5174999999999998,0.3501799702644348,0.3469428735154505
P1,Full identifiability-aware,20260723,0.5249999999999999,0.3506724238395691,0.3474513803345492
P1,Full identifiability-aware,20260723,0.5325,0.3511662781238556,0.34795403962681043
P1,Full identifiability-aware,20260723,0.54,0.3516615331172943,0.34845085775971835
P1,Full identifiability-aware,20260723,0.5474999999999999,0.3521580994129181,0.348941843148733
P1,Full identifiability-aware,20260723,0.5549999999999999,0.3526560068130493,0.3494270062045573
P1,Full identifiability-aware,20260723,0.5625,0.3531551957130432,0.34990635927996133
P1,Full identifiability-aware,20260723,0.5699999999999998,0.3536555767059326,0.35037991661625
P1,Full identifiability-aware,20260723,0.5774999999999999,0.3541572093963623,0.3508476942894551
P1,Full identifiability-aware,20260723,0.585,0.3546599745750427,0.3513097101563318
P1,Full identifiability-aware,20260723,0.5925,0.3551638126373291,0.3517659838002362
P1,Full identifiability-aware,20260723,0.5999999999999999,0.3556687831878662,0.35221653647695916
P1,Full identifiability-aware,20260723,0.6074999999999999,0.3561747074127197,0.3526613910605862
P1,Full identifiability-aware,20260723,0.615,0.3566816449165344,0.35310057198945366
P1,Full identifiability-aware,20260723,0.6225,0.3571895360946655,0.35353410521226647
P1,Full identifiability-aware,20260723,0.6299999999999999,0.3576982617378235,0.3539620181344406
P1,Full identifiability-aware,20260723,0.6375,0.3582078814506531,0.3543843395647306
P1,Full identifiability-aware,20260723,0.645,0.35871821641921997,0.3548010996621992
P1,Full identifiability-aware,20260723,0.6524999999999999,0.35922932624816895,0.35521232988358425
P1,Full identifiability-aware,20260723,0.6599999999999999,0.35974112153053284,0.3556180629311138
P1,Full identifiability-aware,20260723,0.6675,0.36025354266166687,0.3560183327008191
P1,Full identifiability-aware,20260723,0.675,0.36076653003692627,0.3564131742313908
P1,Full identifiability-aware,20260723,0.6824999999999999,0.36128002405166626,0.356802623653622
P1,Full identifiability-aware,20260723,0.69,0.36179399490356445,0.35718671814047925
P1,Full identifiability-aware,20260723,0.6975,0.3623083829879761,0.3575654958578385
P1,Full identifiability-aware,20260723,0.7049999999999998,0.36282312870025635,0.35793899591592165
P1,Full identifiability-aware,20260723,0.7124999999999999,0.3633381724357605,0.3583072583214666
P1,Full identifiability-aware,20260723,0.72,0.36385342478752136,0.35867032393066073
P1,Full identifiability-aware,20260723,0.7275,0.36436891555786133,0.35902823440286524
P1,Full identifiability-aware,20260723,0.7349999999999999,0.36488449573516846,0.35938103215515604
P1,Full identifiability-aware,20260723,0.7424999999999999,0.36540013551712036,0.35972876031770373
P1,Full identifiability-aware,20260723,0.75,0.36591580510139465,0.36007146269001333
P2,Profile initialization only,20260719,-0.75,0.2484634518623352,0.23992853730998662
P2,Profile initialization only,20260719,-0.7425,0.2497909665107727,0.24027123968229624
P2,Profile initialization only,20260719,-0.735,0.25112900137901306,0.24061896784484396
P2,Profile initialization only,20260719,-0.7275,0.25247669219970703,0.24097176559713476
P2,Profile initialization only,20260719,-0.72,0.25383320450782776,0.24132967606933925
P2,Profile initialization only,20260719,-0.7125,0.25519755482673645,0.24169274167853338
P2,Profile initialization only,20260719,-0.705,0.2565688490867615,0.24206100408407832
P2,Profile initialization only,20260719,-0.6975,0.25794610381126404,0.24243450414216147
P2,Profile initialization only,20260719,-0.69,0.25932830572128296,0.24281328185952072
P2,Profile initialization only,20260719,-0.6825,0.2607145309448242,0.243197376346378
P2,Profile initialization only,20260719,-0.675,0.2621036767959595,0.24358682576860918
P2,Profile initialization only,20260719,-0.6675,0.2634947896003723,0.24398166729918083
P2,Profile initialization only,20260719,-0.66,0.2648867964744568,0.24438193706888614
P2,Profile initialization only,20260719,-0.6525,0.2662787139415741,0.24478767011641572
P2,Profile initialization only,20260719,-0.645,0.2676694393157959,0.24519890033780076
P2,Profile initialization only,20260719,-0.6375,0.2690580487251282,0.2456156604352694
P2,Profile initialization only,20260719,-0.63,0.2704434394836426,0.24603798186555936
P2,Profile initialization only,20260719,-0.6225,0.2718247175216675,0.2464658947877335
P2,Profile initialization only,20260719,-0.615,0.2732008099555969,0.24689942801054632
P2,Profile initialization only,20260719,-0.6075,0.27457085251808167,0.24733860893941376
P2,Profile initialization only,20260719,-0.6,0.2759338617324829,0.2477834635230408
P2,Profile initialization only,20260719,-0.5925,0.2772890031337738,0.24823401619976376
P2,Profile initialization only,20260719,-0.585,0.2786353528499603,0.2486902898436682
P2,Profile initialization only,20260719,-0.5775,0.2799721360206604,0.24915230571054484
P2,Profile initialization only,20260719,-0.5700000000000001,0.28129851818084717,0.24962008338374994
P2,Profile initialization only,20260719,-0.5625,0.28261375427246094,0.25009364072003865
P2,Profile initialization only,20260719,-0.5549999999999999,0.2839171886444092,0.2505729937954427
P2,Profile initialization only,20260719,-0.5475,0.2852080762386322,0.251058156851267
P2,Profile initialization only,20260719,-0.54,0.28648585081100464,0.25154914224028163
P2,Profile initialization only,20260719,-0.5325,0.28774988651275635,0.25204596037318955
P2,Profile initialization only,20260719,-0.525,0.2889997065067291,0.2525486196654508
P2,Profile initialization only,20260719,-0.5175000000000001,0.29023477435112,0.2530571264845494
P2,Profile initialization only,20260719,-0.51,0.29145461320877075,0.2535714850977891
P2,Profile initialization only,20260719,-0.5025,0.2926589250564575,0.2540916976207063
P2,Profile initialization only,20260719,-0.495,0.2938472330570221,0.25461776396619384
P2,Profile initialization only,20260719,-0.4875,0.295019268989563,0.25514968179442676
P2,Profile initialization only,20260719,-0.48,0.2961747646331787,0.2556874464636868
P2,Profile initialization only,20260719,-0.47250000000000003,0.29731351137161255,0.2562310509821821
P2,Profile initialization only,20260719,-0.465,0.2984352707862854,0.2567804859609608
P2,Profile initialization only,20260719,-0.4575,0.2995399236679077,0.257335739568019
P2,Profile initialization only,20260719,-0.45,0.30062735080718994,0.2578967974837031
P2,Profile initialization only,20260719,-0.4425,0.30169740319252014,0.258463642857511
P2,Profile initialization only,20260719,-0.435,0.3027501106262207,0.25903625626639204
P2,Profile initialization only,20260719,-0.4275,0.30378544330596924,0.2596146156746526
P2,Profile initialization only,20260719,-0.42000000000000004,0.30480340123176575,0.2601986963955687
P2,Profile initialization only,20260719,-0.41250000000000003,0.3058040142059326,0.260788471054811
P2,Profile initialization only,20260719,-0.405,0.306787371635437,0.26138390955578583
P2,Profile initialization only,20260719,-0.3975,0.3077535629272461,0.261984979046995
P2,Profile initialization only,20260719,-0.39,0.3087027072906494,0.26259164389151846
P2,Profile initialization only,20260719,-0.3825,0.3096349239349365,0.26320386563871945
P2,Profile initialization only,20260719,-0.375,0.31055039167404175,0.26382160299827534
P2,Profile initialization only,20260719,-0.3675,0.3114492893218994,0.2644448118166298
P2,Profile initialization only,20260719,-0.36,0.31233176589012146,0.2650734450559664
P2,Profile initialization only,20260719,-0.35250000000000004,0.3131980895996094,0.2657074527757957
P2,Profile initialization only,20260719,-0.34500000000000003,0.3140484690666199,0.26634678211725016
P2,Profile initialization only,20260719,-0.3375,0.31488311290740967,0.26699137729017486
P2,Profile initialization only,20260719,-0.33,0.3157022297382355,0.2676411795631011
P2,Profile initialization only,20260719,-0.3225,0.31650614738464355,0.2682961272561851
P2,Profile initialization only,20260719,-0.315,0.3172951340675354,0.2689561557371918
P2,Profile initialization only,20260719,-0.3075,0.31806933879852295,0.2696211974205968
P2,Profile initialization only,20260719,-0.30000000000000004,0.31882917881011963,0.2702911817698794
P2,Profile initialization only,20260719,-0.29250000000000004,0.31957483291625977,0.27096603530306995
P2,Profile initialization only,20260719,-0.28500000000000003,0.320306658744812,0.2716456816016144
P2,Profile initialization only,20260719,-0.2775,0.32102492451667786,0.2723300413226096
P2,Profile initialization only,20260719,-0.27,0.321729838848114,0.2730190322144604
P2,Profile initialization only,20260719,-0.2625,0.3224217891693115,0.2737125691360018
P2,Profile initialization only,20260719,-0.255,0.3231010437011719,0.2744105640791237
P2,Profile initialization only,20260719,-0.24750000000000005,0.32376784086227417,0.2751129261949298
P2,Profile initialization only,20260719,-0.24,0.32442256808280945,0.2758195618234552
P2,Profile initialization only,20260719,-0.23250000000000004,0.3250654339790344,0.27653037452696
P2,Profile initialization only,20260719,-0.22499999999999998,0.325696736574173,0.27724526512680997
P2,Profile initialization only,20260719,-0.21750000000000003,0.32631680369377136,0.2779641317439471
P2,Profile initialization only,20260719,-0.20999999999999996,0.3269259035587311,0.27868686984294644
P2,Profile initialization only,20260719,-0.2025,0.3275243043899536,0.27941337227964685
P2,Profile initialization only,20260719,-0.19500000000000006,0.32811230421066284,0.2801435293523366
P2,Profile initialization only,20260719,-0.1875,0.32869017124176025,0.28087722885646643
P2,Profile initialization only,20260719,-0.18000000000000005,0.32925814390182495,0.2816143561428546
P2,Profile initialization only,20260719,-0.1725,0.3298165500164032,0.28235479417934123
P2,Profile initialization only,20260719,-0.16500000000000004,0.3303656280040741,0.28309842361584003
P2,Profile initialization only,20260719,-0.15749999999999997,0.3309056758880615,0.2838451228527292
P2,Profile initialization only,20260719,-0.15000000000000002,0.3314368426799774,0.28459476811251394
P2,Profile initialization only,20260719,-0.14250000000000007,0.33195948600769043,0.28534723351468483
P2,Profile initialization only,20260719,-0.135,0.33247384428977966,0.2861023911536912
P2,Profile initialization only,20260719,-0.12750000000000006,0.33298009634017944,0.2868601111799366
P2,Profile initialization only,20260719,-0.12,0.33347856998443604,0.2876202618837003
P2,Profile initialization only,20260719,-0.11250000000000004,0.33396947383880615,0.28838270978187835
P2,Profile initialization only,20260719,-0.10499999999999998,0.3344529867172241,0.28914731970743135
P2,Profile initialization only,20260719,-0.09750000000000003,0.33492934703826904,0.2899139549014202
P2,Profile initialization only,20260719,-0.09000000000000008,0.33539879322052,0.29068247710750234
P2,Profile initialization only,20260719,-0.08250000000000002,0.3358616232872009,0.29145274666875687
P2,Profile initialization only,20260719,-0.07500000000000007,0.33631789684295654,0.2922246226266985
P2,Profile initialization only,20260719,-0.0675,0.33676794171333313,0.2929979628223361
P2,Profile initialization only,20260719,-0.06000000000000005,0.33721187710762024,0.2937726239991255
P2,Profile initialization only,20260719,-0.05249999999999999,0.33764997124671936,0.2945484619076617
P2,Profile initialization only,20260719,-0.04500000000000004,0.33808237314224243,0.2953253314119491
P2,Profile initialization only,20260719,-0.03749999999999998,0.3385092616081238,0.29610308659708684
P2,Profile initialization only,20260719,-0.030000000000000027,0.3389308750629425,0.29688158087820066
P2,Profile initialization only,20260719,-0.022500000000000075,0.33934736251831055,0.29766066711044903
P2,Profile initialization only,20260719,-0.015000000000000013,0.33975887298583984,0.2984401976999299
P2,Profile initialization only,20260719,-0.007500000000000062,0.3401656150817871,0.2992200247153102
P2,Profile initialization only,20260719,0.0,0.3405677080154419,0.3
P2,Profile initialization only,20260719,0.007499999999999951,0.3409653902053833,0.3007799752846898
P2,Profile initialization only,20260719,0.015000000000000013,0.34135881066322327,0.30155980230007007
P2,Profile initialization only,20260719,0.022499999999999964,0.34174805879592896,0.30233933288955095
P2,Profile initialization only,20260719,0.030000000000000027,0.3421333432197571,0.3031184191217993
P2,Profile initialization only,20260719,0.03749999999999998,0.3425147533416748,0.30389691340291314
P2,Profile initialization only,20260719,0.04499999999999993,0.34289249777793884,0.30467466858805087
P2,Profile initialization only,20260719,0.05249999999999999,0.34326666593551636,0.30545153809233827
P2,Profile initialization only,20260719,0.05999999999999994,0.3436374068260193,0.30622737600087446
P2,Profile initialization only,20260719,0.0675,0.34400489926338196,0.3070020371776639
P2,Profile initialization only,20260719,0.07499999999999996,0.34436923265457153,0.30777537737330146
P2,Profile initialization only,20260719,0.08250000000000002,0.3447304964065552,0.3085472533312431
P2,Profile initialization only,20260719,0.08999999999999997,0.3450888693332672,0.30931752289249764
P2,Profile initialization only,20260719,0.09749999999999992,0.3454444408416748,0.3100860450985798
P2,Profile initialization only,20260719,0.10499999999999998,0.3457973599433899,0.31085268029256863
P2,Profile initialization only,20260719,0.11249999999999993,0.34614768624305725,0.3116172902181216
P2,Profile initialization only,20260719,0.12,0.3464955687522888,0.31237973811629965
P2,Profile initialization only,20260719,0.12749999999999995,0.34684106707572937,0.3131398888200634
P2,Profile initialization only,20260719,0.135,0.34718430042266846,0.3138976088463088
P2,Profile initialization only,20260719,0.14249999999999996,0.347525417804718,0.3146527664853151
P2,Profile initialization only,20260719,0.1499999999999999,0.3478645086288452,0.31540523188748604
P2,Profile initialization only,20260719,0.15749999999999997,0.34820157289505005,0.31615487714727075
P2,Profile initialization only,20260719,0.16499999999999992,0.34853681921958923,0.31690157638415994
P2,Profile initialization only,20260719,0.1725,0.34887024760246277,0.31764520582065875
P2,Profile initialization only,20260719,0.17999999999999994,0.3492019772529602,0.31838564385714535
P2,Profile initialization only,20260719,0.1875,0.3495321273803711,0.31912277114353355
P2,Profile initialization only,20260719,0.19499999999999995,0.34986069798469543,0.31985647064766337
P2,Profile initialization only,20260719,0.2025,0.35018783807754517,0.3205866277203531
P2,Profile initialization only,20260719,0.20999999999999996,0.3505135774612427,0.32131313015705354
P2,Profile initialization only,20260719,0.21749999999999992,0.35083797574043274,0.3220358682560529
P2,Profile initialization only,20260719,0.22499999999999998,0.3511611819267273,0.32275473487319
P2,Profile initialization only,20260719,0.23249999999999993,0.35148316621780396,0.32346962547304
P2,Profile initialization only,20260719,0.24,0.35180407762527466,0.3241804381765448
P2,Profile initialization only,20260719,0.24749999999999994,0.3521239757537842,0.3248870738050702
P2,Profile initialization only,20260719,0.2549999999999999,0.35244283080101013,0.3255894359208763
P2,Profile initialization only,20260719,0.26249999999999996,0.35276079177856445,0.3262874308639982
P2,Profile initialization only,20260719,0.27,0.35307782888412476,0.3269809677855396
P2,Profile initialization only,20260719,0.27749999999999986,0.353394091129303,0.32766995867739035
P2,Profile initialization only,20260719,0.2849999999999999,0.3537095785140991,0.3283543183983856
P2,Profile initialization only,20260719,0.2925,0.35402435064315796,0.32903396469693
P2,Profile initialization only,20260719,0.30000000000000004,0.35433846712112427,0.3297088182301206
P2,Profile initialization only,20260719,0.3074999999999999,0.35465192794799805,0.33037880257940316
P2,Profile initialization only,20260719,0.31499999999999995,0.35496485233306885,0.3310438442628082
P2,Profile initialization only,20260719,0.3225,0.35527724027633667,0.33170387274381485
P2,Profile initialization only,20260719,0.33000000000000007,0.3555891513824463,0.3323588204368989
P2,Profile initialization only,20260719,0.3374999999999999,0.3559005856513977,0.3330086227098251
P2,Profile initialization only,20260719,0.345,0.3562116026878357,0.3336532178827498
P2,Profile initialization only,20260719,0.35250000000000004,0.35652223229408264,0.33429254722420426
P2,Profile initialization only,20260719,0.3599999999999999,0.3568325340747833,0.33492655494403356
P2,Profile initialization only,20260719,0.36749999999999994,0.35714250802993774,0.33555518818337016
P2,Profile initialization only,20260719,0.375,0.3574522137641907,0.33617839700172464
P2,Profile initialization only,20260719,0.38250000000000006,0.3577616214752197,0.33679613436128053
P2,Profile initialization only,20260719,0.3899999999999999,0.35807085037231445,0.3374083561084815
P2,Profile initialization only,20260719,0.39749999999999996,0.3583798408508301,0.33801502095300495
P2,Profile initialization only,20260719,0.405,0.35868871212005615,0.33861609044421415
P2,Profile initialization only,20260719,0.41249999999999987,0.3589973747730255,0.33921152894518897
P2,Profile initialization only,20260719,0.41999999999999993,0.3593059182167053,0.3398013036044313
P2,Profile initialization only,20260719,0.4275,0.3596143424510956,0.3403853843253474
P2,Profile initialization only,20260719,0.43500000000000005,0.35992270708084106,0.34096374373360794
P2,Profile initialization only,20260719,0.4424999999999999,0.360230952501297,0.341536357142489
P2,Profile initialization only,20260719,0.44999999999999996,0.36053913831710815,0.34210320251629683
P2,Profile initialization only,20260719,0.4575,0.3608473241329193,0.342664260431981
P2,Profile initialization only,20260719,0.46499999999999986,0.3611554503440857,0.34321951403903916
P2,Profile initialization only,20260719,0.4724999999999999,0.3614635467529297,0.34376894901781785
P2,Profile initialization only,20260719,0.48,0.3617716431617737,0.3443125535363132
P2,Profile initialization only,20260719,0.48750000000000004,0.36207976937294006,0.3448503182055732
P2,Profile initialization only,20260719,0.4949999999999999,0.36238789558410645,0.3453822360338061
P2,Profile initialization only,20260719,0.5025,0.3626960217952728,0.34590830237929365
P2,Profile initialization only,20260719,0.51,0.363004207611084,0.3464285149022109
P2,Profile initialization only,20260719,0.5174999999999998,0.36331242322921753,0.3469428735154505
P2,Profile initialization only,20260719,0.5249999999999999,0.3636206388473511,0.3474513803345492
P2,Profile initialization only,20260719,0.5325,0.3639289438724518,0.34795403962681043
P2,Profile initialization only,20260719,0.54,0.3642372786998749,0.34845085775971835
P2,Profile initialization only,20260719,0.5474999999999999,0.36454567313194275,0.348941843148733
P2,Profile initialization only,20260719,0.5549999999999999,0.364854097366333,0.3494270062045573
P2,Profile initialization only,20260719,0.5625,0.36516261100769043,0.34990635927996133
P2,Profile initialization only,20260719,0.5699999999999998,0.36547112464904785,0.35037991661625
P2,Profile initialization only,20260719,0.5774999999999999,0.3657797574996948,0.3508476942894551
P2,Profile initialization only,20260719,0.585,0.3660883903503418,0.3513097101563318
P2,Profile initialization only,20260719,0.5925,0.36639708280563354,0.3517659838002362
P2,Profile initialization only,20260719,0.5999999999999999,0.36670583486557007,0.35221653647695916
P2,Profile initialization only,20260719,0.6074999999999999,0.3670145869255066,0.3526613910605862
P2,Profile initialization only,20260719,0.615,0.3673234283924103,0.35310057198945366
P2,Profile initialization only,20260719,0.6225,0.36763229966163635,0.35353410521226647
P2,Profile initialization only,20260719,0.6299999999999999,0.3679411709308624,0.3539620181344406
P2,Profile initialization only,20260719,0.6375,0.3682500720024109,0.3543843395647306
P2,Profile initialization only,20260719,0.645,0.36855900287628174,0.3548010996621992
P2,Profile initialization only,20260719,0.6524999999999999,0.3688679337501526,0.35521232988358425
P2,Profile initialization only,20260719,0.6599999999999999,0.36917686462402344,0.3556180629311138
P2,Profile initialization only,20260719,0.6675,0.3694857656955719,0.3560183327008191
P2,Profile initialization only,20260719,0.675,0.36979466676712036,0.3564131742313908
P2,Profile initialization only,20260719,0.6824999999999999,0.37010353803634644,0.356802623653622
P2,Profile initialization only,20260719,0.69,0.3704123795032501,0.35718671814047925
P2,Profile initialization only,20260719,0.6975,0.37072116136550903,0.3575654958578385
P2,Profile initialization only,20260719,0.7049999999999998,0.37102991342544556,0.35793899591592165
P2,Profile initialization only,20260719,0.7124999999999999,0.3713386058807373,0.3583072583214666
P2,Profile initialization only,20260719,0.72,0.3716472387313843,0.35867032393066073
P2,Profile initialization only,20260719,0.7275,0.3719557523727417,0.35902823440286524
P2,Profile initialization only,20260719,0.7349999999999999,0.37226414680480957,0.35938103215515604
P2,Profile initialization only,20260719,0.7424999999999999,0.37257248163223267,0.35972876031770373
P2,Profile initialization only,20260719,0.75,0.3728806972503662,0.36007146269001333
P2,Profile initialization only,20260720,-0.75,0.24545365571975708,0.23992853730998662
P2,Profile initialization only,20260720,-0.7425,0.24651458859443665,0.24027123968229624
P2,Profile initialization only,20260720,-0.735,0.24757391214370728,0.24061896784484396
P2,Profile initialization only,20260720,-0.7275,0.248631089925766,0.24097176559713476
P2,Profile initialization only,20260720,-0.72,0.2496856451034546,0.24132967606933925
P2,Profile initialization only,20260720,-0.7125,0.25073713064193726,0.24169274167853338
P2,Profile initialization only,20260720,-0.705,0.251785010099411,0.24206100408407832
P2,Profile initialization only,20260720,-0.6975,0.2528288960456848,0.24243450414216147
P2,Profile initialization only,20260720,-0.69,0.25386831164360046,0.24281328185952072
P2,Profile initialization only,20260720,-0.6825,0.2549028992652893,0.243197376346378
P2,Profile initialization only,20260720,-0.675,0.2559322416782379,0.24358682576860918
P2,Profile initialization only,20260720,-0.6675,0.25695592164993286,0.24398166729918083
P2,Profile initialization only,20260720,-0.66,0.25797367095947266,0.24438193706888614
P2,Profile initialization only,20260720,-0.6525,0.25898507237434387,0.24478767011641572
P2,Profile initialization only,20260720,-0.645,0.25998982787132263,0.24519890033780076
P2,Profile initialization only,20260720,-0.6375,0.26098763942718506,0.2456156604352694
P2,Profile initialization only,20260720,-0.63,0.26197826862335205,0.24603798186555936
P2,Profile initialization only,20260720,-0.6225,0.2629614472389221,0.2464658947877335
P2,Profile initialization only,20260720,-0.615,0.26393693685531616,0.24689942801054632
P2,Profile initialization only,20260720,-0.6075,0.2649044990539551,0.24733860893941376
P2,Profile initialization only,20260720,-0.6,0.26586392521858215,0.2477834635230408
P2,Profile initialization only,20260720,-0.5925,0.2668151259422302,0.24823401619976376
P2,Profile initialization only,20260720,-0.585,0.2677578926086426,0.2486902898436682
P2,Profile initialization only,20260720,-0.5775,0.2686920762062073,0.24915230571054484
P2,Profile initialization only,20260720,-0.5700000000000001,0.26961755752563477,0.24962008338374994
P2,Profile initialization only,20260720,-0.5625,0.2705342471599579,0.25009364072003865
P2,Profile initialization only,20260720,-0.5549999999999999,0.27144211530685425,0.2505729937954427
P2,Profile initialization only,20260720,-0.5475,0.2723410129547119,0.251058156851267
P2,Profile initialization only,20260720,-0.54,0.27323096990585327,0.25154914224028163
P2,Profile initialization only,20260720,-0.5325,0.27411186695098877,0.25204596037318955
P2,Profile initialization only,20260720,-0.525,0.27498379349708557,0.2525486196654508
P2,Profile initialization only,20260720,-0.5175000000000001,0.2758466601371765,0.2530571264845494
P2,Profile initialization only,20260720,-0.51,0.276700496673584,0.2535714850977891
P2,Profile initialization only,20260720,-0.5025,0.27754533290863037,0.2540916976207063
P2,Profile initialization only,20260720,-0.495,0.27838122844696045,0.25461776396619384
P2,Profile initialization only,20260720,-0.4875,0.2792081832885742,0.25514968179442676
P2,Profile initialization only,20260720,-0.48,0.28002625703811646,0.2556874464636868
P2,Profile initialization only,20260720,-0.47250000000000003,0.2808355987071991,0.2562310509821821
P2,Profile initialization only,20260720,-0.465,0.28163620829582214,0.2567804859609608
P2,Profile initialization only,20260720,-0.4575,0.28242820501327515,0.257335739568019
P2,Profile initialization only,20260720,-0.45,0.28321170806884766,0.2578967974837031
P2,Profile initialization only,20260720,-0.4425,0.28398674726486206,0.258463642857511
P2,Profile initialization only,20260720,-0.435,0.2847535014152527,0.25903625626639204
P2,Profile initialization only,20260720,-0.4275,0.2855120301246643,0.2596146156746526
P2,Profile initialization only,20260720,-0.42000000000000004,0.286262571811676,0.2601986963955687
P2,Profile initialization only,20260720,-0.41250000000000003,0.28700512647628784,0.260788471054811
P2,Profile initialization only,20260720,-0.405,0.2877398729324341,0.26138390955578583
P2,Profile initialization only,20260720,-0.3975,0.2884669899940491,0.261984979046995
P2,Profile initialization only,20260720,-0.39,0.2891865372657776,0.26259164389151846
P2,Profile initialization only,20260720,-0.3825,0.28989875316619873,0.26320386563871945
P2,Profile initialization only,20260720,-0.375,0.29060375690460205,0.26382160299827534
P2,Profile initialization only,20260720,-0.3675,0.2913016676902771,0.2644448118166298
P2,Profile initialization only,20260720,-0.36,0.2919926941394806,0.2650734450559664
P2,Profile initialization only,20260720,-0.35250000000000004,0.29267698526382446,0.2657074527757957
P2,Profile initialization only,20260720,-0.34500000000000003,0.2933546304702759,0.26634678211725016
P2,Profile initialization only,20260720,-0.3375,0.29402583837509155,0.26699137729017486
P2,Profile initialization only,20260720,-0.33,0.2946907877922058,0.2676411795631011
P2,Profile initialization only,20260720,-0.3225,0.295349657535553,0.2682961272561851
P2,Profile initialization only,20260720,-0.315,0.2960025370121002,0.2689561557371918
P2,Profile initialization only,20260720,-0.3075,0.29664963483810425,0.2696211974205968
P2,Profile initialization only,20260720,-0.30000000000000004,0.297291100025177,0.2702911817698794
P2,Profile initialization only,20260720,-0.29250000000000004,0.2979271113872528,0.27096603530306995
P2,Profile initialization only,20260720,-0.28500000000000003,0.2985578179359436,0.2716456816016144
P2,Profile initialization only,20260720,-0.2775,0.29918333888053894,0.2723300413226096
P2,Profile initialization only,20260720,-0.27,0.2998039126396179,0.2730190322144604
P2,Profile initialization only,20260720,-0.2625,0.3004196286201477,0.2737125691360018
P2,Profile initialization only,20260720,-0.255,0.301030695438385,0.2744105640791237
P2,Profile initialization only,20260720,-0.24750000000000005,0.3016372323036194,0.2751129261949298
P2,Profile initialization only,20260720,-0.24,0.30223944783210754,0.2758195618234552
P2,Profile initialization only,20260720,-0.23250000000000004,0.30283743143081665,0.27653037452696
P2,Profile initialization only,20260720,-0.22499999999999998,0.30343133211135864,0.27724526512680997
P2,Profile initialization only,20260720,-0.21750000000000003,0.30402132868766785,0.2779641317439471
P2,Profile initialization only,20260720,-0.20999999999999996,0.3046075701713562,0.27868686984294644
P2,Profile initialization only,20260720,-0.2025,0.30519020557403564,0.27941337227964685
P2,Profile initialization only,20260720,-0.19500000000000006,0.3057693541049957,0.2801435293523366
P2,Profile initialization only,20260720,-0.1875,0.3063451647758484,0.28087722885646643
P2,Profile initialization only,20260720,-0.18000000000000005,0.30691778659820557,0.2816143561428546
P2,Profile initialization only,20260720,-0.1725,0.3074873685836792,0.28235479417934123
P2,Profile initialization only,20260720,-0.16500000000000004,0.30805397033691406,0.28309842361584003
P2,Profile initialization only,20260720,-0.15749999999999997,0.30861783027648926,0.2838451228527292
P2,Profile initialization only,20260720,-0.15000000000000002,0.30917906761169434,0.28459476811251394
P2,Profile initialization only,20260720,-0.14250000000000007,0.3097376823425293,0.28534723351468483
P2,Profile initialization only,20260720,-0.135,0.31029391288757324,0.2861023911536912
P2,Profile initialization only,20260720,-0.12750000000000006,0.31084784865379333,0.2868601111799366
P2,Profile initialization only,20260720,-0.12,0.3113996386528015,0.2876202618837003
P2,Profile initialization only,20260720,-0.11250000000000004,0.31194937229156494,0.28838270978187835
P2,Profile initialization only,20260720,-0.10499999999999998,0.3124971389770508,0.28914731970743135
P2,Profile initialization only,20260720,-0.09750000000000003,0.31304311752319336,0.2899139549014202
P2,Profile initialization only,20260720,-0.09000000000000008,0.31358736753463745,0.29068247710750234
P2,Profile initialization only,20260720,-0.08250000000000002,0.314130038022995,0.29145274666875687
P2,Profile initialization only,20260720,-0.07500000000000007,0.31467118859291077,0.2922246226266985
P2,Profile initialization only,20260720,-0.0675,0.3152109384536743,0.2929979628223361
P2,Profile initialization only,20260720,-0.06000000000000005,0.3157494366168976,0.2937726239991255
P2,Profile initialization only,20260720,-0.05249999999999999,0.31628671288490295,0.2945484619076617
P2,Profile initialization only,20260720,-0.04500000000000004,0.31682288646698,0.2953253314119491
P2,Profile initialization only,20260720,-0.03749999999999998,0.3173580765724182,0.29610308659708684
P2,Profile initialization only,20260720,-0.030000000000000027,0.3178923726081848,0.29688158087820066
P2,Profile initialization only,20260720,-0.022500000000000075,0.3184258043766022,0.29766066711044903
P2,Profile initialization only,20260720,-0.015000000000000013,0.3189585208892822,0.2984401976999299
P2,Profile initialization only,20260720,-0.007500000000000062,0.31949058175086975,0.2992200247153102
P2,Profile initialization only,20260720,0.0,0.3200221061706543,0.3
P2,Profile initialization only,20260720,0.007499999999999951,0.32055309414863586,0.3007799752846898
P2,Profile initialization only,20260720,0.015000000000000013,0.3210837244987488,0.30155980230007007
P2,Profile initialization only,20260720,0.022499999999999964,0.32161402702331543,0.30233933288955095
P2,Profile initialization only,20260720,0.030000000000000027,0.3221440315246582,0.3031184191217993
P2,Profile initialization only,20260720,0.03749999999999998,0.32267385721206665,0.30389691340291314
P2,Profile initialization only,20260720,0.04499999999999993,0.32320359349250793,0.30467466858805087
P2,Profile initialization only,20260720,0.05249999999999999,0.32373327016830444,0.30545153809233827
P2,Profile initialization only,20260720,0.05999999999999994,0.32426297664642334,0.30622737600087446
P2,Profile initialization only,20260720,0.0675,0.3247928023338318,0.3070020371776639
P2,Profile initialization only,20260720,0.07499999999999996,0.3253227174282074,0.30777537737330146
P2,Profile initialization only,20260720,0.08250000000000002,0.3258528411388397,0.3085472533312431
P2,Profile initialization only,20260720,0.08999999999999997,0.32638323307037354,0.30931752289249764
P2,Profile initialization only,20260720,0.09749999999999992,0.3269139528274536,0.3100860450985798
P2,Profile initialization only,20260720,0.10499999999999998,0.32744503021240234,0.31085268029256863
P2,Profile initialization only,20260720,0.11249999999999993,0.3279765546321869,0.3116172902181216
P2,Profile initialization only,20260720,0.12,0.32850855588912964,0.31237973811629965
P2,Profile initialization only,20260720,0.12749999999999995,0.329041063785553,0.3131398888200634
P2,Profile initialization only,20260720,0.135,0.3295741379261017,0.3138976088463088
P2,Profile initialization only,20260720,0.14249999999999996,0.3301078677177429,0.3146527664853151
P2,Profile initialization only,20260720,0.1499999999999999,0.3306421637535095,0.31540523188748604
P2,Profile initialization only,20260720,0.15749999999999997,0.3311772346496582,0.31615487714727075
P2,Profile initialization only,20260720,0.16499999999999992,0.3317129611968994,0.31690157638415994
P2,Profile initialization only,20260720,0.1725,0.3322495222091675,0.31764520582065875
P2,Profile initialization only,20260720,0.17999999999999994,0.3327868580818176,0.31838564385714535
P2,Profile initialization only,20260720,0.1875,0.33332502841949463,0.31912277114353355
P2,Profile initialization only,20260720,0.19499999999999995,0.33386409282684326,0.31985647064766337
P2,Profile initialization only,20260720,0.2025,0.33440402150154114,0.3205866277203531
P2,Profile initialization only,20260720,0.20999999999999996,0.3349449038505554,0.32131313015705354
P2,Profile initialization only,20260720,0.21749999999999992,0.3354867398738861,0.3220358682560529
P2,Profile initialization only,20260720,0.22499999999999998,0.3360295295715332,0.32275473487319
P2,Profile initialization only,20260720,0.23249999999999993,0.33657336235046387,0.32346962547304
P2,Profile initialization only,20260720,0.24,0.33711814880371094,0.3241804381765448
P2,Profile initialization only,20260720,0.24749999999999994,0.33766403794288635,0.3248870738050702
P2,Profile initialization only,20260720,0.2549999999999999,0.33821094036102295,0.3255894359208763
P2,Profile initialization only,20260720,0.26249999999999996,0.3387589454650879,0.3262874308639982
P2,Profile initialization only,20260720,0.27,0.3393080234527588,0.3269809677855396
P2,Profile initialization only,20260720,0.27749999999999986,0.3398582339286804,0.32766995867739035
P2,Profile initialization only,20260720,0.2849999999999999,0.340409517288208,0.3283543183983856
P2,Profile initialization only,20260720,0.2925,0.34096193313598633,0.32903396469693
P2,Profile initialization only,20260720,0.30000000000000004,0.3415154814720154,0.3297088182301206
P2,Profile initialization only,20260720,0.3074999999999999,0.34207016229629517,0.33037880257940316
P2,Profile initialization only,20260720,0.31499999999999995,0.34262600541114807,0.3310438442628082
P2,Profile initialization only,20260720,0.3225,0.3431829512119293,0.33170387274381485
P2,Profile initialization only,20260720,0.33000000000000007,0.3437410891056061,0.3323588204368989
P2,Profile initialization only,20260720,0.3374999999999999,0.34430035948753357,0.3330086227098251
P2,Profile initialization only,20260720,0.345,0.3448607921600342,0.3336532178827498
P2,Profile initialization only,20260720,0.35250000000000004,0.34542229771614075,0.33429254722420426
P2,Profile initialization only,20260720,0.3599999999999999,0.3459849953651428,0.33492655494403356
P2,Profile initialization only,20260720,0.36749999999999994,0.34654879570007324,0.33555518818337016
P2,Profile initialization only,20260720,0.375,0.3471137583255768,0.33617839700172464
P2,Profile initialization only,20260720,0.38250000000000006,0.34767982363700867,0.33679613436128053
P2,Profile initialization only,20260720,0.3899999999999999,0.3482469916343689,0.3374083561084815
P2,Profile initialization only,20260720,0.39749999999999996,0.3488152325153351,0.33801502095300495
P2,Profile initialization only,20260720,0.405,0.3493845760822296,0.33861609044421415
P2,Profile initialization only,20260720,0.41249999999999987,0.3499549925327301,0.33921152894518897
P2,Profile initialization only,20260720,0.41999999999999993,0.35052645206451416,0.3398013036044313
P2,Profile initialization only,20260720,0.4275,0.3510989546775818,0.3403853843253474
P2,Profile initialization only,20260720,0.43500000000000005,0.3516724407672882,0.34096374373360794
P2,Profile initialization only,20260720,0.4424999999999999,0.3522469401359558,0.341536357142489
P2,Profile initialization only,20260720,0.44999999999999996,0.3528224229812622,0.34210320251629683
P2,Profile initialization only,20260720,0.4575,0.353398859500885,0.342664260431981
P2,Profile initialization only,20260720,0.46499999999999986,0.35397621989250183,0.34321951403903916
P2,Profile initialization only,20260720,0.4724999999999999,0.3545544743537903,0.34376894901781785
P2,Profile initialization only,20260720,0.48,0.35513365268707275,0.3443125535363132
P2,Profile initialization only,20260720,0.48750000000000004,0.3557136058807373,0.3448503182055732
P2,Profile initialization only,20260720,0.4949999999999999,0.3562944531440735,0.3453822360338061
P2,Profile initialization only,20260720,0.5025,0.35687604546546936,0.34590830237929365
P2,Profile initialization only,20260720,0.51,0.3574584126472473,0.3464285149022109
P2,Profile initialization only,20260720,0.5174999999999998,0.3580414950847626,0.3469428735154505
P2,Profile initialization only,20260720,0.5249999999999999,0.3586253523826599,0.3474513803345492
P2,Profile initialization only,20260720,0.5325,0.3592097759246826,0.34795403962681043
P2,Profile initialization only,20260720,0.54,0.3597949147224426,0.34845085775971835
P2,Profile initialization only,20260720,0.5474999999999999,0.3603805899620056,0.348941843148733
P2,Profile initialization only,20260720,0.5549999999999999,0.3609668016433716,0.3494270062045573
P2,Profile initialization only,20260720,0.5625,0.3615535795688629,0.34990635927996133
P2,Profile initialization only,20260720,0.5699999999999998,0.36214083433151245,0.35037991661625
P2,Profile initialization only,20260720,0.5774999999999999,0.3627285063266754,0.3508476942894551
P2,Profile initialization only,20260720,0.585,0.3633165955543518,0.3513097101563318
P2,Profile initialization only,20260720,0.5925,0.36390501260757446,0.3517659838002362
P2,Profile initialization only,20260720,0.5999999999999999,0.36449378728866577,0.35221653647695916
P2,Profile initialization only,20260720,0.6074999999999999,0.3650828003883362,0.3526613910605862
P2,Profile initialization only,20260720,0.615,0.3656720519065857,0.35310057198945366
P2,Profile initialization only,20260720,0.6225,0.36626148223876953,0.35353410521226647
P2,Profile initialization only,20260720,0.6299999999999999,0.3668510913848877,0.3539620181344406
P2,Profile initialization only,20260720,0.6375,0.36744076013565063,0.3543843395647306
P2,Profile initialization only,20260720,0.645,0.36803045868873596,0.3548010996621992
P2,Profile initialization only,20260720,0.6524999999999999,0.3686201572418213,0.35521232988358425
P2,Profile initialization only,20260720,0.6599999999999999,0.36920982599258423,0.3556180629311138
P2,Profile initialization only,20260720,0.6675,0.36979940533638,0.3560183327008191
P2,Profile initialization only,20260720,0.675,0.37038883566856384,0.3564131742313908
P2,Profile initialization only,20260720,0.6824999999999999,0.37097805738449097,0.356802623653622
P2,Profile initialization only,20260720,0.69,0.3715670108795166,0.35718671814047925
P2,Profile initialization only,20260720,0.6975,0.37215566635131836,0.3575654958578385
P2,Profile initialization only,20260720,0.7049999999999998,0.37274402379989624,0.35793899591592165
P2,Profile initialization only,20260720,0.7124999999999999,0.3733319640159607,0.3583072583214666
P2,Profile initialization only,20260720,0.72,0.37391942739486694,0.35867032393066073
P2,Profile initialization only,20260720,0.7275,0.374506413936615,0.35902823440286524
P2,Profile initialization only,20260720,0.7349999999999999,0.37509283423423767,0.35938103215515604
P2,Profile initialization only,20260720,0.7424999999999999,0.3756786584854126,0.35972876031770373
P2,Profile initialization only,20260720,0.75,0.3762638568878174,0.36007146269001333
P2,Profile initialization only,20260721,-0.75,0.24718357622623444,0.23992853730998662
P2,Profile initialization only,20260721,-0.7425,0.24871140718460083,0.24027123968229624
P2,Profile initialization only,20260721,-0.735,0.25024378299713135,0.24061896784484396
P2,Profile initialization only,20260721,-0.7275,0.2517789304256439,0.24097176559713476
P2,Profile initialization only,20260721,-0.72,0.2533150911331177,0.24132967606933925
P2,Profile initialization only,20260721,-0.7125,0.25485050678253174,0.24169274167853338
P2,Profile initialization only,20260721,-0.705,0.25638347864151,0.24206100408407832
P2,Profile initialization only,20260721,-0.6975,0.2579123079776764,0.24243450414216147
P2,Profile initialization only,20260721,-0.69,0.25943535566329956,0.24281328185952072
P2,Profile initialization only,20260721,-0.6825,0.2609510123729706,0.243197376346378
P2,Profile initialization only,20260721,-0.675,0.2624577283859253,0.24358682576860918
P2,Profile initialization only,20260721,-0.6675,0.2639540433883667,0.24398166729918083
P2,Profile initialization only,20260721,-0.66,0.2654385268688202,0.24438193706888614
P2,Profile initialization only,20260721,-0.6525,0.2669098973274231,0.24478767011641572
P2,Profile initialization only,20260721,-0.645,0.26836687326431274,0.24519890033780076
P2,Profile initialization only,20260721,-0.6375,0.2698083221912384,0.2456156604352694
P2,Profile initialization only,20260721,-0.63,0.2712332010269165,0.24603798186555936
P2,Profile initialization only,20260721,-0.6225,0.27264052629470825,0.2464658947877335
P2,Profile initialization only,20260721,-0.615,0.27402937412261963,0.24689942801054632
P2,Profile initialization only,20260721,-0.6075,0.27539902925491333,0.24733860893941376
P2,Profile initialization only,20260721,-0.6,0.27674877643585205,0.2477834635230408
P2,Profile initialization only,20260721,-0.5925,0.27807801961898804,0.24823401619976376
P2,Profile initialization only,20260721,-0.585,0.2793862223625183,0.2486902898436682
P2,Profile initialization only,20260721,-0.5775,0.28067296743392944,0.24915230571054484
P2,Profile initialization only,20260721,-0.5700000000000001,0.28193801641464233,0.24962008338374994
P2,Profile initialization only,20260721,-0.5625,0.28318101167678833,0.25009364072003865
P2,Profile initialization only,20260721,-0.5549999999999999,0.2844018042087555,0.2505729937954427
P2,Profile initialization only,20260721,-0.5475,0.28560033440589905,0.251058156851267
P2,Profile initialization only,20260721,-0.54,0.2867765426635742,0.25154914224028163
P2,Profile initialization only,20260721,-0.5325,0.2879304885864258,0.25204596037318955
P2,Profile initialization only,20260721,-0.525,0.2890622615814209,0.2525486196654508
P2,Profile initialization only,20260721,-0.5175000000000001,0.2901720404624939,0.2530571264845494
P2,Profile initialization only,20260721,-0.51,0.2912600636482239,0.2535714850977891
P2,Profile initialization only,20260721,-0.5025,0.29232656955718994,0.2540916976207063
P2,Profile initialization only,20260721,-0.495,0.29337191581726074,0.25461776396619384
P2,Profile initialization only,20260721,-0.4875,0.29439640045166016,0.25514968179442676
P2,Profile initialization only,20260721,-0.48,0.2954004406929016,0.2556874464636868
P2,Profile initialization only,20260721,-0.47250000000000003,0.2963844835758209,0.2562310509821821
P2,Profile initialization only,20260721,-0.465,0.2973489463329315,0.2567804859609608
P2,Profile initialization only,20260721,-0.4575,0.2982943654060364,0.257335739568019
P2,Profile initialization only,20260721,-0.45,0.2992212176322937,0.2578967974837031
P2,Profile initialization only,20260721,-0.4425,0.30013006925582886,0.258463642857511
P2,Profile initialization only,20260721,-0.435,0.3010214567184448,0.25903625626639204
P2,Profile initialization only,20260721,-0.4275,0.3018959164619446,0.2596146156746526
P2,Profile initialization only,20260721,-0.42000000000000004,0.30275410413742065,0.2601986963955687
P2,Profile initialization only,20260721,-0.41250000000000003,0.30359649658203125,0.260788471054811
P2,Profile initialization only,20260721,-0.405,0.30442380905151367,0.26138390955578583
P2,Profile initialization only,20260721,-0.3975,0.3052365481853485,0.261984979046995
P2,Profile initialization only,20260721,-0.39,0.3060353994369507,0.26259164389151846
P2,Profile initialization only,20260721,-0.3825,0.30682095885276794,0.26320386563871945
P2,Profile initialization only,20260721,-0.375,0.30759382247924805,0.26382160299827534
P2,Profile initialization only,20260721,-0.3675,0.30835461616516113,0.2644448118166298
P2,Profile initialization only,20260721,-0.36,0.30910399556159973,0.2650734450559664
P2,Profile initialization only,20260721,-0.35250000000000004,0.3098425269126892,0.2657074527757957
P2,Profile initialization only,20260721,-0.34500000000000003,0.3105708360671997,0.26634678211725016
P2,Profile initialization only,20260721,-0.3375,0.31128954887390137,0.26699137729017486
P2,Profile initialization only,20260721,-0.33,0.31199929118156433,0.2676411795631011
P2,Profile initialization only,20260721,-0.3225,0.31270062923431396,0.2682961272561851
P2,Profile initialization only,20260721,-0.315,0.3133941888809204,0.2689561557371918
P2,Profile initialization only,20260721,-0.3075,0.31408047676086426,0.2696211974205968
P2,Profile initialization only,20260721,-0.30000000000000004,0.3147602081298828,0.2702911817698794
P2,Profile initialization only,20260721,-0.29250000000000004,0.31543388962745667,0.27096603530306995
P2,Profile initialization only,20260721,-0.28500000000000003,0.3161020874977112,0.2716456816016144
P2,Profile initialization only,20260721,-0.2775,0.31676536798477173,0.2723300413226096
P2,Profile initialization only,20260721,-0.27,0.31742429733276367,0.2730190322144604
P2,Profile initialization only,20260721,-0.2625,0.31807941198349,0.2737125691360018
P2,Profile initialization only,20260721,-0.255,0.31873124837875366,0.2744105640791237
P2,Profile initialization only,20260721,-0.24750000000000005,0.3193803131580353,0.2751129261949298
P2,Profile initialization only,20260721,-0.24,0.32002711296081543,0.2758195618234552
P2,Profile initialization only,20260721,-0.23250000000000004,0.3206721842288971,0.27653037452696
P2,Profile initialization only,20260721,-0.22499999999999998,0.3213160037994385,0.27724526512680997
P2,Profile initialization only,20260721,-0.21750000000000003,0.3219590187072754,0.2779641317439471
P2,Profile initialization only,20260721,-0.20999999999999996,0.32260167598724365,0.27868686984294644
P2,Profile initialization only,20260721,-0.2025,0.32324445247650146,0.27941337227964685
P2,Profile initialization only,20260721,-0.19500000000000006,0.32388782501220703,0.2801435293523366
P2,Profile initialization only,20260721,-0.1875,0.32453209161758423,0.28087722885646643
P2,Profile initialization only,20260721,-0.18000000000000005,0.32517775893211365,0.2816143561428546
P2,Profile initialization only,20260721,-0.1725,0.32582518458366394,0.28235479417934123
P2,Profile initialization only,20260721,-0.16500000000000004,0.32647469639778137,0.28309842361584003
P2,Profile initialization only,20260721,-0.15749999999999997,0.327126681804657,0.2838451228527292
P2,Profile initialization only,20260721,-0.15000000000000002,0.32778143882751465,0.28459476811251394
P2,Profile initialization only,20260721,-0.14250000000000007,0.32843926548957825,0.28534723351468483
P2,Profile initialization only,20260721,-0.135,0.32910045981407166,0.2861023911536912
P2,Profile initialization only,20260721,-0.12750000000000006,0.32976531982421875,0.2868601111799366
P2,Profile initialization only,20260721,-0.12,0.33043399453163147,0.2876202618837003
P2,Profile initialization only,20260721,-0.11250000000000004,0.3311067819595337,0.28838270978187835
P2,Profile initialization only,20260721,-0.10499999999999998,0.33178380131721497,0.28914731970743135
P2,Profile initialization only,20260721,-0.09750000000000003,0.3324652910232544,0.2899139549014202
P2,Profile initialization only,20260721,-0.09000000000000008,0.33315134048461914,0.29068247710750234
P2,Profile initialization only,20260721,-0.08250000000000002,0.33384203910827637,0.29145274666875687
P2,Profile initialization only,20260721,-0.07500000000000007,0.3345375061035156,0.2922246226266985
P2,Profile initialization only,20260721,-0.0675,0.3352378010749817,0.2929979628223361
P2,Profile initialization only,20260721,-0.06000000000000005,0.3359428644180298,0.2937726239991255
P2,Profile initialization only,20260721,-0.05249999999999999,0.3366527855396271,0.2945484619076617
P2,Profile initialization only,20260721,-0.04500000000000004,0.3373674750328064,0.2953253314119491
P2,Profile initialization only,20260721,-0.03749999999999998,0.33808690309524536,0.29610308659708684
P2,Profile initialization only,20260721,-0.030000000000000027,0.33881092071533203,0.29688158087820066
P2,Profile initialization only,20260721,-0.022500000000000075,0.33953946828842163,0.29766066711044903
P2,Profile initialization only,20260721,-0.015000000000000013,0.34027227759361267,0.2984401976999299
P2,Profile initialization only,20260721,-0.007500000000000062,0.341009259223938,0.2992200247153102
P2,Profile initialization only,20260721,0.0,0.34175020456314087,0.3
P2,Profile initialization only,20260721,0.007499999999999951,0.34249481558799744,0.3007799752846898
P2,Profile initialization only,20260721,0.015000000000000013,0.3432428538799286,0.30155980230007007
P2,Profile initialization only,20260721,0.022499999999999964,0.3439939618110657,0.30233933288955095
P2,Profile initialization only,20260721,0.030000000000000027,0.3447479009628296,0.3031184191217993
P2,Profile initialization only,20260721,0.03749999999999998,0.3455042839050293,0.30389691340291314
P2,Profile initialization only,20260721,0.04499999999999993,0.34626269340515137,0.30467466858805087
P2,Profile initialization only,20260721,0.05249999999999999,0.34702280163764954,0.30545153809233827
P2,Profile initialization only,20260721,0.05999999999999994,0.3477841913700104,0.30622737600087446
P2,Profile initialization only,20260721,0.0675,0.34854641556739807,0.3070020371776639
P2,Profile initialization only,20260721,0.07499999999999996,0.3493090271949768,0.30777537737330146
P2,Profile initialization only,20260721,0.08250000000000002,0.35007160902023315,0.3085472533312431
P2,Profile initialization only,20260721,0.08999999999999997,0.35083359479904175,0.30931752289249764
P2,Profile initialization only,20260721,0.09749999999999992,0.35159462690353394,0.3100860450985798
P2,Profile initialization only,20260721,0.10499999999999998,0.35235413908958435,0.31085268029256863
P2,Profile initialization only,20260721,0.11249999999999993,0.3531116843223572,0.3116172902181216
P2,Profile initialization only,20260721,0.12,0.3538667559623718,0.31237973811629965
P2,Profile initialization only,20260721,0.12749999999999995,0.3546188175678253,0.3131398888200634
P2,Profile initialization only,20260721,0.135,0.3553674519062042,0.3138976088463088
P2,Profile initialization only,20260721,0.14249999999999996,0.35611212253570557,0.3146527664853151
P2,Profile initialization only,20260721,0.1499999999999999,0.35685238242149353,0.31540523188748604
P2,Profile initialization only,20260721,0.15749999999999997,0.3575877547264099,0.31615487714727075
P2,Profile initialization only,20260721,0.16499999999999992,0.3583177924156189,0.31690157638415994
P2,Profile initialization only,20260721,0.1725,0.3590419888496399,0.31764520582065875
P2,Profile initialization only,20260721,0.17999999999999994,0.35976001620292664,0.31838564385714535
P2,Profile initialization only,20260721,0.1875,0.36047136783599854,0.31912277114353355
P2,Profile initialization only,20260721,0.19499999999999995,0.36117568612098694,0.31985647064766337
P2,Profile initialization only,20260721,0.2025,0.3618725538253784,0.3205866277203531
P2,Profile initialization only,20260721,0.20999999999999996,0.3625617027282715,0.32131313015705354
P2,Profile initialization only,20260721,0.21749999999999992,0.3632426857948303,0.3220358682560529
P2,Profile initialization only,20260721,0.22499999999999998,0.36391526460647583,0.32275473487319
P2,Profile initialization only,20260721,0.23249999999999993,0.36457908153533936,0.32346962547304
P2,Profile initialization only,20260721,0.24,0.3652339577674866,0.3241804381765448
P2,Profile initialization only,20260721,0.24749999999999994,0.36587953567504883,0.3248870738050702
P2,Profile initialization only,20260721,0.2549999999999999,0.3665156662464142,0.3255894359208763
P2,Profile initialization only,20260721,0.26249999999999996,0.36714208126068115,0.3262874308639982
P2,Profile initialization only,20260721,0.27,0.36775872111320496,0.3269809677855396
P2,Profile initialization only,20260721,0.27749999999999986,0.3683653175830841,0.32766995867739035
P2,Profile initialization only,20260721,0.2849999999999999,0.36896181106567383,0.3283543183983856
P2,Profile initialization only,20260721,0.2925,0.3695480227470398,0.32903396469693
P2,Profile initialization only,20260721,0.30000000000000004,0.3701239824295044,0.3297088182301206
P2,Profile initialization only,20260721,0.3074999999999999,0.3706895112991333,0.33037880257940316
P2,Profile initialization only,20260721,0.31499999999999995,0.3712446391582489,0.3310438442628082
P2,Profile initialization only,20260721,0.3225,0.3717893064022064,0.33170387274381485
P2,Profile initialization only,20260721,0.33000000000000007,0.37232357263565063,0.3323588204368989
P2,Profile initialization only,20260721,0.3374999999999999,0.3728473484516144,0.3330086227098251
P2,Profile initialization only,20260721,0.345,0.37336069345474243,0.3336532178827498
P2,Profile initialization only,20260721,0.35250000000000004,0.37386375665664673,0.33429254722420426
P2,Profile initialization only,20260721,0.3599999999999999,0.37435653805732727,0.33492655494403356
P2,Profile initialization only,20260721,0.36749999999999994,0.37483909726142883,0.33555518818337016
P2,Profile initialization only,20260721,0.375,0.3753115236759186,0.33617839700172464
P2,Profile initialization only,20260721,0.38250000000000006,0.37577396631240845,0.33679613436128053
P2,Profile initialization only,20260721,0.3899999999999999,0.3762264847755432,0.3374083561084815
P2,Profile initialization only,20260721,0.39749999999999996,0.3766692876815796,0.33801502095300495
P2,Profile initialization only,20260721,0.405,0.37710243463516235,0.33861609044421415
P2,Profile initialization only,20260721,0.41249999999999987,0.3775261342525482,0.33921152894518897
P2,Profile initialization only,20260721,0.41999999999999993,0.37794050574302673,0.3398013036044313
P2,Profile initialization only,20260721,0.4275,0.37834569811820984,0.3403853843253474
P2,Profile initialization only,20260721,0.43500000000000005,0.37874191999435425,0.34096374373360794
P2,Profile initialization only,20260721,0.4424999999999999,0.3791292905807495,0.341536357142489
P2,Profile initialization only,20260721,0.44999999999999996,0.37950801849365234,0.34210320251629683
P2,Profile initialization only,20260721,0.4575,0.37987828254699707,0.342664260431981
P2,Profile initialization only,20260721,0.46499999999999986,0.380240261554718,0.34321951403903916
P2,Profile initialization only,20260721,0.4724999999999999,0.3805941343307495,0.34376894901781785
P2,Profile initialization only,20260721,0.48,0.38094013929367065,0.3443125535363132
P2,Profile initialization only,20260721,0.48750000000000004,0.3812783360481262,0.3448503182055732
P2,Profile initialization only,20260721,0.4949999999999999,0.38160908222198486,0.3453822360338061
P2,Profile initialization only,20260721,0.5025,0.38193243741989136,0.34590830237929365
P2,Profile initialization only,20260721,0.51,0.3822486698627472,0.3464285149022109
P2,Profile initialization only,20260721,0.5174999999999998,0.3825578987598419,0.3469428735154505
P2,Profile initialization only,20260721,0.5249999999999999,0.382860392332077,0.3474513803345492
P2,Profile initialization only,20260721,0.5325,0.38315626978874207,0.34795403962681043
P2,Profile initialization only,20260721,0.54,0.38344573974609375,0.34845085775971835
P2,Profile initialization only,20260721,0.5474999999999999,0.3837289810180664,0.348941843148733
P2,Profile initialization only,20260721,0.5549999999999999,0.38400617241859436,0.3494270062045573
P2,Profile initialization only,20260721,0.5625,0.3842775225639343,0.34990635927996133
P2,Profile initialization only,20260721,0.5699999999999998,0.38454318046569824,0.35037991661625
P2,Profile initialization only,20260721,0.5774999999999999,0.38480329513549805,0.3508476942894551
P2,Profile initialization only,20260721,0.585,0.38505804538726807,0.3513097101563318
P2,Profile initialization only,20260721,0.5925,0.3853076100349426,0.3517659838002362
P2,Profile initialization only,20260721,0.5999999999999999,0.38555213809013367,0.35221653647695916
P2,Profile initialization only,20260721,0.6074999999999999,0.3857918381690979,0.3526613910605862
P2,Profile initialization only,20260721,0.615,0.3860267996788025,0.35310057198945366
P2,Profile initialization only,20260721,0.6225,0.38625723123550415,0.35353410521226647
P2,Profile initialization only,20260721,0.6299999999999999,0.38648322224617004,0.3539620181344406
P2,Profile initialization only,20260721,0.6375,0.3867049217224121,0.3543843395647306
P2,Profile initialization only,20260721,0.645,0.38692253828048706,0.3548010996621992
P2,Profile initialization only,20260721,0.6524999999999999,0.3871361315250397,0.35521232988358425
P2,Profile initialization only,20260721,0.6599999999999999,0.38734591007232666,0.3556180629311138
P2,Profile initialization only,20260721,0.6675,0.3875519037246704,0.3560183327008191
P2,Profile initialization only,20260721,0.675,0.3877543807029724,0.3564131742313908
P2,Profile initialization only,20260721,0.6824999999999999,0.3879532814025879,0.356802623653622
P2,Profile initialization only,20260721,0.69,0.3881489038467407,0.35718671814047925
P2,Profile initialization only,20260721,0.6975,0.3883412182331085,0.3575654958578385
P2,Profile initialization only,20260721,0.7049999999999998,0.388530433177948,0.35793899591592165
P2,Profile initialization only,20260721,0.7124999999999999,0.3887166380882263,0.3583072583214666
P2,Profile initialization only,20260721,0.72,0.38889989256858826,0.35867032393066073
P2,Profile initialization only,20260721,0.7275,0.3890804052352905,0.35902823440286524
P2,Profile initialization only,20260721,0.7349999999999999,0.38925814628601074,0.35938103215515604
P2,Profile initialization only,20260721,0.7424999999999999,0.38943323493003845,0.35972876031770373
P2,Profile initialization only,20260721,0.75,0.389605849981308,0.36007146269001333
P2,Profile initialization only,20260722,-0.75,0.2736949324607849,0.23992853730998662
P2,Profile initialization only,20260722,-0.7425,0.2749832570552826,0.24027123968229624
P2,Profile initialization only,20260722,-0.735,0.2762702703475952,0.24061896784484396
P2,Profile initialization only,20260722,-0.7275,0.2775552570819855,0.24097176559713476
P2,Profile initialization only,20260722,-0.72,0.2788375914096832,0.24132967606933925
P2,Profile initialization only,20260722,-0.7125,0.2801167368888855,0.24169274167853338
P2,Profile initialization only,20260722,-0.705,0.28139200806617737,0.24206100408407832
P2,Profile initialization only,20260722,-0.6975,0.28266286849975586,0.24243450414216147
P2,Profile initialization only,20260722,-0.69,0.2839287519454956,0.24281328185952072
P2,Profile initialization only,20260722,-0.6825,0.28518912196159363,0.243197376346378
P2,Profile initialization only,20260722,-0.675,0.28644341230392456,0.24358682576860918
P2,Profile initialization only,20260722,-0.6675,0.2876911163330078,0.24398166729918083
P2,Profile initialization only,20260722,-0.66,0.2889317274093628,0.24438193706888614
P2,Profile initialization only,20260722,-0.6525,0.2901648283004761,0.24478767011641572
P2,Profile initialization only,20260722,-0.645,0.29138991236686707,0.24519890033780076
P2,Profile initialization only,20260722,-0.6375,0.29260656237602234,0.2456156604352694
P2,Profile initialization only,20260722,-0.63,0.29381436109542847,0.24603798186555936
P2,Profile initialization only,20260722,-0.6225,0.2950129508972168,0.2464658947877335
P2,Profile initialization only,20260722,-0.615,0.2962018847465515,0.24689942801054632
P2,Profile initialization only,20260722,-0.6075,0.2973809242248535,0.24733860893941376
P2,Profile initialization only,20260722,-0.6,0.29854971170425415,0.2477834635230408
P2,Profile initialization only,20260722,-0.5925,0.29970794916152954,0.24823401619976376
P2,Profile initialization only,20260722,-0.585,0.3008553385734558,0.2486902898436682
P2,Profile initialization only,20260722,-0.5775,0.30199164152145386,0.24915230571054484
P2,Profile initialization only,20260722,-0.5700000000000001,0.3031166195869446,0.24962008338374994
P2,Profile initialization only,20260722,-0.5625,0.30423009395599365,0.25009364072003865
P2,Profile initialization only,20260722,-0.5549999999999999,0.30533185601234436,0.2505729937954427
P2,Profile initialization only,20260722,-0.5475,0.30642175674438477,0.251058156851267
P2,Profile initialization only,20260722,-0.54,0.30749958753585815,0.25154914224028163
P2,Profile initialization only,20260722,-0.5325,0.30856531858444214,0.25204596037318955
P2,Profile initialization only,20260722,-0.525,0.30961874127388,0.2525486196654508
P2,Profile initialization only,20260722,-0.5175000000000001,0.31065982580184937,0.2530571264845494
P2,Profile initialization only,20260722,-0.51,0.31168851256370544,0.2535714850977891
P2,Profile initialization only,20260722,-0.5025,0.31270474195480347,0.2540916976207063
P2,Profile initialization only,20260722,-0.495,0.31370842456817627,0.25461776396619384
P2,Profile initialization only,20260722,-0.4875,0.31469956040382385,0.25514968179442676
P2,Profile initialization only,20260722,-0.48,0.3156781792640686,0.2556874464636868
P2,Profile initialization only,20260722,-0.47250000000000003,0.3166442811489105,0.2562310509821821
P2,Profile initialization only,20260722,-0.465,0.3175978660583496,0.2567804859609608
P2,Profile initialization only,20260722,-0.4575,0.31853896379470825,0.257335739568019
P2,Profile initialization only,20260722,-0.45,0.3194676339626312,0.2578967974837031
P2,Profile initialization only,20260722,-0.4425,0.3203839063644409,0.258463642857511
P2,Profile initialization only,20260722,-0.435,0.32128793001174927,0.25903625626639204
P2,Profile initialization only,20260722,-0.4275,0.32217973470687866,0.2596146156746526
P2,Profile initialization only,20260722,-0.42000000000000004,0.3230593800544739,0.2601986963955687
P2,Profile initialization only,20260722,-0.41250000000000003,0.32392704486846924,0.260788471054811
P2,Profile initialization only,20260722,-0.405,0.32478272914886475,0.26138390955578583
P2,Profile initialization only,20260722,-0.3975,0.3256266117095947,0.261984979046995
P2,Profile initialization only,20260722,-0.39,0.3264588415622711,0.26259164389151846
P2,Profile initialization only,20260722,-0.3825,0.3272795081138611,0.26320386563871945
P2,Profile initialization only,20260722,-0.375,0.3280887305736542,0.26382160299827534
P2,Profile initialization only,20260722,-0.3675,0.3288866877555847,0.2644448118166298
P2,Profile initialization only,20260722,-0.36,0.32967352867126465,0.2650734450559664
P2,Profile initialization only,20260722,-0.35250000000000004,0.33044934272766113,0.2657074527757957
P2,Profile initialization only,20260722,-0.34500000000000003,0.3312143087387085,0.26634678211725016
P2,Profile initialization only,20260722,-0.3375,0.33196863532066345,0.26699137729017486
P2,Profile initialization only,20260722,-0.33,0.33271244168281555,0.2676411795631011
P2,Profile initialization only,20260722,-0.3225,0.33344587683677673,0.2682961272561851
P2,Profile initialization only,20260722,-0.315,0.3341691493988037,0.2689561557371918
P2,Profile initialization only,20260722,-0.3075,0.33488237857818604,0.2696211974205968
P2,Profile initialization only,20260722,-0.30000000000000004,0.33558571338653564,0.2702911817698794
P2,Profile initialization only,20260722,-0.29250000000000004,0.3362794518470764,0.27096603530306995
P2,Profile initialization only,20260722,-0.28500000000000003,0.33696362376213074,0.2716456816016144
P2,Profile initialization only,20260722,-0.2775,0.3376384377479553,0.2723300413226096
P2,Profile initialization only,20260722,-0.27,0.3383041024208069,0.2730190322144604
P2,Profile initialization only,20260722,-0.2625,0.33896076679229736,0.2737125691360018
P2,Profile initialization only,20260722,-0.255,0.3396085798740387,0.2744105640791237
P2,Profile initialization only,20260722,-0.24750000000000005,0.3402477502822876,0.2751129261949298
P2,Profile initialization only,20260722,-0.24,0.340878427028656,0.2758195618234552
P2,Profile initialization only,20260722,-0.23250000000000004,0.34150075912475586,0.27653037452696
P2,Profile initialization only,20260722,-0.22499999999999998,0.34211498498916626,0.27724526512680997
P2,Profile initialization only,20260722,-0.21750000000000003,0.342721164226532,0.2779641317439471
P2,Profile initialization only,20260722,-0.20999999999999996,0.3433195948600769,0.27868686984294644
P2,Profile initialization only,20260722,-0.2025,0.3439103364944458,0.27941337227964685
P2,Profile initialization only,20260722,-0.19500000000000006,0.344493567943573,0.2801435293523366
P2,Profile initialization only,20260722,-0.1875,0.3450694978237152,0.28087722885646643
P2,Profile initialization only,20260722,-0.18000000000000005,0.3456382155418396,0.2816143561428546
P2,Profile initialization only,20260722,-0.1725,0.34619995951652527,0.28235479417934123
P2,Profile initialization only,20260722,-0.16500000000000004,0.3467548191547394,0.28309842361584003
P2,Profile initialization only,20260722,-0.15749999999999997,0.34730297327041626,0.2838451228527292
P2,Profile initialization only,20260722,-0.15000000000000002,0.34784460067749023,0.28459476811251394
P2,Profile initialization only,20260722,-0.14250000000000007,0.34837979078292847,0.28534723351468483
P2,Profile initialization only,20260722,-0.135,0.3489086925983429,0.2861023911536912
P2,Profile initialization only,20260722,-0.12750000000000006,0.34943151473999023,0.2868601111799366
P2,Profile initialization only,20260722,-0.12,0.34994834661483765,0.2876202618837003
P2,Profile initialization only,20260722,-0.11250000000000004,0.35045936703681946,0.28838270978187835
P2,Profile initialization only,20260722,-0.10499999999999998,0.35096466541290283,0.28914731970743135
P2,Profile initialization only,20260722,-0.09750000000000003,0.3514643907546997,0.2899139549014202
P2,Profile initialization only,20260722,-0.09000000000000008,0.35195866227149963,0.29068247710750234
P2,Profile initialization only,20260722,-0.08250000000000002,0.35244762897491455,0.29145274666875687
P2,Profile initialization only,20260722,-0.07500000000000007,0.3529314398765564,0.2922246226266985
P2,Profile initialization only,20260722,-0.0675,0.35341018438339233,0.2929979628223361
P2,Profile initialization only,20260722,-0.06000000000000005,0.3538839817047119,0.2937726239991255
P2,Profile initialization only,20260722,-0.05249999999999999,0.3543529510498047,0.2945484619076617
P2,Profile initialization only,20260722,-0.04500000000000004,0.3548172116279602,0.2953253314119491
P2,Profile initialization only,20260722,-0.03749999999999998,0.3552769124507904,0.29610308659708684
P2,Profile initialization only,20260722,-0.030000000000000027,0.35573214292526245,0.29688158087820066
P2,Profile initialization only,20260722,-0.022500000000000075,0.3561829924583435,0.29766066711044903
P2,Profile initialization only,20260722,-0.015000000000000013,0.35662955045700073,0.2984401976999299
P2,Profile initialization only,20260722,-0.007500000000000062,0.35707199573516846,0.2992200247153102
P2,Profile initialization only,20260722,0.0,0.3575103282928467,0.3
P2,Profile initialization only,20260722,0.007499999999999951,0.35794469714164734,0.3007799752846898
P2,Profile initialization only,20260722,0.015000000000000013,0.35837522149086,0.30155980230007007
P2,Profile initialization only,20260722,0.022499999999999964,0.3588019609451294,0.30233933288955095
P2,Profile initialization only,20260722,0.030000000000000027,0.3592250347137451,0.3031184191217993
P2,Profile initialization only,20260722,0.03749999999999998,0.3596445322036743,0.30389691340291314
P2,Profile initialization only,20260722,0.04499999999999993,0.3600604832172394,0.30467466858805087
P2,Profile initialization only,20260722,0.05249999999999999,0.36047303676605225,0.30545153809233827
P2,Profile initialization only,20260722,0.05999999999999994,0.3608822226524353,0.30622737600087446
P2,Profile initialization only,20260722,0.0675,0.3612881898880005,0.3070020371776639
P2,Profile initialization only,20260722,0.07499999999999996,0.3616909384727478,0.30777537737330146
P2,Profile initialization only,20260722,0.08250000000000002,0.3620905876159668,0.3085472533312431
P2,Profile initialization only,20260722,0.08999999999999997,0.36248719692230225,0.30931752289249764
P2,Profile initialization only,20260722,0.09749999999999992,0.3628808856010437,0.3100860450985798
P2,Profile initialization only,20260722,0.10499999999999998,0.36327165365219116,0.31085268029256863
P2,Profile initialization only,20260722,0.11249999999999993,0.3636595606803894,0.3116172902181216
P2,Profile initialization only,20260722,0.12,0.36404478549957275,0.31237973811629965
P2,Profile initialization only,20260722,0.12749999999999995,0.36442723870277405,0.3131398888200634
P2,Profile initialization only,20260722,0.135,0.3648070991039276,0.3138976088463088
P2,Profile initialization only,20260722,0.14249999999999996,0.36518436670303345,0.3146527664853151
P2,Profile initialization only,20260722,0.1499999999999999,0.36555910110473633,0.31540523188748604
P2,Profile initialization only,20260722,0.15749999999999997,0.3659314513206482,0.31615487714727075
P2,Profile initialization only,20260722,0.16499999999999992,0.3663012981414795,0.31690157638415994
P2,Profile initialization only,20260722,0.1725,0.36666885018348694,0.31764520582065875
P2,Profile initialization only,20260722,0.17999999999999994,0.36703404784202576,0.31838564385714535
P2,Profile initialization only,20260722,0.1875,0.3673970401287079,0.31912277114353355
P2,Profile initialization only,20260722,0.19499999999999995,0.3677578270435333,0.31985647064766337
P2,Profile initialization only,20260722,0.2025,0.36811643838882446,0.3205866277203531
P2,Profile initialization only,20260722,0.20999999999999996,0.3684729337692261,0.32131313015705354
P2,Profile initialization only,20260722,0.21749999999999992,0.3688274025917053,0.3220358682560529
P2,Profile initialization only,20260722,0.22499999999999998,0.36917978525161743,0.32275473487319
P2,Profile initialization only,20260722,0.23249999999999993,0.36953020095825195,0.32346962547304
P2,Profile initialization only,20260722,0.24,0.3698786795139313,0.3241804381765448
P2,Profile initialization only,20260722,0.24749999999999994,0.3702252507209778,0.3248870738050702
P2,Profile initialization only,20260722,0.2549999999999999,0.37056994438171387,0.3255894359208763
P2,Profile initialization only,20260722,0.26249999999999996,0.3709127902984619,0.3262874308639982
P2,Profile initialization only,20260722,0.27,0.3712538480758667,0.3269809677855396
P2,Profile initialization only,20260722,0.27749999999999986,0.3715931177139282,0.32766995867739035
P2,Profile initialization only,20260722,0.2849999999999999,0.37193065881729126,0.3283543183983856
P2,Profile initialization only,20260722,0.2925,0.3722664713859558,0.32903396469693
P2,Profile initialization only,20260722,0.30000000000000004,0.37260061502456665,0.3297088182301206
P2,Profile initialization only,20260722,0.3074999999999999,0.37293314933776855,0.33037880257940316
P2,Profile initialization only,20260722,0.31499999999999995,0.37326404452323914,0.3310438442628082
P2,Profile initialization only,20260722,0.3225,0.37359336018562317,0.33170387274381485
P2,Profile initialization only,20260722,0.33000000000000007,0.37392109632492065,0.3323588204368989
P2,Profile initialization only,20260722,0.3374999999999999,0.3742472529411316,0.3330086227098251
P2,Profile initialization only,20260722,0.345,0.37457191944122314,0.3336532178827498
P2,Profile initialization only,20260722,0.35250000000000004,0.3748950958251953,0.33429254722420426
P2,Profile initialization only,20260722,0.3599999999999999,0.3752167820930481,0.33492655494403356
P2,Profile initialization only,20260722,0.36749999999999994,0.37553703784942627,0.33555518818337016
P2,Profile initialization only,20260722,0.375,0.37585586309432983,0.33617839700172464
P2,Profile initialization only,20260722,0.38250000000000006,0.3761732578277588,0.33679613436128053
P2,Profile initialization only,20260722,0.3899999999999999,0.37648922204971313,0.3374083561084815
P2,Profile initialization only,20260722,0.39749999999999996,0.3768038749694824,0.33801502095300495
P2,Profile initialization only,20260722,0.405,0.3771171271800995,0.33861609044421415
P2,Profile initialization only,20260722,0.41249999999999987,0.3774290382862091,0.33921152894518897
P2,Profile initialization only,20260722,0.41999999999999993,0.37773966789245605,0.3398013036044313
P2,Profile initialization only,20260722,0.4275,0.37804892659187317,0.3403853843253474
P2,Profile initialization only,20260722,0.43500000000000005,0.37835693359375,0.34096374373360794
P2,Profile initialization only,20260722,0.4424999999999999,0.3786636292934418,0.341536357142489
P2,Profile initialization only,20260722,0.44999999999999996,0.37896907329559326,0.34210320251629683
P2,Profile initialization only,20260722,0.4575,0.3792732357978821,0.342664260431981
P2,Profile initialization only,20260722,0.46499999999999986,0.3795762062072754,0.34321951403903916
P2,Profile initialization only,20260722,0.4724999999999999,0.3798779249191284,0.34376894901781785
P2,Profile initialization only,20260722,0.48,0.38017842173576355,0.3443125535363132
P2,Profile initialization only,20260722,0.48750000000000004,0.3804776668548584,0.3448503182055732
P2,Profile initialization only,20260722,0.4949999999999999,0.3807757496833801,0.3453822360338061
P2,Profile initialization only,20260722,0.5025,0.38107267022132874,0.34590830237929365
P2,Profile initialization only,20260722,0.51,0.38136836886405945,0.3464285149022109
P2,Profile initialization only,20260722,0.5174999999999998,0.3816629648208618,0.3469428735154505
P2,Profile initialization only,20260722,0.5249999999999999,0.3819563388824463,0.3474513803345492
P2,Profile initialization only,20260722,0.5325,0.38224858045578003,0.34795403962681043
P2,Profile initialization only,20260722,0.54,0.38253962993621826,0.34845085775971835
P2,Profile initialization only,20260722,0.5474999999999999,0.38282960653305054,0.348941843148733
P2,Profile initialization only,20260722,0.5549999999999999,0.3831183910369873,0.3494270062045573
P2,Profile initialization only,20260722,0.5625,0.3834061026573181,0.34990635927996133
P2,Profile initialization only,20260722,0.5699999999999998,0.3836926817893982,0.35037991661625
P2,Profile initialization only,20260722,0.5774999999999999,0.38397812843322754,0.3508476942894551
P2,Profile initialization only,20260722,0.585,0.3842625021934509,0.3513097101563318
P2,Profile initialization only,20260722,0.5925,0.3845457434654236,0.3517659838002362
P2,Profile initialization only,20260722,0.5999999999999999,0.3848279118537903,0.35221653647695916
P2,Profile initialization only,20260722,0.6074999999999999,0.38510897755622864,0.3526613910605862
P2,Profile initialization only,20260722,0.615,0.38538897037506104,0.35310057198945366
P2,Profile initialization only,20260722,0.6225,0.3856678903102875,0.35353410521226647
P2,Profile initialization only,20260722,0.6299999999999999,0.3859456777572632,0.3539620181344406
P2,Profile initialization only,20260722,0.6375,0.3862224221229553,0.3543843395647306
P2,Profile initialization only,20260722,0.645,0.3864980936050415,0.3548010996621992
P2,Profile initialization only,20260722,0.6524999999999999,0.3867727518081665,0.35521232988358425
P2,Profile initialization only,20260722,0.6599999999999999,0.38704627752304077,0.3556180629311138
P2,Profile initialization only,20260722,0.6675,0.38731878995895386,0.3560183327008191
P2,Profile initialization only,20260722,0.675,0.3875901997089386,0.3564131742313908
P2,Profile initialization only,20260722,0.6824999999999999,0.38786056637763977,0.356802623653622
P2,Profile initialization only,20260722,0.69,0.3881298899650574,0.35718671814047925
P2,Profile initialization only,20260722,0.6975,0.3883981704711914,0.3575654958578385
P2,Profile initialization only,20260722,0.7049999999999998,0.3886653780937195,0.35793899591592165
P2,Profile initialization only,20260722,0.7124999999999999,0.388931542634964,0.3583072583214666
P2,Profile initialization only,20260722,0.72,0.3891966938972473,0.35867032393066073
P2,Profile initialization only,20260722,0.7275,0.3894607722759247,0.35902823440286524
P2,Profile initialization only,20260722,0.7349999999999999,0.38972383737564087,0.35938103215515604
P2,Profile initialization only,20260722,0.7424999999999999,0.3899858295917511,0.35972876031770373
P2,Profile initialization only,20260722,0.75,0.39024680852890015,0.36007146269001333
P2,Profile initialization only,20260723,-0.75,0.21111643314361572,0.23992853730998662
P2,Profile initialization only,20260723,-0.7425,0.2124425172805786,0.24027123968229624
P2,Profile initialization only,20260723,-0.735,0.21379470825195312,0.24061896784484396
P2,Profile initialization only,20260723,-0.7275,0.21517202258110046,0.24097176559713476
P2,Profile initialization only,20260723,-0.72,0.2165732979774475,0.24132967606933925
P2,Profile initialization only,20260723,-0.7125,0.21799734234809875,0.24169274167853338
P2,Profile initialization only,20260723,-0.705,0.21944279968738556,0.24206100408407832
P2,Profile initialization only,20260723,-0.6975,0.22090822458267212,0.24243450414216147
P2,Profile initialization only,20260723,-0.69,0.22239211201667786,0.24281328185952072
P2,Profile initialization only,20260723,-0.6825,0.22389289736747742,0.243197376346378
P2,Profile initialization only,20260723,-0.675,0.2254088819026947,0.24358682576860918
P2,Profile initialization only,20260723,-0.6675,0.22693830728530884,0.24398166729918083
P2,Profile initialization only,20260723,-0.66,0.22847941517829895,0.24438193706888614
P2,Profile initialization only,20260723,-0.6525,0.2300303429365158,0.24478767011641572
P2,Profile initialization only,20260723,-0.645,0.23158922791481018,0.24519890033780076
P2,Profile initialization only,20260723,-0.6375,0.23315420746803284,0.2456156604352694
P2,Profile initialization only,20260723,-0.63,0.23472338914871216,0.24603798186555936
P2,Profile initialization only,20260723,-0.6225,0.23629480600357056,0.2464658947877335
P2,Profile initialization only,20260723,-0.615,0.23786664009094238,0.24689942801054632
P2,Profile initialization only,20260723,-0.6075,0.23943699896335602,0.24733860893941376
P2,Profile initialization only,20260723,-0.6,0.24100404977798462,0.2477834635230408
P2,Profile initialization only,20260723,-0.5925,0.2425660490989685,0.24823401619976376
P2,Profile initialization only,20260723,-0.585,0.2441212236881256,0.2486902898436682
P2,Profile initialization only,20260723,-0.5775,0.24566790461540222,0.24915230571054484
P2,Profile initialization only,20260723,-0.5700000000000001,0.24720452725887299,0.24962008338374994
P2,Profile initialization only,20260723,-0.5625,0.24872955679893494,0.25009364072003865
P2,Profile initialization only,20260723,-0.5549999999999999,0.2502415180206299,0.2505729937954427
P2,Profile initialization only,20260723,-0.5475,0.25173914432525635,0.251058156851267
P2,Profile initialization only,20260723,-0.54,0.2532210946083069,0.25154914224028163
P2,Profile initialization only,20260723,-0.5325,0.25468623638153076,0.25204596037318955
P2,Profile initialization only,20260723,-0.525,0.256133496761322,0.2525486196654508
P2,Profile initialization only,20260723,-0.5175000000000001,0.25756192207336426,0.2530571264845494
P2,Profile initialization only,20260723,-0.51,0.25897061824798584,0.2535714850977891
P2,Profile initialization only,20260723,-0.5025,0.2603587806224823,0.2540916976207063
P2,Profile initialization only,20260723,-0.495,0.2617257833480835,0.25461776396619384
P2,Profile initialization only,20260723,-0.4875,0.2630710303783417,0.25514968179442676
P2,Profile initialization only,20260723,-0.48,0.26439401507377625,0.2556874464636868
P2,Profile initialization only,20260723,-0.47250000000000003,0.2656943202018738,0.2562310509821821
P2,Profile initialization only,20260723,-0.465,0.2669716775417328,0.2567804859609608
P2,Profile initialization only,20260723,-0.4575,0.2682257890701294,0.257335739568019
P2,Profile initialization only,20260723,-0.45,0.26945650577545166,0.2578967974837031
P2,Profile initialization only,20260723,-0.4425,0.2706637680530548,0.258463642857511
P2,Profile initialization only,20260723,-0.435,0.27184754610061646,0.25903625626639204
P2,Profile initialization only,20260723,-0.4275,0.273007869720459,0.2596146156746526
P2,Profile initialization only,20260723,-0.42000000000000004,0.27414482831954956,0.2601986963955687
P2,Profile initialization only,20260723,-0.41250000000000003,0.2752586007118225,0.260788471054811
P2,Profile initialization only,20260723,-0.405,0.27634942531585693,0.26138390955578583
P2,Profile initialization only,20260723,-0.3975,0.27741754055023193,0.261984979046995
P2,Profile initialization only,20260723,-0.39,0.2784631848335266,0.26259164389151846
P2,Profile initialization only,20260723,-0.3825,0.2794867753982544,0.26320386563871945
P2,Profile initialization only,20260723,-0.375,0.28048861026763916,0.26382160299827534
P2,Profile initialization only,20260723,-0.3675,0.2814691662788391,0.2644448118166298
P2,Profile initialization only,20260723,-0.36,0.2824287414550781,0.2650734450559664
P2,Profile initialization only,20260723,-0.35250000000000004,0.2833678722381592,0.2657074527757957
P2,Profile initialization only,20260723,-0.34500000000000003,0.2842869758605957,0.26634678211725016
P2,Profile initialization only,20260723,-0.3375,0.2851865291595459,0.26699137729017486
P2,Profile initialization only,20260723,-0.33,0.28606700897216797,0.2676411795631011
P2,Profile initialization only,20260723,-0.3225,0.28692901134490967,0.2682961272561851
P2,Profile initialization only,20260723,-0.315,0.28777289390563965,0.2689561557371918
P2,Profile initialization only,20260723,-0.3075,0.28859925270080566,0.2696211974205968
P2,Profile initialization only,20260723,-0.30000000000000004,0.2894086241722107,0.2702911817698794
P2,Profile initialization only,20260723,-0.29250000000000004,0.29020142555236816,0.27096603530306995
P2,Profile initialization only,20260723,-0.28500000000000003,0.29097825288772583,0.2716456816016144
P2,Profile initialization only,20260723,-0.2775,0.2917396128177643,0.2723300413226096
P2,Profile initialization only,20260723,-0.27,0.2924860119819641,0.2730190322144604
P2,Profile initialization only,20260723,-0.2625,0.29321789741516113,0.2737125691360018
P2,Profile initialization only,20260723,-0.255,0.2939358055591583,0.2744105640791237
P2,Profile initialization only,20260723,-0.24750000000000005,0.29464027285575867,0.2751129261949298
P2,Profile initialization only,20260723,-0.24,0.2953317165374756,0.2758195618234552
P2,Profile initialization only,20260723,-0.23250000000000004,0.2960106432437897,0.27653037452696
P2,Profile initialization only,20260723,-0.22499999999999998,0.29667752981185913,0.27724526512680997
P2,Profile initialization only,20260723,-0.21750000000000003,0.297332763671875,0.2779641317439471
P2,Profile initialization only,20260723,-0.20999999999999996,0.29797694087028503,0.27868686984294644
P2,Profile initialization only,20260723,-0.2025,0.2986103594303131,0.27941337227964685
P2,Profile initialization only,20260723,-0.19500000000000006,0.2992335557937622,0.2801435293523366
P2,Profile initialization only,20260723,-0.1875,0.2998468279838562,0.28087722885646643
P2,Profile initialization only,20260723,-0.18000000000000005,0.3004506826400757,0.2816143561428546
P2,Profile initialization only,20260723,-0.1725,0.3010455071926117,0.28235479417934123
P2,Profile initialization only,20260723,-0.16500000000000004,0.3016316294670105,0.28309842361584003
P2,Profile initialization only,20260723,-0.15749999999999997,0.3022094964981079,0.2838451228527292
P2,Profile initialization only,20260723,-0.15000000000000002,0.3027794361114502,0.28459476811251394
P2,Profile initialization only,20260723,-0.14250000000000007,0.3033417761325836,0.28534723351468483
P2,Profile initialization only,20260723,-0.135,0.3038969039916992,0.2861023911536912
P2,Profile initialization only,20260723,-0.12750000000000006,0.30444514751434326,0.2868601111799366
P2,Profile initialization only,20260723,-0.12,0.304986834526062,0.2876202618837003
P2,Profile initialization only,20260723,-0.11250000000000004,0.30552226305007935,0.28838270978187835
P2,Profile initialization only,20260723,-0.10499999999999998,0.30605176091194153,0.28914731970743135
P2,Profile initialization only,20260723,-0.09750000000000003,0.30657559633255005,0.2899139549014202
P2,Profile initialization only,20260723,-0.09000000000000008,0.3070940375328064,0.29068247710750234
P2,Profile initialization only,20260723,-0.08250000000000002,0.30760738253593445,0.29145274666875687
P2,Profile initialization only,20260723,-0.07500000000000007,0.3081159293651581,0.2922246226266985
P2,Profile initialization only,20260723,-0.0675,0.3086198568344116,0.2929979628223361
P2,Profile initialization only,20260723,-0.06000000000000005,0.3091195225715637,0.2937726239991255
P2,Profile initialization only,20260723,-0.05249999999999999,0.3096150755882263,0.2945484619076617
P2,Profile initialization only,20260723,-0.04500000000000004,0.3101067543029785,0.2953253314119491
P2,Profile initialization only,20260723,-0.03749999999999998,0.3105948567390442,0.29610308659708684
P2,Profile initialization only,20260723,-0.030000000000000027,0.3110795021057129,0.29688158087820066
P2,Profile initialization only,20260723,-0.022500000000000075,0.3115609586238861,0.29766066711044903
P2,Profile initialization only,20260723,-0.015000000000000013,0.31203943490982056,0.2984401976999299
P2,Profile initialization only,20260723,-0.007500000000000062,0.3125150799751282,0.2992200247153102
P2,Profile initialization only,20260723,0.0,0.3129881024360657,0.3
P2,Profile initialization only,20260723,0.007499999999999951,0.3134586811065674,0.3007799752846898
P2,Profile initialization only,20260723,0.015000000000000013,0.31392702460289,0.30155980230007007
P2,Profile initialization only,20260723,0.022499999999999964,0.3143932819366455,0.30233933288955095
P2,Profile initialization only,20260723,0.030000000000000027,0.314857542514801,0.3031184191217993
P2,Profile initialization only,20260723,0.03749999999999998,0.31532007455825806,0.30389691340291314
P2,Profile initialization only,20260723,0.04499999999999993,0.31578096747398376,0.30467466858805087
P2,Profile initialization only,20260723,0.05249999999999999,0.3162403702735901,0.30545153809233827
P2,Profile initialization only,20260723,0.05999999999999994,0.31669843196868896,0.30622737600087446
P2,Profile initialization only,20260723,0.0675,0.31715527176856995,0.3070020371776639
P2,Profile initialization only,20260723,0.07499999999999996,0.31761103868484497,0.30777537737330146
P2,Profile initialization only,20260723,0.08250000000000002,0.318065881729126,0.3085472533312431
P2,Profile initialization only,20260723,0.08999999999999997,0.31851983070373535,0.30931752289249764
P2,Profile initialization only,20260723,0.09749999999999992,0.3189730942249298,0.3100860450985798
P2,Profile initialization only,20260723,0.10499999999999998,0.3194257616996765,0.31085268029256863
P2,Profile initialization only,20260723,0.11249999999999993,0.31987786293029785,0.3116172902181216
P2,Profile initialization only,20260723,0.12,0.32032960653305054,0.31237973811629965
P2,Profile initialization only,20260723,0.12749999999999995,0.32078105211257935,0.3131398888200634
P2,Profile initialization only,20260723,0.135,0.32123225927352905,0.3138976088463088
P2,Profile initialization only,20260723,0.14249999999999996,0.3216833770275116,0.3146527664853151
P2,Profile initialization only,20260723,0.1499999999999999,0.32213443517684937,0.31540523188748604
P2,Profile initialization only,20260723,0.15749999999999997,0.3225855827331543,0.31615487714727075
P2,Profile initialization only,20260723,0.16499999999999992,0.323036789894104,0.31690157638415994
P2,Profile initialization only,20260723,0.1725,0.3234882950782776,0.31764520582065875
P2,Profile initialization only,20260723,0.17999999999999994,0.3239400088787079,0.31838564385714535
P2,Profile initialization only,20260723,0.1875,0.32439208030700684,0.31912277114353355
P2,Profile initialization only,20260723,0.19499999999999995,0.3248445987701416,0.31985647064766337
P2,Profile initialization only,20260723,0.2025,0.32529759407043457,0.3205866277203531
P2,Profile initialization only,20260723,0.20999999999999996,0.3257511258125305,0.32131313015705354
P2,Profile initialization only,20260723,0.21749999999999992,0.32620522379875183,0.3220358682560529
P2,Profile initialization only,20260723,0.22499999999999998,0.32666000723838806,0.32275473487319
P2,Profile initialization only,20260723,0.23249999999999993,0.3271154761314392,0.32346962547304
P2,Profile initialization only,20260723,0.24,0.32757171988487244,0.3241804381765448
P2,Profile initialization only,20260723,0.24749999999999994,0.32802873849868774,0.3248870738050702
P2,Profile initialization only,20260723,0.2549999999999999,0.3284866511821747,0.3255894359208763
P2,Profile initialization only,20260723,0.26249999999999996,0.32894545793533325,0.3262874308639982
P2,Profile initialization only,20260723,0.27,0.32940512895584106,0.3269809677855396
P2,Profile initialization only,20260723,0.27749999999999986,0.32986581325531006,0.32766995867739035
P2,Profile initialization only,20260723,0.2849999999999999,0.33032751083374023,0.3283543183983856
P2,Profile initialization only,20260723,0.2925,0.3307902216911316,0.32903396469693
P2,Profile initialization only,20260723,0.30000000000000004,0.3312540054321289,0.3297088182301206
P2,Profile initialization only,20260723,0.3074999999999999,0.3317188620567322,0.33037880257940316
P2,Profile initialization only,20260723,0.31499999999999995,0.3321848511695862,0.3310438442628082
P2,Profile initialization only,20260723,0.3225,0.3326520025730133,0.33170387274381485
P2,Profile initialization only,20260723,0.33000000000000007,0.33312028646469116,0.3323588204368989
P2,Profile initialization only,20260723,0.3374999999999999,0.3335897922515869,0.3330086227098251
P2,Profile initialization only,20260723,0.345,0.3340604901313782,0.3336532178827498
P2,Profile initialization only,20260723,0.35250000000000004,0.33453238010406494,0.33429254722420426
P2,Profile initialization only,20260723,0.3599999999999999,0.3350055515766144,0.33492655494403356
P2,Profile initialization only,20260723,0.36749999999999994,0.3354799151420593,0.33555518818337016
P2,Profile initialization only,20260723,0.375,0.33595556020736694,0.33617839700172464
P2,Profile initialization only,20260723,0.38250000000000006,0.33643248677253723,0.33679613436128053
P2,Profile initialization only,20260723,0.3899999999999999,0.3369106650352478,0.3374083561084815
P2,Profile initialization only,20260723,0.39749999999999996,0.33739012479782104,0.33801502095300495
P2,Profile initialization only,20260723,0.405,0.33787089586257935,0.33861609044421415
P2,Profile initialization only,20260723,0.41249999999999987,0.33835288882255554,0.33921152894518897
P2,Profile initialization only,20260723,0.41999999999999993,0.3388361930847168,0.3398013036044313
P2,Profile initialization only,20260723,0.4275,0.3393207788467407,0.3403853843253474
P2,Profile initialization only,20260723,0.43500000000000005,0.33980661630630493,0.34096374373360794
P2,Profile initialization only,20260723,0.4424999999999999,0.3402937054634094,0.341536357142489
P2,Profile initialization only,20260723,0.44999999999999996,0.340782105922699,0.34210320251629683
P2,Profile initialization only,20260723,0.4575,0.3412717580795288,0.342664260431981
P2,Profile initialization only,20260723,0.46499999999999986,0.34176263213157654,0.34321951403903916
P2,Profile initialization only,20260723,0.4724999999999999,0.34225475788116455,0.34376894901781785
P2,Profile initialization only,20260723,0.48,0.3427480459213257,0.3443125535363132
P2,Profile initialization only,20260723,0.48750000000000004,0.3432425856590271,0.3448503182055732
P2,Profile initialization only,20260723,0.4949999999999999,0.343738317489624,0.3453822360338061
P2,Profile initialization only,20260723,0.5025,0.34423521161079407,0.34590830237929365
P2,Profile initialization only,20260723,0.51,0.34473323822021484,0.3464285149022109
P2,Profile initialization only,20260723,0.5174999999999998,0.34523239731788635,0.3469428735154505
P2,Profile initialization only,20260723,0.5249999999999999,0.3457326889038086,0.3474513803345492
P2,Profile initialization only,20260723,0.5325,0.3462340235710144,0.34795403962681043
P2,Profile initialization only,20260723,0.54,0.34673643112182617,0.34845085775971835
P2,Profile initialization only,20260723,0.5474999999999999,0.3472399115562439,0.348941843148733
P2,Profile initialization only,20260723,0.5549999999999999,0.347744345664978,0.3494270062045573
P2,Profile initialization only,20260723,0.5625,0.34824979305267334,0.34990635927996133
P2,Profile initialization only,20260723,0.5699999999999998,0.34875619411468506,0.35037991661625
P2,Profile initialization only,20260723,0.5774999999999999,0.3492634892463684,0.3508476942894551
P2,Profile initialization only,20260723,0.585,0.3497716784477234,0.3513097101563318
P2,Profile initialization only,20260723,0.5925,0.3502807319164276,0.3517659838002362
P2,Profile initialization only,20260723,0.5999999999999999,0.3507905900478363,0.35221653647695916
P2,Profile initialization only,20260723,0.6074999999999999,0.3513011932373047,0.3526613910605862
P2,Profile initialization only,20260723,0.615,0.35181260108947754,0.35310057198945366
P2,Profile initialization only,20260723,0.6225,0.3523247241973877,0.35353410521226647
P2,Profile initialization only,20260723,0.6299999999999999,0.3528375029563904,0.3539620181344406
P2,Profile initialization only,20260723,0.6375,0.3533508777618408,0.3543843395647306
P2,Profile initialization only,20260723,0.645,0.3538649082183838,0.3548010996621992
P2,Profile initialization only,20260723,0.6524999999999999,0.35437941551208496,0.35521232988358425
P2,Profile initialization only,20260723,0.6599999999999999,0.3548944890499115,0.3556180629311138
P2,Profile initialization only,20260723,0.6675,0.35541000962257385,0.3560183327008191
P2,Profile initialization only,20260723,0.675,0.355925977230072,0.3564131742313908
P2,Profile initialization only,20260723,0.6824999999999999,0.35644227266311646,0.356802623653622
P2,Profile initialization only,20260723,0.69,0.35695892572402954,0.35718671814047925
P2,Profile initialization only,20260723,0.6975,0.35747581720352173,0.3575654958578385
P2,Profile initialization only,20260723,0.7049999999999998,0.3579930067062378,0.35793899591592165
P2,Profile initialization only,20260723,0.7124999999999999,0.3585103750228882,0.3583072583214666
P2,Profile initialization only,20260723,0.72,0.3590278625488281,0.35867032393066073
P2,Profile initialization only,20260723,0.7275,0.35954549908638,0.35902823440286524
P2,Profile initialization only,20260723,0.7349999999999999,0.3600631654262543,0.35938103215515604
P2,Profile initialization only,20260723,0.7424999999999999,0.36058080196380615,0.35972876031770373
P2,Profile initialization only,20260723,0.75,0.36109840869903564,0.36007146269001333
P3,Anchor loss only,20260719,-0.75,0.2261640727519989,0.23992853730998662
P3,Anchor loss only,20260719,-0.7425,0.22698253393173218,0.24027123968229624
P3,Anchor loss only,20260719,-0.735,0.22781451046466827,0.24061896784484396
P3,Anchor loss only,20260719,-0.7275,0.22865992784500122,0.24097176559713476
P3,Anchor loss only,20260719,-0.72,0.22951871156692505,0.24132967606933925
P3,Anchor loss only,20260719,-0.7125,0.23039081692695618,0.24169274167853338
P3,Anchor loss only,20260719,-0.705,0.23127612471580505,0.24206100408407832
P3,Anchor loss only,20260719,-0.6975,0.23217453062534332,0.24243450414216147
P3,Anchor loss only,20260719,-0.69,0.23308590054512024,0.24281328185952072
P3,Anchor loss only,20260719,-0.6825,0.23401004076004028,0.243197376346378
P3,Anchor loss only,20260719,-0.675,0.2349468171596527,0.24358682576860918
P3,Anchor loss only,20260719,-0.6675,0.2358960211277008,0.24398166729918083
P3,Anchor loss only,20260719,-0.66,0.23685744404792786,0.24438193706888614
P3,Anchor loss only,20260719,-0.6525,0.23783086240291595,0.24478767011641572
P3,Anchor loss only,20260719,-0.645,0.23881599307060242,0.24519890033780076
P3,Anchor loss only,20260719,-0.6375,0.23981258273124695,0.2456156604352694
P3,Anchor loss only,20260719,-0.63,0.24082031846046448,0.24603798186555936
P3,Anchor loss only,20260719,-0.6225,0.24183891713619232,0.2464658947877335
P3,Anchor loss only,20260719,-0.615,0.24286800622940063,0.24689942801054632
P3,Anchor loss only,20260719,-0.6075,0.24390730261802673,0.24733860893941376
P3,Anchor loss only,20260719,-0.6,0.244956374168396,0.2477834635230408
P3,Anchor loss only,20260719,-0.5925,0.24601486325263977,0.24823401619976376
P3,Anchor loss only,20260719,-0.585,0.24708238244056702,0.2486902898436682
P3,Anchor loss only,20260719,-0.5775,0.24815848469734192,0.24915230571054484
P3,Anchor loss only,20260719,-0.5700000000000001,0.24924278259277344,0.24962008338374994
P3,Anchor loss only,20260719,-0.5625,0.250334769487381,0.25009364072003865
P3,Anchor loss only,20260719,-0.5549999999999999,0.2514340579509735,0.2505729937954427
P3,Anchor loss only,20260719,-0.5475,0.25254011154174805,0.251058156851267
P3,Anchor loss only,20260719,-0.54,0.25365251302719116,0.25154914224028163
P3,Anchor loss only,20260719,-0.5325,0.2547707259654999,0.25204596037318955
P3,Anchor loss only,20260719,-0.525,0.255894273519516,0.2525486196654508
P3,Anchor loss only,20260719,-0.5175000000000001,0.2570226490497589,0.2530571264845494
P3,Anchor loss only,20260719,-0.51,0.25815534591674805,0.2535714850977891
P3,Anchor loss only,20260719,-0.5025,0.2592918276786804,0.2540916976207063
P3,Anchor loss only,20260719,-0.495,0.26043158769607544,0.25461776396619384
P3,Anchor loss only,20260719,-0.4875,0.2615740895271301,0.25514968179442676
P3,Anchor loss only,20260719,-0.48,0.2627188563346863,0.2556874464636868
P3,Anchor loss only,20260719,-0.47250000000000003,0.26386532187461853,0.2562310509821821
P3,Anchor loss only,20260719,-0.465,0.2650129795074463,0.2567804859609608
P3,Anchor loss only,20260719,-0.4575,0.2661612629890442,0.257335739568019
P3,Anchor loss only,20260719,-0.45,0.2673097550868988,0.2578967974837031
P3,Anchor loss only,20260719,-0.4425,0.26845788955688477,0.258463642857511
P3,Anchor loss only,20260719,-0.435,0.2696051597595215,0.25903625626639204
P3,Anchor loss only,20260719,-0.4275,0.27075108885765076,0.2596146156746526
P3,Anchor loss only,20260719,-0.42000000000000004,0.2718952000141144,0.2601986963955687
P3,Anchor loss only,20260719,-0.41250000000000003,0.2730369567871094,0.260788471054811
P3,Anchor loss only,20260719,-0.405,0.2741759419441223,0.26138390955578583
P3,Anchor loss only,20260719,-0.3975,0.2753117084503174,0.261984979046995
P3,Anchor loss only,20260719,-0.39,0.276443749666214,0.26259164389151846
P3,Anchor loss only,20260719,-0.3825,0.2775717079639435,0.26320386563871945
P3,Anchor loss only,20260719,-0.375,0.27869510650634766,0.26382160299827534
P3,Anchor loss only,20260719,-0.3675,0.2798135578632355,0.2644448118166298
P3,Anchor loss only,20260719,-0.36,0.2809267044067383,0.2650734450559664
P3,Anchor loss only,20260719,-0.35250000000000004,0.28203409910202026,0.2657074527757957
P3,Anchor loss only,20260719,-0.34500000000000003,0.28313541412353516,0.26634678211725016
P3,Anchor loss only,20260719,-0.3375,0.2842303216457367,0.26699137729017486
P3,Anchor loss only,20260719,-0.33,0.2853184640407562,0.2676411795631011
P3,Anchor loss only,20260719,-0.3225,0.2863995432853699,0.2682961272561851
P3,Anchor loss only,20260719,-0.315,0.28747323155403137,0.2689561557371918
P3,Anchor loss only,20260719,-0.3075,0.28853923082351685,0.2696211974205968
P3,Anchor loss only,20260719,-0.30000000000000004,0.2895973324775696,0.2702911817698794
P3,Anchor loss only,20260719,-0.29250000000000004,0.2906472682952881,0.27096603530306995
P3,Anchor loss only,20260719,-0.28500000000000003,0.2916887700557709,0.2716456816016144
P3,Anchor loss only,20260719,-0.2775,0.29272162914276123,0.2723300413226096
P3,Anchor loss only,20260719,-0.27,0.29374563694000244,0.2730190322144604
P3,Anchor loss only,20260719,-0.2625,0.2947605848312378,0.2737125691360018
P3,Anchor loss only,20260719,-0.255,0.29576629400253296,0.2744105640791237
P3,Anchor loss only,20260719,-0.24750000000000005,0.2967626750469208,0.2751129261949298
P3,Anchor loss only,20260719,-0.24,0.29774951934814453,0.2758195618234552
P3,Anchor loss only,20260719,-0.23250000000000004,0.2987266778945923,0.27653037452696
P3,Anchor loss only,20260719,-0.22499999999999998,0.2996940612792969,0.27724526512680997
P3,Anchor loss only,20260719,-0.21750000000000003,0.30065155029296875,0.2779641317439471
P3,Anchor loss only,20260719,-0.20999999999999996,0.30159908533096313,0.27868686984294644
P3,Anchor loss only,20260719,-0.2025,0.3025365471839905,0.27941337227964685
P3,Anchor loss only,20260719,-0.19500000000000006,0.30346381664276123,0.2801435293523366
P3,Anchor loss only,20260719,-0.1875,0.30438095331192017,0.28087722885646643
P3,Anchor loss only,20260719,-0.18000000000000005,0.30528783798217773,0.2816143561428546
P3,Anchor loss only,20260719,-0.1725,0.30618447065353394,0.28235479417934123
P3,Anchor loss only,20260719,-0.16500000000000004,0.307070791721344,0.28309842361584003
P3,Anchor loss only,20260719,-0.15749999999999997,0.3079468011856079,0.2838451228527292
P3,Anchor loss only,20260719,-0.15000000000000002,0.3088124990463257,0.28459476811251394
P3,Anchor loss only,20260719,-0.14250000000000007,0.3096678555011749,0.28534723351468483
P3,Anchor loss only,20260719,-0.135,0.3105129599571228,0.2861023911536912
P3,Anchor loss only,20260719,-0.12750000000000006,0.31134772300720215,0.2868601111799366
P3,Anchor loss only,20260719,-0.12,0.3121722340583801,0.2876202618837003
P3,Anchor loss only,20260719,-0.11250000000000004,0.3129865825176239,0.28838270978187835
P3,Anchor loss only,20260719,-0.10499999999999998,0.3137906789779663,0.28914731970743135
P3,Anchor loss only,20260719,-0.09750000000000003,0.31458473205566406,0.2899139549014202
P3,Anchor loss only,20260719,-0.09000000000000008,0.3153686225414276,0.29068247710750234
P3,Anchor loss only,20260719,-0.08250000000000002,0.31614255905151367,0.29145274666875687
P3,Anchor loss only,20260719,-0.07500000000000007,0.31690654158592224,0.2922246226266985
P3,Anchor loss only,20260719,-0.0675,0.3176605999469757,0.2929979628223361
P3,Anchor loss only,20260719,-0.06000000000000005,0.3184049129486084,0.2937726239991255
P3,Anchor loss only,20260719,-0.05249999999999999,0.3191395103931427,0.2945484619076617
P3,Anchor loss only,20260719,-0.04500000000000004,0.319864422082901,0.2953253314119491
P3,Anchor loss only,20260719,-0.03749999999999998,0.3205798268318176,0.29610308659708684
P3,Anchor loss only,20260719,-0.030000000000000027,0.32128578424453735,0.29688158087820066
P3,Anchor loss only,20260719,-0.022500000000000075,0.32198235392570496,0.29766066711044903
P3,Anchor loss only,20260719,-0.015000000000000013,0.3226696848869324,0.2984401976999299
P3,Anchor loss only,20260719,-0.007500000000000062,0.323347806930542,0.2992200247153102
P3,Anchor loss only,20260719,0.0,0.32401686906814575,0.3
P3,Anchor loss only,20260719,0.007499999999999951,0.324677050113678,0.3007799752846898
P3,Anchor loss only,20260719,0.015000000000000013,0.3253282904624939,0.30155980230007007
P3,Anchor loss only,20260719,0.022499999999999964,0.3259708285331726,0.30233933288955095
P3,Anchor loss only,20260719,0.030000000000000027,0.32660478353500366,0.3031184191217993
P3,Anchor loss only,20260719,0.03749999999999998,0.3272301256656647,0.30389691340291314
P3,Anchor loss only,20260719,0.04499999999999993,0.32784712314605713,0.30467466858805087
P3,Anchor loss only,20260719,0.05249999999999999,0.3284558057785034,0.30545153809233827
P3,Anchor loss only,20260719,0.05999999999999994,0.3290562927722931,0.30622737600087446
P3,Anchor loss only,20260719,0.0675,0.3296487033367157,0.3070020371776639
P3,Anchor loss only,20260719,0.07499999999999996,0.33023321628570557,0.30777537737330146
P3,Anchor loss only,20260719,0.08250000000000002,0.3308098316192627,0.3085472533312431
P3,Anchor loss only,20260719,0.08999999999999997,0.3313787579536438,0.30931752289249764
P3,Anchor loss only,20260719,0.09749999999999992,0.33194005489349365,0.3100860450985798
P3,Anchor loss only,20260719,0.10499999999999998,0.3324938416481018,0.31085268029256863
P3,Anchor loss only,20260719,0.11249999999999993,0.3330402672290802,0.3116172902181216
P3,Anchor loss only,20260719,0.12,0.333579421043396,0.31237973811629965
P3,Anchor loss only,20260719,0.12749999999999995,0.33411142230033875,0.3131398888200634
P3,Anchor loss only,20260719,0.135,0.334636390209198,0.3138976088463088
P3,Anchor loss only,20260719,0.14249999999999996,0.3351544439792633,0.3146527664853151
P3,Anchor loss only,20260719,0.1499999999999999,0.33566564321517944,0.31540523188748604
P3,Anchor loss only,20260719,0.15749999999999997,0.3361701965332031,0.31615487714727075
P3,Anchor loss only,20260719,0.16499999999999992,0.33666813373565674,0.31690157638415994
P3,Anchor loss only,20260719,0.1725,0.33715957403182983,0.31764520582065875
P3,Anchor loss only,20260719,0.17999999999999994,0.33764466643333435,0.31838564385714535
P3,Anchor loss only,20260719,0.1875,0.33812350034713745,0.31912277114353355
P3,Anchor loss only,20260719,0.19499999999999995,0.3385961651802063,0.31985647064766337
P3,Anchor loss only,20260719,0.2025,0.33906275033950806,0.3205866277203531
P3,Anchor loss only,20260719,0.20999999999999996,0.33952343463897705,0.32131313015705354
P3,Anchor loss only,20260719,0.21749999999999992,0.3399782180786133,0.3220358682560529
P3,Anchor loss only,20260719,0.22499999999999998,0.3404272794723511,0.32275473487319
P3,Anchor loss only,20260719,0.23249999999999993,0.34087073802948,0.32346962547304
P3,Anchor loss only,20260719,0.24,0.3413086533546448,0.3241804381765448
P3,Anchor loss only,20260719,0.24749999999999994,0.34174108505249023,0.3248870738050702
P3,Anchor loss only,20260719,0.2549999999999999,0.3421682119369507,0.3255894359208763
P3,Anchor loss only,20260719,0.26249999999999996,0.3425900638103485,0.3262874308639982
P3,Anchor loss only,20260719,0.27,0.34300678968429565,0.3269809677855396
P3,Anchor loss only,20260719,0.27749999999999986,0.3434184193611145,0.32766995867739035
P3,Anchor loss only,20260719,0.2849999999999999,0.3438251316547394,0.3283543183983856
P3,Anchor loss only,20260719,0.2925,0.3442269265651703,0.32903396469693
P3,Anchor loss only,20260719,0.30000000000000004,0.34462398290634155,0.3297088182301206
P3,Anchor loss only,20260719,0.3074999999999999,0.3450163006782532,0.33037880257940316
P3,Anchor loss only,20260719,0.31499999999999995,0.3454040288925171,0.3310438442628082
P3,Anchor loss only,20260719,0.3225,0.3457872271537781,0.33170387274381485
P3,Anchor loss only,20260719,0.33000000000000007,0.3461659550666809,0.3323588204368989
P3,Anchor loss only,20260719,0.3374999999999999,0.3465403616428375,0.3330086227098251
P3,Anchor loss only,20260719,0.345,0.3469104766845703,0.3336532178827498
P3,Anchor loss only,20260719,0.35250000000000004,0.3472764194011688,0.33429254722420426
P3,Anchor loss only,20260719,0.3599999999999999,0.34763824939727783,0.33492655494403356
P3,Anchor loss only,20260719,0.36749999999999994,0.3479960262775421,0.33555518818337016
P3,Anchor loss only,20260719,0.375,0.34834983944892883,0.33617839700172464
P3,Anchor loss only,20260719,0.38250000000000006,0.34869974851608276,0.33679613436128053
P3,Anchor loss only,20260719,0.3899999999999999,0.34904587268829346,0.3374083561084815
P3,Anchor loss only,20260719,0.39749999999999996,0.3493882715702057,0.33801502095300495
P3,Anchor loss only,20260719,0.405,0.34972697496414185,0.33861609044421415
P3,Anchor loss only,20260719,0.41249999999999987,0.3500621020793915,0.33921152894518897
P3,Anchor loss only,20260719,0.41999999999999993,0.35039371252059937,0.3398013036044313
P3,Anchor loss only,20260719,0.4275,0.3507218360900879,0.3403853843253474
P3,Anchor loss only,20260719,0.43500000000000005,0.3510465621948242,0.34096374373360794
P3,Anchor loss only,20260719,0.4424999999999999,0.3513679504394531,0.341536357142489
P3,Anchor loss only,20260719,0.44999999999999996,0.35168612003326416,0.34210320251629683
P3,Anchor loss only,20260719,0.4575,0.3520010709762573,0.342664260431981
P3,Anchor loss only,20260719,0.46499999999999986,0.3523128628730774,0.34321951403903916
P3,Anchor loss only,20260719,0.4724999999999999,0.3526216149330139,0.34376894901781785
P3,Anchor loss only,20260719,0.48,0.3529273271560669,0.3443125535363132
P3,Anchor loss only,20260719,0.48750000000000004,0.3532300591468811,0.3448503182055732
P3,Anchor loss only,20260719,0.4949999999999999,0.3535299301147461,0.3453822360338061
P3,Anchor loss only,20260719,0.5025,0.35382696986198425,0.34590830237929365
P3,Anchor loss only,20260719,0.51,0.3541211783885956,0.3464285149022109
P3,Anchor loss only,20260719,0.5174999999999998,0.35441267490386963,0.3469428735154505
P3,Anchor loss only,20260719,0.5249999999999999,0.3547014594078064,0.3474513803345492
P3,Anchor loss only,20260719,0.5325,0.35498765110969543,0.34795403962681043
P3,Anchor loss only,20260719,0.54,0.35527127981185913,0.34845085775971835
P3,Anchor loss only,20260719,0.5474999999999999,0.3555523157119751,0.348941843148733
P3,Anchor loss only,20260719,0.5549999999999999,0.35583093762397766,0.3494270062045573
P3,Anchor loss only,20260719,0.5625,0.35610708594322205,0.34990635927996133
P3,Anchor loss only,20260719,0.5699999999999998,0.3563808798789978,0.35037991661625
P3,Anchor loss only,20260719,0.5774999999999999,0.35665231943130493,0.3508476942894551
P3,Anchor loss only,20260719,0.585,0.3569214940071106,0.3513097101563318
P3,Anchor loss only,20260719,0.5925,0.3571884334087372,0.3517659838002362
P3,Anchor loss only,20260719,0.5999999999999999,0.3574531376361847,0.35221653647695916
P3,Anchor loss only,20260719,0.6074999999999999,0.3577157258987427,0.3526613910605862
P3,Anchor loss only,20260719,0.615,0.35797613859176636,0.35310057198945366
P3,Anchor loss only,20260719,0.6225,0.3582345247268677,0.35353410521226647
P3,Anchor loss only,20260719,0.6299999999999999,0.35849085450172424,0.3539620181344406
P3,Anchor loss only,20260719,0.6375,0.3587452173233032,0.3543843395647306
P3,Anchor loss only,20260719,0.645,0.3589976131916046,0.3548010996621992
P3,Anchor loss only,20260719,0.6524999999999999,0.3592481017112732,0.35521232988358425
P3,Anchor loss only,20260719,0.6599999999999999,0.35949671268463135,0.3556180629311138
P3,Anchor loss only,20260719,0.6675,0.35974347591400146,0.3560183327008191
P3,Anchor loss only,20260719,0.675,0.35998839139938354,0.3564131742313908
P3,Anchor loss only,20260719,0.6824999999999999,0.36023157835006714,0.356802623653622
P3,Anchor loss only,20260719,0.69,0.36047303676605225,0.35718671814047925
P3,Anchor loss only,20260719,0.6975,0.36071276664733887,0.3575654958578385
P3,Anchor loss only,20260719,0.7049999999999998,0.36095085740089417,0.35793899591592165
P3,Anchor loss only,20260719,0.7124999999999999,0.36118730902671814,0.3583072583214666
P3,Anchor loss only,20260719,0.72,0.3614221215248108,0.35867032393066073
P3,Anchor loss only,20260719,0.7275,0.36165541410446167,0.35902823440286524
P3,Anchor loss only,20260719,0.7349999999999999,0.361887127161026,0.35938103215515604
P3,Anchor loss only,20260719,0.7424999999999999,0.36211735010147095,0.35972876031770373
P3,Anchor loss only,20260719,0.75,0.3623460531234741,0.36007146269001333
P3,Anchor loss only,20260720,-0.75,0.22873467206954956,0.23992853730998662
P3,Anchor loss only,20260720,-0.7425,0.22941476106643677,0.24027123968229624
P3,Anchor loss only,20260720,-0.735,0.2301027923822403,0.24061896784484396
P3,Anchor loss only,20260720,-0.7275,0.23079870641231537,0.24097176559713476
P3,Anchor loss only,20260720,-0.72,0.2315024435520172,0.24132967606933925
P3,Anchor loss only,20260720,-0.7125,0.23221397399902344,0.24169274167853338
P3,Anchor loss only,20260720,-0.705,0.23293322324752808,0.24206100408407832
P3,Anchor loss only,20260720,-0.6975,0.23366013169288635,0.24243450414216147
P3,Anchor loss only,20260720,-0.69,0.2343945950269699,0.24281328185952072
P3,Anchor loss only,20260720,-0.6825,0.23513653874397278,0.243197376346378
P3,Anchor loss only,20260720,-0.675,0.23588591814041138,0.24358682576860918
P3,Anchor loss only,20260720,-0.6675,0.23664258420467377,0.24398166729918083
P3,Anchor loss only,20260720,-0.66,0.23740647733211517,0.24438193706888614
P3,Anchor loss only,20260720,-0.6525,0.23817750811576843,0.24478767011641572
P3,Anchor loss only,20260720,-0.645,0.23895549774169922,0.24519890033780076
P3,Anchor loss only,20260720,-0.6375,0.23974037170410156,0.2456156604352694
P3,Anchor loss only,20260720,-0.63,0.2405320256948471,0.24603798186555936
P3,Anchor loss only,20260720,-0.6225,0.24133029580116272,0.2464658947877335
P3,Anchor loss only,20260720,-0.615,0.24213504791259766,0.24689942801054632
P3,Anchor loss only,20260720,-0.6075,0.24294616281986237,0.24733860893941376
P3,Anchor loss only,20260720,-0.6,0.2437634915113449,0.2477834635230408
P3,Anchor loss only,20260720,-0.5925,0.24458688497543335,0.24823401619976376
P3,Anchor loss only,20260720,-0.585,0.24541616439819336,0.2486902898436682
P3,Anchor loss only,20260720,-0.5775,0.2462511956691742,0.24915230571054484
P3,Anchor loss only,20260720,-0.5700000000000001,0.24709178507328033,0.24962008338374994
P3,Anchor loss only,20260720,-0.5625,0.24793778359889984,0.25009364072003865
P3,Anchor loss only,20260720,-0.5549999999999999,0.2487890124320984,0.2505729937954427
P3,Anchor loss only,20260720,-0.5475,0.24964526295661926,0.251058156851267
P3,Anchor loss only,20260720,-0.54,0.2505064010620117,0.25154914224028163
P3,Anchor loss only,20260720,-0.5325,0.25137221813201904,0.25204596037318955
P3,Anchor loss only,20260720,-0.525,0.2522425055503845,0.2525486196654508
P3,Anchor loss only,20260720,-0.5175000000000001,0.25311708450317383,0.2530571264845494
P3,Anchor loss only,20260720,-0.51,0.25399574637413025,0.2535714850977891
P3,Anchor loss only,20260720,-0.5025,0.25487828254699707,0.2540916976207063
P3,Anchor loss only,20260720,-0.495,0.25576454401016235,0.25461776396619384
P3,Anchor loss only,20260720,-0.4875,0.2566542625427246,0.25514968179442676
P3,Anchor loss only,20260720,-0.48,0.2575472295284271,0.2556874464636868
P3,Anchor loss only,20260720,-0.47250000000000003,0.25844326615333557,0.2562310509821821
P3,Anchor loss only,20260720,-0.465,0.25934213399887085,0.2567804859609608
P3,Anchor loss only,20260720,-0.4575,0.26024365425109863,0.257335739568019
P3,Anchor loss only,20260720,-0.45,0.26114755868911743,0.2578967974837031
P3,Anchor loss only,20260720,-0.4425,0.2620537281036377,0.258463642857511
P3,Anchor loss only,20260720,-0.435,0.26296180486679077,0.25903625626639204
P3,Anchor loss only,20260720,-0.4275,0.2638716995716095,0.2596146156746526
P3,Anchor loss only,20260720,-0.42000000000000004,0.2647831439971924,0.2601986963955687
P3,Anchor loss only,20260720,-0.41250000000000003,0.2656958997249603,0.260788471054811
P3,Anchor loss only,20260720,-0.405,0.266609787940979,0.26138390955578583
P3,Anchor loss only,20260720,-0.3975,0.2675246000289917,0.261984979046995
P3,Anchor loss only,20260720,-0.39,0.2684400975704193,0.26259164389151846
P3,Anchor loss only,20260720,-0.3825,0.2693560719490051,0.26320386563871945
P3,Anchor loss only,20260720,-0.375,0.27027231454849243,0.26382160299827534
P3,Anchor loss only,20260720,-0.3675,0.2711886167526245,0.2644448118166298
P3,Anchor loss only,20260720,-0.36,0.27210479974746704,0.2650734450559664
P3,Anchor loss only,20260720,-0.35250000000000004,0.2730206251144409,0.2657074527757957
P3,Anchor loss only,20260720,-0.34500000000000003,0.27393585443496704,0.26634678211725016
P3,Anchor loss only,20260720,-0.3375,0.27485039830207825,0.26699137729017486
P3,Anchor loss only,20260720,-0.33,0.27576398849487305,0.2676411795631011
P3,Anchor loss only,20260720,-0.3225,0.2766764163970947,0.2682961272561851
P3,Anchor loss only,20260720,-0.315,0.27758753299713135,0.2689561557371918
P3,Anchor loss only,20260720,-0.3075,0.2784970998764038,0.2696211974205968
P3,Anchor loss only,20260720,-0.30000000000000004,0.27940499782562256,0.2702911817698794
P3,Anchor loss only,20260720,-0.29250000000000004,0.28031104803085327,0.27096603530306995
P3,Anchor loss only,20260720,-0.28500000000000003,0.28121501207351685,0.2716456816016144
P3,Anchor loss only,20260720,-0.2775,0.28211677074432373,0.2723300413226096
P3,Anchor loss only,20260720,-0.27,0.2830161452293396,0.2730190322144604
P3,Anchor loss only,20260720,-0.2625,0.2839129567146301,0.2737125691360018
P3,Anchor loss only,20260720,-0.255,0.284807026386261,0.2744105640791237
P3,Anchor loss only,20260720,-0.24750000000000005,0.2856982946395874,0.2751129261949298
P3,Anchor loss only,20260720,-0.24,0.28658655285835266,0.2758195618234552
P3,Anchor loss only,20260720,-0.23250000000000004,0.28747162222862244,0.27653037452696
P3,Anchor loss only,20260720,-0.22499999999999998,0.28835341334342957,0.27724526512680997
P3,Anchor loss only,20260720,-0.21750000000000003,0.2892317771911621,0.2779641317439471
P3,Anchor loss only,20260720,-0.20999999999999996,0.2901065945625305,0.27868686984294644
P3,Anchor loss only,20260720,-0.2025,0.2909776568412781,0.27941337227964685
P3,Anchor loss only,20260720,-0.19500000000000006,0.2918449640274048,0.2801435293523366
P3,Anchor loss only,20260720,-0.1875,0.2927083373069763,0.28087722885646643
P3,Anchor loss only,20260720,-0.18000000000000005,0.2935676574707031,0.2816143561428546
P3,Anchor loss only,20260720,-0.1725,0.29442286491394043,0.28235479417934123
P3,Anchor loss only,20260720,-0.16500000000000004,0.2952738106250763,0.28309842361584003
P3,Anchor loss only,20260720,-0.15749999999999997,0.29612040519714355,0.2838451228527292
P3,Anchor loss only,20260720,-0.15000000000000002,0.29696255922317505,0.28459476811251394
P3,Anchor loss only,20260720,-0.14250000000000007,0.2978001832962036,0.28534723351468483
P3,Anchor loss only,20260720,-0.135,0.2986332178115845,0.2861023911536912
P3,Anchor loss only,20260720,-0.12750000000000006,0.2994615435600281,0.2868601111799366
P3,Anchor loss only,20260720,-0.12,0.30028510093688965,0.2876202618837003
P3,Anchor loss only,20260720,-0.11250000000000004,0.3011038303375244,0.28838270978187835
P3,Anchor loss only,20260720,-0.10499999999999998,0.3019176721572876,0.28914731970743135
P3,Anchor loss only,20260720,-0.09750000000000003,0.30272650718688965,0.2899139549014202
P3,Anchor loss only,20260720,-0.09000000000000008,0.30353036522865295,0.29068247710750234
P3,Anchor loss only,20260720,-0.08250000000000002,0.30432915687561035,0.29145274666875687
P3,Anchor loss only,20260720,-0.07500000000000007,0.3051227927207947,0.2922246226266985
P3,Anchor loss only,20260720,-0.0675,0.30591124296188354,0.2929979628223361
P3,Anchor loss only,20260720,-0.06000000000000005,0.30669450759887695,0.2937726239991255
P3,Anchor loss only,20260720,-0.05249999999999999,0.3074725270271301,0.2945484619076617
P3,Anchor loss only,20260720,-0.04500000000000004,0.30824530124664307,0.2953253314119491
P3,Anchor loss only,20260720,-0.03749999999999998,0.30901268124580383,0.29610308659708684
P3,Anchor loss only,20260720,-0.030000000000000027,0.3097747564315796,0.29688158087820066
P3,Anchor loss only,20260720,-0.022500000000000075,0.31053149700164795,0.29766066711044903
P3,Anchor loss only,20260720,-0.015000000000000013,0.31128281354904175,0.2984401976999299
P3,Anchor loss only,20260720,-0.007500000000000062,0.312028706073761,0.2992200247153102
P3,Anchor loss only,20260720,0.0,0.31276923418045044,0.3
P3,Anchor loss only,20260720,0.007499999999999951,0.31350427865982056,0.3007799752846898
P3,Anchor loss only,20260720,0.015000000000000013,0.3142338991165161,0.30155980230007007
P3,Anchor loss only,20260720,0.022499999999999964,0.3149580955505371,0.30233933288955095
P3,Anchor loss only,20260720,0.030000000000000027,0.31567683815956116,0.3031184191217993
P3,Anchor loss only,20260720,0.03749999999999998,0.31639015674591064,0.30389691340291314
P3,Anchor loss only,20260720,0.04499999999999993,0.3170979917049408,0.30467466858805087
P3,Anchor loss only,20260720,0.05249999999999999,0.3178004026412964,0.30545153809233827
P3,Anchor loss only,20260720,0.05999999999999994,0.31849735975265503,0.30622737600087446
P3,Anchor loss only,20260720,0.0675,0.3191888928413391,0.3070020371776639
P3,Anchor loss only,20260720,0.07499999999999996,0.3198750615119934,0.30777537737330146
P3,Anchor loss only,20260720,0.08250000000000002,0.32055580615997314,0.3085472533312431
P3,Anchor loss only,20260720,0.08999999999999997,0.3212311565876007,0.30931752289249764
P3,Anchor loss only,20260720,0.09749999999999992,0.3219011425971985,0.3100860450985798
P3,Anchor loss only,20260720,0.10499999999999998,0.3225657641887665,0.31085268029256863
P3,Anchor loss only,20260720,0.11249999999999993,0.32322508096694946,0.3116172902181216
P3,Anchor loss only,20260720,0.12,0.32387906312942505,0.31237973811629965
P3,Anchor loss only,20260720,0.12749999999999995,0.3245278000831604,0.3131398888200634
P3,Anchor loss only,20260720,0.135,0.3251712918281555,0.3138976088463088
P3,Anchor loss only,20260720,0.14249999999999996,0.3258095383644104,0.3146527664853151
P3,Anchor loss only,20260720,0.1499999999999999,0.32644253969192505,0.31540523188748604
P3,Anchor loss only,20260720,0.15749999999999997,0.327070415019989,0.31615487714727075
P3,Anchor loss only,20260720,0.16499999999999992,0.3276931345462799,0.31690157638415994
P3,Anchor loss only,20260720,0.1725,0.3283107280731201,0.31764520582065875
P3,Anchor loss only,20260720,0.17999999999999994,0.3289232552051544,0.31838564385714535
P3,Anchor loss only,20260720,0.1875,0.3295307457447052,0.31912277114353355
P3,Anchor loss only,20260720,0.19499999999999995,0.33013319969177246,0.31985647064766337
P3,Anchor loss only,20260720,0.2025,0.33073070645332336,0.3205866277203531
P3,Anchor loss only,20260720,0.20999999999999996,0.3313232660293579,0.32131313015705354
P3,Anchor loss only,20260720,0.21749999999999992,0.3319109380245209,0.3220358682560529
P3,Anchor loss only,20260720,0.22499999999999998,0.33249372243881226,0.32275473487319
P3,Anchor loss only,20260720,0.23249999999999993,0.33307167887687683,0.32346962547304
P3,Anchor loss only,20260720,0.24,0.3336448669433594,0.3241804381765448
P3,Anchor loss only,20260720,0.24749999999999994,0.3342132866382599,0.3248870738050702
P3,Anchor loss only,20260720,0.2549999999999999,0.33477699756622314,0.3255894359208763
P3,Anchor loss only,20260720,0.26249999999999996,0.33533602952957153,0.3262874308639982
P3,Anchor loss only,20260720,0.27,0.3358904719352722,0.3269809677855396
P3,Anchor loss only,20260720,0.27749999999999986,0.3364402949810028,0.32766995867739035
P3,Anchor loss only,20260720,0.2849999999999999,0.3369855284690857,0.3283543183983856
P3,Anchor loss only,20260720,0.2925,0.3375263214111328,0.32903396469693
P3,Anchor loss only,20260720,0.30000000000000004,0.338062584400177,0.3297088182301206
P3,Anchor loss only,20260720,0.3074999999999999,0.3385944664478302,0.33037880257940316
P3,Anchor loss only,20260720,0.31499999999999995,0.33912193775177,0.3310438442628082
P3,Anchor loss only,20260720,0.3225,0.3396450877189636,0.33170387274381485
P3,Anchor loss only,20260720,0.33000000000000007,0.3401639461517334,0.3323588204368989
P3,Anchor loss only,20260720,0.3374999999999999,0.34067851305007935,0.3330086227098251
P3,Anchor loss only,20260720,0.345,0.34118887782096863,0.3336532178827498
P3,Anchor loss only,20260720,0.35250000000000004,0.34169507026672363,0.33429254722420426
P3,Anchor loss only,20260720,0.3599999999999999,0.34219712018966675,0.33492655494403356
P3,Anchor loss only,20260720,0.36749999999999994,0.34269508719444275,0.33555518818337016
P3,Anchor loss only,20260720,0.375,0.343189001083374,0.33617839700172464
P3,Anchor loss only,20260720,0.38250000000000006,0.34367889165878296,0.33679613436128053
P3,Anchor loss only,20260720,0.3899999999999999,0.3441648483276367,0.3374083561084815
P3,Anchor loss only,20260720,0.39749999999999996,0.3446468412876129,0.33801502095300495
P3,Anchor loss only,20260720,0.405,0.3451249599456787,0.33861609044421415
P3,Anchor loss only,20260720,0.41249999999999987,0.3455992341041565,0.33921152894518897
P3,Anchor loss only,20260720,0.41999999999999993,0.34606969356536865,0.3398013036044313
P3,Anchor loss only,20260720,0.4275,0.34653639793395996,0.3403853843253474
P3,Anchor loss only,20260720,0.43500000000000005,0.3469993770122528,0.34096374373360794
P3,Anchor loss only,20260720,0.4424999999999999,0.34745869040489197,0.341536357142489
P3,Anchor loss only,20260720,0.44999999999999996,0.34791433811187744,0.34210320251629683
P3,Anchor loss only,20260720,0.4575,0.348366379737854,0.342664260431981
P3,Anchor loss only,20260720,0.46499999999999986,0.3488149046897888,0.34321951403903916
P3,Anchor loss only,20260720,0.4724999999999999,0.3492598235607147,0.34376894901781785
P3,Anchor loss only,20260720,0.48,0.34970131516456604,0.3443125535363132
P3,Anchor loss only,20260720,0.48750000000000004,0.350139319896698,0.3448503182055732
P3,Anchor loss only,20260720,0.4949999999999999,0.35057395696640015,0.3453822360338061
P3,Anchor loss only,20260720,0.5025,0.3510051667690277,0.34590830237929365
P3,Anchor loss only,20260720,0.51,0.35143303871154785,0.3464285149022109
P3,Anchor loss only,20260720,0.5174999999999998,0.35185763239860535,0.3469428735154505
P3,Anchor loss only,20260720,0.5249999999999999,0.3522789478302002,0.3474513803345492
P3,Anchor loss only,20260720,0.5325,0.35269707441329956,0.34795403962681043
P3,Anchor loss only,20260720,0.54,0.35311198234558105,0.34845085775971835
P3,Anchor loss only,20260720,0.5474999999999999,0.35352373123168945,0.348941843148733
P3,Anchor loss only,20260720,0.5549999999999999,0.35393235087394714,0.3494270062045573
P3,Anchor loss only,20260720,0.5625,0.3543379008769989,0.34990635927996133
P3,Anchor loss only,20260720,0.5699999999999998,0.35474035143852234,0.35037991661625
P3,Anchor loss only,20260720,0.5774999999999999,0.355139821767807,0.3508476942894551
P3,Anchor loss only,20260720,0.585,0.3555362820625305,0.3513097101563318
P3,Anchor loss only,20260720,0.5925,0.35592982172966003,0.3517659838002362
P3,Anchor loss only,20260720,0.5999999999999999,0.35632041096687317,0.35221653647695916
P3,Anchor loss only,20260720,0.6074999999999999,0.3567081689834595,0.3526613910605862
P3,Anchor loss only,20260720,0.615,0.3570929765701294,0.35310057198945366
P3,Anchor loss only,20260720,0.6225,0.35747504234313965,0.35353410521226647
P3,Anchor loss only,20260720,0.6299999999999999,0.3578542470932007,0.3539620181344406
P3,Anchor loss only,20260720,0.6375,0.35823073983192444,0.3543843395647306
P3,Anchor loss only,20260720,0.645,0.3586044907569885,0.3548010996621992
P3,Anchor loss only,20260720,0.6524999999999999,0.35897549986839294,0.35521232988358425
P3,Anchor loss only,20260720,0.6599999999999999,0.35934385657310486,0.3556180629311138
P3,Anchor loss only,20260720,0.6675,0.35970956087112427,0.3560183327008191
P3,Anchor loss only,20260720,0.675,0.36007267236709595,0.3564131742313908
P3,Anchor loss only,20260720,0.6824999999999999,0.3604331612586975,0.356802623653622
P3,Anchor loss only,20260720,0.69,0.3607911467552185,0.35718671814047925
P3,Anchor loss only,20260720,0.6975,0.36114656925201416,0.3575654958578385
P3,Anchor loss only,20260720,0.7049999999999998,0.36149948835372925,0.35793899591592165
P3,Anchor loss only,20260720,0.7124999999999999,0.36184990406036377,0.3583072583214666
P3,Anchor loss only,20260720,0.72,0.3621978759765625,0.35867032393066073
P3,Anchor loss only,20260720,0.7275,0.3625434339046478,0.35902823440286524
P3,Anchor loss only,20260720,0.7349999999999999,0.36288660764694214,0.35938103215515604
P3,Anchor loss only,20260720,0.7424999999999999,0.36322736740112305,0.35972876031770373
P3,Anchor loss only,20260720,0.75,0.3635658323764801,0.36007146269001333
P3,Anchor loss only,20260721,-0.75,0.2322254776954651,0.23992853730998662
P3,Anchor loss only,20260721,-0.7425,0.23286011815071106,0.24027123968229624
P3,Anchor loss only,20260721,-0.735,0.2335023581981659,0.24061896784484396
P3,Anchor loss only,20260721,-0.7275,0.2341521978378296,0.24097176559713476
P3,Anchor loss only,20260721,-0.72,0.23480960726737976,0.24132967606933925
P3,Anchor loss only,20260721,-0.7125,0.2354746162891388,0.24169274167853338
P3,Anchor loss only,20260721,-0.705,0.23614716529846191,0.24206100408407832
P3,Anchor loss only,20260721,-0.6975,0.23682725429534912,0.24243450414216147
P3,Anchor loss only,20260721,-0.69,0.23751485347747803,0.24281328185952072
P3,Anchor loss only,20260721,-0.6825,0.23820987343788147,0.243197376346378
P3,Anchor loss only,20260721,-0.675,0.23891234397888184,0.24358682576860918
P3,Anchor loss only,20260721,-0.6675,0.23962220549583435,0.24398166729918083
P3,Anchor loss only,20260721,-0.66,0.24033939838409424,0.24438193706888614
P3,Anchor loss only,20260721,-0.6525,0.24106387794017792,0.24478767011641572
P3,Anchor loss only,20260721,-0.645,0.24179556965827942,0.24519890033780076
P3,Anchor loss only,20260721,-0.6375,0.24253439903259277,0.2456156604352694
P3,Anchor loss only,20260721,-0.63,0.2432803213596344,0.24603798186555936
P3,Anchor loss only,20260721,-0.6225,0.24403324723243713,0.2464658947877335
P3,Anchor loss only,20260721,-0.615,0.2447930872440338,0.24689942801054632
P3,Anchor loss only,20260721,-0.6075,0.24555975198745728,0.24733860893941376
P3,Anchor loss only,20260721,-0.6,0.24633318185806274,0.2477834635230408
P3,Anchor loss only,20260721,-0.5925,0.24711325764656067,0.24823401619976376
P3,Anchor loss only,20260721,-0.585,0.2478998303413391,0.2486902898436682
P3,Anchor loss only,20260721,-0.5775,0.24869288504123688,0.24915230571054484
P3,Anchor loss only,20260721,-0.5700000000000001,0.24949222803115845,0.24962008338374994
P3,Anchor loss only,20260721,-0.5625,0.25029778480529785,0.25009364072003865
P3,Anchor loss only,20260721,-0.5549999999999999,0.25110942125320435,0.2505729937954427
P3,Anchor loss only,20260721,-0.5475,0.2519269585609436,0.251058156851267
P3,Anchor loss only,20260721,-0.54,0.25275033712387085,0.25154914224028163
P3,Anchor loss only,20260721,-0.5325,0.25357937812805176,0.25204596037318955
P3,Anchor loss only,20260721,-0.525,0.2544139623641968,0.2525486196654508
P3,Anchor loss only,20260721,-0.5175000000000001,0.2552539110183716,0.2530571264845494
P3,Anchor loss only,20260721,-0.51,0.25609907507896423,0.2535714850977891
P3,Anchor loss only,20260721,-0.5025,0.2569493055343628,0.2540916976207063
P3,Anchor loss only,20260721,-0.495,0.2578044533729553,0.25461776396619384
P3,Anchor loss only,20260721,-0.4875,0.2586643099784851,0.25514968179442676
P3,Anchor loss only,20260721,-0.48,0.259528785943985,0.2556874464636868
P3,Anchor loss only,20260721,-0.47250000000000003,0.26039764285087585,0.2562310509821821
P3,Anchor loss only,20260721,-0.465,0.2612707018852234,0.2567804859609608
P3,Anchor loss only,20260721,-0.4575,0.26214784383773804,0.257335739568019
P3,Anchor loss only,20260721,-0.45,0.2630288302898407,0.2578967974837031
P3,Anchor loss only,20260721,-0.4425,0.26391348242759705,0.258463642857511
P3,Anchor loss only,20260721,-0.435,0.26480162143707275,0.25903625626639204
P3,Anchor loss only,20260721,-0.4275,0.2656930685043335,0.2596146156746526
P3,Anchor loss only,20260721,-0.42000000000000004,0.26658761501312256,0.2601986963955687
P3,Anchor loss only,20260721,-0.41250000000000003,0.2674850821495056,0.260788471054811
P3,Anchor loss only,20260721,-0.405,0.26838529109954834,0.26138390955578583
P3,Anchor loss only,20260721,-0.3975,0.26928800344467163,0.261984979046995
P3,Anchor loss only,20260721,-0.39,0.27019304037094116,0.26259164389151846
P3,Anchor loss only,20260721,-0.3825,0.2711002230644226,0.26320386563871945
P3,Anchor loss only,20260721,-0.375,0.27200931310653687,0.26382160299827534
P3,Anchor loss only,20260721,-0.3675,0.272920161485672,0.2644448118166298
P3,Anchor loss only,20260721,-0.36,0.2738325297832489,0.2650734450559664
P3,Anchor loss only,20260721,-0.35250000000000004,0.27474623918533325,0.2657074527757957
P3,Anchor loss only,20260721,-0.34500000000000003,0.27566105127334595,0.26634678211725016
P3,Anchor loss only,20260721,-0.3375,0.27657681703567505,0.26699137729017486
P3,Anchor loss only,20260721,-0.33,0.27749335765838623,0.2676411795631011
P3,Anchor loss only,20260721,-0.3225,0.2784103751182556,0.2682961272561851
P3,Anchor loss only,20260721,-0.315,0.2793278098106384,0.2689561557371918
P3,Anchor loss only,20260721,-0.3075,0.2802453339099884,0.2696211974205968
P3,Anchor loss only,20260721,-0.30000000000000004,0.2811628580093384,0.2702911817698794
P3,Anchor loss only,20260721,-0.29250000000000004,0.28208011388778687,0.27096603530306995
P3,Anchor loss only,20260721,-0.28500000000000003,0.2829970121383667,0.2716456816016144
P3,Anchor loss only,20260721,-0.2775,0.283913254737854,0.2723300413226096
P3,Anchor loss only,20260721,-0.27,0.2848287522792816,0.2730190322144604
P3,Anchor loss only,20260721,-0.2625,0.28574323654174805,0.2737125691360018
P3,Anchor loss only,20260721,-0.255,0.28665661811828613,0.2744105640791237
P3,Anchor loss only,20260721,-0.24750000000000005,0.28756868839263916,0.2751129261949298
P3,Anchor loss only,20260721,-0.24,0.2884792685508728,0.2758195618234552
P3,Anchor loss only,20260721,-0.23250000000000004,0.28938814997673035,0.27653037452696
P3,Anchor loss only,20260721,-0.22499999999999998,0.29029524326324463,0.27724526512680997
P3,Anchor loss only,20260721,-0.21750000000000003,0.29120028018951416,0.2779641317439471
P3,Anchor loss only,20260721,-0.20999999999999996,0.29210323095321655,0.27868686984294644
P3,Anchor loss only,20260721,-0.2025,0.2930038571357727,0.27941337227964685
P3,Anchor loss only,20260721,-0.19500000000000006,0.29390203952789307,0.2801435293523366
P3,Anchor loss only,20260721,-0.1875,0.2947975993156433,0.28087722885646643
P3,Anchor loss only,20260721,-0.18000000000000005,0.2956904172897339,0.2816143561428546
P3,Anchor loss only,20260721,-0.1725,0.29658037424087524,0.28235479417934123
P3,Anchor loss only,20260721,-0.16500000000000004,0.29746729135513306,0.28309842361584003
P3,Anchor loss only,20260721,-0.15749999999999997,0.2983510494232178,0.2838451228527292
P3,Anchor loss only,20260721,-0.15000000000000002,0.29923149943351746,0.28459476811251394
P3,Anchor loss only,20260721,-0.14250000000000007,0.30010855197906494,0.28534723351468483
P3,Anchor loss only,20260721,-0.135,0.30098211765289307,0.2861023911536912
P3,Anchor loss only,20260721,-0.12750000000000006,0.30185195803642273,0.2868601111799366
P3,Anchor loss only,20260721,-0.12,0.3027181029319763,0.2876202618837003
P3,Anchor loss only,20260721,-0.11250000000000004,0.3035803437232971,0.28838270978187835
P3,Anchor loss only,20260721,-0.10499999999999998,0.30443862080574036,0.28914731970743135
P3,Anchor loss only,20260721,-0.09750000000000003,0.30529284477233887,0.2899139549014202
P3,Anchor loss only,20260721,-0.09000000000000008,0.3061428666114807,0.29068247710750234
P3,Anchor loss only,20260721,-0.08250000000000002,0.3069886565208435,0.29145274666875687
P3,Anchor loss only,20260721,-0.07500000000000007,0.3078300952911377,0.2922246226266985
P3,Anchor loss only,20260721,-0.0675,0.3086671233177185,0.2929979628223361
P3,Anchor loss only,20260721,-0.06000000000000005,0.3094996213912964,0.2937726239991255
P3,Anchor loss only,20260721,-0.05249999999999999,0.31032752990722656,0.2945484619076617
P3,Anchor loss only,20260721,-0.04500000000000004,0.31115075945854187,0.2953253314119491
P3,Anchor loss only,20260721,-0.03749999999999998,0.3119692802429199,0.29610308659708684
P3,Anchor loss only,20260721,-0.030000000000000027,0.31278300285339355,0.29688158087820066
P3,Anchor loss only,20260721,-0.022500000000000075,0.3135918974876404,0.29766066711044903
P3,Anchor loss only,20260721,-0.015000000000000013,0.31439584493637085,0.2984401976999299
P3,Anchor loss only,20260721,-0.007500000000000062,0.3151947855949402,0.2992200247153102
P3,Anchor loss only,20260721,0.0,0.31598877906799316,0.3
P3,Anchor loss only,20260721,0.007499999999999951,0.31677767634391785,0.3007799752846898
P3,Anchor loss only,20260721,0.015000000000000013,0.31756144762039185,0.30155980230007007
P3,Anchor loss only,20260721,0.022499999999999964,0.31834009289741516,0.30233933288955095
P3,Anchor loss only,20260721,0.030000000000000027,0.319113552570343,0.3031184191217993
P3,Anchor loss only,20260721,0.03749999999999998,0.31988176703453064,0.30389691340291314
P3,Anchor loss only,20260721,0.04499999999999993,0.320644736289978,0.30467466858805087
P3,Anchor loss only,20260721,0.05249999999999999,0.3214024007320404,0.30545153809233827
P3,Anchor loss only,20260721,0.05999999999999994,0.32215481996536255,0.30622737600087446
P3,Anchor loss only,20260721,0.0675,0.3229018449783325,0.3070020371776639
P3,Anchor loss only,20260721,0.07499999999999996,0.3236435353755951,0.30777537737330146
P3,Anchor loss only,20260721,0.08250000000000002,0.3243798613548279,0.3085472533312431
P3,Anchor loss only,20260721,0.08999999999999997,0.3251107931137085,0.30931752289249764
P3,Anchor loss only,20260721,0.09749999999999992,0.32583633065223694,0.3100860450985798
P3,Anchor loss only,20260721,0.10499999999999998,0.3265564441680908,0.31085268029256863
P3,Anchor loss only,20260721,0.11249999999999993,0.32727116346359253,0.3116172902181216
P3,Anchor loss only,20260721,0.12,0.3279804587364197,0.31237973811629965
P3,Anchor loss only,20260721,0.12749999999999995,0.32868432998657227,0.3131398888200634
P3,Anchor loss only,20260721,0.135,0.3293827772140503,0.3138976088463088
P3,Anchor loss only,20260721,0.14249999999999996,0.33007580041885376,0.3146527664853151
P3,Anchor loss only,20260721,0.1499999999999999,0.33076339960098267,0.31540523188748604
P3,Anchor loss only,20260721,0.15749999999999997,0.331445574760437,0.31615487714727075
P3,Anchor loss only,20260721,0.16499999999999992,0.3321223556995392,0.31690157638415994
P3,Anchor loss only,20260721,0.1725,0.3327937126159668,0.31764520582065875
P3,Anchor loss only,20260721,0.17999999999999994,0.33345967531204224,0.31838564385714535
P3,Anchor loss only,20260721,0.1875,0.3341202735900879,0.31912277114353355
P3,Anchor loss only,20260721,0.19499999999999995,0.33477550745010376,0.31985647064766337
P3,Anchor loss only,20260721,0.2025,0.33542540669441223,0.3205866277203531
P3,Anchor loss only,20260721,0.20999999999999996,0.3360699415206909,0.32131313015705354
P3,Anchor loss only,20260721,0.21749999999999992,0.3367091715335846,0.3220358682560529
P3,Anchor loss only,20260721,0.22499999999999998,0.33734309673309326,0.32275473487319
P3,Anchor loss only,20260721,0.23249999999999993,0.3379717469215393,0.32346962547304
P3,Anchor loss only,20260721,0.24,0.33859512209892273,0.3241804381765448
P3,Anchor loss only,20260721,0.24749999999999994,0.3392133116722107,0.3248870738050702
P3,Anchor loss only,20260721,0.2549999999999999,0.33982622623443604,0.3255894359208763
P3,Anchor loss only,20260721,0.26249999999999996,0.3404340147972107,0.3262874308639982
P3,Anchor loss only,20260721,0.27,0.3410366177558899,0.3269809677855396
P3,Anchor loss only,20260721,0.27749999999999986,0.3416340947151184,0.32766995867739035
P3,Anchor loss only,20260721,0.2849999999999999,0.34222644567489624,0.3283543183983856
P3,Anchor loss only,20260721,0.2925,0.34281373023986816,0.32903396469693
P3,Anchor loss only,20260721,0.30000000000000004,0.34339597821235657,0.3297088182301206
P3,Anchor loss only,20260721,0.3074999999999999,0.34397318959236145,0.33037880257940316
P3,Anchor loss only,20260721,0.31499999999999995,0.3445454239845276,0.3310438442628082
P3,Anchor loss only,20260721,0.3225,0.345112681388855,0.33170387274381485
P3,Anchor loss only,20260721,0.33000000000000007,0.3456750512123108,0.3323588204368989
P3,Anchor loss only,20260721,0.3374999999999999,0.34623250365257263,0.3330086227098251
P3,Anchor loss only,20260721,0.345,0.34678512811660767,0.3336532178827498
P3,Anchor loss only,20260721,0.35250000000000004,0.3473328948020935,0.33429254722420426
P3,Anchor loss only,20260721,0.3599999999999999,0.3478758931159973,0.33492655494403356
P3,Anchor loss only,20260721,0.36749999999999994,0.3484141230583191,0.33555518818337016
P3,Anchor loss only,20260721,0.375,0.3489476442337036,0.33617839700172464
P3,Anchor loss only,20260721,0.38250000000000006,0.3494764566421509,0.33679613436128053
P3,Anchor loss only,20260721,0.3899999999999999,0.35000061988830566,0.3374083561084815
P3,Anchor loss only,20260721,0.39749999999999996,0.35052019357681274,0.33801502095300495
P3,Anchor loss only,20260721,0.405,0.35103514790534973,0.33861609044421415
P3,Anchor loss only,20260721,0.41249999999999987,0.3515456020832062,0.33921152894518897
P3,Anchor loss only,20260721,0.41999999999999993,0.3520515263080597,0.3398013036044313
P3,Anchor loss only,20260721,0.4275,0.35255300998687744,0.3403853843253474
P3,Anchor loss only,20260721,0.43500000000000005,0.3530500531196594,0.34096374373360794
P3,Anchor loss only,20260721,0.4424999999999999,0.353542685508728,0.341536357142489
P3,Anchor loss only,20260721,0.44999999999999996,0.354030966758728,0.34210320251629683
P3,Anchor loss only,20260721,0.4575,0.3545149564743042,0.342664260431981
P3,Anchor loss only,20260721,0.46499999999999986,0.35499465465545654,0.34321951403903916
P3,Anchor loss only,20260721,0.4724999999999999,0.35547009110450745,0.34376894901781785
P3,Anchor loss only,20260721,0.48,0.3559413552284241,0.3443125535363132
P3,Anchor loss only,20260721,0.48750000000000004,0.3564084470272064,0.3448503182055732
P3,Anchor loss only,20260721,0.4949999999999999,0.3568713963031769,0.3453822360338061
P3,Anchor loss only,20260721,0.5025,0.3573302626609802,0.34590830237929365
P3,Anchor loss only,20260721,0.51,0.35778507590293884,0.3464285149022109
P3,Anchor loss only,20260721,0.5174999999999998,0.3582358658313751,0.3469428735154505
P3,Anchor loss only,20260721,0.5249999999999999,0.35868269205093384,0.3474513803345492
P3,Anchor loss only,20260721,0.5325,0.359125554561615,0.34795403962681043
P3,Anchor loss only,20260721,0.54,0.35956454277038574,0.34845085775971835
P3,Anchor loss only,20260721,0.5474999999999999,0.3599996566772461,0.348941843148733
P3,Anchor loss only,20260721,0.5549999999999999,0.36043092608451843,0.3494270062045573
P3,Anchor loss only,20260721,0.5625,0.3608584403991699,0.34990635927996133
P3,Anchor loss only,20260721,0.5699999999999998,0.3612821698188782,0.35037991661625
P3,Anchor loss only,20260721,0.5774999999999999,0.36170220375061035,0.3508476942894551
P3,Anchor loss only,20260721,0.585,0.36211854219436646,0.3513097101563318
P3,Anchor loss only,20260721,0.5925,0.36253127455711365,0.3517659838002362
P3,Anchor loss only,20260721,0.5999999999999999,0.36294037103652954,0.35221653647695916
P3,Anchor loss only,20260721,0.6074999999999999,0.3633459210395813,0.3526613910605862
P3,Anchor loss only,20260721,0.615,0.36374789476394653,0.35310057198945366
P3,Anchor loss only,20260721,0.6225,0.3641464114189148,0.35353410521226647
P3,Anchor loss only,20260721,0.6299999999999999,0.3645414412021637,0.3539620181344406
P3,Anchor loss only,20260721,0.6375,0.3649330735206604,0.3543843395647306
P3,Anchor loss only,20260721,0.645,0.3653212785720825,0.3548010996621992
P3,Anchor loss only,20260721,0.6524999999999999,0.3657061457633972,0.35521232988358425
P3,Anchor loss only,20260721,0.6599999999999999,0.36608773469924927,0.3556180629311138
P3,Anchor loss only,20260721,0.6675,0.3664659857749939,0.3560183327008191
P3,Anchor loss only,20260721,0.675,0.36684101819992065,0.3564131742313908
P3,Anchor loss only,20260721,0.6824999999999999,0.36721277236938477,0.356802623653622
P3,Anchor loss only,20260721,0.69,0.36758142709732056,0.35718671814047925
P3,Anchor loss only,20260721,0.6975,0.36794689297676086,0.3575654958578385
P3,Anchor loss only,20260721,0.7049999999999998,0.36830925941467285,0.35793899591592165
P3,Anchor loss only,20260721,0.7124999999999999,0.36866849660873413,0.3583072583214666
P3,Anchor loss only,20260721,0.72,0.36902472376823425,0.35867032393066073
P3,Anchor loss only,20260721,0.7275,0.3693779706954956,0.35902823440286524
P3,Anchor loss only,20260721,0.7349999999999999,0.3697281777858734,0.35938103215515604
P3,Anchor loss only,20260721,0.7424999999999999,0.3700754642486572,0.35972876031770373
P3,Anchor loss only,20260721,0.75,0.37041980028152466,0.36007146269001333
P3,Anchor loss only,20260722,-0.75,0.2303999960422516,0.23992853730998662
P3,Anchor loss only,20260722,-0.7425,0.23113586008548737,0.24027123968229624
P3,Anchor loss only,20260722,-0.735,0.23188120126724243,0.24061896784484396
P3,Anchor loss only,20260722,-0.7275,0.2326359748840332,0.24097176559713476
P3,Anchor loss only,20260722,-0.72,0.2334001362323761,0.24132967606933925
P3,Anchor loss only,20260722,-0.7125,0.23417365550994873,0.24169274167853338
P3,Anchor loss only,20260722,-0.705,0.23495645821094513,0.24206100408407832
P3,Anchor loss only,20260722,-0.6975,0.23574846982955933,0.24243450414216147
P3,Anchor loss only,20260722,-0.69,0.23654958605766296,0.24281328185952072
P3,Anchor loss only,20260722,-0.6825,0.23735973238945007,0.243197376346378
P3,Anchor loss only,20260722,-0.675,0.2381788194179535,0.24358682576860918
P3,Anchor loss only,20260722,-0.6675,0.23900672793388367,0.24398166729918083
P3,Anchor loss only,20260722,-0.66,0.23984333872795105,0.24438193706888614
P3,Anchor loss only,20260722,-0.6525,0.24068856239318848,0.24478767011641572
P3,Anchor loss only,20260722,-0.645,0.24154222011566162,0.24519890033780076
P3,Anchor loss only,20260722,-0.6375,0.24240419268608093,0.2456156604352694
P3,Anchor loss only,20260722,-0.63,0.24327430129051208,0.24603798186555936
P3,Anchor loss only,20260722,-0.6225,0.24415239691734314,0.2464658947877335
P3,Anchor loss only,20260722,-0.615,0.24503830075263977,0.24689942801054632
P3,Anchor loss only,20260722,-0.6075,0.24593186378479004,0.24733860893941376
P3,Anchor loss only,20260722,-0.6,0.24683290719985962,0.2477834635230408
P3,Anchor loss only,20260722,-0.5925,0.24774116277694702,0.24823401619976376
P3,Anchor loss only,20260722,-0.585,0.2486564815044403,0.2486902898436682
P3,Anchor loss only,20260722,-0.5775,0.24957862496376038,0.24915230571054484
P3,Anchor loss only,20260722,-0.5700000000000001,0.2505073845386505,0.24962008338374994
P3,Anchor loss only,20260722,-0.5625,0.2514425218105316,0.25009364072003865
P3,Anchor loss only,20260722,-0.5549999999999999,0.252383828163147,0.2505729937954427
P3,Anchor loss only,20260722,-0.5475,0.2533310651779175,0.251058156851267
P3,Anchor loss only,20260722,-0.54,0.2542839050292969,0.25154914224028163
P3,Anchor loss only,20260722,-0.5325,0.25524213910102844,0.25204596037318955
P3,Anchor loss only,20260722,-0.525,0.25620555877685547,0.2525486196654508
P3,Anchor loss only,20260722,-0.5175000000000001,0.2571738064289093,0.2530571264845494
P3,Anchor loss only,20260722,-0.51,0.25814664363861084,0.2535714850977891
P3,Anchor loss only,20260722,-0.5025,0.2591238021850586,0.2540916976207063
P3,Anchor loss only,20260722,-0.495,0.2601050138473511,0.25461776396619384
P3,Anchor loss only,20260722,-0.4875,0.26108992099761963,0.25514968179442676
P3,Anchor loss only,20260722,-0.48,0.26207831501960754,0.2556874464636868
P3,Anchor loss only,20260722,-0.47250000000000003,0.26306983828544617,0.2562310509821821
P3,Anchor loss only,20260722,-0.465,0.264064222574234,0.2567804859609608
P3,Anchor loss only,20260722,-0.4575,0.2650611400604248,0.257335739568019
P3,Anchor loss only,20260722,-0.45,0.26606035232543945,0.2578967974837031
P3,Anchor loss only,20260722,-0.4425,0.2670614719390869,0.258463642857511
P3,Anchor loss only,20260722,-0.435,0.2680642604827881,0.25903625626639204
P3,Anchor loss only,20260722,-0.4275,0.2690683603286743,0.2596146156746526
P3,Anchor loss only,20260722,-0.42000000000000004,0.2700735032558441,0.2601986963955687
P3,Anchor loss only,20260722,-0.41250000000000003,0.2710793614387512,0.260788471054811
P3,Anchor loss only,20260722,-0.405,0.27208563685417175,0.26138390955578583
P3,Anchor loss only,20260722,-0.3975,0.27309203147888184,0.261984979046995
P3,Anchor loss only,20260722,-0.39,0.2740982472896576,0.26259164389151846
P3,Anchor loss only,20260722,-0.3825,0.27510395646095276,0.26320386563871945
P3,Anchor loss only,20260722,-0.375,0.27610889077186584,0.26382160299827534
P3,Anchor loss only,20260722,-0.3675,0.277112752199173,0.2644448118166298
P3,Anchor loss only,20260722,-0.36,0.27811524271965027,0.2650734450559664
P3,Anchor loss only,20260722,-0.35250000000000004,0.27911609411239624,0.2657074527757957
P3,Anchor loss only,20260722,-0.34500000000000003,0.28011494874954224,0.26634678211725016
P3,Anchor loss only,20260722,-0.3375,0.2811116576194763,0.26699137729017486
P3,Anchor loss only,20260722,-0.33,0.28210583329200745,0.2676411795631011
P3,Anchor loss only,20260722,-0.3225,0.2830972671508789,0.2682961272561851
P3,Anchor loss only,20260722,-0.315,0.28408563137054443,0.2689561557371918
P3,Anchor loss only,20260722,-0.3075,0.2850707173347473,0.2696211974205968
P3,Anchor loss only,20260722,-0.30000000000000004,0.28605228662490845,0.2702911817698794
P3,Anchor loss only,20260722,-0.29250000000000004,0.28703007102012634,0.27096603530306995
P3,Anchor loss only,20260722,-0.28500000000000003,0.2880038022994995,0.2716456816016144
P3,Anchor loss only,20260722,-0.2775,0.28897330164909363,0.2723300413226096
P3,Anchor loss only,20260722,-0.27,0.2899383306503296,0.2730190322144604
P3,Anchor loss only,20260722,-0.2625,0.2908986210823059,0.2737125691360018
P3,Anchor loss only,20260722,-0.255,0.29185402393341064,0.2744105640791237
P3,Anchor loss only,20260722,-0.24750000000000005,0.2928043007850647,0.2751129261949298
P3,Anchor loss only,20260722,-0.24,0.29374924302101135,0.2758195618234552
P3,Anchor loss only,20260722,-0.23250000000000004,0.2946886718273163,0.27653037452696
P3,Anchor loss only,20260722,-0.22499999999999998,0.29562240839004517,0.27724526512680997
P3,Anchor loss only,20260722,-0.21750000000000003,0.29655027389526367,0.2779641317439471
P3,Anchor loss only,20260722,-0.20999999999999996,0.29747211933135986,0.27868686984294644
P3,Anchor loss only,20260722,-0.2025,0.298387736082077,0.27941337227964685
P3,Anchor loss only,20260722,-0.19500000000000006,0.2992970049381256,0.2801435293523366
P3,Anchor loss only,20260722,-0.1875,0.3001997470855713,0.28087722885646643
P3,Anchor loss only,20260722,-0.18000000000000005,0.3010959029197693,0.2816143561428546
P3,Anchor loss only,20260722,-0.1725,0.3019852638244629,0.28235479417934123
P3,Anchor loss only,20260722,-0.16500000000000004,0.30286771059036255,0.28309842361584003
P3,Anchor loss only,20260722,-0.15749999999999997,0.3037431836128235,0.2838451228527292
P3,Anchor loss only,20260722,-0.15000000000000002,0.304611474275589,0.28459476811251394
P3,Anchor loss only,20260722,-0.14250000000000007,0.30547255277633667,0.28534723351468483
P3,Anchor loss only,20260722,-0.135,0.30632632970809937,0.2861023911536912
P3,Anchor loss only,20260722,-0.12750000000000006,0.3071727156639099,0.2868601111799366
P3,Anchor loss only,20260722,-0.12,0.30801159143447876,0.2876202618837003
P3,Anchor loss only,20260722,-0.11250000000000004,0.30884289741516113,0.28838270978187835
P3,Anchor loss only,20260722,-0.10499999999999998,0.30966657400131226,0.28914731970743135
P3,Anchor loss only,20260722,-0.09750000000000003,0.31048256158828735,0.2899139549014202
P3,Anchor loss only,20260722,-0.09000000000000008,0.31129080057144165,0.29068247710750234
P3,Anchor loss only,20260722,-0.08250000000000002,0.31209123134613037,0.29145274666875687
P3,Anchor loss only,20260722,-0.07500000000000007,0.31288379430770874,0.2922246226266985
P3,Anchor loss only,20260722,-0.0675,0.31366851925849915,0.2929979628223361
P3,Anchor loss only,20260722,-0.06000000000000005,0.31444528698921204,0.2937726239991255
P3,Anchor loss only,20260722,-0.05249999999999999,0.3152141571044922,0.2945484619076617
P3,Anchor loss only,20260722,-0.04500000000000004,0.31597504019737244,0.2953253314119491
P3,Anchor loss only,20260722,-0.03749999999999998,0.3167279362678528,0.29610308659708684
P3,Anchor loss only,20260722,-0.030000000000000027,0.3174728751182556,0.29688158087820066
P3,Anchor loss only,20260722,-0.022500000000000075,0.31820976734161377,0.29766066711044903
P3,Anchor loss only,20260722,-0.015000000000000013,0.3189387321472168,0.2984401976999299
P3,Anchor loss only,20260722,-0.007500000000000062,0.31965965032577515,0.2992200247153102
P3,Anchor loss only,20260722,0.0,0.320372611284256,0.3
P3,Anchor loss only,20260722,0.007499999999999951,0.3210775852203369,0.3007799752846898
P3,Anchor loss only,20260722,0.015000000000000013,0.32177460193634033,0.30155980230007007
P3,Anchor loss only,20260722,0.022499999999999964,0.32246363162994385,0.30233933288955095
P3,Anchor loss only,20260722,0.030000000000000027,0.3231448233127594,0.3031184191217993
P3,Anchor loss only,20260722,0.03749999999999998,0.3238180875778198,0.30389691340291314
P3,Anchor loss only,20260722,0.04499999999999993,0.3244835138320923,0.30467466858805087
P3,Anchor loss only,20260722,0.05249999999999999,0.3251410722732544,0.30545153809233827
P3,Anchor loss only,20260722,0.05999999999999994,0.3257908523082733,0.30622737600087446
P3,Anchor loss only,20260722,0.0675,0.32643288373947144,0.3070020371776639
P3,Anchor loss only,20260722,0.07499999999999996,0.32706722617149353,0.30777537737330146
P3,Anchor loss only,20260722,0.08250000000000002,0.3276938796043396,0.3085472533312431
P3,Anchor loss only,20260722,0.08999999999999997,0.3283129334449768,0.30931752289249764
P3,Anchor loss only,20260722,0.09749999999999992,0.32892438769340515,0.3100860450985798
P3,Anchor loss only,20260722,0.10499999999999998,0.3295283317565918,0.31085268029256863
P3,Anchor loss only,20260722,0.11249999999999993,0.3301248252391815,0.3116172902181216
P3,Anchor loss only,20260722,0.12,0.3307139277458191,0.31237973811629965
P3,Anchor loss only,20260722,0.12749999999999995,0.3312956690788269,0.3131398888200634
P3,Anchor loss only,20260722,0.135,0.33187010884284973,0.3138976088463088
P3,Anchor loss only,20260722,0.14249999999999996,0.33243733644485474,0.3146527664853151
P3,Anchor loss only,20260722,0.1499999999999999,0.3329973816871643,0.31540523188748604
P3,Anchor loss only,20260722,0.15749999999999997,0.3335503339767456,0.31615487714727075
P3,Anchor loss only,20260722,0.16499999999999992,0.3340962529182434,0.31690157638415994
P3,Anchor loss only,20260722,0.1725,0.3346351981163025,0.31764520582065875
P3,Anchor loss only,20260722,0.17999999999999994,0.3351672291755676,0.31838564385714535
P3,Anchor loss only,20260722,0.1875,0.335692435503006,0.31912277114353355
P3,Anchor loss only,20260722,0.19499999999999995,0.3362109065055847,0.31985647064766337
P3,Anchor loss only,20260722,0.2025,0.33672261238098145,0.3205866277203531
P3,Anchor loss only,20260722,0.20999999999999996,0.3372277617454529,0.32131313015705354
P3,Anchor loss only,20260722,0.21749999999999992,0.337726354598999,0.3220358682560529
P3,Anchor loss only,20260722,0.22499999999999998,0.33821845054626465,0.32275473487319
P3,Anchor loss only,20260722,0.23249999999999993,0.33870410919189453,0.32346962547304
P3,Anchor loss only,20260722,0.24,0.339183509349823,0.3241804381765448
P3,Anchor loss only,20260722,0.24749999999999994,0.3396565914154053,0.3248870738050702
P3,Anchor loss only,20260722,0.2549999999999999,0.3401235342025757,0.3255894359208763
P3,Anchor loss only,20260722,0.26249999999999996,0.34058433771133423,0.3262874308639982
P3,Anchor loss only,20260722,0.27,0.34103912115097046,0.3269809677855396
P3,Anchor loss only,20260722,0.27749999999999986,0.34148794412612915,0.32766995867739035
P3,Anchor loss only,20260722,0.2849999999999999,0.34193089604377747,0.3283543183983856
P3,Anchor loss only,20260722,0.2925,0.3423680365085602,0.32903396469693
P3,Anchor loss only,20260722,0.30000000000000004,0.34279942512512207,0.3297088182301206
P3,Anchor loss only,20260722,0.3074999999999999,0.3432251811027527,0.33037880257940316
P3,Anchor loss only,20260722,0.31499999999999995,0.3436453342437744,0.3310438442628082
P3,Anchor loss only,20260722,0.3225,0.3440599739551544,0.33170387274381485
P3,Anchor loss only,20260722,0.33000000000000007,0.34446918964385986,0.3323588204368989
P3,Anchor loss only,20260722,0.3374999999999999,0.3448730409145355,0.3330086227098251
P3,Anchor loss only,20260722,0.345,0.34527161717414856,0.3336532178827498
P3,Anchor loss only,20260722,0.35250000000000004,0.34566497802734375,0.33429254722420426
P3,Anchor loss only,20260722,0.3599999999999999,0.34605318307876587,0.33492655494403356
P3,Anchor loss only,20260722,0.36749999999999994,0.34643638134002686,0.33555518818337016
P3,Anchor loss only,20260722,0.375,0.34681451320648193,0.33617839700172464
P3,Anchor loss only,20260722,0.38250000000000006,0.3471877872943878,0.33679613436128053
P3,Anchor loss only,20260722,0.3899999999999999,0.3475561738014221,0.3374083561084815
P3,Anchor loss only,20260722,0.39749999999999996,0.3479198217391968,0.33801502095300495
P3,Anchor loss only,20260722,0.405,0.3482787609100342,0.33861609044421415
P3,Anchor loss only,20260722,0.41249999999999987,0.3486330509185791,0.33921152894518897
P3,Anchor loss only,20260722,0.41999999999999993,0.3489827811717987,0.3398013036044313
P3,Anchor loss only,20260722,0.4275,0.34932801127433777,0.3403853843253474
P3,Anchor loss only,20260722,0.43500000000000005,0.34966883063316345,0.34096374373360794
P3,Anchor loss only,20260722,0.4424999999999999,0.35000526905059814,0.341536357142489
P3,Anchor loss only,20260722,0.44999999999999996,0.3503374755382538,0.34210320251629683
P3,Anchor loss only,20260722,0.4575,0.350665420293808,0.342664260431981
P3,Anchor loss only,20260722,0.46499999999999986,0.3509892225265503,0.34321951403903916
P3,Anchor loss only,20260722,0.4724999999999999,0.3513089418411255,0.34376894901781785
P3,Anchor loss only,20260722,0.48,0.35162463784217834,0.3443125535363132
P3,Anchor loss only,20260722,0.48750000000000004,0.35193637013435364,0.3448503182055732
P3,Anchor loss only,20260722,0.4949999999999999,0.35224422812461853,0.3453822360338061
P3,Anchor loss only,20260722,0.5025,0.3525482416152954,0.34590830237929365
P3,Anchor loss only,20260722,0.51,0.35284850001335144,0.3464285149022109
P3,Anchor loss only,20260722,0.5174999999999998,0.3531450629234314,0.3469428735154505
P3,Anchor loss only,20260722,0.5249999999999999,0.35343796014785767,0.3474513803345492
P3,Anchor loss only,20260722,0.5325,0.3537272810935974,0.34795403962681043
P3,Anchor loss only,20260722,0.54,0.3540130853652954,0.34845085775971835
P3,Anchor loss only,20260722,0.5474999999999999,0.3542954623699188,0.348941843148733
P3,Anchor loss only,20260722,0.5549999999999999,0.35457438230514526,0.3494270062045573
P3,Anchor loss only,20260722,0.5625,0.35484999418258667,0.34990635927996133
P3,Anchor loss only,20260722,0.5699999999999998,0.35512232780456543,0.35037991661625
P3,Anchor loss only,20260722,0.5774999999999999,0.3553914427757263,0.3508476942894551
P3,Anchor loss only,20260722,0.585,0.35565733909606934,0.3513097101563318
P3,Anchor loss only,20260722,0.5925,0.35592013597488403,0.3517659838002362
P3,Anchor loss only,20260722,0.5999999999999999,0.3561798930168152,0.35221653647695916
P3,Anchor loss only,20260722,0.6074999999999999,0.3564366400241852,0.3526613910605862
P3,Anchor loss only,20260722,0.615,0.3566904067993164,0.35310057198945366
P3,Anchor loss only,20260722,0.6225,0.356941282749176,0.35353410521226647
P3,Anchor loss only,20260722,0.6299999999999999,0.3571892976760864,0.3539620181344406
P3,Anchor loss only,20260722,0.6375,0.3574345111846924,0.3543843395647306
P3,Anchor loss only,20260722,0.645,0.35767701268196106,0.3548010996621992
P3,Anchor loss only,20260722,0.6524999999999999,0.35791677236557007,0.35521232988358425
P3,Anchor loss only,20260722,0.6599999999999999,0.35815390944480896,0.3556180629311138
P3,Anchor loss only,20260722,0.6675,0.35838842391967773,0.3560183327008191
P3,Anchor loss only,20260722,0.675,0.35862037539482117,0.3564131742313908
P3,Anchor loss only,20260722,0.6824999999999999,0.35884982347488403,0.356802623653622
P3,Anchor loss only,20260722,0.69,0.3590768277645111,0.35718671814047925
P3,Anchor loss only,20260722,0.6975,0.3593013882637024,0.3575654958578385
P3,Anchor loss only,20260722,0.7049999999999998,0.35952359437942505,0.35793899591592165
P3,Anchor loss only,20260722,0.7124999999999999,0.35974347591400146,0.3583072583214666
P3,Anchor loss only,20260722,0.72,0.3599610924720764,0.35867032393066073
P3,Anchor loss only,20260722,0.7275,0.3601764440536499,0.35902823440286524
P3,Anchor loss only,20260722,0.7349999999999999,0.3603896200656891,0.35938103215515604
P3,Anchor loss only,20260722,0.7424999999999999,0.36060065031051636,0.35972876031770373
P3,Anchor loss only,20260722,0.75,0.3608095049858093,0.36007146269001333
P3,Anchor loss only,20260723,-0.75,0.22728586196899414,0.23992853730998662
P3,Anchor loss only,20260723,-0.7425,0.22792237997055054,0.24027123968229624
P3,Anchor loss only,20260723,-0.735,0.22856923937797546,0.24061896784484396
P3,Anchor loss only,20260723,-0.7275,0.2292264997959137,0.24097176559713476
P3,Anchor loss only,20260723,-0.72,0.22989420592784882,0.24132967606933925
P3,Anchor loss only,20260723,-0.7125,0.23057235777378082,0.24169274167853338
P3,Anchor loss only,20260723,-0.705,0.2312610149383545,0.24206100408407832
P3,Anchor loss only,20260723,-0.6975,0.23196017742156982,0.24243450414216147
P3,Anchor loss only,20260723,-0.69,0.232669860124588,0.24281328185952072
P3,Anchor loss only,20260723,-0.6825,0.23339006304740906,0.243197376346378
P3,Anchor loss only,20260723,-0.675,0.23412078619003296,0.24358682576860918
P3,Anchor loss only,20260723,-0.6675,0.23486199975013733,0.24398166729918083
P3,Anchor loss only,20260723,-0.66,0.23561370372772217,0.24438193706888614
P3,Anchor loss only,20260723,-0.6525,0.2363758534193039,0.24478767011641572
P3,Anchor loss only,20260723,-0.645,0.23714840412139893,0.24519890033780076
P3,Anchor loss only,20260723,-0.6375,0.2379312962293625,0.2456156604352694
P3,Anchor loss only,20260723,-0.63,0.2387244701385498,0.24603798186555936
P3,Anchor loss only,20260723,-0.6225,0.23952791094779968,0.2464658947877335
P3,Anchor loss only,20260723,-0.615,0.240341454744339,0.24689942801054632
P3,Anchor loss only,20260723,-0.6075,0.24116508662700653,0.24733860893941376
P3,Anchor loss only,20260723,-0.6,0.24199864268302917,0.2477834635230408
P3,Anchor loss only,20260723,-0.5925,0.24284207820892334,0.24823401619976376
P3,Anchor loss only,20260723,-0.585,0.2436951994895935,0.2486902898436682
P3,Anchor loss only,20260723,-0.5775,0.2445579618215561,0.24915230571054484
P3,Anchor loss only,20260723,-0.5700000000000001,0.24543015658855438,0.24962008338374994
P3,Anchor loss only,20260723,-0.5625,0.24631164968013763,0.25009364072003865
P3,Anchor loss only,20260723,-0.5549999999999999,0.24720227718353271,0.2505729937954427
P3,Anchor loss only,20260723,-0.5475,0.24810190498828888,0.251058156851267
P3,Anchor loss only,20260723,-0.54,0.24901030957698822,0.25154914224028163
P3,Anchor loss only,20260723,-0.5325,0.2499273121356964,0.25204596037318955
P3,Anchor loss only,20260723,-0.525,0.25085270404815674,0.2525486196654508
P3,Anchor loss only,20260723,-0.5175000000000001,0.2517862915992737,0.2530571264845494
P3,Anchor loss only,20260723,-0.51,0.25272780656814575,0.2535714850977891
P3,Anchor loss only,20260723,-0.5025,0.253677099943161,0.2540916976207063
P3,Anchor loss only,20260723,-0.495,0.2546338438987732,0.25461776396619384
P3,Anchor loss only,20260723,-0.4875,0.25559788942337036,0.25514968179442676
P3,Anchor loss only,20260723,-0.48,0.2565688490867615,0.2556874464636868
P3,Anchor loss only,20260723,-0.47250000000000003,0.2575465738773346,0.2562310509821821
P3,Anchor loss only,20260723,-0.465,0.25853070616722107,0.2567804859609608
P3,Anchor loss only,20260723,-0.4575,0.2595210373401642,0.257335739568019
P3,Anchor loss only,20260723,-0.45,0.2605172395706177,0.2578967974837031
P3,Anchor loss only,20260723,-0.4425,0.26151901483535767,0.258463642857511
P3,Anchor loss only,20260723,-0.435,0.26252609491348267,0.25903625626639204
P3,Anchor loss only,20260723,-0.4275,0.263538122177124,0.2596146156746526
P3,Anchor loss only,20260723,-0.42000000000000004,0.26455482840538025,0.2601986963955687
P3,Anchor loss only,20260723,-0.41250000000000003,0.2655758559703827,0.260788471054811
P3,Anchor loss only,20260723,-0.405,0.26660090684890747,0.26138390955578583
P3,Anchor loss only,20260723,-0.3975,0.2676296830177307,0.261984979046995
P3,Anchor loss only,20260723,-0.39,0.26866182684898376,0.26259164389151846
P3,Anchor loss only,20260723,-0.3825,0.269696980714798,0.26320386563871945
P3,Anchor loss only,20260723,-0.375,0.27073484659194946,0.26382160299827534
P3,Anchor loss only,20260723,-0.3675,0.2717750668525696,0.2644448118166298
P3,Anchor loss only,20260723,-0.36,0.27281734347343445,0.2650734450559664
P3,Anchor loss only,20260723,-0.35250000000000004,0.2738613188266754,0.2657074527757957
P3,Anchor loss only,20260723,-0.34500000000000003,0.27490663528442383,0.26634678211725016
P3,Anchor loss only,20260723,-0.3375,0.2759529948234558,0.26699137729017486
P3,Anchor loss only,20260723,-0.33,0.2770000100135803,0.2676411795631011
P3,Anchor loss only,20260723,-0.3225,0.2780474126338959,0.2682961272561851
P3,Anchor loss only,20260723,-0.315,0.2790948152542114,0.2689561557371918
P3,Anchor loss only,20260723,-0.3075,0.2801418900489807,0.2696211974205968
P3,Anchor loss only,20260723,-0.30000000000000004,0.28118836879730225,0.2702911817698794
P3,Anchor loss only,20260723,-0.29250000000000004,0.282233864068985,0.27096603530306995
P3,Anchor loss only,20260723,-0.28500000000000003,0.28327810764312744,0.2716456816016144
P3,Anchor loss only,20260723,-0.2775,0.2843207120895386,0.2723300413226096
P3,Anchor loss only,20260723,-0.27,0.2853614389896393,0.2730190322144604
P3,Anchor loss only,20260723,-0.2625,0.2863999605178833,0.2737125691360018
P3,Anchor loss only,20260723,-0.255,0.28743600845336914,0.2744105640791237
P3,Anchor loss only,20260723,-0.24750000000000005,0.28846919536590576,0.2751129261949298
P3,Anchor loss only,20260723,-0.24,0.28949934244155884,0.2758195618234552
P3,Anchor loss only,20260723,-0.23250000000000004,0.2905261218547821,0.27653037452696
P3,Anchor loss only,20260723,-0.22499999999999998,0.2915492653846741,0.27724526512680997
P3,Anchor loss only,20260723,-0.21750000000000003,0.29256850481033325,0.2779641317439471
P3,Anchor loss only,20260723,-0.20999999999999996,0.29358357191085815,0.27868686984294644
P3,Anchor loss only,20260723,-0.2025,0.2945942282676697,0.27941337227964685
P3,Anchor loss only,20260723,-0.19500000000000006,0.2956002950668335,0.2801435293523366
P3,Anchor loss only,20260723,-0.1875,0.29660141468048096,0.28087722885646643
P3,Anchor loss only,20260723,-0.18000000000000005,0.2975974380970001,0.2816143561428546
P3,Anchor loss only,20260723,-0.1725,0.2985881268978119,0.28235479417934123
P3,Anchor loss only,20260723,-0.16500000000000004,0.29957327246665955,0.28309842361584003
P3,Anchor loss only,20260723,-0.15749999999999997,0.30055269598960876,0.2838451228527292
P3,Anchor loss only,20260723,-0.15000000000000002,0.30152615904808044,0.28459476811251394
P3,Anchor loss only,20260723,-0.14250000000000007,0.30249351263046265,0.28534723351468483
P3,Anchor loss only,20260723,-0.135,0.30345457792282104,0.2861023911536912
P3,Anchor loss only,20260723,-0.12750000000000006,0.3044091761112213,0.2868601111799366
P3,Anchor loss only,20260723,-0.12,0.3053571581840515,0.2876202618837003
P3,Anchor loss only,20260723,-0.11250000000000004,0.3062983751296997,0.28838270978187835
P3,Anchor loss only,20260723,-0.10499999999999998,0.30723267793655396,0.28914731970743135
P3,Anchor loss only,20260723,-0.09750000000000003,0.3081599473953247,0.2899139549014202
P3,Anchor loss only,20260723,-0.09000000000000008,0.30908000469207764,0.29068247710750234
P3,Anchor loss only,20260723,-0.08250000000000002,0.30999282002449036,0.29145274666875687
P3,Anchor loss only,20260723,-0.07500000000000007,0.3108982443809509,0.2922246226266985
P3,Anchor loss only,20260723,-0.0675,0.3117961287498474,0.2929979628223361
P3,Anchor loss only,20260723,-0.06000000000000005,0.3126864433288574,0.2937726239991255
P3,Anchor loss only,20260723,-0.05249999999999999,0.3135690987110138,0.2945484619076617
P3,Anchor loss only,20260723,-0.04500000000000004,0.31444400548934937,0.2953253314119491
P3,Anchor loss only,20260723,-0.03749999999999998,0.315311074256897,0.29610308659708684
P3,Anchor loss only,20260723,-0.030000000000000027,0.31617027521133423,0.29688158087820066
P3,Anchor loss only,20260723,-0.022500000000000075,0.3170214891433716,0.29766066711044903
P3,Anchor loss only,20260723,-0.015000000000000013,0.3178647458553314,0.2984401976999299
P3,Anchor loss only,20260723,-0.007500000000000062,0.31869998574256897,0.2992200247153102
P3,Anchor loss only,20260723,0.0,0.31952711939811707,0.3
P3,Anchor loss only,20260723,0.007499999999999951,0.3203461766242981,0.3007799752846898
P3,Anchor loss only,20260723,0.015000000000000013,0.3211570978164673,0.30155980230007007
P3,Anchor loss only,20260723,0.022499999999999964,0.32195985317230225,0.30233933288955095
P3,Anchor loss only,20260723,0.030000000000000027,0.32275447249412537,0.3031184191217993
P3,Anchor loss only,20260723,0.03749999999999998,0.32354092597961426,0.30389691340291314
P3,Anchor loss only,20260723,0.04499999999999993,0.32431918382644653,0.30467466858805087
P3,Anchor loss only,20260723,0.05249999999999999,0.3250892758369446,0.30545153809233827
P3,Anchor loss only,20260723,0.05999999999999994,0.3258512616157532,0.30622737600087446
P3,Anchor loss only,20260723,0.0675,0.32660502195358276,0.3070020371776639
P3,Anchor loss only,20260723,0.07499999999999996,0.3273507058620453,0.30777537737330146
P3,Anchor loss only,20260723,0.08250000000000002,0.32808825373649597,0.3085472533312431
P3,Anchor loss only,20260723,0.08999999999999997,0.3288177251815796,0.30931752289249764
P3,Anchor loss only,20260723,0.09749999999999992,0.32953912019729614,0.3100860450985798
P3,Anchor loss only,20260723,0.10499999999999998,0.330252468585968,0.31085268029256863
P3,Anchor loss only,20260723,0.11249999999999993,0.33095788955688477,0.3116172902181216
P3,Anchor loss only,20260723,0.12,0.3316552937030792,0.31237973811629965
P3,Anchor loss only,20260723,0.12749999999999995,0.33234480023384094,0.3131398888200634
P3,Anchor loss only,20260723,0.135,0.3330264687538147,0.3138976088463088
P3,Anchor loss only,20260723,0.14249999999999996,0.3337002396583557,0.3146527664853151
P3,Anchor loss only,20260723,0.1499999999999999,0.3343662917613983,0.31540523188748604
P3,Anchor loss only,20260723,0.15749999999999997,0.3350245952606201,0.31615487714727075
P3,Anchor loss only,20260723,0.16499999999999992,0.3356752395629883,0.31690157638415994
P3,Anchor loss only,20260723,0.1725,0.3363182842731476,0.31764520582065875
P3,Anchor loss only,20260723,0.17999999999999994,0.3369537591934204,0.31838564385714535
P3,Anchor loss only,20260723,0.1875,0.3375817537307739,0.31912277114353355
P3,Anchor loss only,20260723,0.19499999999999995,0.3382022976875305,0.31985647064766337
P3,Anchor loss only,20260723,0.2025,0.33881551027297974,0.3205866277203531
P3,Anchor loss only,20260723,0.20999999999999996,0.3394213318824768,0.32131313015705354
P3,Anchor loss only,20260723,0.21749999999999992,0.34002000093460083,0.3220358682560529
P3,Anchor loss only,20260723,0.22499999999999998,0.34061145782470703,0.32275473487319
P3,Anchor loss only,20260723,0.23249999999999993,0.34119582176208496,0.32346962547304
P3,Anchor loss only,20260723,0.24,0.3417731821537018,0.3241804381765448
P3,Anchor loss only,20260723,0.24749999999999994,0.3423435091972351,0.3248870738050702
P3,Anchor loss only,20260723,0.2549999999999999,0.34290701150894165,0.3255894359208763
P3,Anchor loss only,20260723,0.26249999999999996,0.343463659286499,0.3262874308639982
P3,Anchor loss only,20260723,0.27,0.3440135717391968,0.3269809677855396
P3,Anchor loss only,20260723,0.27749999999999986,0.3445568084716797,0.32766995867739035
P3,Anchor loss only,20260723,0.2849999999999999,0.34509342908859253,0.3283543183983856
P3,Anchor loss only,20260723,0.2925,0.34562355279922485,0.32903396469693
P3,Anchor loss only,20260723,0.30000000000000004,0.34614720940589905,0.3297088182301206
P3,Anchor loss only,20260723,0.3074999999999999,0.3466644883155823,0.33037880257940316
P3,Anchor loss only,20260723,0.31499999999999995,0.3471754193305969,0.3310438442628082
P3,Anchor loss only,20260723,0.3225,0.34768015146255493,0.33170387274381485
P3,Anchor loss only,20260723,0.33000000000000007,0.3481787443161011,0.3323588204368989
P3,Anchor loss only,20260723,0.3374999999999999,0.34867122769355774,0.3330086227098251
P3,Anchor loss only,20260723,0.345,0.3491576910018921,0.3336532178827498
P3,Anchor loss only,20260723,0.35250000000000004,0.3496382534503937,0.33429254722420426
P3,Anchor loss only,20260723,0.3599999999999999,0.3501129150390625,0.33492655494403356
P3,Anchor loss only,20260723,0.36749999999999994,0.3505818247795105,0.33555518818337016
P3,Anchor loss only,20260723,0.375,0.35104501247406006,0.33617839700172464
P3,Anchor loss only,20260723,0.38250000000000006,0.35150256752967834,0.33679613436128053
P3,Anchor loss only,20260723,0.3899999999999999,0.3519545793533325,0.3374083561084815
P3,Anchor loss only,20260723,0.39749999999999996,0.3524010181427002,0.33801502095300495
P3,Anchor loss only,20260723,0.405,0.3528420925140381,0.33861609044421415
P3,Anchor loss only,20260723,0.41249999999999987,0.3532778024673462,0.33921152894518897
P3,Anchor loss only,20260723,0.41999999999999993,0.35370826721191406,0.3398013036044313
P3,Anchor loss only,20260723,0.4275,0.3541334867477417,0.3403853843253474
P3,Anchor loss only,20260723,0.43500000000000005,0.35455358028411865,0.34096374373360794
P3,Anchor loss only,20260723,0.4424999999999999,0.3549685478210449,0.341536357142489
P3,Anchor loss only,20260723,0.44999999999999996,0.3553785979747772,0.34210320251629683
P3,Anchor loss only,20260723,0.4575,0.3557836711406708,0.342664260431981
P3,Anchor loss only,20260723,0.46499999999999986,0.3561839163303375,0.34321951403903916
P3,Anchor loss only,20260723,0.4724999999999999,0.35657936334609985,0.34376894901781785
P3,Anchor loss only,20260723,0.48,0.35697004199028015,0.3443125535363132
P3,Anchor loss only,20260723,0.48750000000000004,0.35735607147216797,0.3448503182055732
P3,Anchor loss only,20260723,0.4949999999999999,0.35773754119873047,0.3453822360338061
P3,Anchor loss only,20260723,0.5025,0.35811445116996765,0.34590830237929365
P3,Anchor loss only,20260723,0.51,0.3584868907928467,0.3464285149022109
P3,Anchor loss only,20260723,0.5174999999999998,0.3588549494743347,0.3469428735154505
P3,Anchor loss only,20260723,0.5249999999999999,0.35921865701675415,0.3474513803345492
P3,Anchor loss only,20260723,0.5325,0.35957804322242737,0.34795403962681043
P3,Anchor loss only,20260723,0.54,0.3599332571029663,0.34845085775971835
P3,Anchor loss only,20260723,0.5474999999999999,0.36028432846069336,0.348941843148733
P3,Anchor loss only,20260723,0.5549999999999999,0.3606312572956085,0.3494270062045573
P3,Anchor loss only,20260723,0.5625,0.36097419261932373,0.34990635927996133
P3,Anchor loss only,20260723,0.5699999999999998,0.3613131046295166,0.35037991661625
P3,Anchor loss only,20260723,0.5774999999999999,0.3616481423377991,0.3508476942894551
P3,Anchor loss only,20260723,0.585,0.36197927594184875,0.3513097101563318
P3,Anchor loss only,20260723,0.5925,0.3623066544532776,0.3517659838002362
P3,Anchor loss only,20260723,0.5999999999999999,0.3626302182674408,0.35221653647695916
P3,Anchor loss only,20260723,0.6074999999999999,0.3629501461982727,0.3526613910605862
P3,Anchor loss only,20260723,0.615,0.3632664084434509,0.35310057198945366
P3,Anchor loss only,20260723,0.6225,0.3635790944099426,0.35353410521226647
P3,Anchor loss only,20260723,0.6299999999999999,0.3638882040977478,0.3539620181344406
P3,Anchor loss only,20260723,0.6375,0.3641938865184784,0.3543843395647306
P3,Anchor loss only,20260723,0.645,0.364496111869812,0.3548010996621992
P3,Anchor loss only,20260723,0.6524999999999999,0.3647949695587158,0.35521232988358425
P3,Anchor loss only,20260723,0.6599999999999999,0.3650905191898346,0.3556180629311138
P3,Anchor loss only,20260723,0.6675,0.36538273096084595,0.3560183327008191
P3,Anchor loss only,20260723,0.675,0.3656717836856842,0.3564131742313908
P3,Anchor loss only,20260723,0.6824999999999999,0.365957647562027,0.356802623653622
P3,Anchor loss only,20260723,0.69,0.36624035239219666,0.35718671814047925
P3,Anchor loss only,20260723,0.6975,0.3665199875831604,0.3575654958578385
P3,Anchor loss only,20260723,0.7049999999999998,0.3667965531349182,0.35793899591592165
P3,Anchor loss only,20260723,0.7124999999999999,0.36707016825675964,0.3583072583214666
P3,Anchor loss only,20260723,0.72,0.3673408031463623,0.35867032393066073
P3,Anchor loss only,20260723,0.7275,0.36760854721069336,0.35902823440286524
P3,Anchor loss only,20260723,0.7349999999999999,0.3678734302520752,0.35938103215515604
P3,Anchor loss only,20260723,0.7424999999999999,0.3681355118751526,0.35972876031770373
P3,Anchor loss only,20260723,0.75,0.36839479207992554,0.36007146269001333
P4,Restricted rollout-only,20260719,-0.75,0.2554997205734253,0.23992853730998662
P4,Restricted rollout-only,20260719,-0.7425,0.2560913562774658,0.24027123968229624
P4,Restricted rollout-only,20260719,-0.735,0.2566918432712555,0.24061896784484396
P4,Restricted rollout-only,20260719,-0.7275,0.2573011815547943,0.24097176559713476
P4,Restricted rollout-only,20260719,-0.72,0.25791940093040466,0.24132967606933925
P4,Restricted rollout-only,20260719,-0.7125,0.25854653120040894,0.24169274167853338
P4,Restricted rollout-only,20260719,-0.705,0.2591826021671295,0.24206100408407832
P4,Restricted rollout-only,20260719,-0.6975,0.2598276138305664,0.24243450414216147
P4,Restricted rollout-only,20260719,-0.69,0.260481595993042,0.24281328185952072
P4,Restricted rollout-only,20260719,-0.6825,0.2611445486545563,0.243197376346378
P4,Restricted rollout-only,20260719,-0.675,0.26181644201278687,0.24358682576860918
P4,Restricted rollout-only,20260719,-0.6675,0.26249730587005615,0.24398166729918083
P4,Restricted rollout-only,20260719,-0.66,0.26318708062171936,0.24438193706888614
P4,Restricted rollout-only,20260719,-0.6525,0.2638857960700989,0.24478767011641572
P4,Restricted rollout-only,20260719,-0.645,0.26459336280822754,0.24519890033780076
P4,Restricted rollout-only,20260719,-0.6375,0.26530978083610535,0.2456156604352694
P4,Restricted rollout-only,20260719,-0.63,0.2660350203514099,0.24603798186555936
P4,Restricted rollout-only,20260719,-0.6225,0.2667689919471741,0.2464658947877335
P4,Restricted rollout-only,20260719,-0.615,0.26751163601875305,0.24689942801054632
P4,Restricted rollout-only,20260719,-0.6075,0.26826292276382446,0.24733860893941376
P4,Restricted rollout-only,20260719,-0.6,0.26902276277542114,0.2477834635230408
P4,Restricted rollout-only,20260719,-0.5925,0.26979103684425354,0.24823401619976376
P4,Restricted rollout-only,20260719,-0.585,0.2705676853656769,0.2486902898436682
P4,Restricted rollout-only,20260719,-0.5775,0.2713525891304016,0.24915230571054484
P4,Restricted rollout-only,20260719,-0.5700000000000001,0.27214565873146057,0.24962008338374994
P4,Restricted rollout-only,20260719,-0.5625,0.2729467451572418,0.25009364072003865
P4,Restricted rollout-only,20260719,-0.5549999999999999,0.2737557291984558,0.2505729937954427
P4,Restricted rollout-only,20260719,-0.5475,0.274572491645813,0.251058156851267
P4,Restricted rollout-only,20260719,-0.54,0.2753968834877014,0.25154914224028163
P4,Restricted rollout-only,20260719,-0.5325,0.27622872591018677,0.25204596037318955
P4,Restricted rollout-only,20260719,-0.525,0.2770678997039795,0.2525486196654508
P4,Restricted rollout-only,20260719,-0.5175000000000001,0.2779141664505005,0.2530571264845494
P4,Restricted rollout-only,20260719,-0.51,0.2787674367427826,0.2535714850977891
P4,Restricted rollout-only,20260719,-0.5025,0.2796274423599243,0.2540916976207063
P4,Restricted rollout-only,20260719,-0.495,0.2804940342903137,0.25461776396619384
P4,Restricted rollout-only,20260719,-0.4875,0.2813669443130493,0.25514968179442676
P4,Restricted rollout-only,20260719,-0.48,0.28224605321884155,0.2556874464636868
P4,Restricted rollout-only,20260719,-0.47250000000000003,0.28313106298446655,0.2562310509821821
P4,Restricted rollout-only,20260719,-0.465,0.28402179479599,0.2567804859609608
P4,Restricted rollout-only,20260719,-0.4575,0.284917950630188,0.257335739568019
P4,Restricted rollout-only,20260719,-0.45,0.2858193516731262,0.2578967974837031
P4,Restricted rollout-only,20260719,-0.4425,0.2867257297039032,0.258463642857511
P4,Restricted rollout-only,20260719,-0.435,0.28763681650161743,0.25903625626639204
P4,Restricted rollout-only,20260719,-0.4275,0.28855234384536743,0.2596146156746526
P4,Restricted rollout-only,20260719,-0.42000000000000004,0.2894720435142517,0.2601986963955687
P4,Restricted rollout-only,20260719,-0.41250000000000003,0.29039567708969116,0.260788471054811
P4,Restricted rollout-only,20260719,-0.405,0.2913229167461395,0.26138390955578583
P4,Restricted rollout-only,20260719,-0.3975,0.2922534942626953,0.261984979046995
P4,Restricted rollout-only,20260719,-0.39,0.29318714141845703,0.26259164389151846
P4,Restricted rollout-only,20260719,-0.3825,0.2941235899925232,0.26320386563871945
P4,Restricted rollout-only,20260719,-0.375,0.29506242275238037,0.26382160299827534
P4,Restricted rollout-only,20260719,-0.3675,0.29600346088409424,0.2644448118166298
P4,Restricted rollout-only,20260719,-0.36,0.2969464063644409,0.2650734450559664
P4,Restricted rollout-only,20260719,-0.35250000000000004,0.297890841960907,0.2657074527757957
P4,Restricted rollout-only,20260719,-0.34500000000000003,0.2988365888595581,0.26634678211725016
P4,Restricted rollout-only,20260719,-0.3375,0.29978328943252563,0.26699137729017486
P4,Restricted rollout-only,20260719,-0.33,0.3007306158542633,0.2676411795631011
P4,Restricted rollout-only,20260719,-0.3225,0.30167829990386963,0.2682961272561851
P4,Restricted rollout-only,20260719,-0.315,0.30262598395347595,0.2689561557371918
P4,Restricted rollout-only,20260719,-0.3075,0.3035733997821808,0.2696211974205968
P4,Restricted rollout-only,20260719,-0.30000000000000004,0.30452024936676025,0.2702911817698794
P4,Restricted rollout-only,20260719,-0.29250000000000004,0.3054662048816681,0.27096603530306995
P4,Restricted rollout-only,20260719,-0.28500000000000003,0.3064109981060028,0.2716456816016144
P4,Restricted rollout-only,20260719,-0.2775,0.30735430121421814,0.2723300413226096
P4,Restricted rollout-only,20260719,-0.27,0.3082958459854126,0.2730190322144604
P4,Restricted rollout-only,20260719,-0.2625,0.3092353045940399,0.2737125691360018
P4,Restricted rollout-only,20260719,-0.255,0.3101723790168762,0.2744105640791237
P4,Restricted rollout-only,20260719,-0.24750000000000005,0.3111068606376648,0.2751129261949298
P4,Restricted rollout-only,20260719,-0.24,0.3120384216308594,0.2758195618234552
P4,Restricted rollout-only,20260719,-0.23250000000000004,0.3129667639732361,0.27653037452696
P4,Restricted rollout-only,20260719,-0.22499999999999998,0.3138916790485382,0.27724526512680997
P4,Restricted rollout-only,20260719,-0.21750000000000003,0.3148128390312195,0.2779641317439471
P4,Restricted rollout-only,20260719,-0.20999999999999996,0.3157300651073456,0.27868686984294644
P4,Restricted rollout-only,20260719,-0.2025,0.3166430592536926,0.27941337227964685
P4,Restricted rollout-only,20260719,-0.19500000000000006,0.31755155324935913,0.2801435293523366
P4,Restricted rollout-only,20260719,-0.1875,0.31845539808273315,0.28087722885646643
P4,Restricted rollout-only,20260719,-0.18000000000000005,0.31935423612594604,0.2816143561428546
P4,Restricted rollout-only,20260719,-0.1725,0.32024794816970825,0.28235479417934123
P4,Restricted rollout-only,20260719,-0.16500000000000004,0.3211362957954407,0.28309842361584003
P4,Restricted rollout-only,20260719,-0.15749999999999997,0.3220190405845642,0.2838451228527292
P4,Restricted rollout-only,20260719,-0.15000000000000002,0.3228960633277893,0.28459476811251394
P4,Restricted rollout-only,20260719,-0.14250000000000007,0.3237670660018921,0.28534723351468483
P4,Restricted rollout-only,20260719,-0.135,0.324631929397583,0.2861023911536912
P4,Restricted rollout-only,20260719,-0.12750000000000006,0.32549047470092773,0.2868601111799366
P4,Restricted rollout-only,20260719,-0.12,0.32634249329566956,0.2876202618837003
P4,Restricted rollout-only,20260719,-0.11250000000000004,0.3271878659725189,0.28838270978187835
P4,Restricted rollout-only,20260719,-0.10499999999999998,0.3280264437198639,0.28914731970743135
P4,Restricted rollout-only,20260719,-0.09750000000000003,0.32885807752609253,0.2899139549014202
P4,Restricted rollout-only,20260719,-0.09000000000000008,0.3296826183795929,0.29068247710750234
P4,Restricted rollout-only,20260719,-0.08250000000000002,0.33049994707107544,0.29145274666875687
P4,Restricted rollout-only,20260719,-0.07500000000000007,0.3313099145889282,0.2922246226266985
P4,Restricted rollout-only,20260719,-0.0675,0.33211249113082886,0.2929979628223361
P4,Restricted rollout-only,20260719,-0.06000000000000005,0.332907497882843,0.2937726239991255
P4,Restricted rollout-only,20260719,-0.05249999999999999,0.3336948752403259,0.2945484619076617
P4,Restricted rollout-only,20260719,-0.04500000000000004,0.3344745635986328,0.2953253314119491
P4,Restricted rollout-only,20260719,-0.03749999999999998,0.33524638414382935,0.29610308659708684
P4,Restricted rollout-only,20260719,-0.030000000000000027,0.3360103368759155,0.29688158087820066
P4,Restricted rollout-only,20260719,-0.022500000000000075,0.33676639199256897,0.29766066711044903
P4,Restricted rollout-only,20260719,-0.015000000000000013,0.33751440048217773,0.2984401976999299
P4,Restricted rollout-only,20260719,-0.007500000000000062,0.3382543921470642,0.2992200247153102
P4,Restricted rollout-only,20260719,0.0,0.33898627758026123,0.3
P4,Restricted rollout-only,20260719,0.007499999999999951,0.339709997177124,0.3007799752846898
P4,Restricted rollout-only,20260719,0.015000000000000013,0.34042561054229736,0.30155980230007007
P4,Restricted rollout-only,20260719,0.022499999999999964,0.3411329686641693,0.30233933288955095
P4,Restricted rollout-only,20260719,0.030000000000000027,0.34183210134506226,0.3031184191217993
P4,Restricted rollout-only,20260719,0.03749999999999998,0.34252309799194336,0.30389691340291314
P4,Restricted rollout-only,20260719,0.04499999999999993,0.3432058095932007,0.30467466858805087
P4,Restricted rollout-only,20260719,0.05249999999999999,0.343880295753479,0.30545153809233827
P4,Restricted rollout-only,20260719,0.05999999999999994,0.3445465564727783,0.30622737600087446
P4,Restricted rollout-only,20260719,0.0675,0.34520459175109863,0.3070020371776639
P4,Restricted rollout-only,20260719,0.07499999999999996,0.34585440158843994,0.30777537737330146
P4,Restricted rollout-only,20260719,0.08250000000000002,0.346496045589447,0.3085472533312431
P4,Restricted rollout-only,20260719,0.08999999999999997,0.3471295237541199,0.30931752289249764
P4,Restricted rollout-only,20260719,0.09749999999999992,0.3477548658847809,0.3100860450985798
P4,Restricted rollout-only,20260719,0.10499999999999998,0.34837210178375244,0.31085268029256863
P4,Restricted rollout-only,20260719,0.11249999999999993,0.34898126125335693,0.3116172902181216
P4,Restricted rollout-only,20260719,0.12,0.34958234429359436,0.31237973811629965
P4,Restricted rollout-only,20260719,0.12749999999999995,0.35017549991607666,0.3131398888200634
P4,Restricted rollout-only,20260719,0.135,0.35076063871383667,0.3138976088463088
P4,Restricted rollout-only,20260719,0.14249999999999996,0.35133790969848633,0.3146527664853151
P4,Restricted rollout-only,20260719,0.1499999999999999,0.35190731287002563,0.31540523188748604
P4,Restricted rollout-only,20260719,0.15749999999999997,0.35246890783309937,0.31615487714727075
P4,Restricted rollout-only,20260719,0.16499999999999992,0.35302281379699707,0.31690157638415994
P4,Restricted rollout-only,20260719,0.1725,0.35356903076171875,0.31764520582065875
P4,Restricted rollout-only,20260719,0.17999999999999994,0.3541076183319092,0.31838564385714535
P4,Restricted rollout-only,20260719,0.1875,0.35463863611221313,0.31912277114353355
P4,Restricted rollout-only,20260719,0.19499999999999995,0.3551621437072754,0.31985647064766337
P4,Restricted rollout-only,20260719,0.2025,0.3556782603263855,0.3205866277203531
P4,Restricted rollout-only,20260719,0.20999999999999996,0.35618704557418823,0.32131313015705354
P4,Restricted rollout-only,20260719,0.21749999999999992,0.3566884994506836,0.3220358682560529
P4,Restricted rollout-only,20260719,0.22499999999999998,0.3571828007698059,0.32275473487319
P4,Restricted rollout-only,20260719,0.23249999999999993,0.3576699495315552,0.32346962547304
P4,Restricted rollout-only,20260719,0.24,0.35815000534057617,0.3241804381765448
P4,Restricted rollout-only,20260719,0.24749999999999994,0.35862308740615845,0.3248870738050702
P4,Restricted rollout-only,20260719,0.2549999999999999,0.3590892553329468,0.3255894359208763
P4,Restricted rollout-only,20260719,0.26249999999999996,0.3595486283302307,0.3262874308639982
P4,Restricted rollout-only,20260719,0.27,0.36000120639801025,0.3269809677855396
P4,Restricted rollout-only,20260719,0.27749999999999986,0.36044713854789734,0.32766995867739035
P4,Restricted rollout-only,20260719,0.2849999999999999,0.36088645458221436,0.3283543183983856
P4,Restricted rollout-only,20260719,0.2925,0.36131924390792847,0.32903396469693
P4,Restricted rollout-only,20260719,0.30000000000000004,0.3617456257343292,0.3297088182301206
P4,Restricted rollout-only,20260719,0.3074999999999999,0.362165629863739,0.33037880257940316
P4,Restricted rollout-only,20260719,0.31499999999999995,0.3625794053077698,0.3310438442628082
P4,Restricted rollout-only,20260719,0.3225,0.3629869222640991,0.33170387274381485
P4,Restricted rollout-only,20260719,0.33000000000000007,0.3633883595466614,0.3323588204368989
P4,Restricted rollout-only,20260719,0.3374999999999999,0.36378374695777893,0.3330086227098251
P4,Restricted rollout-only,20260719,0.345,0.3641732335090637,0.3336532178827498
P4,Restricted rollout-only,20260719,0.35250000000000004,0.36455678939819336,0.33429254722420426
P4,Restricted rollout-only,20260719,0.3599999999999999,0.3649345636367798,0.33492655494403356
P4,Restricted rollout-only,20260719,0.36749999999999994,0.36530664563179016,0.33555518818337016
P4,Restricted rollout-only,20260719,0.375,0.3656730651855469,0.33617839700172464
P4,Restricted rollout-only,20260719,0.38250000000000006,0.3660339415073395,0.33679613436128053
P4,Restricted rollout-only,20260719,0.3899999999999999,0.36638936400413513,0.3374083561084815
P4,Restricted rollout-only,20260719,0.39749999999999996,0.3667393922805786,0.33801502095300495
P4,Restricted rollout-only,20260719,0.405,0.3670840859413147,0.33861609044421415
P4,Restricted rollout-only,20260719,0.41249999999999987,0.36742356419563293,0.33921152894518897
P4,Restricted rollout-only,20260719,0.41999999999999993,0.3677578568458557,0.3398013036044313
P4,Restricted rollout-only,20260719,0.4275,0.3680870532989502,0.3403853843253474
P4,Restricted rollout-only,20260719,0.43500000000000005,0.36841127276420593,0.34096374373360794
P4,Restricted rollout-only,20260719,0.4424999999999999,0.3687305152416229,0.341536357142489
P4,Restricted rollout-only,20260719,0.44999999999999996,0.3690449595451355,0.34210320251629683
P4,Restricted rollout-only,20260719,0.4575,0.3693545460700989,0.342664260431981
P4,Restricted rollout-only,20260719,0.46499999999999986,0.3696594834327698,0.34321951403903916
P4,Restricted rollout-only,20260719,0.4724999999999999,0.3699597120285034,0.34376894901781785
P4,Restricted rollout-only,20260719,0.48,0.37025541067123413,0.3443125535363132
P4,Restricted rollout-only,20260719,0.48750000000000004,0.3705465793609619,0.3448503182055732
P4,Restricted rollout-only,20260719,0.4949999999999999,0.3708333671092987,0.3453822360338061
P4,Restricted rollout-only,20260719,0.5025,0.3711157739162445,0.34590830237929365
P4,Restricted rollout-only,20260719,0.51,0.3713938593864441,0.3464285149022109
P4,Restricted rollout-only,20260719,0.5174999999999998,0.3716678023338318,0.3469428735154505
P4,Restricted rollout-only,20260719,0.5249999999999999,0.37193751335144043,0.3474513803345492
P4,Restricted rollout-only,20260719,0.5325,0.37220314145088196,0.34795403962681043
P4,Restricted rollout-only,20260719,0.54,0.37246474623680115,0.34845085775971835
P4,Restricted rollout-only,20260719,0.5474999999999999,0.37272241711616516,0.348941843148733
P4,Restricted rollout-only,20260719,0.5549999999999999,0.3729761838912964,0.3494270062045573
P4,Restricted rollout-only,20260719,0.5625,0.3732261061668396,0.34990635927996133
P4,Restricted rollout-only,20260719,0.5699999999999998,0.3734722435474396,0.35037991661625
P4,Restricted rollout-only,20260719,0.5774999999999999,0.3737146854400635,0.3508476942894551
P4,Restricted rollout-only,20260719,0.585,0.3739534616470337,0.3513097101563318
P4,Restricted rollout-only,20260719,0.5925,0.3741886615753174,0.3517659838002362
P4,Restricted rollout-only,20260719,0.5999999999999999,0.3744203448295593,0.35221653647695916
P4,Restricted rollout-only,20260719,0.6074999999999999,0.3746485114097595,0.3526613910605862
P4,Restricted rollout-only,20260719,0.615,0.3748733103275299,0.35310057198945366
P4,Restricted rollout-only,20260719,0.6225,0.3750947117805481,0.35353410521226647
P4,Restricted rollout-only,20260719,0.6299999999999999,0.37531280517578125,0.3539620181344406
P4,Restricted rollout-only,20260719,0.6375,0.37552765011787415,0.3543843395647306
P4,Restricted rollout-only,20260719,0.645,0.37573933601379395,0.3548010996621992
P4,Restricted rollout-only,20260719,0.6524999999999999,0.37594783306121826,0.35521232988358425
P4,Restricted rollout-only,20260719,0.6599999999999999,0.37615323066711426,0.3556180629311138
P4,Restricted rollout-only,20260719,0.6675,0.3763555884361267,0.3560183327008191
P4,Restricted rollout-only,20260719,0.675,0.37655502557754517,0.3564131742313908
P4,Restricted rollout-only,20260719,0.6824999999999999,0.3767514228820801,0.356802623653622
P4,Restricted rollout-only,20260719,0.69,0.37694498896598816,0.35718671814047925
P4,Restricted rollout-only,20260719,0.6975,0.377135694026947,0.3575654958578385
P4,Restricted rollout-only,20260719,0.7049999999999998,0.37732362747192383,0.35793899591592165
P4,Restricted rollout-only,20260719,0.7124999999999999,0.37750881910324097,0.3583072583214666
P4,Restricted rollout-only,20260719,0.72,0.37769126892089844,0.35867032393066073
P4,Restricted rollout-only,20260719,0.7275,0.3778710663318634,0.35902823440286524
P4,Restricted rollout-only,20260719,0.7349999999999999,0.37804824113845825,0.35938103215515604
P4,Restricted rollout-only,20260719,0.7424999999999999,0.37822288274765015,0.35972876031770373
P4,Restricted rollout-only,20260719,0.75,0.3783949613571167,0.36007146269001333
P4,Restricted rollout-only,20260720,-0.75,0.2497694343328476,0.23992853730998662
P4,Restricted rollout-only,20260720,-0.7425,0.2502337098121643,0.24027123968229624
P4,Restricted rollout-only,20260720,-0.735,0.250702828168869,0.24061896784484396
P4,Restricted rollout-only,20260720,-0.7275,0.2511768043041229,0.24097176559713476
P4,Restricted rollout-only,20260720,-0.72,0.2516556978225708,0.24132967606933925
P4,Restricted rollout-only,20260720,-0.7125,0.25213944911956787,0.24169274167853338
P4,Restricted rollout-only,20260720,-0.705,0.2526281177997589,0.24206100408407832
P4,Restricted rollout-only,20260720,-0.6975,0.25312167406082153,0.24243450414216147
P4,Restricted rollout-only,20260720,-0.69,0.2536201477050781,0.24281328185952072
P4,Restricted rollout-only,20260720,-0.6825,0.2541235387325287,0.243197376346378
P4,Restricted rollout-only,20260720,-0.675,0.2546318471431732,0.24358682576860918
P4,Restricted rollout-only,20260720,-0.6675,0.2551450729370117,0.24398166729918083
P4,Restricted rollout-only,20260720,-0.66,0.2556631863117218,0.24438193706888614
P4,Restricted rollout-only,20260720,-0.6525,0.25618624687194824,0.24478767011641572
P4,Restricted rollout-only,20260720,-0.645,0.25671422481536865,0.24519890033780076
P4,Restricted rollout-only,20260720,-0.6375,0.25724706053733826,0.2456156604352694
P4,Restricted rollout-only,20260720,-0.63,0.2577848434448242,0.24603798186555936
P4,Restricted rollout-only,20260720,-0.6225,0.2583274841308594,0.2464658947877335
P4,Restricted rollout-only,20260720,-0.615,0.2588750123977661,0.24689942801054632
P4,Restricted rollout-only,20260720,-0.6075,0.25942739844322205,0.24733860893941376
P4,Restricted rollout-only,20260720,-0.6,0.2599846124649048,0.2477834635230408
P4,Restricted rollout-only,20260720,-0.5925,0.2605466842651367,0.24823401619976376
P4,Restricted rollout-only,20260720,-0.585,0.26111358404159546,0.2486902898436682
P4,Restricted rollout-only,20260720,-0.5775,0.26168525218963623,0.24915230571054484
P4,Restricted rollout-only,20260720,-0.5700000000000001,0.26226168870925903,0.24962008338374994
P4,Restricted rollout-only,20260720,-0.5625,0.2628428637981415,0.25009364072003865
P4,Restricted rollout-only,20260720,-0.5549999999999999,0.26342877745628357,0.2505729937954427
P4,Restricted rollout-only,20260720,-0.5475,0.2640193700790405,0.251058156851267
P4,Restricted rollout-only,20260720,-0.54,0.26461464166641235,0.25154914224028163
P4,Restricted rollout-only,20260720,-0.5325,0.26521456241607666,0.25204596037318955
P4,Restricted rollout-only,20260720,-0.525,0.2658190429210663,0.2525486196654508
P4,Restricted rollout-only,20260720,-0.5175000000000001,0.2664280831813812,0.2530571264845494
P4,Restricted rollout-only,20260720,-0.51,0.2670416533946991,0.2535714850977891
P4,Restricted rollout-only,20260720,-0.5025,0.2676597237586975,0.2540916976207063
P4,Restricted rollout-only,20260720,-0.495,0.2682822346687317,0.25461776396619384
P4,Restricted rollout-only,20260720,-0.4875,0.26890912652015686,0.25514968179442676
P4,Restricted rollout-only,20260720,-0.48,0.26954036951065063,0.2556874464636868
P4,Restricted rollout-only,20260720,-0.47250000000000003,0.27017590403556824,0.2562310509821821
P4,Restricted rollout-only,20260720,-0.465,0.27081573009490967,0.2567804859609608
P4,Restricted rollout-only,20260720,-0.4575,0.2714597284793854,0.257335739568019
P4,Restricted rollout-only,20260720,-0.45,0.272107869386673,0.2578967974837031
P4,Restricted rollout-only,20260720,-0.4425,0.2727601230144501,0.258463642857511
P4,Restricted rollout-only,20260720,-0.435,0.2734163999557495,0.25903625626639204
P4,Restricted rollout-only,20260720,-0.4275,0.2740766406059265,0.2596146156746526
P4,Restricted rollout-only,20260720,-0.42000000000000004,0.2747408151626587,0.2601986963955687
P4,Restricted rollout-only,20260720,-0.41250000000000003,0.27540886402130127,0.260788471054811
P4,Restricted rollout-only,20260720,-0.405,0.2760806679725647,0.26138390955578583
P4,Restricted rollout-only,20260720,-0.3975,0.2767561674118042,0.261984979046995
P4,Restricted rollout-only,20260720,-0.39,0.2774353623390198,0.26259164389151846
P4,Restricted rollout-only,20260720,-0.3825,0.2781180739402771,0.26320386563871945
P4,Restricted rollout-only,20260720,-0.375,0.27880433201789856,0.26382160299827534
P4,Restricted rollout-only,20260720,-0.3675,0.279494047164917,0.2644448118166298
P4,Restricted rollout-only,20260720,-0.36,0.28018707036972046,0.2650734450559664
P4,Restricted rollout-only,20260720,-0.35250000000000004,0.2808833718299866,0.2657074527757957
P4,Restricted rollout-only,20260720,-0.34500000000000003,0.28158292174339294,0.26634678211725016
P4,Restricted rollout-only,20260720,-0.3375,0.28228557109832764,0.26699137729017486
P4,Restricted rollout-only,20260720,-0.33,0.2829912602901459,0.2676411795631011
P4,Restricted rollout-only,20260720,-0.3225,0.2836998701095581,0.2682961272561851
P4,Restricted rollout-only,20260720,-0.315,0.28441140055656433,0.2689561557371918
P4,Restricted rollout-only,20260720,-0.3075,0.285125732421875,0.2696211974205968
P4,Restricted rollout-only,20260720,-0.30000000000000004,0.2858427166938782,0.2702911817698794
P4,Restricted rollout-only,20260720,-0.29250000000000004,0.28656232357025146,0.27096603530306995
P4,Restricted rollout-only,20260720,-0.28500000000000003,0.2872844636440277,0.2716456816016144
P4,Restricted rollout-only,20260720,-0.2775,0.28800901770591736,0.2723300413226096
P4,Restricted rollout-only,20260720,-0.27,0.28873592615127563,0.2730190322144604
P4,Restricted rollout-only,20260720,-0.2625,0.289465069770813,0.2737125691360018
P4,Restricted rollout-only,20260720,-0.255,0.29019638895988464,0.2744105640791237
P4,Restricted rollout-only,20260720,-0.24750000000000005,0.29092973470687866,0.2751129261949298
P4,Restricted rollout-only,20260720,-0.24,0.29166507720947266,0.2758195618234552
P4,Restricted rollout-only,20260720,-0.23250000000000004,0.2924022972583771,0.27653037452696
P4,Restricted rollout-only,20260720,-0.22499999999999998,0.29314124584198,0.27724526512680997
P4,Restricted rollout-only,20260720,-0.21750000000000003,0.29388192296028137,0.2779641317439471
P4,Restricted rollout-only,20260720,-0.20999999999999996,0.2946241497993469,0.27868686984294644
P4,Restricted rollout-only,20260720,-0.2025,0.2953678369522095,0.27941337227964685
P4,Restricted rollout-only,20260720,-0.19500000000000006,0.29611295461654663,0.2801435293523366
P4,Restricted rollout-only,20260720,-0.1875,0.2968592941761017,0.28087722885646643
P4,Restricted rollout-only,20260720,-0.18000000000000005,0.297606885433197,0.2816143561428546
P4,Restricted rollout-only,20260720,-0.1725,0.29835548996925354,0.28235479417934123
P4,Restricted rollout-only,20260720,-0.16500000000000004,0.29910510778427124,0.28309842361584003
P4,Restricted rollout-only,20260720,-0.15749999999999997,0.29985564947128296,0.2838451228527292
P4,Restricted rollout-only,20260720,-0.15000000000000002,0.30060693621635437,0.28459476811251394
P4,Restricted rollout-only,20260720,-0.14250000000000007,0.3013589382171631,0.28534723351468483
P4,Restricted rollout-only,20260720,-0.135,0.30211150646209717,0.2861023911536912
P4,Restricted rollout-only,20260720,-0.12750000000000006,0.30286455154418945,0.2868601111799366
P4,Restricted rollout-only,20260720,-0.12,0.30361801385879517,0.2876202618837003
P4,Restricted rollout-only,20260720,-0.11250000000000004,0.30437171459198,0.28838270978187835
P4,Restricted rollout-only,20260720,-0.10499999999999998,0.3051256537437439,0.28914731970743135
P4,Restricted rollout-only,20260720,-0.09750000000000003,0.305879682302475,0.2899139549014202
P4,Restricted rollout-only,20260720,-0.09000000000000008,0.30663371086120605,0.29068247710750234
P4,Restricted rollout-only,20260720,-0.08250000000000002,0.30738765001296997,0.29145274666875687
P4,Restricted rollout-only,20260720,-0.07500000000000007,0.3081413507461548,0.2922246226266985
P4,Restricted rollout-only,20260720,-0.0675,0.3088948130607605,0.2929979628223361
P4,Restricted rollout-only,20260720,-0.06000000000000005,0.3096478581428528,0.2937726239991255
P4,Restricted rollout-only,20260720,-0.05249999999999999,0.3104003965854645,0.2945484619076617
P4,Restricted rollout-only,20260720,-0.04500000000000004,0.3111523985862732,0.2953253314119491
P4,Restricted rollout-only,20260720,-0.03749999999999998,0.311903715133667,0.29610308659708684
P4,Restricted rollout-only,20260720,-0.030000000000000027,0.3126543164253235,0.29688158087820066
P4,Restricted rollout-only,20260720,-0.022500000000000075,0.31340399384498596,0.29766066711044903
P4,Restricted rollout-only,20260720,-0.015000000000000013,0.3141527771949768,0.2984401976999299
P4,Restricted rollout-only,20260720,-0.007500000000000062,0.31490057706832886,0.2992200247153102
P4,Restricted rollout-only,20260720,0.0,0.3156471848487854,0.3
P4,Restricted rollout-only,20260720,0.007499999999999951,0.31639260053634644,0.3007799752846898
P4,Restricted rollout-only,20260720,0.015000000000000013,0.3171367645263672,0.30155980230007007
P4,Restricted rollout-only,20260720,0.022499999999999964,0.3178795576095581,0.30233933288955095
P4,Restricted rollout-only,20260720,0.030000000000000027,0.318620890378952,0.3031184191217993
P4,Restricted rollout-only,20260720,0.03749999999999998,0.3193607032299042,0.30389691340291314
P4,Restricted rollout-only,20260720,0.04499999999999993,0.320098876953125,0.30467466858805087
P4,Restricted rollout-only,20260720,0.05249999999999999,0.3208353817462921,0.30545153809233827
P4,Restricted rollout-only,20260720,0.05999999999999994,0.32157012820243835,0.30622737600087446
P4,Restricted rollout-only,20260720,0.0675,0.32230299711227417,0.3070020371776639
P4,Restricted rollout-only,20260720,0.07499999999999996,0.3230339288711548,0.30777537737330146
P4,Restricted rollout-only,20260720,0.08250000000000002,0.3237628936767578,0.3085472533312431
P4,Restricted rollout-only,20260720,0.08999999999999997,0.3244898319244385,0.30931752289249764
P4,Restricted rollout-only,20260720,0.09749999999999992,0.32521456480026245,0.3100860450985798
P4,Restricted rollout-only,20260720,0.10499999999999998,0.3259371519088745,0.31085268029256863
P4,Restricted rollout-only,20260720,0.11249999999999993,0.3266574442386627,0.3116172902181216
P4,Restricted rollout-only,20260720,0.12,0.3273754119873047,0.31237973811629965
P4,Restricted rollout-only,20260720,0.12749999999999995,0.32809096574783325,0.3131398888200634
P4,Restricted rollout-only,20260720,0.135,0.32880401611328125,0.3138976088463088
P4,Restricted rollout-only,20260720,0.14249999999999996,0.32951462268829346,0.3146527664853151
P4,Restricted rollout-only,20260720,0.1499999999999999,0.33022260665893555,0.31540523188748604
P4,Restricted rollout-only,20260720,0.15749999999999997,0.33092793822288513,0.31615487714727075
P4,Restricted rollout-only,20260720,0.16499999999999992,0.3316305875778198,0.31690157638415994
P4,Restricted rollout-only,20260720,0.1725,0.33233046531677246,0.31764520582065875
P4,Restricted rollout-only,20260720,0.17999999999999994,0.33302754163742065,0.31838564385714535
P4,Restricted rollout-only,20260720,0.1875,0.33372175693511963,0.31912277114353355
P4,Restricted rollout-only,20260720,0.19499999999999995,0.3344131112098694,0.31985647064766337
P4,Restricted rollout-only,20260720,0.2025,0.335101455450058,0.3205866277203531
P4,Restricted rollout-only,20260720,0.20999999999999996,0.3357868194580078,0.32131313015705354
P4,Restricted rollout-only,20260720,0.21749999999999992,0.3364691436290741,0.3220358682560529
P4,Restricted rollout-only,20260720,0.22499999999999998,0.33714836835861206,0.32275473487319
P4,Restricted rollout-only,20260720,0.23249999999999993,0.33782443404197693,0.32346962547304
P4,Restricted rollout-only,20260720,0.24,0.3384973406791687,0.3241804381765448
P4,Restricted rollout-only,20260720,0.24749999999999994,0.339167058467865,0.3248870738050702
P4,Restricted rollout-only,20260720,0.2549999999999999,0.33983349800109863,0.3255894359208763
P4,Restricted rollout-only,20260720,0.26249999999999996,0.34049665927886963,0.3262874308639982
P4,Restricted rollout-only,20260720,0.27,0.3411564826965332,0.3269809677855396
P4,Restricted rollout-only,20260720,0.27749999999999986,0.34181296825408936,0.32766995867739035
P4,Restricted rollout-only,20260720,0.2849999999999999,0.3424660563468933,0.3283543183983856
P4,Restricted rollout-only,20260720,0.2925,0.34311574697494507,0.32903396469693
P4,Restricted rollout-only,20260720,0.30000000000000004,0.34376198053359985,0.3297088182301206
P4,Restricted rollout-only,20260720,0.3074999999999999,0.3444046974182129,0.33037880257940316
P4,Restricted rollout-only,20260720,0.31499999999999995,0.34504395723342896,0.3310438442628082
P4,Restricted rollout-only,20260720,0.3225,0.34567970037460327,0.33170387274381485
P4,Restricted rollout-only,20260720,0.33000000000000007,0.34631192684173584,0.3323588204368989
P4,Restricted rollout-only,20260720,0.3374999999999999,0.3469405174255371,0.3330086227098251
P4,Restricted rollout-only,20260720,0.345,0.34756553173065186,0.3336532178827498
P4,Restricted rollout-only,20260720,0.35250000000000004,0.3481869101524353,0.33429254722420426
P4,Restricted rollout-only,20260720,0.3599999999999999,0.3488047122955322,0.33492655494403356
P4,Restricted rollout-only,20260720,0.36749999999999994,0.34941884875297546,0.33555518818337016
P4,Restricted rollout-only,20260720,0.375,0.350029319524765,0.33617839700172464
P4,Restricted rollout-only,20260720,0.38250000000000006,0.3506361246109009,0.33679613436128053
P4,Restricted rollout-only,20260720,0.3899999999999999,0.35123923420906067,0.3374083561084815
P4,Restricted rollout-only,20260720,0.39749999999999996,0.3518386483192444,0.33801502095300495
P4,Restricted rollout-only,20260720,0.405,0.35243433713912964,0.33861609044421415
P4,Restricted rollout-only,20260720,0.41249999999999987,0.35302630066871643,0.33921152894518897
P4,Restricted rollout-only,20260720,0.41999999999999993,0.35361453890800476,0.3398013036044313
P4,Restricted rollout-only,20260720,0.4275,0.35419905185699463,0.3403853843253474
P4,Restricted rollout-only,20260720,0.43500000000000005,0.35477980971336365,0.34096374373360794
P4,Restricted rollout-only,20260720,0.4424999999999999,0.3553568124771118,0.341536357142489
P4,Restricted rollout-only,20260720,0.44999999999999996,0.35593006014823914,0.34210320251629683
P4,Restricted rollout-only,20260720,0.4575,0.3564995527267456,0.342664260431981
P4,Restricted rollout-only,20260720,0.46499999999999986,0.35706526041030884,0.34321951403903916
P4,Restricted rollout-only,20260720,0.4724999999999999,0.3576272130012512,0.34376894901781785
P4,Restricted rollout-only,20260720,0.48,0.35818541049957275,0.3443125535363132
P4,Restricted rollout-only,20260720,0.48750000000000004,0.35873985290527344,0.3448503182055732
P4,Restricted rollout-only,20260720,0.4949999999999999,0.35929054021835327,0.3453822360338061
P4,Restricted rollout-only,20260720,0.5025,0.3598374128341675,0.34590830237929365
P4,Restricted rollout-only,20260720,0.51,0.36038053035736084,0.3464285149022109
P4,Restricted rollout-only,20260720,0.5174999999999998,0.36091992259025574,0.3469428735154505
P4,Restricted rollout-only,20260720,0.5249999999999999,0.3614555299282074,0.3474513803345492
P4,Restricted rollout-only,20260720,0.5325,0.3619874119758606,0.34795403962681043
P4,Restricted rollout-only,20260720,0.54,0.36251550912857056,0.34845085775971835
P4,Restricted rollout-only,20260720,0.5474999999999999,0.36303991079330444,0.348941843148733
P4,Restricted rollout-only,20260720,0.5549999999999999,0.3635605573654175,0.3494270062045573
P4,Restricted rollout-only,20260720,0.5625,0.36407747864723206,0.34990635927996133
P4,Restricted rollout-only,20260720,0.5699999999999998,0.36459067463874817,0.35037991661625
P4,Restricted rollout-only,20260720,0.5774999999999999,0.3651001751422882,0.3508476942894551
P4,Restricted rollout-only,20260720,0.585,0.3656059503555298,0.3513097101563318
P4,Restricted rollout-only,20260720,0.5925,0.3661080598831177,0.3517659838002362
P4,Restricted rollout-only,20260720,0.5999999999999999,0.3666064739227295,0.35221653647695916
P4,Restricted rollout-only,20260720,0.6074999999999999,0.3671012222766876,0.3526613910605862
P4,Restricted rollout-only,20260720,0.615,0.36759233474731445,0.35310057198945366
P4,Restricted rollout-only,20260720,0.6225,0.3680797815322876,0.35353410521226647
P4,Restricted rollout-only,20260720,0.6299999999999999,0.36856359243392944,0.3539620181344406
P4,Restricted rollout-only,20260720,0.6375,0.36904376745224,0.3543843395647306
P4,Restricted rollout-only,20260720,0.645,0.3695203363895416,0.3548010996621992
P4,Restricted rollout-only,20260720,0.6524999999999999,0.36999332904815674,0.35521232988358425
P4,Restricted rollout-only,20260720,0.6599999999999999,0.37046271562576294,0.3556180629311138
P4,Restricted rollout-only,20260720,0.6675,0.370928555727005,0.3560183327008191
P4,Restricted rollout-only,20260720,0.675,0.37139081954956055,0.3564131742313908
P4,Restricted rollout-only,20260720,0.6824999999999999,0.37184953689575195,0.356802623653622
P4,Restricted rollout-only,20260720,0.69,0.372304767370224,0.35718671814047925
P4,Restricted rollout-only,20260720,0.6975,0.3727564513683319,0.3575654958578385
P4,Restricted rollout-only,20260720,0.7049999999999998,0.37320464849472046,0.35793899591592165
P4,Restricted rollout-only,20260720,0.7124999999999999,0.3736494183540344,0.3583072583214666
P4,Restricted rollout-only,20260720,0.72,0.37409067153930664,0.35867032393066073
P4,Restricted rollout-only,20260720,0.7275,0.37452852725982666,0.35902823440286524
P4,Restricted rollout-only,20260720,0.7349999999999999,0.3749629259109497,0.35938103215515604
P4,Restricted rollout-only,20260720,0.7424999999999999,0.3753938674926758,0.35972876031770373
P4,Restricted rollout-only,20260720,0.75,0.3758215308189392,0.36007146269001333
P4,Restricted rollout-only,20260721,-0.75,0.25595346093177795,0.23992853730998662
P4,Restricted rollout-only,20260721,-0.7425,0.25653594732284546,0.24027123968229624
P4,Restricted rollout-only,20260721,-0.735,0.2571258842945099,0.24061896784484396
P4,Restricted rollout-only,20260721,-0.7275,0.25772330164909363,0.24097176559713476
P4,Restricted rollout-only,20260721,-0.72,0.25832822918891907,0.24132967606933925
P4,Restricted rollout-only,20260721,-0.7125,0.258940726518631,0.24169274167853338
P4,Restricted rollout-only,20260721,-0.705,0.25956079363822937,0.24206100408407832
P4,Restricted rollout-only,20260721,-0.6975,0.2601884603500366,0.24243450414216147
P4,Restricted rollout-only,20260721,-0.69,0.2608238160610199,0.24281328185952072
P4,Restricted rollout-only,20260721,-0.6825,0.2614668011665344,0.243197376346378
P4,Restricted rollout-only,20260721,-0.675,0.26211750507354736,0.24358682576860918
P4,Restricted rollout-only,20260721,-0.6675,0.26277589797973633,0.24398166729918083
P4,Restricted rollout-only,20260721,-0.66,0.2634420096874237,0.24438193706888614
P4,Restricted rollout-only,20260721,-0.6525,0.2641158699989319,0.24478767011641572
P4,Restricted rollout-only,20260721,-0.645,0.2647974491119385,0.24519890033780076
P4,Restricted rollout-only,20260721,-0.6375,0.26548677682876587,0.2456156604352694
P4,Restricted rollout-only,20260721,-0.63,0.2661837935447693,0.24603798186555936
P4,Restricted rollout-only,20260721,-0.6225,0.2668886184692383,0.2464658947877335
P4,Restricted rollout-only,20260721,-0.615,0.2676011025905609,0.24689942801054632
P4,Restricted rollout-only,20260721,-0.6075,0.26832130551338196,0.24733860893941376
P4,Restricted rollout-only,20260721,-0.6,0.26904919743537903,0.2477834635230408
P4,Restricted rollout-only,20260721,-0.5925,0.26978474855422974,0.24823401619976376
P4,Restricted rollout-only,20260721,-0.585,0.2705279588699341,0.2486902898436682
P4,Restricted rollout-only,20260721,-0.5775,0.2712787389755249,0.24915230571054484
P4,Restricted rollout-only,20260721,-0.5700000000000001,0.2720370590686798,0.24962008338374994
P4,Restricted rollout-only,20260721,-0.5625,0.2728029191493988,0.25009364072003865
P4,Restricted rollout-only,20260721,-0.5549999999999999,0.2735762596130371,0.2505729937954427
P4,Restricted rollout-only,20260721,-0.5475,0.2743569612503052,0.251058156851267
P4,Restricted rollout-only,20260721,-0.54,0.2751450538635254,0.25154914224028163
P4,Restricted rollout-only,20260721,-0.5325,0.2759404182434082,0.25204596037318955
P4,Restricted rollout-only,20260721,-0.525,0.27674299478530884,0.2525486196654508
P4,Restricted rollout-only,20260721,-0.5175000000000001,0.2775527238845825,0.2530571264845494
P4,Restricted rollout-only,20260721,-0.51,0.2783694863319397,0.2535714850977891
P4,Restricted rollout-only,20260721,-0.5025,0.2791932225227356,0.2540916976207063
P4,Restricted rollout-only,20260721,-0.495,0.28002384305000305,0.25461776396619384
P4,Restricted rollout-only,20260721,-0.4875,0.2808612287044525,0.25514968179442676
P4,Restricted rollout-only,20260721,-0.48,0.28170526027679443,0.2556874464636868
P4,Restricted rollout-only,20260721,-0.47250000000000003,0.28255587816238403,0.2562310509821821
P4,Restricted rollout-only,20260721,-0.465,0.2834128737449646,0.2567804859609608
P4,Restricted rollout-only,20260721,-0.4575,0.28427624702453613,0.257335739568019
P4,Restricted rollout-only,20260721,-0.45,0.28514575958251953,0.2578967974837031
P4,Restricted rollout-only,20260721,-0.4425,0.28602135181427,0.258463642857511
P4,Restricted rollout-only,20260721,-0.435,0.28690284490585327,0.25903625626639204
P4,Restricted rollout-only,20260721,-0.4275,0.28779011964797974,0.2596146156746526
P4,Restricted rollout-only,20260721,-0.42000000000000004,0.2886829972267151,0.2601986963955687
P4,Restricted rollout-only,20260721,-0.41250000000000003,0.289581298828125,0.260788471054811
P4,Restricted rollout-only,20260721,-0.405,0.2904849648475647,0.26138390955578583
P4,Restricted rollout-only,20260721,-0.3975,0.2913936972618103,0.261984979046995
P4,Restricted rollout-only,20260721,-0.39,0.29230740666389465,0.26259164389151846
P4,Restricted rollout-only,20260721,-0.3825,0.29322588443756104,0.26320386563871945
P4,Restricted rollout-only,20260721,-0.375,0.2941489517688751,0.26382160299827534
P4,Restricted rollout-only,20260721,-0.3675,0.2950764298439026,0.2644448118166298
P4,Restricted rollout-only,20260721,-0.36,0.2960081398487091,0.2650734450559664
P4,Restricted rollout-only,20260721,-0.35250000000000004,0.29694390296936035,0.2657074527757957
P4,Restricted rollout-only,20260721,-0.34500000000000003,0.29788345098495483,0.26634678211725016
P4,Restricted rollout-only,20260721,-0.3375,0.2988266050815582,0.26699137729017486
P4,Restricted rollout-only,20260721,-0.33,0.2997731864452362,0.2676411795631011
P4,Restricted rollout-only,20260721,-0.3225,0.30072298645973206,0.2682961272561851
P4,Restricted rollout-only,20260721,-0.315,0.30167579650878906,0.2689561557371918
P4,Restricted rollout-only,20260721,-0.3075,0.30263131856918335,0.2696211974205968
P4,Restricted rollout-only,20260721,-0.30000000000000004,0.30358943343162537,0.2702911817698794
P4,Restricted rollout-only,20260721,-0.29250000000000004,0.3045498728752136,0.27096603530306995
P4,Restricted rollout-only,20260721,-0.28500000000000003,0.3055124282836914,0.2716456816016144
P4,Restricted rollout-only,20260721,-0.2775,0.306476891040802,0.2723300413226096
P4,Restricted rollout-only,20260721,-0.27,0.30744296312332153,0.2730190322144604
P4,Restricted rollout-only,20260721,-0.2625,0.30841052532196045,0.2737125691360018
P4,Restricted rollout-only,20260721,-0.255,0.3093792200088501,0.2744105640791237
P4,Restricted rollout-only,20260721,-0.24750000000000005,0.31034889817237854,0.2751129261949298
P4,Restricted rollout-only,20260721,-0.24,0.31131935119628906,0.2758195618234552
P4,Restricted rollout-only,20260721,-0.23250000000000004,0.3122903108596802,0.27653037452696
P4,Restricted rollout-only,20260721,-0.22499999999999998,0.3132615089416504,0.27724526512680997
P4,Restricted rollout-only,20260721,-0.21750000000000003,0.3142327666282654,0.2779641317439471
P4,Restricted rollout-only,20260721,-0.20999999999999996,0.31520384550094604,0.27868686984294644
P4,Restricted rollout-only,20260721,-0.2025,0.3161745071411133,0.27941337227964685
P4,Restricted rollout-only,20260721,-0.19500000000000006,0.3171445429325104,0.2801435293523366
P4,Restricted rollout-only,20260721,-0.1875,0.31811368465423584,0.28087722885646643
P4,Restricted rollout-only,20260721,-0.18000000000000005,0.31908172369003296,0.2816143561428546
P4,Restricted rollout-only,20260721,-0.1725,0.3200484812259674,0.28235479417934123
P4,Restricted rollout-only,20260721,-0.16500000000000004,0.3210136890411377,0.28309842361584003
P4,Restricted rollout-only,20260721,-0.15749999999999997,0.3219771385192871,0.2838451228527292
P4,Restricted rollout-only,20260721,-0.15000000000000002,0.32293862104415894,0.28459476811251394
P4,Restricted rollout-only,20260721,-0.14250000000000007,0.3238978981971741,0.28534723351468483
P4,Restricted rollout-only,20260721,-0.135,0.3248547911643982,0.2861023911536912
P4,Restricted rollout-only,20260721,-0.12750000000000006,0.325809121131897,0.2868601111799366
P4,Restricted rollout-only,20260721,-0.12,0.3267606198787689,0.2876202618837003
P4,Restricted rollout-only,20260721,-0.11250000000000004,0.3277091085910797,0.28838270978187835
P4,Restricted rollout-only,20260721,-0.10499999999999998,0.328654408454895,0.28914731970743135
P4,Restricted rollout-only,20260721,-0.09750000000000003,0.32959628105163574,0.2899139549014202
P4,Restricted rollout-only,20260721,-0.09000000000000008,0.33053460717201233,0.29068247710750234
P4,Restricted rollout-only,20260721,-0.08250000000000002,0.33146917819976807,0.29145274666875687
P4,Restricted rollout-only,20260721,-0.07500000000000007,0.33239981532096863,0.2922246226266985
P4,Restricted rollout-only,20260721,-0.0675,0.3333263099193573,0.2929979628223361
P4,Restricted rollout-only,20260721,-0.06000000000000005,0.33424854278564453,0.2937726239991255
P4,Restricted rollout-only,20260721,-0.05249999999999999,0.335166335105896,0.2945484619076617
P4,Restricted rollout-only,20260721,-0.04500000000000004,0.336079478263855,0.2953253314119491
P4,Restricted rollout-only,20260721,-0.03749999999999998,0.3369879126548767,0.29610308659708684
P4,Restricted rollout-only,20260721,-0.030000000000000027,0.33789142966270447,0.29688158087820066
P4,Restricted rollout-only,20260721,-0.022500000000000075,0.3387898802757263,0.29766066711044903
P4,Restricted rollout-only,20260721,-0.015000000000000013,0.3396831154823303,0.2984401976999299
P4,Restricted rollout-only,20260721,-0.007500000000000062,0.3405710458755493,0.2992200247153102
P4,Restricted rollout-only,20260721,0.0,0.341453492641449,0.3
P4,Restricted rollout-only,20260721,0.007499999999999951,0.3423303961753845,0.3007799752846898
P4,Restricted rollout-only,20260721,0.015000000000000013,0.34320157766342163,0.30155980230007007
P4,Restricted rollout-only,20260721,0.022499999999999964,0.34406694769859314,0.30233933288955095
P4,Restricted rollout-only,20260721,0.030000000000000027,0.3449264168739319,0.3031184191217993
P4,Restricted rollout-only,20260721,0.03749999999999998,0.3457798361778259,0.30389691340291314
P4,Restricted rollout-only,20260721,0.04499999999999993,0.3466271162033081,0.30467466858805087
P4,Restricted rollout-only,20260721,0.05249999999999999,0.34746822714805603,0.30545153809233827
P4,Restricted rollout-only,20260721,0.05999999999999994,0.34830302000045776,0.30622737600087446
P4,Restricted rollout-only,20260721,0.0675,0.34913140535354614,0.3070020371776639
P4,Restricted rollout-only,20260721,0.07499999999999996,0.3499533534049988,0.30777537737330146
P4,Restricted rollout-only,20260721,0.08250000000000002,0.3507688045501709,0.3085472533312431
P4,Restricted rollout-only,20260721,0.08999999999999997,0.3515775799751282,0.30931752289249764
P4,Restricted rollout-only,20260721,0.09749999999999992,0.3523797392845154,0.3100860450985798
P4,Restricted rollout-only,20260721,0.10499999999999998,0.3531751334667206,0.31085268029256863
P4,Restricted rollout-only,20260721,0.11249999999999993,0.35396379232406616,0.3116172902181216
P4,Restricted rollout-only,20260721,0.12,0.3547455966472626,0.31237973811629965
P4,Restricted rollout-only,20260721,0.12749999999999995,0.3555205464363098,0.3131398888200634
P4,Restricted rollout-only,20260721,0.135,0.3562886118888855,0.3138976088463088
P4,Restricted rollout-only,20260721,0.14249999999999996,0.35704970359802246,0.3146527664853151
P4,Restricted rollout-only,20260721,0.1499999999999999,0.3578038215637207,0.31540523188748604
P4,Restricted rollout-only,20260721,0.15749999999999997,0.3585509657859802,0.31615487714727075
P4,Restricted rollout-only,20260721,0.16499999999999992,0.35929104685783386,0.31690157638415994
P4,Restricted rollout-only,20260721,0.1725,0.360024094581604,0.31764520582065875
P4,Restricted rollout-only,20260721,0.17999999999999994,0.36075007915496826,0.31838564385714535
P4,Restricted rollout-only,20260721,0.1875,0.36146900057792664,0.31912277114353355
P4,Restricted rollout-only,20260721,0.19499999999999995,0.36218082904815674,0.31985647064766337
P4,Restricted rollout-only,20260721,0.2025,0.36288559436798096,0.3205866277203531
P4,Restricted rollout-only,20260721,0.20999999999999996,0.3635832667350769,0.32131313015705354
P4,Restricted rollout-only,20260721,0.21749999999999992,0.3642737865447998,0.3220358682560529
P4,Restricted rollout-only,20260721,0.22499999999999998,0.3649573028087616,0.32275473487319
P4,Restricted rollout-only,20260721,0.23249999999999993,0.3656337261199951,0.32346962547304
P4,Restricted rollout-only,20260721,0.24,0.36630308628082275,0.3241804381765448
P4,Restricted rollout-only,20260721,0.24749999999999994,0.3669654130935669,0.3248870738050702
P4,Restricted rollout-only,20260721,0.2549999999999999,0.36762067675590515,0.3255894359208763
P4,Restricted rollout-only,20260721,0.26249999999999996,0.3682689368724823,0.3262874308639982
P4,Restricted rollout-only,20260721,0.27,0.3689102232456207,0.3269809677855396
P4,Restricted rollout-only,20260721,0.27749999999999986,0.36954450607299805,0.32766995867739035
P4,Restricted rollout-only,20260721,0.2849999999999999,0.37017184495925903,0.3283543183983856
P4,Restricted rollout-only,20260721,0.2925,0.37079232931137085,0.32903396469693
P4,Restricted rollout-only,20260721,0.30000000000000004,0.37140586972236633,0.3297088182301206
P4,Restricted rollout-only,20260721,0.3074999999999999,0.37201255559921265,0.33037880257940316
P4,Restricted rollout-only,20260721,0.31499999999999995,0.37261247634887695,0.3310438442628082
P4,Restricted rollout-only,20260721,0.3225,0.37320560216903687,0.33170387274381485
P4,Restricted rollout-only,20260721,0.33000000000000007,0.37379196286201477,0.3323588204368989
P4,Restricted rollout-only,20260721,0.3374999999999999,0.37437164783477783,0.3330086227098251
P4,Restricted rollout-only,20260721,0.345,0.37494462728500366,0.3336532178827498
P4,Restricted rollout-only,20260721,0.35250000000000004,0.3755110204219818,0.33429254722420426
P4,Restricted rollout-only,20260721,0.3599999999999999,0.3760708272457123,0.33492655494403356
P4,Restricted rollout-only,20260721,0.36749999999999994,0.37662410736083984,0.33555518818337016
P4,Restricted rollout-only,20260721,0.375,0.3771709203720093,0.33617839700172464
P4,Restricted rollout-only,20260721,0.38250000000000006,0.37771129608154297,0.33679613436128053
P4,Restricted rollout-only,20260721,0.3899999999999999,0.3782452344894409,0.3374083561084815
P4,Restricted rollout-only,20260721,0.39749999999999996,0.37877291440963745,0.33801502095300495
P4,Restricted rollout-only,20260721,0.405,0.3792942464351654,0.33861609044421415
P4,Restricted rollout-only,20260721,0.41249999999999987,0.37980934977531433,0.33921152894518897
P4,Restricted rollout-only,20260721,0.41999999999999993,0.380318284034729,0.3398013036044313
P4,Restricted rollout-only,20260721,0.4275,0.3808210790157318,0.3403853843253474
P4,Restricted rollout-only,20260721,0.43500000000000005,0.3813178539276123,0.34096374373360794
P4,Restricted rollout-only,20260721,0.4424999999999999,0.3818085491657257,0.341536357142489
P4,Restricted rollout-only,20260721,0.44999999999999996,0.3822932839393616,0.34210320251629683
P4,Restricted rollout-only,20260721,0.4575,0.3827720880508423,0.342664260431981
P4,Restricted rollout-only,20260721,0.46499999999999986,0.3832450807094574,0.34321951403903916
P4,Restricted rollout-only,20260721,0.4724999999999999,0.3837122917175293,0.34376894901781785
P4,Restricted rollout-only,20260721,0.48,0.3841736912727356,0.3443125535363132
P4,Restricted rollout-only,20260721,0.48750000000000004,0.384629487991333,0.3448503182055732
P4,Restricted rollout-only,20260721,0.4949999999999999,0.38507959246635437,0.3453822360338061
P4,Restricted rollout-only,20260721,0.5025,0.3855241537094116,0.34590830237929365
P4,Restricted rollout-only,20260721,0.51,0.38596320152282715,0.3464285149022109
P4,Restricted rollout-only,20260721,0.5174999999999998,0.3863967955112457,0.3469428735154505
P4,Restricted rollout-only,20260721,0.5249999999999999,0.38682496547698975,0.3474513803345492
P4,Restricted rollout-only,20260721,0.5325,0.38724786043167114,0.34795403962681043
P4,Restricted rollout-only,20260721,0.54,0.38766542077064514,0.34845085775971835
P4,Restricted rollout-only,20260721,0.5474999999999999,0.3880777359008789,0.348941843148733
P4,Restricted rollout-only,20260721,0.5549999999999999,0.3884849548339844,0.3494270062045573
P4,Restricted rollout-only,20260721,0.5625,0.3888870179653168,0.34990635927996133
P4,Restricted rollout-only,20260721,0.5699999999999998,0.38928407430648804,0.35037991661625
P4,Restricted rollout-only,20260721,0.5774999999999999,0.3896760940551758,0.3508476942894551
P4,Restricted rollout-only,20260721,0.585,0.39006319642066956,0.3513097101563318
P4,Restricted rollout-only,20260721,0.5925,0.39044541120529175,0.3517659838002362
P4,Restricted rollout-only,20260721,0.5999999999999999,0.3908228278160095,0.35221653647695916
P4,Restricted rollout-only,20260721,0.6074999999999999,0.39119550585746765,0.3526613910605862
P4,Restricted rollout-only,20260721,0.615,0.39156344532966614,0.35310057198945366
P4,Restricted rollout-only,20260721,0.6225,0.39192670583724976,0.35353410521226647
P4,Restricted rollout-only,20260721,0.6299999999999999,0.39228540658950806,0.3539620181344406
P4,Restricted rollout-only,20260721,0.6375,0.3926395773887634,0.3543843395647306
P4,Restricted rollout-only,20260721,0.645,0.39298924803733826,0.3548010996621992
P4,Restricted rollout-only,20260721,0.6524999999999999,0.3933345079421997,0.35521232988358425
P4,Restricted rollout-only,20260721,0.6599999999999999,0.39367538690567017,0.3556180629311138
P4,Restricted rollout-only,20260721,0.6675,0.394011914730072,0.3560183327008191
P4,Restricted rollout-only,20260721,0.675,0.3943442404270172,0.3564131742313908
P4,Restricted rollout-only,20260721,0.6824999999999999,0.39467230439186096,0.356802623653622
P4,Restricted rollout-only,20260721,0.69,0.3949962258338928,0.35718671814047925
P4,Restricted rollout-only,20260721,0.6975,0.39531606435775757,0.3575654958578385
P4,Restricted rollout-only,20260721,0.7049999999999998,0.3956317901611328,0.35793899591592165
P4,Restricted rollout-only,20260721,0.7124999999999999,0.3959435820579529,0.3583072583214666
P4,Restricted rollout-only,20260721,0.72,0.396251380443573,0.35867032393066073
P4,Restricted rollout-only,20260721,0.7275,0.3965552747249603,0.35902823440286524
P4,Restricted rollout-only,20260721,0.7349999999999999,0.39685535430908203,0.35938103215515604
P4,Restricted rollout-only,20260721,0.7424999999999999,0.3971515893936157,0.35972876031770373
P4,Restricted rollout-only,20260721,0.75,0.39744412899017334,0.36007146269001333
P4,Restricted rollout-only,20260722,-0.75,0.28205716609954834,0.23992853730998662
P4,Restricted rollout-only,20260722,-0.7425,0.282601922750473,0.24027123968229624
P4,Restricted rollout-only,20260722,-0.735,0.2831517457962036,0.24061896784484396
P4,Restricted rollout-only,20260722,-0.7275,0.2837067246437073,0.24097176559713476
P4,Restricted rollout-only,20260722,-0.72,0.2842668294906616,0.24132967606933925
P4,Restricted rollout-only,20260722,-0.7125,0.2848320007324219,0.24169274167853338
P4,Restricted rollout-only,20260722,-0.705,0.28540223836898804,0.24206100408407832
P4,Restricted rollout-only,20260722,-0.6975,0.2859776020050049,0.24243450414216147
P4,Restricted rollout-only,20260722,-0.69,0.28655803203582764,0.24281328185952072
P4,Restricted rollout-only,20260722,-0.6825,0.2871435284614563,0.243197376346378
P4,Restricted rollout-only,20260722,-0.675,0.2877340316772461,0.24358682576860918
P4,Restricted rollout-only,20260722,-0.6675,0.288329541683197,0.24398166729918083
P4,Restricted rollout-only,20260722,-0.66,0.2889300286769867,0.24438193706888614
P4,Restricted rollout-only,20260722,-0.6525,0.2895355224609375,0.24478767011641572
P4,Restricted rollout-only,20260722,-0.645,0.2901458740234375,0.24519890033780076
P4,Restricted rollout-only,20260722,-0.6375,0.29076114296913147,0.2456156604352694
P4,Restricted rollout-only,20260722,-0.63,0.29138126969337463,0.24603798186555936
P4,Restricted rollout-only,20260722,-0.6225,0.2920062243938446,0.2464658947877335
P4,Restricted rollout-only,20260722,-0.615,0.292635977268219,0.24689942801054632
P4,Restricted rollout-only,20260722,-0.6075,0.29327040910720825,0.24733860893941376
P4,Restricted rollout-only,20260722,-0.6,0.29390954971313477,0.2477834635230408
P4,Restricted rollout-only,20260722,-0.5925,0.29455333948135376,0.24823401619976376
P4,Restricted rollout-only,20260722,-0.585,0.29520171880722046,0.2486902898436682
P4,Restricted rollout-only,20260722,-0.5775,0.2958545982837677,0.24915230571054484
P4,Restricted rollout-only,20260722,-0.5700000000000001,0.2965119481086731,0.24962008338374994
P4,Restricted rollout-only,20260722,-0.5625,0.29717370867729187,0.25009364072003865
P4,Restricted rollout-only,20260722,-0.5549999999999999,0.29783979058265686,0.2505729937954427
P4,Restricted rollout-only,20260722,-0.5475,0.2985101342201233,0.251058156851267
P4,Restricted rollout-only,20260722,-0.54,0.2991846799850464,0.25154914224028163
P4,Restricted rollout-only,20260722,-0.5325,0.29986339807510376,0.25204596037318955
P4,Restricted rollout-only,20260722,-0.525,0.3005461096763611,0.2525486196654508
P4,Restricted rollout-only,20260722,-0.5175000000000001,0.30123278498649597,0.2530571264845494
P4,Restricted rollout-only,20260722,-0.51,0.30192339420318604,0.2535714850977891
P4,Restricted rollout-only,20260722,-0.5025,0.30261772871017456,0.2540916976207063
P4,Restricted rollout-only,20260722,-0.495,0.30331578850746155,0.25461776396619384
P4,Restricted rollout-only,20260722,-0.4875,0.30401748418807983,0.25514968179442676
P4,Restricted rollout-only,20260722,-0.48,0.3047226667404175,0.2556874464636868
P4,Restricted rollout-only,20260722,-0.47250000000000003,0.3054312765598297,0.2562310509821821
P4,Restricted rollout-only,20260722,-0.465,0.306143194437027,0.2567804859609608
P4,Restricted rollout-only,20260722,-0.4575,0.3068583011627197,0.257335739568019
P4,Restricted rollout-only,20260722,-0.45,0.3075765371322632,0.2578967974837031
P4,Restricted rollout-only,20260722,-0.4425,0.3082977533340454,0.258463642857511
P4,Restricted rollout-only,20260722,-0.435,0.30902183055877686,0.25903625626639204
P4,Restricted rollout-only,20260722,-0.4275,0.30974870920181274,0.2596146156746526
P4,Restricted rollout-only,20260722,-0.42000000000000004,0.31047818064689636,0.2601986963955687
P4,Restricted rollout-only,20260722,-0.41250000000000003,0.31121018528938293,0.260788471054811
P4,Restricted rollout-only,20260722,-0.405,0.3119446039199829,0.26138390955578583
P4,Restricted rollout-only,20260722,-0.3975,0.31268131732940674,0.261984979046995
P4,Restricted rollout-only,20260722,-0.39,0.3134201467037201,0.26259164389151846
P4,Restricted rollout-only,20260722,-0.3825,0.3141610026359558,0.26320386563871945
P4,Restricted rollout-only,20260722,-0.375,0.31490376591682434,0.26382160299827534
P4,Restricted rollout-only,20260722,-0.3675,0.31564825773239136,0.2644448118166298
P4,Restricted rollout-only,20260722,-0.36,0.3163943886756897,0.2650734450559664
P4,Restricted rollout-only,20260722,-0.35250000000000004,0.31714195013046265,0.2657074527757957
P4,Restricted rollout-only,20260722,-0.34500000000000003,0.31789088249206543,0.26634678211725016
P4,Restricted rollout-only,20260722,-0.3375,0.3186410367488861,0.26699137729017486
P4,Restricted rollout-only,20260722,-0.33,0.31939226388931274,0.2676411795631011
P4,Restricted rollout-only,20260722,-0.3225,0.3201443552970886,0.2682961272561851
P4,Restricted rollout-only,20260722,-0.315,0.32089728116989136,0.2689561557371918
P4,Restricted rollout-only,20260722,-0.3075,0.32165080308914185,0.2696211974205968
P4,Restricted rollout-only,20260722,-0.30000000000000004,0.32240480184555054,0.2702911817698794
P4,Restricted rollout-only,20260722,-0.29250000000000004,0.3231591284275055,0.27096603530306995
P4,Restricted rollout-only,20260722,-0.28500000000000003,0.32391369342803955,0.2716456816016144
P4,Restricted rollout-only,20260722,-0.2775,0.3246682584285736,0.2723300413226096
P4,Restricted rollout-only,20260722,-0.27,0.3254227638244629,0.2730190322144604
P4,Restricted rollout-only,20260722,-0.2625,0.3261769711971283,0.2737125691360018
P4,Restricted rollout-only,20260722,-0.255,0.32693082094192505,0.2744105640791237
P4,Restricted rollout-only,20260722,-0.24750000000000005,0.32768410444259644,0.2751129261949298
P4,Restricted rollout-only,20260722,-0.24,0.3284366726875305,0.2758195618234552
P4,Restricted rollout-only,20260722,-0.23250000000000004,0.32918843626976013,0.27653037452696
P4,Restricted rollout-only,20260722,-0.22499999999999998,0.32993921637535095,0.27724526512680997
P4,Restricted rollout-only,20260722,-0.21750000000000003,0.33068886399269104,0.2779641317439471
P4,Restricted rollout-only,20260722,-0.20999999999999996,0.33143723011016846,0.27868686984294644
P4,Restricted rollout-only,20260722,-0.2025,0.33218416571617126,0.27941337227964685
P4,Restricted rollout-only,20260722,-0.19500000000000006,0.3329295516014099,0.2801435293523366
P4,Restricted rollout-only,20260722,-0.1875,0.33367323875427246,0.28087722885646643
P4,Restricted rollout-only,20260722,-0.18000000000000005,0.334415078163147,0.2816143561428546
P4,Restricted rollout-only,20260722,-0.1725,0.3351549506187439,0.28235479417934123
P4,Restricted rollout-only,20260722,-0.16500000000000004,0.3358926773071289,0.28309842361584003
P4,Restricted rollout-only,20260722,-0.15749999999999997,0.33662816882133484,0.2838451228527292
P4,Restricted rollout-only,20260722,-0.15000000000000002,0.33736127614974976,0.28459476811251394
P4,Restricted rollout-only,20260722,-0.14250000000000007,0.3380918502807617,0.28534723351468483
P4,Restricted rollout-only,20260722,-0.135,0.33881980180740356,0.2861023911536912
P4,Restricted rollout-only,20260722,-0.12750000000000006,0.33954495191574097,0.2868601111799366
P4,Restricted rollout-only,20260722,-0.12,0.34026721119880676,0.2876202618837003
P4,Restricted rollout-only,20260722,-0.11250000000000004,0.3409864604473114,0.28838270978187835
P4,Restricted rollout-only,20260722,-0.10499999999999998,0.34170255064964294,0.28914731970743135
P4,Restricted rollout-only,20260722,-0.09750000000000003,0.34241539239883423,0.2899139549014202
P4,Restricted rollout-only,20260722,-0.09000000000000008,0.3431248366832733,0.29068247710750234
P4,Restricted rollout-only,20260722,-0.08250000000000002,0.34383082389831543,0.29145274666875687
P4,Restricted rollout-only,20260722,-0.07500000000000007,0.34453317523002625,0.2922246226266985
P4,Restricted rollout-only,20260722,-0.0675,0.345231831073761,0.2929979628223361
P4,Restricted rollout-only,20260722,-0.06000000000000005,0.3459267020225525,0.2937726239991255
P4,Restricted rollout-only,20260722,-0.05249999999999999,0.3466176390647888,0.2945484619076617
P4,Restricted rollout-only,20260722,-0.04500000000000004,0.3473046123981476,0.2953253314119491
P4,Restricted rollout-only,20260722,-0.03749999999999998,0.34798744320869446,0.29610308659708684
P4,Restricted rollout-only,20260722,-0.030000000000000027,0.34866610169410706,0.29688158087820066
P4,Restricted rollout-only,20260722,-0.022500000000000075,0.3493404686450958,0.29766066711044903
P4,Restricted rollout-only,20260722,-0.015000000000000013,0.3500104546546936,0.2984401976999299
P4,Restricted rollout-only,20260722,-0.007500000000000062,0.3506760001182556,0.2992200247153102
P4,Restricted rollout-only,20260722,0.0,0.3513370156288147,0.3
P4,Restricted rollout-only,20260722,0.007499999999999951,0.3519934415817261,0.3007799752846898
P4,Restricted rollout-only,20260722,0.015000000000000013,0.3526451885700226,0.30155980230007007
P4,Restricted rollout-only,20260722,0.022499999999999964,0.35329216718673706,0.30233933288955095
P4,Restricted rollout-only,20260722,0.030000000000000027,0.3539343476295471,0.3031184191217993
P4,Restricted rollout-only,20260722,0.03749999999999998,0.3545716106891632,0.30389691340291314
P4,Restricted rollout-only,20260722,0.04499999999999993,0.3552039861679077,0.30467466858805087
P4,Restricted rollout-only,20260722,0.05249999999999999,0.3558313250541687,0.30545153809233827
P4,Restricted rollout-only,20260722,0.05999999999999994,0.35645365715026855,0.30622737600087446
P4,Restricted rollout-only,20260722,0.0675,0.3570708632469177,0.3070020371776639
P4,Restricted rollout-only,20260722,0.07499999999999996,0.3576829433441162,0.30777537737330146
P4,Restricted rollout-only,20260722,0.08250000000000002,0.35828983783721924,0.3085472533312431
P4,Restricted rollout-only,20260722,0.08999999999999997,0.35889148712158203,0.30931752289249764
P4,Restricted rollout-only,20260722,0.09749999999999992,0.3594878911972046,0.3100860450985798
P4,Restricted rollout-only,20260722,0.10499999999999998,0.36007899045944214,0.31085268029256863
P4,Restricted rollout-only,20260722,0.11249999999999993,0.3606647849082947,0.3116172902181216
P4,Restricted rollout-only,20260722,0.12,0.36124515533447266,0.31237973811629965
P4,Restricted rollout-only,20260722,0.12749999999999995,0.36182016134262085,0.3131398888200634
P4,Restricted rollout-only,20260722,0.135,0.36238977313041687,0.3138976088463088
P4,Restricted rollout-only,20260722,0.14249999999999996,0.36295393109321594,0.3146527664853151
P4,Restricted rollout-only,20260722,0.1499999999999999,0.36351266503334045,0.31540523188748604
P4,Restricted rollout-only,20260722,0.15749999999999997,0.36406591534614563,0.31615487714727075
P4,Restricted rollout-only,20260722,0.16499999999999992,0.36461371183395386,0.31690157638415994
P4,Restricted rollout-only,20260722,0.1725,0.36515599489212036,0.31764520582065875
P4,Restricted rollout-only,20260722,0.17999999999999994,0.36569279432296753,0.31838564385714535
P4,Restricted rollout-only,20260722,0.1875,0.36622413992881775,0.31912277114353355
P4,Restricted rollout-only,20260722,0.19499999999999995,0.36674994230270386,0.31985647064766337
P4,Restricted rollout-only,20260722,0.2025,0.367270290851593,0.3205866277203531
P4,Restricted rollout-only,20260722,0.20999999999999996,0.36778512597084045,0.32131313015705354
P4,Restricted rollout-only,20260722,0.21749999999999992,0.36829444766044617,0.3220358682560529
P4,Restricted rollout-only,20260722,0.22499999999999998,0.36879831552505493,0.32275473487319
P4,Restricted rollout-only,20260722,0.23249999999999993,0.36929672956466675,0.32346962547304
P4,Restricted rollout-only,20260722,0.24,0.36978965997695923,0.3241804381765448
P4,Restricted rollout-only,20260722,0.24749999999999994,0.3702771067619324,0.3248870738050702
P4,Restricted rollout-only,20260722,0.2549999999999999,0.37075912952423096,0.3255894359208763
P4,Restricted rollout-only,20260722,0.26249999999999996,0.37123578786849976,0.3262874308639982
P4,Restricted rollout-only,20260722,0.27,0.3717069923877716,0.3269809677855396
P4,Restricted rollout-only,20260722,0.27749999999999986,0.37217283248901367,0.32766995867739035
P4,Restricted rollout-only,20260722,0.2849999999999999,0.37263333797454834,0.3283543183983856
P4,Restricted rollout-only,20260722,0.2925,0.3730884790420532,0.32903396469693
P4,Restricted rollout-only,20260722,0.30000000000000004,0.3735383450984955,0.3297088182301206
P4,Restricted rollout-only,20260722,0.3074999999999999,0.3739829361438751,0.33037880257940316
P4,Restricted rollout-only,20260722,0.31499999999999995,0.37442225217819214,0.3310438442628082
P4,Restricted rollout-only,20260722,0.3225,0.3748563528060913,0.33170387274381485
P4,Restricted rollout-only,20260722,0.33000000000000007,0.37528523802757263,0.3323588204368989
P4,Restricted rollout-only,20260722,0.3374999999999999,0.37570899724960327,0.3330086227098251
P4,Restricted rollout-only,20260722,0.345,0.37612760066986084,0.3336532178827498
P4,Restricted rollout-only,20260722,0.35250000000000004,0.3765411376953125,0.33429254722420426
P4,Restricted rollout-only,20260722,0.3599999999999999,0.37694957852363586,0.33492655494403356
P4,Restricted rollout-only,20260722,0.36749999999999994,0.3773530125617981,0.33555518818337016
P4,Restricted rollout-only,20260722,0.375,0.3777514696121216,0.33617839700172464
P4,Restricted rollout-only,20260722,0.38250000000000006,0.3781449794769287,0.33679613436128053
P4,Restricted rollout-only,20260722,0.3899999999999999,0.3785335421562195,0.3374083561084815
P4,Restricted rollout-only,20260722,0.39749999999999996,0.37891727685928345,0.33801502095300495
P4,Restricted rollout-only,20260722,0.405,0.37929612398147583,0.33861609044421415
P4,Restricted rollout-only,20260722,0.41249999999999987,0.37967026233673096,0.33921152894518897
P4,Restricted rollout-only,20260722,0.41999999999999993,0.38003960251808167,0.3398013036044313
P4,Restricted rollout-only,20260722,0.4275,0.3804042339324951,0.3403853843253474
P4,Restricted rollout-only,20260722,0.43500000000000005,0.3807641863822937,0.34096374373360794
P4,Restricted rollout-only,20260722,0.4424999999999999,0.3811195492744446,0.341536357142489
P4,Restricted rollout-only,20260722,0.44999999999999996,0.38147032260894775,0.34210320251629683
P4,Restricted rollout-only,20260722,0.4575,0.381816565990448,0.342664260431981
P4,Restricted rollout-only,20260722,0.46499999999999986,0.3821583390235901,0.34321951403903916
P4,Restricted rollout-only,20260722,0.4724999999999999,0.382495641708374,0.34376894901781785
P4,Restricted rollout-only,20260722,0.48,0.3828285336494446,0.3443125535363132
P4,Restricted rollout-only,20260722,0.48750000000000004,0.38315707445144653,0.3448503182055732
P4,Restricted rollout-only,20260722,0.4949999999999999,0.38348129391670227,0.3453822360338061
P4,Restricted rollout-only,20260722,0.5025,0.38380128145217896,0.34590830237929365
P4,Restricted rollout-only,20260722,0.51,0.3841170072555542,0.3464285149022109
P4,Restricted rollout-only,20260722,0.5174999999999998,0.38442862033843994,0.3469428735154505
P4,Restricted rollout-only,20260722,0.5249999999999999,0.3847360610961914,0.3474513803345492
P4,Restricted rollout-only,20260722,0.5325,0.38503944873809814,0.34795403962681043
P4,Restricted rollout-only,20260722,0.54,0.38533875346183777,0.34845085775971835
P4,Restricted rollout-only,20260722,0.5474999999999999,0.38563409447669983,0.348941843148733
P4,Restricted rollout-only,20260722,0.5549999999999999,0.3859254717826843,0.3494270062045573
P4,Restricted rollout-only,20260722,0.5625,0.3862129747867584,0.34990635927996133
P4,Restricted rollout-only,20260722,0.5699999999999998,0.3864966034889221,0.35037991661625
P4,Restricted rollout-only,20260722,0.5774999999999999,0.3867764472961426,0.3508476942894551
P4,Restricted rollout-only,20260722,0.585,0.3870525360107422,0.3513097101563318
P4,Restricted rollout-only,20260722,0.5925,0.38732486963272095,0.3517659838002362
P4,Restricted rollout-only,20260722,0.5999999999999999,0.3875935673713684,0.35221653647695916
P4,Restricted rollout-only,20260722,0.6074999999999999,0.38785862922668457,0.3526613910605862
P4,Restricted rollout-only,20260722,0.615,0.3881201148033142,0.35310057198945366
P4,Restricted rollout-only,20260722,0.6225,0.3883780837059021,0.35353410521226647
P4,Restricted rollout-only,20260722,0.6299999999999999,0.38863253593444824,0.3539620181344406
P4,Restricted rollout-only,20260722,0.6375,0.3888835310935974,0.3543843395647306
P4,Restricted rollout-only,20260722,0.645,0.3891311287879944,0.3548010996621992
P4,Restricted rollout-only,20260722,0.6524999999999999,0.38937538862228394,0.35521232988358425
P4,Restricted rollout-only,20260722,0.6599999999999999,0.38961634039878845,0.3556180629311138
P4,Restricted rollout-only,20260722,0.6675,0.38985398411750793,0.3560183327008191
P4,Restricted rollout-only,20260722,0.675,0.39008843898773193,0.3564131742313908
P4,Restricted rollout-only,20260722,0.6824999999999999,0.39031967520713806,0.356802623653622
P4,Restricted rollout-only,20260722,0.69,0.3905477523803711,0.35718671814047925
P4,Restricted rollout-only,20260722,0.6975,0.3907727599143982,0.3575654958578385
P4,Restricted rollout-only,20260722,0.7049999999999998,0.39099472761154175,0.35793899591592165
P4,Restricted rollout-only,20260722,0.7124999999999999,0.39121365547180176,0.3583072583214666
P4,Restricted rollout-only,20260722,0.72,0.391429603099823,0.35867032393066073
P4,Restricted rollout-only,20260722,0.7275,0.39164263010025024,0.35902823440286524
P4,Restricted rollout-only,20260722,0.7349999999999999,0.3918527364730835,0.35938103215515604
P4,Restricted rollout-only,20260722,0.7424999999999999,0.39205998182296753,0.35972876031770373
P4,Restricted rollout-only,20260722,0.75,0.3922644257545471,0.36007146269001333
P4,Restricted rollout-only,20260723,-0.75,0.23067747056484222,0.23992853730998662
P4,Restricted rollout-only,20260723,-0.7425,0.23112186789512634,0.24027123968229624
P4,Restricted rollout-only,20260723,-0.735,0.23157387971878052,0.24061896784484396
P4,Restricted rollout-only,20260723,-0.7275,0.23203358054161072,0.24097176559713476
P4,Restricted rollout-only,20260723,-0.72,0.23250111937522888,0.24132967606933925
P4,Restricted rollout-only,20260723,-0.7125,0.2329765111207962,0.24169274167853338
P4,Restricted rollout-only,20260723,-0.705,0.23345988988876343,0.24206100408407832
P4,Restricted rollout-only,20260723,-0.6975,0.23395134508609772,0.24243450414216147
P4,Restricted rollout-only,20260723,-0.69,0.23445092141628265,0.24281328185952072
P4,Restricted rollout-only,20260723,-0.6825,0.2349587380886078,0.243197376346378
P4,Restricted rollout-only,20260723,-0.675,0.2354748398065567,0.24358682576860918
P4,Restricted rollout-only,20260723,-0.6675,0.23599934577941895,0.24398166729918083
P4,Restricted rollout-only,20260723,-0.66,0.2365323305130005,0.24438193706888614
P4,Restricted rollout-only,20260723,-0.6525,0.2370738387107849,0.24478767011641572
P4,Restricted rollout-only,20260723,-0.645,0.23762394487857819,0.24519890033780076
P4,Restricted rollout-only,20260723,-0.6375,0.23818272352218628,0.2456156604352694
P4,Restricted rollout-only,20260723,-0.63,0.23875027894973755,0.24603798186555936
P4,Restricted rollout-only,20260723,-0.6225,0.2393265962600708,0.2464658947877335
P4,Restricted rollout-only,20260723,-0.615,0.23991180956363678,0.24689942801054632
P4,Restricted rollout-only,20260723,-0.6075,0.24050593376159668,0.24733860893941376
P4,Restricted rollout-only,20260723,-0.6,0.24110904335975647,0.2477834635230408
P4,Restricted rollout-only,20260723,-0.5925,0.24172115325927734,0.24823401619976376
P4,Restricted rollout-only,20260723,-0.585,0.24234235286712646,0.2486902898436682
P4,Restricted rollout-only,20260723,-0.5775,0.24297265708446503,0.24915230571054484
P4,Restricted rollout-only,20260723,-0.5700000000000001,0.24361209571361542,0.24962008338374994
P4,Restricted rollout-only,20260723,-0.5625,0.24426069855690002,0.25009364072003865
P4,Restricted rollout-only,20260723,-0.5549999999999999,0.24491852521896362,0.2505729937954427
P4,Restricted rollout-only,20260723,-0.5475,0.24558556079864502,0.251058156851267
P4,Restricted rollout-only,20260723,-0.54,0.246261864900589,0.25154914224028163
P4,Restricted rollout-only,20260723,-0.5325,0.24694737792015076,0.25204596037318955
P4,Restricted rollout-only,20260723,-0.525,0.2476421594619751,0.2525486196654508
P4,Restricted rollout-only,20260723,-0.5175000000000001,0.248346209526062,0.2530571264845494
P4,Restricted rollout-only,20260723,-0.51,0.24905948340892792,0.2535714850977891
P4,Restricted rollout-only,20260723,-0.5025,0.24978198111057281,0.2540916976207063
P4,Restricted rollout-only,20260723,-0.495,0.2505137324333191,0.25461776396619384
P4,Restricted rollout-only,20260723,-0.4875,0.2512546181678772,0.25514968179442676
P4,Restricted rollout-only,20260723,-0.48,0.2520046830177307,0.2556874464636868
P4,Restricted rollout-only,20260723,-0.47250000000000003,0.25276386737823486,0.2562310509821821
P4,Restricted rollout-only,20260723,-0.465,0.2535321116447449,0.2567804859609608
P4,Restricted rollout-only,20260723,-0.4575,0.25430935621261597,0.257335739568019
P4,Restricted rollout-only,20260723,-0.45,0.25509554147720337,0.2578967974837031
P4,Restricted rollout-only,20260723,-0.4425,0.2558906078338623,0.258463642857511
P4,Restricted rollout-only,20260723,-0.435,0.2566944658756256,0.25903625626639204
P4,Restricted rollout-only,20260723,-0.4275,0.2575070559978485,0.2596146156746526
P4,Restricted rollout-only,20260723,-0.42000000000000004,0.25832825899124146,0.2601986963955687
P4,Restricted rollout-only,20260723,-0.41250000000000003,0.2591579854488373,0.260788471054811
P4,Restricted rollout-only,20260723,-0.405,0.25999611616134644,0.26138390955578583
P4,Restricted rollout-only,20260723,-0.3975,0.260842502117157,0.261984979046995
P4,Restricted rollout-only,20260723,-0.39,0.26169711351394653,0.26259164389151846
P4,Restricted rollout-only,20260723,-0.3825,0.262559711933136,0.26320386563871945
P4,Restricted rollout-only,20260723,-0.375,0.26343023777008057,0.26382160299827534
P4,Restricted rollout-only,20260723,-0.3675,0.26430848240852356,0.2644448118166298
P4,Restricted rollout-only,20260723,-0.36,0.265194296836853,0.2650734450559664
P4,Restricted rollout-only,20260723,-0.35250000000000004,0.2660875618457794,0.2657074527757957
P4,Restricted rollout-only,20260723,-0.34500000000000003,0.26698803901672363,0.26634678211725016
P4,Restricted rollout-only,20260723,-0.3375,0.2678956091403961,0.26699137729017486
P4,Restricted rollout-only,20260723,-0.33,0.2688100337982178,0.2676411795631011
P4,Restricted rollout-only,20260723,-0.3225,0.2697311043739319,0.2682961272561851
P4,Restricted rollout-only,20260723,-0.315,0.2706586718559265,0.2689561557371918
P4,Restricted rollout-only,20260723,-0.3075,0.27159249782562256,0.2696211974205968
P4,Restricted rollout-only,20260723,-0.30000000000000004,0.2725323438644409,0.2702911817698794
P4,Restricted rollout-only,20260723,-0.29250000000000004,0.27347803115844727,0.27096603530306995
P4,Restricted rollout-only,20260723,-0.28500000000000003,0.2744292914867401,0.2716456816016144
P4,Restricted rollout-only,20260723,-0.2775,0.27538585662841797,0.2723300413226096
P4,Restricted rollout-only,20260723,-0.27,0.2763475477695465,0.2730190322144604
P4,Restricted rollout-only,20260723,-0.2625,0.27731406688690186,0.2737125691360018
P4,Restricted rollout-only,20260723,-0.255,0.2782852053642273,0.2744105640791237
P4,Restricted rollout-only,20260723,-0.24750000000000005,0.27926063537597656,0.2751129261949298
P4,Restricted rollout-only,20260723,-0.24,0.28024011850357056,0.2758195618234552
P4,Restricted rollout-only,20260723,-0.23250000000000004,0.2812234163284302,0.27653037452696
P4,Restricted rollout-only,20260723,-0.22499999999999998,0.28221017122268677,0.27724526512680997
P4,Restricted rollout-only,20260723,-0.21750000000000003,0.283200204372406,0.2779641317439471
P4,Restricted rollout-only,20260723,-0.20999999999999996,0.2841931879520416,0.27868686984294644
P4,Restricted rollout-only,20260723,-0.2025,0.28518879413604736,0.27941337227964685
P4,Restricted rollout-only,20260723,-0.19500000000000006,0.2861868143081665,0.2801435293523366
P4,Restricted rollout-only,20260723,-0.1875,0.2871868908405304,0.28087722885646643
P4,Restricted rollout-only,20260723,-0.18000000000000005,0.28818875551223755,0.2816143561428546
P4,Restricted rollout-only,20260723,-0.1725,0.2891921401023865,0.28235479417934123
P4,Restricted rollout-only,20260723,-0.16500000000000004,0.2901966869831085,0.28309842361584003
P4,Restricted rollout-only,20260723,-0.15749999999999997,0.2912021577358246,0.2838451228527292
P4,Restricted rollout-only,20260723,-0.15000000000000002,0.2922082245349884,0.28459476811251394
P4,Restricted rollout-only,20260723,-0.14250000000000007,0.2932146191596985,0.28534723351468483
P4,Restricted rollout-only,20260723,-0.135,0.29422104358673096,0.2861023911536912
P4,Restricted rollout-only,20260723,-0.12750000000000006,0.29522714018821716,0.2868601111799366
P4,Restricted rollout-only,20260723,-0.12,0.296232670545578,0.2876202618837003
P4,Restricted rollout-only,20260723,-0.11250000000000004,0.2972373962402344,0.28838270978187835
P4,Restricted rollout-only,20260723,-0.10499999999999998,0.29824090003967285,0.28914731970743135
P4,Restricted rollout-only,20260723,-0.09750000000000003,0.2992430329322815,0.2899139549014202
P4,Restricted rollout-only,20260723,-0.09000000000000008,0.3002433776855469,0.29068247710750234
P4,Restricted rollout-only,20260723,-0.08250000000000002,0.30124178528785706,0.29145274666875687
P4,Restricted rollout-only,20260723,-0.07500000000000007,0.3022378981113434,0.2922246226266985
P4,Restricted rollout-only,20260723,-0.0675,0.30323147773742676,0.2929979628223361
P4,Restricted rollout-only,20260723,-0.06000000000000005,0.3042222261428833,0.2937726239991255
P4,Restricted rollout-only,20260723,-0.05249999999999999,0.3052099049091339,0.2945484619076617
P4,Restricted rollout-only,20260723,-0.04500000000000004,0.3061942458152771,0.2953253314119491
P4,Restricted rollout-only,20260723,-0.03749999999999998,0.30717501044273376,0.29610308659708684
P4,Restricted rollout-only,20260723,-0.030000000000000027,0.3081519603729248,0.29688158087820066
P4,Restricted rollout-only,20260723,-0.022500000000000075,0.30912482738494873,0.29766066711044903
P4,Restricted rollout-only,20260723,-0.015000000000000013,0.31009340286254883,0.2984401976999299
P4,Restricted rollout-only,20260723,-0.007500000000000062,0.311057448387146,0.2992200247153102
P4,Restricted rollout-only,20260723,0.0,0.31201672554016113,0.3
P4,Restricted rollout-only,20260723,0.007499999999999951,0.3129710555076599,0.3007799752846898
P4,Restricted rollout-only,20260723,0.015000000000000013,0.31392019987106323,0.30155980230007007
P4,Restricted rollout-only,20260723,0.022499999999999964,0.31486397981643677,0.30233933288955095
P4,Restricted rollout-only,20260723,0.030000000000000027,0.3158021569252014,0.3031184191217993
P4,Restricted rollout-only,20260723,0.03749999999999998,0.3167346119880676,0.30389691340291314
P4,Restricted rollout-only,20260723,0.04499999999999993,0.3176611065864563,0.30467466858805087
P4,Restricted rollout-only,20260723,0.05249999999999999,0.31858155131340027,0.30545153809233827
P4,Restricted rollout-only,20260723,0.05999999999999994,0.31949567794799805,0.30622737600087446
P4,Restricted rollout-only,20260723,0.0675,0.32040339708328247,0.3070020371776639
P4,Restricted rollout-only,20260723,0.07499999999999996,0.3213045299053192,0.30777537737330146
P4,Restricted rollout-only,20260723,0.08250000000000002,0.32219892740249634,0.3085472533312431
P4,Restricted rollout-only,20260723,0.08999999999999997,0.3230865001678467,0.30931752289249764
P4,Restricted rollout-only,20260723,0.09749999999999992,0.3239670395851135,0.3100860450985798
P4,Restricted rollout-only,20260723,0.10499999999999998,0.3248405456542969,0.31085268029256863
P4,Restricted rollout-only,20260723,0.11249999999999993,0.3257067799568176,0.3116172902181216
P4,Restricted rollout-only,20260723,0.12,0.3265657424926758,0.31237973811629965
P4,Restricted rollout-only,20260723,0.12749999999999995,0.327417254447937,0.3131398888200634
P4,Restricted rollout-only,20260723,0.135,0.32826128602027893,0.3138976088463088
P4,Restricted rollout-only,20260723,0.14249999999999996,0.3290976881980896,0.3146527664853151
P4,Restricted rollout-only,20260723,0.1499999999999999,0.329926460981369,0.31540523188748604
P4,Restricted rollout-only,20260723,0.15749999999999997,0.33074748516082764,0.31615487714727075
P4,Restricted rollout-only,20260723,0.16499999999999992,0.3315606713294983,0.31690157638415994
P4,Restricted rollout-only,20260723,0.1725,0.33236604928970337,0.31764520582065875
P4,Restricted rollout-only,20260723,0.17999999999999994,0.33316347002983093,0.31838564385714535
P4,Restricted rollout-only,20260723,0.1875,0.333952933549881,0.31912277114353355
P4,Restricted rollout-only,20260723,0.19499999999999995,0.3347344398498535,0.31985647064766337
P4,Restricted rollout-only,20260723,0.2025,0.335507869720459,0.3205866277203531
P4,Restricted rollout-only,20260723,0.20999999999999996,0.33627331256866455,0.32131313015705354
P4,Restricted rollout-only,20260723,0.21749999999999992,0.3370305895805359,0.3220358682560529
P4,Restricted rollout-only,20260723,0.22499999999999998,0.33777984976768494,0.32275473487319
P4,Restricted rollout-only,20260723,0.23249999999999993,0.33852094411849976,0.32346962547304
P4,Restricted rollout-only,20260723,0.24,0.3392540216445923,0.3241804381765448
P4,Restricted rollout-only,20260723,0.24749999999999994,0.3399789333343506,0.3248870738050702
P4,Restricted rollout-only,20260723,0.2549999999999999,0.34069573879241943,0.3255894359208763
P4,Restricted rollout-only,20260723,0.26249999999999996,0.34140443801879883,0.3262874308639982
P4,Restricted rollout-only,20260723,0.27,0.34210509061813354,0.3269809677855396
P4,Restricted rollout-only,20260723,0.27749999999999986,0.3427976369857788,0.32766995867739035
P4,Restricted rollout-only,20260723,0.2849999999999999,0.3434821367263794,0.3283543183983856
P4,Restricted rollout-only,20260723,0.2925,0.3441586494445801,0.32903396469693
P4,Restricted rollout-only,20260723,0.30000000000000004,0.34482717514038086,0.3297088182301206
P4,Restricted rollout-only,20260723,0.3074999999999999,0.34548771381378174,0.33037880257940316
P4,Restricted rollout-only,20260723,0.31499999999999995,0.3461403548717499,0.3310438442628082
P4,Restricted rollout-only,20260723,0.3225,0.34678512811660767,0.33170387274381485
P4,Restricted rollout-only,20260723,0.33000000000000007,0.3474220037460327,0.3323588204368989
P4,Restricted rollout-only,20260723,0.3374999999999999,0.34805113077163696,0.3330086227098251
P4,Restricted rollout-only,20260723,0.345,0.3486725091934204,0.3336532178827498
P4,Restricted rollout-only,20260723,0.35250000000000004,0.34928616881370544,0.33429254722420426
P4,Restricted rollout-only,20260723,0.3599999999999999,0.34989219903945923,0.33492655494403356
P4,Restricted rollout-only,20260723,0.36749999999999994,0.35049062967300415,0.33555518818337016
P4,Restricted rollout-only,20260723,0.375,0.3510815501213074,0.33617839700172464
P4,Restricted rollout-only,20260723,0.38250000000000006,0.3516649603843689,0.33679613436128053
P4,Restricted rollout-only,20260723,0.3899999999999999,0.35224097967147827,0.3374083561084815
P4,Restricted rollout-only,20260723,0.39749999999999996,0.3528096675872803,0.33801502095300495
P4,Restricted rollout-only,20260723,0.405,0.3533710241317749,0.33861609044421415
P4,Restricted rollout-only,20260723,0.41249999999999987,0.3539251685142517,0.33921152894518897
P4,Restricted rollout-only,20260723,0.41999999999999993,0.35447221994400024,0.3398013036044313
P4,Restricted rollout-only,20260723,0.4275,0.3550121486186981,0.3403853843253474
P4,Restricted rollout-only,20260723,0.43500000000000005,0.3555450439453125,0.34096374373360794
P4,Restricted rollout-only,20260723,0.4424999999999999,0.3560710549354553,0.341536357142489
P4,Restricted rollout-only,20260723,0.44999999999999996,0.3565901517868042,0.34210320251629683
P4,Restricted rollout-only,20260723,0.4575,0.3571024537086487,0.342664260431981
P4,Restricted rollout-only,20260723,0.46499999999999986,0.35760802030563354,0.34321951403903916
P4,Restricted rollout-only,20260723,0.4724999999999999,0.35810697078704834,0.34376894901781785
P4,Restricted rollout-only,20260723,0.48,0.35859933495521545,0.3443125535363132
P4,Restricted rollout-only,20260723,0.48750000000000004,0.35908520221710205,0.3448503182055732
P4,Restricted rollout-only,20260723,0.4949999999999999,0.3595646619796753,0.3453822360338061
P4,Restricted rollout-only,20260723,0.5025,0.36003774404525757,0.34590830237929365
P4,Restricted rollout-only,20260723,0.51,0.3605045676231384,0.3464285149022109
P4,Restricted rollout-only,20260723,0.5174999999999998,0.36096519231796265,0.3469428735154505
P4,Restricted rollout-only,20260723,0.5249999999999999,0.3614197075366974,0.3474513803345492
P4,Restricted rollout-only,20260723,0.5325,0.3618681728839874,0.34795403962681043
P4,Restricted rollout-only,20260723,0.54,0.36231064796447754,0.34845085775971835
P4,Restricted rollout-only,20260723,0.5474999999999999,0.36274731159210205,0.348941843148733
P4,Restricted rollout-only,20260723,0.5549999999999999,0.3631781339645386,0.3494270062045573
P4,Restricted rollout-only,20260723,0.5625,0.3636031746864319,0.34990635927996133
P4,Restricted rollout-only,20260723,0.5699999999999998,0.3640226125717163,0.35037991661625
P4,Restricted rollout-only,20260723,0.5774999999999999,0.36443644762039185,0.3508476942894551
P4,Restricted rollout-only,20260723,0.585,0.36484476923942566,0.3513097101563318
P4,Restricted rollout-only,20260723,0.5925,0.3652476668357849,0.3517659838002362
P4,Restricted rollout-only,20260723,0.5999999999999999,0.36564522981643677,0.35221653647695916
P4,Restricted rollout-only,20260723,0.6074999999999999,0.3660374879837036,0.3526613910605862
P4,Restricted rollout-only,20260723,0.615,0.366424560546875,0.35310057198945366
P4,Restricted rollout-only,20260723,0.6225,0.3668064773082733,0.35353410521226647
P4,Restricted rollout-only,20260723,0.6299999999999999,0.3671833276748657,0.3539620181344406
P4,Restricted rollout-only,20260723,0.6375,0.3675552010536194,0.3543843395647306
P4,Restricted rollout-only,20260723,0.645,0.36792218685150146,0.3548010996621992
P4,Restricted rollout-only,20260723,0.6524999999999999,0.36828434467315674,0.35521232988358425
P4,Restricted rollout-only,20260723,0.6599999999999999,0.3686416745185852,0.3556180629311138
P4,Restricted rollout-only,20260723,0.6675,0.3689943552017212,0.3560183327008191
P4,Restricted rollout-only,20260723,0.675,0.3693423867225647,0.3564131742313908
P4,Restricted rollout-only,20260723,0.6824999999999999,0.3696858584880829,0.356802623653622
P4,Restricted rollout-only,20260723,0.69,0.37002483010292053,0.35718671814047925
P4,Restricted rollout-only,20260723,0.6975,0.3703593611717224,0.3575654958578385
P4,Restricted rollout-only,20260723,0.7049999999999998,0.3706895709037781,0.35793899591592165
P4,Restricted rollout-only,20260723,0.7124999999999999,0.3710155189037323,0.3583072583214666
P4,Restricted rollout-only,20260723,0.72,0.3713371753692627,0.35867032393066073
P4,Restricted rollout-only,20260723,0.7275,0.371654748916626,0.35902823440286524
P4,Restricted rollout-only,20260723,0.7349999999999999,0.371968150138855,0.35938103215515604
P4,Restricted rollout-only,20260723,0.7424999999999999,0.37227755784988403,0.35972876031770373
P4,Restricted rollout-only,20260723,0.75,0.37258297204971313,0.36007146269001333
P5,Unrestricted jointly learned delay,20260719,-0.75,0.18400093913078308,0.23992853730998662
P5,Unrestricted jointly learned delay,20260719,-0.7425,0.184282124042511,0.24027123968229624
P5,Unrestricted jointly learned delay,20260719,-0.735,0.1845664083957672,0.24061896784484396
P5,Unrestricted jointly learned delay,20260719,-0.7275,0.18485382199287415,0.24097176559713476
P5,Unrestricted jointly learned delay,20260719,-0.72,0.18514440953731537,0.24132967606933925
P5,Unrestricted jointly learned delay,20260719,-0.7125,0.18543818593025208,0.24169274167853338
P5,Unrestricted jointly learned delay,20260719,-0.705,0.18573519587516785,0.24206100408407832
P5,Unrestricted jointly learned delay,20260719,-0.6975,0.18603545427322388,0.24243450414216147
P5,Unrestricted jointly learned delay,20260719,-0.69,0.18633900582790375,0.24281328185952072
P5,Unrestricted jointly learned delay,20260719,-0.6825,0.18664586544036865,0.243197376346378
P5,Unrestricted jointly learned delay,20260719,-0.675,0.18695606291294098,0.24358682576860918
P5,Unrestricted jointly learned delay,20260719,-0.6675,0.1872696429491043,0.24398166729918083
P5,Unrestricted jointly learned delay,20260719,-0.66,0.18758662045001984,0.24438193706888614
P5,Unrestricted jointly learned delay,20260719,-0.6525,0.18790702521800995,0.24478767011641572
P5,Unrestricted jointly learned delay,20260719,-0.645,0.18823090195655823,0.24519890033780076
P5,Unrestricted jointly learned delay,20260719,-0.6375,0.18855825066566467,0.2456156604352694
P5,Unrestricted jointly learned delay,20260719,-0.63,0.18888911604881287,0.24603798186555936
P5,Unrestricted jointly learned delay,20260719,-0.6225,0.18922355771064758,0.2464658947877335
P5,Unrestricted jointly learned delay,20260719,-0.615,0.18956154584884644,0.24689942801054632
P5,Unrestricted jointly learned delay,20260719,-0.6075,0.1899031549692154,0.24733860893941376
P5,Unrestricted jointly learned delay,20260719,-0.6,0.19024838507175446,0.2477834635230408
P5,Unrestricted jointly learned delay,20260719,-0.5925,0.1905972808599472,0.24823401619976376
P5,Unrestricted jointly learned delay,20260719,-0.585,0.19094985723495483,0.2486902898436682
P5,Unrestricted jointly learned delay,20260719,-0.5775,0.19130614399909973,0.24915230571054484
P5,Unrestricted jointly learned delay,20260719,-0.5700000000000001,0.19166618585586548,0.24962008338374994
P5,Unrestricted jointly learned delay,20260719,-0.5625,0.19202999770641327,0.25009364072003865
P5,Unrestricted jointly learned delay,20260719,-0.5549999999999999,0.1923975944519043,0.2505729937954427
P5,Unrestricted jointly learned delay,20260719,-0.5475,0.19276900589466095,0.251058156851267
P5,Unrestricted jointly learned delay,20260719,-0.54,0.19314426183700562,0.25154914224028163
P5,Unrestricted jointly learned delay,20260719,-0.5325,0.19352340698242188,0.25204596037318955
P5,Unrestricted jointly learned delay,20260719,-0.525,0.19390644133090973,0.2525486196654508
P5,Unrestricted jointly learned delay,20260719,-0.5175000000000001,0.19429337978363037,0.2530571264845494
P5,Unrestricted jointly learned delay,20260719,-0.51,0.19468428194522858,0.2535714850977891
P5,Unrestricted jointly learned delay,20260719,-0.5025,0.19507914781570435,0.2540916976207063
P5,Unrestricted jointly learned delay,20260719,-0.495,0.19547799229621887,0.25461776396619384
P5,Unrestricted jointly learned delay,20260719,-0.4875,0.19588084518909454,0.25514968179442676
P5,Unrestricted jointly learned delay,20260719,-0.48,0.19628773629665375,0.2556874464636868
P5,Unrestricted jointly learned delay,20260719,-0.47250000000000003,0.19669869542121887,0.2562310509821821
P5,Unrestricted jointly learned delay,20260719,-0.465,0.19711369276046753,0.2567804859609608
P5,Unrestricted jointly learned delay,20260719,-0.4575,0.1975328028202057,0.257335739568019
P5,Unrestricted jointly learned delay,20260719,-0.45,0.19795602560043335,0.2578967974837031
P5,Unrestricted jointly learned delay,20260719,-0.4425,0.1983833909034729,0.258463642857511
P5,Unrestricted jointly learned delay,20260719,-0.435,0.19881486892700195,0.25903625626639204
P5,Unrestricted jointly learned delay,20260719,-0.4275,0.19925053417682648,0.2596146156746526
P5,Unrestricted jointly learned delay,20260719,-0.42000000000000004,0.19969037175178528,0.2601986963955687
P5,Unrestricted jointly learned delay,20260719,-0.41250000000000003,0.20013439655303955,0.260788471054811
P5,Unrestricted jointly learned delay,20260719,-0.405,0.2005826234817505,0.26138390955578583
P5,Unrestricted jointly learned delay,20260719,-0.3975,0.20103508234024048,0.261984979046995
P5,Unrestricted jointly learned delay,20260719,-0.39,0.20149175822734833,0.26259164389151846
P5,Unrestricted jointly learned delay,20260719,-0.3825,0.20195266604423523,0.26320386563871945
P5,Unrestricted jointly learned delay,20260719,-0.375,0.20241783559322357,0.26382160299827534
P5,Unrestricted jointly learned delay,20260719,-0.3675,0.20288726687431335,0.2644448118166298
P5,Unrestricted jointly learned delay,20260719,-0.36,0.20336094498634338,0.2650734450559664
P5,Unrestricted jointly learned delay,20260719,-0.35250000000000004,0.20383891463279724,0.2657074527757957
P5,Unrestricted jointly learned delay,20260719,-0.34500000000000003,0.20432114601135254,0.26634678211725016
P5,Unrestricted jointly learned delay,20260719,-0.3375,0.20480766892433167,0.26699137729017486
P5,Unrestricted jointly learned delay,20260719,-0.33,0.20529845356941223,0.2676411795631011
P5,Unrestricted jointly learned delay,20260719,-0.3225,0.20579354465007782,0.2682961272561851
P5,Unrestricted jointly learned delay,20260719,-0.315,0.20629289746284485,0.2689561557371918
P5,Unrestricted jointly learned delay,20260719,-0.3075,0.2067965567111969,0.2696211974205968
P5,Unrestricted jointly learned delay,20260719,-0.30000000000000004,0.2073044776916504,0.2702911817698794
P5,Unrestricted jointly learned delay,20260719,-0.29250000000000004,0.20781667530536652,0.27096603530306995
P5,Unrestricted jointly learned delay,20260719,-0.28500000000000003,0.20833313465118408,0.2716456816016144
P5,Unrestricted jointly learned delay,20260719,-0.2775,0.2088538408279419,0.2723300413226096
P5,Unrestricted jointly learned delay,20260719,-0.27,0.20937883853912354,0.2730190322144604
P5,Unrestricted jointly learned delay,20260719,-0.2625,0.20990805327892303,0.2737125691360018
P5,Unrestricted jointly learned delay,20260719,-0.255,0.2104414999485016,0.2744105640791237
P5,Unrestricted jointly learned delay,20260719,-0.24750000000000005,0.210979163646698,0.2751129261949298
P5,Unrestricted jointly learned delay,20260719,-0.24,0.21152102947235107,0.2758195618234552
P5,Unrestricted jointly learned delay,20260719,-0.23250000000000004,0.21206708252429962,0.27653037452696
P5,Unrestricted jointly learned delay,20260719,-0.22499999999999998,0.21261730790138245,0.27724526512680997
P5,Unrestricted jointly learned delay,20260719,-0.21750000000000003,0.21317166090011597,0.2779641317439471
P5,Unrestricted jointly learned delay,20260719,-0.20999999999999996,0.21373015642166138,0.27868686984294644
P5,Unrestricted jointly learned delay,20260719,-0.2025,0.2142927348613739,0.27941337227964685
P5,Unrestricted jointly learned delay,20260719,-0.19500000000000006,0.21485939621925354,0.2801435293523366
P5,Unrestricted jointly learned delay,20260719,-0.1875,0.2154301106929779,0.28087722885646643
P5,Unrestricted jointly learned delay,20260719,-0.18000000000000005,0.2160048484802246,0.2816143561428546
P5,Unrestricted jointly learned delay,20260719,-0.1725,0.21658354997634888,0.28235479417934123
P5,Unrestricted jointly learned delay,20260719,-0.16500000000000004,0.2171662151813507,0.28309842361584003
P5,Unrestricted jointly learned delay,20260719,-0.15749999999999997,0.21775281429290771,0.2838451228527292
P5,Unrestricted jointly learned delay,20260719,-0.15000000000000002,0.21834328770637512,0.28459476811251394
P5,Unrestricted jointly learned delay,20260719,-0.14250000000000007,0.21893762052059174,0.28534723351468483
P5,Unrestricted jointly learned delay,20260719,-0.135,0.21953575313091278,0.2861023911536912
P5,Unrestricted jointly learned delay,20260719,-0.12750000000000006,0.22013765573501587,0.2868601111799366
P5,Unrestricted jointly learned delay,20260719,-0.12,0.22074326872825623,0.2876202618837003
P5,Unrestricted jointly learned delay,20260719,-0.11250000000000004,0.22135257720947266,0.28838270978187835
P5,Unrestricted jointly learned delay,20260719,-0.10499999999999998,0.221965491771698,0.28914731970743135
P5,Unrestricted jointly learned delay,20260719,-0.09750000000000003,0.22258198261260986,0.2899139549014202
P5,Unrestricted jointly learned delay,20260719,-0.09000000000000008,0.22320201992988586,0.29068247710750234
P5,Unrestricted jointly learned delay,20260719,-0.08250000000000002,0.22382552921772003,0.29145274666875687
P5,Unrestricted jointly learned delay,20260719,-0.07500000000000007,0.22445246577262878,0.2922246226266985
P5,Unrestricted jointly learned delay,20260719,-0.0675,0.22508275508880615,0.2929979628223361
P5,Unrestricted jointly learned delay,20260719,-0.06000000000000005,0.22571633756160736,0.2937726239991255
P5,Unrestricted jointly learned delay,20260719,-0.05249999999999999,0.22635316848754883,0.2945484619076617
P5,Unrestricted jointly learned delay,20260719,-0.04500000000000004,0.22699317336082458,0.2953253314119491
P5,Unrestricted jointly learned delay,20260719,-0.03749999999999998,0.22763630747795105,0.29610308659708684
P5,Unrestricted jointly learned delay,20260719,-0.030000000000000027,0.22828251123428345,0.29688158087820066
P5,Unrestricted jointly learned delay,20260719,-0.022500000000000075,0.22893166542053223,0.29766066711044903
P5,Unrestricted jointly learned delay,20260719,-0.015000000000000013,0.229583740234375,0.2984401976999299
P5,Unrestricted jointly learned delay,20260719,-0.007500000000000062,0.230238676071167,0.2992200247153102
P5,Unrestricted jointly learned delay,20260719,0.0,0.23089638352394104,0.3
P5,Unrestricted jointly learned delay,20260719,0.007499999999999951,0.23155677318572998,0.3007799752846898
P5,Unrestricted jointly learned delay,20260719,0.015000000000000013,0.23221978545188904,0.30155980230007007
P5,Unrestricted jointly learned delay,20260719,0.022499999999999964,0.23288533091545105,0.30233933288955095
P5,Unrestricted jointly learned delay,20260719,0.030000000000000027,0.23355334997177124,0.3031184191217993
P5,Unrestricted jointly learned delay,20260719,0.03749999999999998,0.23422373831272125,0.30389691340291314
P5,Unrestricted jointly learned delay,20260719,0.04499999999999993,0.2348964512348175,0.30467466858805087
P5,Unrestricted jointly learned delay,20260719,0.05249999999999999,0.23557135462760925,0.30545153809233827
P5,Unrestricted jointly learned delay,20260719,0.05999999999999994,0.23624840378761292,0.30622737600087446
P5,Unrestricted jointly learned delay,20260719,0.0675,0.23692750930786133,0.3070020371776639
P5,Unrestricted jointly learned delay,20260719,0.07499999999999996,0.23760855197906494,0.30777537737330146
P5,Unrestricted jointly learned delay,20260719,0.08250000000000002,0.23829147219657898,0.3085472533312431
P5,Unrestricted jointly learned delay,20260719,0.08999999999999997,0.23897618055343628,0.30931752289249764
P5,Unrestricted jointly learned delay,20260719,0.09749999999999992,0.2396625578403473,0.3100860450985798
P5,Unrestricted jointly learned delay,20260719,0.10499999999999998,0.24035057425498962,0.31085268029256863
P5,Unrestricted jointly learned delay,20260719,0.11249999999999993,0.24104006588459015,0.3116172902181216
P5,Unrestricted jointly learned delay,20260719,0.12,0.2417309582233429,0.31237973811629965
P5,Unrestricted jointly learned delay,20260719,0.12749999999999995,0.2424231767654419,0.3131398888200634
P5,Unrestricted jointly learned delay,20260719,0.135,0.2431166172027588,0.3138976088463088
P5,Unrestricted jointly learned delay,20260719,0.14249999999999996,0.24381119012832642,0.3146527664853151
P5,Unrestricted jointly learned delay,20260719,0.1499999999999999,0.24450677633285522,0.31540523188748604
P5,Unrestricted jointly learned delay,20260719,0.15749999999999997,0.24520331621170044,0.31615487714727075
P5,Unrestricted jointly learned delay,20260719,0.16499999999999992,0.24590067565441132,0.31690157638415994
P5,Unrestricted jointly learned delay,20260719,0.1725,0.2465987503528595,0.31764520582065875
P5,Unrestricted jointly learned delay,20260719,0.17999999999999994,0.247297465801239,0.31838564385714535
P5,Unrestricted jointly learned delay,20260719,0.1875,0.2479967474937439,0.31912277114353355
P5,Unrestricted jointly learned delay,20260719,0.19499999999999995,0.2486964464187622,0.31985647064766337
P5,Unrestricted jointly learned delay,20260719,0.2025,0.2493964433670044,0.3205866277203531
P5,Unrestricted jointly learned delay,20260719,0.20999999999999996,0.25009670853614807,0.32131313015705354
P5,Unrestricted jointly learned delay,20260719,0.21749999999999992,0.2507970929145813,0.3220358682560529
P5,Unrestricted jointly learned delay,20260719,0.22499999999999998,0.2514975368976593,0.32275473487319
P5,Unrestricted jointly learned delay,20260719,0.23249999999999993,0.25219792127609253,0.32346962547304
P5,Unrestricted jointly learned delay,20260719,0.24,0.25289812684059143,0.3241804381765448
P5,Unrestricted jointly learned delay,20260719,0.24749999999999994,0.25359806418418884,0.3248870738050702
P5,Unrestricted jointly learned delay,20260719,0.2549999999999999,0.2542976140975952,0.3255894359208763
P5,Unrestricted jointly learned delay,20260719,0.26249999999999996,0.25499674677848816,0.3262874308639982
P5,Unrestricted jointly learned delay,20260719,0.27,0.25569528341293335,0.3269809677855396
P5,Unrestricted jointly learned delay,20260719,0.27749999999999986,0.2563931941986084,0.32766995867739035
P5,Unrestricted jointly learned delay,20260719,0.2849999999999999,0.25709033012390137,0.3283543183983856
P5,Unrestricted jointly learned delay,20260719,0.2925,0.2577865719795227,0.32903396469693
P5,Unrestricted jointly learned delay,20260719,0.30000000000000004,0.2584819197654724,0.3297088182301206
P5,Unrestricted jointly learned delay,20260719,0.3074999999999999,0.25917619466781616,0.33037880257940316
P5,Unrestricted jointly learned delay,20260719,0.31499999999999995,0.2598693370819092,0.3310438442628082
P5,Unrestricted jointly learned delay,20260719,0.3225,0.2605612277984619,0.33170387274381485
P5,Unrestricted jointly learned delay,20260719,0.33000000000000007,0.2612518072128296,0.3323588204368989
P5,Unrestricted jointly learned delay,20260719,0.3374999999999999,0.26194095611572266,0.3330086227098251
P5,Unrestricted jointly learned delay,20260719,0.345,0.26262861490249634,0.3336532178827498
P5,Unrestricted jointly learned delay,20260719,0.35250000000000004,0.2633146345615387,0.33429254722420426
P5,Unrestricted jointly learned delay,20260719,0.3599999999999999,0.26399901509284973,0.33492655494403356
P5,Unrestricted jointly learned delay,20260719,0.36749999999999994,0.2646815776824951,0.33555518818337016
P5,Unrestricted jointly learned delay,20260719,0.375,0.2653622627258301,0.33617839700172464
P5,Unrestricted jointly learned delay,20260719,0.38250000000000006,0.26604101061820984,0.33679613436128053
P5,Unrestricted jointly learned delay,20260719,0.3899999999999999,0.26671773195266724,0.3374083561084815
P5,Unrestricted jointly learned delay,20260719,0.39749999999999996,0.2673923075199127,0.33801502095300495
P5,Unrestricted jointly learned delay,20260719,0.405,0.2680647075176239,0.33861609044421415
P5,Unrestricted jointly learned delay,20260719,0.41249999999999987,0.2687348425388336,0.33921152894518897
P5,Unrestricted jointly learned delay,20260719,0.41999999999999993,0.2694025933742523,0.3398013036044313
P5,Unrestricted jointly learned delay,20260719,0.4275,0.27006796002388,0.3403853843253474
P5,Unrestricted jointly learned delay,20260719,0.43500000000000005,0.27073073387145996,0.34096374373360794
P5,Unrestricted jointly learned delay,20260719,0.4424999999999999,0.27139097452163696,0.341536357142489
P5,Unrestricted jointly learned delay,20260719,0.44999999999999996,0.27204856276512146,0.34210320251629683
P5,Unrestricted jointly learned delay,20260719,0.4575,0.2727034091949463,0.342664260431981
P5,Unrestricted jointly learned delay,20260719,0.46499999999999986,0.2733554542064667,0.34321951403903916
P5,Unrestricted jointly learned delay,20260719,0.4724999999999999,0.27400463819503784,0.34376894901781785
P5,Unrestricted jointly learned delay,20260719,0.48,0.274650901556015,0.3443125535363132
P5,Unrestricted jointly learned delay,20260719,0.48750000000000004,0.2752941846847534,0.3448503182055732
P5,Unrestricted jointly learned delay,20260719,0.4949999999999999,0.2759343981742859,0.3453822360338061
P5,Unrestricted jointly learned delay,20260719,0.5025,0.27657148241996765,0.34590830237929365
P5,Unrestricted jointly learned delay,20260719,0.51,0.27720537781715393,0.3464285149022109
P5,Unrestricted jointly learned delay,20260719,0.5174999999999998,0.2778360843658447,0.3469428735154505
P5,Unrestricted jointly learned delay,20260719,0.5249999999999999,0.2784634828567505,0.3474513803345492
P5,Unrestricted jointly learned delay,20260719,0.5325,0.27908754348754883,0.34795403962681043
P5,Unrestricted jointly learned delay,20260719,0.54,0.27970823645591736,0.34845085775971835
P5,Unrestricted jointly learned delay,20260719,0.5474999999999999,0.2803254723548889,0.348941843148733
P5,Unrestricted jointly learned delay,20260719,0.5549999999999999,0.2809391915798187,0.3494270062045573
P5,Unrestricted jointly learned delay,20260719,0.5625,0.2815493941307068,0.34990635927996133
P5,Unrestricted jointly learned delay,20260719,0.5699999999999998,0.2821560502052307,0.35037991661625
P5,Unrestricted jointly learned delay,20260719,0.5774999999999999,0.28275904059410095,0.3508476942894551
P5,Unrestricted jointly learned delay,20260719,0.585,0.2833583950996399,0.3513097101563318
P5,Unrestricted jointly learned delay,20260719,0.5925,0.28395402431488037,0.3517659838002362
P5,Unrestricted jointly learned delay,20260719,0.5999999999999999,0.2845458984375,0.35221653647695916
P5,Unrestricted jointly learned delay,20260719,0.6074999999999999,0.2851340174674988,0.3526613910605862
P5,Unrestricted jointly learned delay,20260719,0.615,0.28571832180023193,0.35310057198945366
P5,Unrestricted jointly learned delay,20260719,0.6225,0.28629881143569946,0.35353410521226647
P5,Unrestricted jointly learned delay,20260719,0.6299999999999999,0.2868753671646118,0.3539620181344406
P5,Unrestricted jointly learned delay,20260719,0.6375,0.28744807839393616,0.3543843395647306
P5,Unrestricted jointly learned delay,20260719,0.645,0.2880168557167053,0.3548010996621992
P5,Unrestricted jointly learned delay,20260719,0.6524999999999999,0.28858163952827454,0.35521232988358425
P5,Unrestricted jointly learned delay,20260719,0.6599999999999999,0.2891424894332886,0.3556180629311138
P5,Unrestricted jointly learned delay,20260719,0.6675,0.2896993160247803,0.3560183327008191
P5,Unrestricted jointly learned delay,20260719,0.675,0.29025208950042725,0.3564131742313908
P5,Unrestricted jointly learned delay,20260719,0.6824999999999999,0.29080086946487427,0.356802623653622
P5,Unrestricted jointly learned delay,20260719,0.69,0.2913455367088318,0.35718671814047925
P5,Unrestricted jointly learned delay,20260719,0.6975,0.29188621044158936,0.3575654958578385
P5,Unrestricted jointly learned delay,20260719,0.7049999999999998,0.29242274165153503,0.35793899591592165
P5,Unrestricted jointly learned delay,20260719,0.7124999999999999,0.2929551601409912,0.3583072583214666
P5,Unrestricted jointly learned delay,20260719,0.72,0.2934834957122803,0.35867032393066073
P5,Unrestricted jointly learned delay,20260719,0.7275,0.29400771856307983,0.35902823440286524
P5,Unrestricted jointly learned delay,20260719,0.7349999999999999,0.2945277690887451,0.35938103215515604
P5,Unrestricted jointly learned delay,20260719,0.7424999999999999,0.2950436472892761,0.35972876031770373
P5,Unrestricted jointly learned delay,20260719,0.75,0.29555544257164,0.36007146269001333
P5,Unrestricted jointly learned delay,20260720,-0.75,0.21440298855304718,0.23992853730998662
P5,Unrestricted jointly learned delay,20260720,-0.7425,0.21465587615966797,0.24027123968229624
P5,Unrestricted jointly learned delay,20260720,-0.735,0.2149117887020111,0.24061896784484396
P5,Unrestricted jointly learned delay,20260720,-0.7275,0.21517077088356018,0.24097176559713476
P5,Unrestricted jointly learned delay,20260720,-0.72,0.21543285250663757,0.24132967606933925
P5,Unrestricted jointly learned delay,20260720,-0.7125,0.21569806337356567,0.24169274167853338
P5,Unrestricted jointly learned delay,20260720,-0.705,0.21596646308898926,0.24206100408407832
P5,Unrestricted jointly learned delay,20260720,-0.6975,0.2162380814552307,0.24243450414216147
P5,Unrestricted jointly learned delay,20260720,-0.69,0.21651294827461243,0.24281328185952072
P5,Unrestricted jointly learned delay,20260720,-0.6825,0.21679112315177917,0.243197376346378
P5,Unrestricted jointly learned delay,20260720,-0.675,0.21707260608673096,0.24358682576860918
P5,Unrestricted jointly learned delay,20260720,-0.6675,0.21735751628875732,0.24398166729918083
P5,Unrestricted jointly learned delay,20260720,-0.66,0.2176457941532135,0.24438193706888614
P5,Unrestricted jointly learned delay,20260720,-0.6525,0.21793755888938904,0.24478767011641572
P5,Unrestricted jointly learned delay,20260720,-0.645,0.21823279559612274,0.24519890033780076
P5,Unrestricted jointly learned delay,20260720,-0.6375,0.21853157877922058,0.2456156604352694
P5,Unrestricted jointly learned delay,20260720,-0.63,0.21883395314216614,0.24603798186555936
P5,Unrestricted jointly learned delay,20260720,-0.6225,0.2191399335861206,0.2464658947877335
P5,Unrestricted jointly learned delay,20260720,-0.615,0.21944957971572876,0.24689942801054632
P5,Unrestricted jointly learned delay,20260720,-0.6075,0.219762921333313,0.24733860893941376
P5,Unrestricted jointly learned delay,20260720,-0.6,0.22008003294467926,0.2477834635230408
P5,Unrestricted jointly learned delay,20260720,-0.5925,0.22040092945098877,0.24823401619976376
P5,Unrestricted jointly learned delay,20260720,-0.585,0.2207256257534027,0.2486902898436682
P5,Unrestricted jointly learned delay,20260720,-0.5775,0.22105422616004944,0.24915230571054484
P5,Unrestricted jointly learned delay,20260720,-0.5700000000000001,0.22138673067092896,0.24962008338374994
P5,Unrestricted jointly learned delay,20260720,-0.5625,0.22172318398952484,0.25009364072003865
P5,Unrestricted jointly learned delay,20260720,-0.5549999999999999,0.22206363081932068,0.2505729937954427
P5,Unrestricted jointly learned delay,20260720,-0.5475,0.22240813076496124,0.251058156851267
P5,Unrestricted jointly learned delay,20260720,-0.54,0.22275671362876892,0.25154914224028163
P5,Unrestricted jointly learned delay,20260720,-0.5325,0.2231094241142273,0.25204596037318955
P5,Unrestricted jointly learned delay,20260720,-0.525,0.22346627712249756,0.2525486196654508
P5,Unrestricted jointly learned delay,20260720,-0.5175000000000001,0.22382737696170807,0.2530571264845494
P5,Unrestricted jointly learned delay,20260720,-0.51,0.22419270873069763,0.2535714850977891
P5,Unrestricted jointly learned delay,20260720,-0.5025,0.22456233203411102,0.2540916976207063
P5,Unrestricted jointly learned delay,20260720,-0.495,0.22493629157543182,0.25461776396619384
P5,Unrestricted jointly learned delay,20260720,-0.4875,0.22531461715698242,0.25514968179442676
P5,Unrestricted jointly learned delay,20260720,-0.48,0.22569739818572998,0.2556874464636868
P5,Unrestricted jointly learned delay,20260720,-0.47250000000000003,0.2260846197605133,0.2562310509821821
P5,Unrestricted jointly learned delay,20260720,-0.465,0.22647634148597717,0.2567804859609608
P5,Unrestricted jointly learned delay,20260720,-0.4575,0.22687257826328278,0.257335739568019
P5,Unrestricted jointly learned delay,20260720,-0.45,0.22727341949939728,0.2578967974837031
P5,Unrestricted jointly learned delay,20260720,-0.4425,0.22767888009548187,0.258463642857511
P5,Unrestricted jointly learned delay,20260720,-0.435,0.22808898985385895,0.25903625626639204
P5,Unrestricted jointly learned delay,20260720,-0.4275,0.22850380837917328,0.2596146156746526
P5,Unrestricted jointly learned delay,20260720,-0.42000000000000004,0.22892336547374725,0.2601986963955687
P5,Unrestricted jointly learned delay,20260720,-0.41250000000000003,0.22934769093990326,0.260788471054811
P5,Unrestricted jointly learned delay,20260720,-0.405,0.22977682948112488,0.26138390955578583
P5,Unrestricted jointly learned delay,20260720,-0.3975,0.2302107959985733,0.261984979046995
P5,Unrestricted jointly learned delay,20260720,-0.39,0.2306496649980545,0.26259164389151846
P5,Unrestricted jointly learned delay,20260720,-0.3825,0.23109343647956848,0.26320386563871945
P5,Unrestricted jointly learned delay,20260720,-0.375,0.23154217004776,0.26382160299827534
P5,Unrestricted jointly learned delay,20260720,-0.3675,0.23199591040611267,0.2644448118166298
P5,Unrestricted jointly learned delay,20260720,-0.36,0.23245465755462646,0.2650734450559664
P5,Unrestricted jointly learned delay,20260720,-0.35250000000000004,0.23291845619678497,0.2657074527757957
P5,Unrestricted jointly learned delay,20260720,-0.34500000000000003,0.2333873212337494,0.26634678211725016
P5,Unrestricted jointly learned delay,20260720,-0.3375,0.2338612973690033,0.26699137729017486
P5,Unrestricted jointly learned delay,20260720,-0.33,0.23434042930603027,0.2676411795631011
P5,Unrestricted jointly learned delay,20260720,-0.3225,0.23482470214366913,0.2682961272561851
P5,Unrestricted jointly learned delay,20260720,-0.315,0.23531419038772583,0.2689561557371918
P5,Unrestricted jointly learned delay,20260720,-0.3075,0.23580887913703918,0.2696211974205968
P5,Unrestricted jointly learned delay,20260720,-0.30000000000000004,0.23630882799625397,0.2702911817698794
P5,Unrestricted jointly learned delay,20260720,-0.29250000000000004,0.23681402206420898,0.27096603530306995
P5,Unrestricted jointly learned delay,20260720,-0.28500000000000003,0.23732450604438782,0.2716456816016144
P5,Unrestricted jointly learned delay,20260720,-0.2775,0.23784030973911285,0.2723300413226096
P5,Unrestricted jointly learned delay,20260720,-0.27,0.2383614182472229,0.2730190322144604
P5,Unrestricted jointly learned delay,20260720,-0.2625,0.23888787627220154,0.2737125691360018
P5,Unrestricted jointly learned delay,20260720,-0.255,0.23941968381404877,0.2744105640791237
P5,Unrestricted jointly learned delay,20260720,-0.24750000000000005,0.23995685577392578,0.2751129261949298
P5,Unrestricted jointly learned delay,20260720,-0.24,0.24049939215183258,0.2758195618234552
P5,Unrestricted jointly learned delay,20260720,-0.23250000000000004,0.24104732275009155,0.27653037452696
P5,Unrestricted jointly learned delay,20260720,-0.22499999999999998,0.2416006475687027,0.27724526512680997
P5,Unrestricted jointly learned delay,20260720,-0.21750000000000003,0.24215936660766602,0.2779641317439471
P5,Unrestricted jointly learned delay,20260720,-0.20999999999999996,0.2427234947681427,0.27868686984294644
P5,Unrestricted jointly learned delay,20260720,-0.2025,0.24329301714897156,0.27941337227964685
P5,Unrestricted jointly learned delay,20260720,-0.19500000000000006,0.24386796355247498,0.2801435293523366
P5,Unrestricted jointly learned delay,20260720,-0.1875,0.24444825947284698,0.28087722885646643
P5,Unrestricted jointly learned delay,20260720,-0.18000000000000005,0.24503397941589355,0.2816143561428546
P5,Unrestricted jointly learned delay,20260720,-0.1725,0.2456250786781311,0.28235479417934123
P5,Unrestricted jointly learned delay,20260720,-0.16500000000000004,0.24622157216072083,0.28309842361584003
P5,Unrestricted jointly learned delay,20260720,-0.15749999999999997,0.24682338535785675,0.2838451228527292
P5,Unrestricted jointly learned delay,20260720,-0.15000000000000002,0.24743057787418365,0.28459476811251394
P5,Unrestricted jointly learned delay,20260720,-0.14250000000000007,0.24804307520389557,0.28534723351468483
P5,Unrestricted jointly learned delay,20260720,-0.135,0.2486608922481537,0.2861023911536912
P5,Unrestricted jointly learned delay,20260720,-0.12750000000000006,0.24928399920463562,0.2868601111799366
P5,Unrestricted jointly learned delay,20260720,-0.12,0.2499123513698578,0.2876202618837003
P5,Unrestricted jointly learned delay,20260720,-0.11250000000000004,0.2505459189414978,0.28838270978187835
P5,Unrestricted jointly learned delay,20260720,-0.10499999999999998,0.25118470191955566,0.28914731970743135
P5,Unrestricted jointly learned delay,20260720,-0.09750000000000003,0.251828670501709,0.2899139549014202
P5,Unrestricted jointly learned delay,20260720,-0.09000000000000008,0.2524777054786682,0.29068247710750234
P5,Unrestricted jointly learned delay,20260720,-0.08250000000000002,0.2531318664550781,0.29145274666875687
P5,Unrestricted jointly learned delay,20260720,-0.07500000000000007,0.25379103422164917,0.2922246226266985
P5,Unrestricted jointly learned delay,20260720,-0.0675,0.25445520877838135,0.2929979628223361
P5,Unrestricted jointly learned delay,20260720,-0.06000000000000005,0.25512436032295227,0.2937726239991255
P5,Unrestricted jointly learned delay,20260720,-0.05249999999999999,0.25579833984375,0.2945484619076617
P5,Unrestricted jointly learned delay,20260720,-0.04500000000000004,0.2564771771430969,0.2953253314119491
P5,Unrestricted jointly learned delay,20260720,-0.03749999999999998,0.25716081261634827,0.29610308659708684
P5,Unrestricted jointly learned delay,20260720,-0.030000000000000027,0.2578491270542145,0.29688158087820066
P5,Unrestricted jointly learned delay,20260720,-0.022500000000000075,0.25854209065437317,0.29766066711044903
P5,Unrestricted jointly learned delay,20260720,-0.015000000000000013,0.2592396140098572,0.2984401976999299
P5,Unrestricted jointly learned delay,20260720,-0.007500000000000062,0.2599416673183441,0.2992200247153102
P5,Unrestricted jointly learned delay,20260720,0.0,0.26064813137054443,0.3
P5,Unrestricted jointly learned delay,20260720,0.007499999999999951,0.26135894656181335,0.3007799752846898
P5,Unrestricted jointly learned delay,20260720,0.015000000000000013,0.2620740234851837,0.30155980230007007
P5,Unrestricted jointly learned delay,20260720,0.022499999999999964,0.26279330253601074,0.30233933288955095
P5,Unrestricted jointly learned delay,20260720,0.030000000000000027,0.2635166347026825,0.3031184191217993
P5,Unrestricted jointly learned delay,20260720,0.03749999999999998,0.2642439901828766,0.30389691340291314
P5,Unrestricted jointly learned delay,20260720,0.04499999999999993,0.2649752199649811,0.30467466858805087
P5,Unrestricted jointly learned delay,20260720,0.05249999999999999,0.2657102942466736,0.30545153809233827
P5,Unrestricted jointly learned delay,20260720,0.05999999999999994,0.2664490342140198,0.30622737600087446
P5,Unrestricted jointly learned delay,20260720,0.0675,0.26719141006469727,0.3070020371776639
P5,Unrestricted jointly learned delay,20260720,0.07499999999999996,0.26793724298477173,0.30777537737330146
P5,Unrestricted jointly learned delay,20260720,0.08250000000000002,0.2686864733695984,0.3085472533312431
P5,Unrestricted jointly learned delay,20260720,0.08999999999999997,0.2694389522075653,0.30931752289249764
P5,Unrestricted jointly learned delay,20260720,0.09749999999999992,0.2701945900917053,0.3100860450985798
P5,Unrestricted jointly learned delay,20260720,0.10499999999999998,0.2709532678127289,0.31085268029256863
P5,Unrestricted jointly learned delay,20260720,0.11249999999999993,0.27171486616134644,0.3116172902181216
P5,Unrestricted jointly learned delay,20260720,0.12,0.27247923612594604,0.31237973811629965
P5,Unrestricted jointly learned delay,20260720,0.12749999999999995,0.27324625849723816,0.3131398888200634
P5,Unrestricted jointly learned delay,20260720,0.135,0.2740158438682556,0.3138976088463088
P5,Unrestricted jointly learned delay,20260720,0.14249999999999996,0.2747877836227417,0.3146527664853151
P5,Unrestricted jointly learned delay,20260720,0.1499999999999999,0.27556198835372925,0.31540523188748604
P5,Unrestricted jointly learned delay,20260720,0.15749999999999997,0.2763383388519287,0.31615487714727075
P5,Unrestricted jointly learned delay,20260720,0.16499999999999992,0.27711668610572815,0.31690157638415994
P5,Unrestricted jointly learned delay,20260720,0.1725,0.2778968811035156,0.31764520582065875
P5,Unrestricted jointly learned delay,20260720,0.17999999999999994,0.2786787748336792,0.31838564385714535
P5,Unrestricted jointly learned delay,20260720,0.1875,0.27946221828460693,0.31912277114353355
P5,Unrestricted jointly learned delay,20260720,0.19499999999999995,0.2802470922470093,0.31985647064766337
P5,Unrestricted jointly learned delay,20260720,0.2025,0.2810332179069519,0.3205866277203531
P5,Unrestricted jointly learned delay,20260720,0.20999999999999996,0.28182047605514526,0.32131313015705354
P5,Unrestricted jointly learned delay,20260720,0.21749999999999992,0.2826087474822998,0.3220358682560529
P5,Unrestricted jointly learned delay,20260720,0.22499999999999998,0.2833977937698364,0.32275473487319
P5,Unrestricted jointly learned delay,20260720,0.23249999999999993,0.28418755531311035,0.32346962547304
P5,Unrestricted jointly learned delay,20260720,0.24,0.2849777936935425,0.3241804381765448
P5,Unrestricted jointly learned delay,20260720,0.24749999999999994,0.28576841950416565,0.3248870738050702
P5,Unrestricted jointly learned delay,20260720,0.2549999999999999,0.2865592837333679,0.3255894359208763
P5,Unrestricted jointly learned delay,20260720,0.26249999999999996,0.2873501777648926,0.3262874308639982
P5,Unrestricted jointly learned delay,20260720,0.27,0.28814101219177246,0.3269809677855396
P5,Unrestricted jointly learned delay,20260720,0.27749999999999986,0.28893160820007324,0.32766995867739035
P5,Unrestricted jointly learned delay,20260720,0.2849999999999999,0.2897217571735382,0.3283543183983856
P5,Unrestricted jointly learned delay,20260720,0.2925,0.2905113995075226,0.32903396469693
P5,Unrestricted jointly learned delay,20260720,0.30000000000000004,0.29130032658576965,0.3297088182301206
P5,Unrestricted jointly learned delay,20260720,0.3074999999999999,0.2920883893966675,0.33037880257940316
P5,Unrestricted jointly learned delay,20260720,0.31499999999999995,0.2928754687309265,0.3310438442628082
P5,Unrestricted jointly learned delay,20260720,0.3225,0.2936613857746124,0.33170387274381485
P5,Unrestricted jointly learned delay,20260720,0.33000000000000007,0.2944459915161133,0.3323588204368989
P5,Unrestricted jointly learned delay,20260720,0.3374999999999999,0.2952291667461395,0.3330086227098251
P5,Unrestricted jointly learned delay,20260720,0.345,0.29601073265075684,0.3336532178827498
P5,Unrestricted jointly learned delay,20260720,0.35250000000000004,0.29679054021835327,0.33429254722420426
P5,Unrestricted jointly learned delay,20260720,0.3599999999999999,0.29756850004196167,0.33492655494403356
P5,Unrestricted jointly learned delay,20260720,0.36749999999999994,0.29834437370300293,0.33555518818337016
P5,Unrestricted jointly learned delay,20260720,0.375,0.2991181015968323,0.33617839700172464
P5,Unrestricted jointly learned delay,20260720,0.38250000000000006,0.29988956451416016,0.33679613436128053
P5,Unrestricted jointly learned delay,20260720,0.3899999999999999,0.30065855383872986,0.3374083561084815
P5,Unrestricted jointly learned delay,20260720,0.39749999999999996,0.3014249801635742,0.33801502095300495
P5,Unrestricted jointly learned delay,20260720,0.405,0.3021886646747589,0.33861609044421415
P5,Unrestricted jointly learned delay,20260720,0.41249999999999987,0.30294954776763916,0.33921152894518897
P5,Unrestricted jointly learned delay,20260720,0.41999999999999993,0.30370742082595825,0.3398013036044313
P5,Unrestricted jointly learned delay,20260720,0.4275,0.3044622540473938,0.3403853843253474
P5,Unrestricted jointly learned delay,20260720,0.43500000000000005,0.3052138686180115,0.34096374373360794
P5,Unrestricted jointly learned delay,20260720,0.4424999999999999,0.30596214532852173,0.341536357142489
P5,Unrestricted jointly learned delay,20260720,0.44999999999999996,0.3067069947719574,0.34210320251629683
P5,Unrestricted jointly learned delay,20260720,0.4575,0.30744826793670654,0.342664260431981
P5,Unrestricted jointly learned delay,20260720,0.46499999999999986,0.3081859052181244,0.34321951403903916
P5,Unrestricted jointly learned delay,20260720,0.4724999999999999,0.3089197278022766,0.34376894901781785
P5,Unrestricted jointly learned delay,20260720,0.48,0.3096497058868408,0.3443125535363132
P5,Unrestricted jointly learned delay,20260720,0.48750000000000004,0.3103756904602051,0.3448503182055732
P5,Unrestricted jointly learned delay,20260720,0.4949999999999999,0.3110976219177246,0.3453822360338061
P5,Unrestricted jointly learned delay,20260720,0.5025,0.31181538105010986,0.34590830237929365
P5,Unrestricted jointly learned delay,20260720,0.51,0.31252890825271606,0.3464285149022109
P5,Unrestricted jointly learned delay,20260720,0.5174999999999998,0.3132380247116089,0.3469428735154505
P5,Unrestricted jointly learned delay,20260720,0.5249999999999999,0.3139427602291107,0.3474513803345492
P5,Unrestricted jointly learned delay,20260720,0.5325,0.3146429657936096,0.34795403962681043
P5,Unrestricted jointly learned delay,20260720,0.54,0.3153385818004608,0.34845085775971835
P5,Unrestricted jointly learned delay,20260720,0.5474999999999999,0.31602954864501953,0.348941843148733
P5,Unrestricted jointly learned delay,20260720,0.5549999999999999,0.3167157769203186,0.3494270062045573
P5,Unrestricted jointly learned delay,20260720,0.5625,0.31739720702171326,0.34990635927996133
P5,Unrestricted jointly learned delay,20260720,0.5699999999999998,0.3180737793445587,0.35037991661625
P5,Unrestricted jointly learned delay,20260720,0.5774999999999999,0.3187454044818878,0.3508476942894551
P5,Unrestricted jointly learned delay,20260720,0.585,0.3194120526313782,0.3513097101563318
P5,Unrestricted jointly learned delay,20260720,0.5925,0.320073664188385,0.3517659838002362
P5,Unrestricted jointly learned delay,20260720,0.5999999999999999,0.32073020935058594,0.35221653647695916
P5,Unrestricted jointly learned delay,20260720,0.6074999999999999,0.3213816285133362,0.3526613910605862
P5,Unrestricted jointly learned delay,20260720,0.615,0.3220278322696686,0.35310057198945366
P5,Unrestricted jointly learned delay,20260720,0.6225,0.3226688504219055,0.35353410521226647
P5,Unrestricted jointly learned delay,20260720,0.6299999999999999,0.32330459356307983,0.3539620181344406
P5,Unrestricted jointly learned delay,20260720,0.6375,0.32393503189086914,0.3543843395647306
P5,Unrestricted jointly learned delay,20260720,0.645,0.32456013560295105,0.3548010996621992
P5,Unrestricted jointly learned delay,20260720,0.6524999999999999,0.32517993450164795,0.35521232988358425
P5,Unrestricted jointly learned delay,20260720,0.6599999999999999,0.3257943093776703,0.3556180629311138
P5,Unrestricted jointly learned delay,20260720,0.6675,0.32640331983566284,0.3560183327008191
P5,Unrestricted jointly learned delay,20260720,0.675,0.32700684666633606,0.3564131742313908
P5,Unrestricted jointly learned delay,20260720,0.6824999999999999,0.3276049792766571,0.356802623653622
P5,Unrestricted jointly learned delay,20260720,0.69,0.3281976282596588,0.35718671814047925
P5,Unrestricted jointly learned delay,20260720,0.6975,0.3287848234176636,0.3575654958578385
P5,Unrestricted jointly learned delay,20260720,0.7049999999999998,0.3293665647506714,0.35793899591592165
P5,Unrestricted jointly learned delay,20260720,0.7124999999999999,0.32994282245635986,0.3583072583214666
P5,Unrestricted jointly learned delay,20260720,0.72,0.33051353693008423,0.35867032393066073
P5,Unrestricted jointly learned delay,20260720,0.7275,0.33107882738113403,0.35902823440286524
P5,Unrestricted jointly learned delay,20260720,0.7349999999999999,0.3316385746002197,0.35938103215515604
P5,Unrestricted jointly learned delay,20260720,0.7424999999999999,0.33219286799430847,0.35972876031770373
P5,Unrestricted jointly learned delay,20260720,0.75,0.3327416777610779,0.36007146269001333
P5,Unrestricted jointly learned delay,20260721,-0.75,0.2603079080581665,0.23992853730998662
P5,Unrestricted jointly learned delay,20260721,-0.7425,0.2604649066925049,0.24027123968229624
P5,Unrestricted jointly learned delay,20260721,-0.735,0.2606237530708313,0.24061896784484396
P5,Unrestricted jointly learned delay,20260721,-0.7275,0.2607845067977905,0.24097176559713476
P5,Unrestricted jointly learned delay,20260721,-0.72,0.26094716787338257,0.24132967606933925
P5,Unrestricted jointly learned delay,20260721,-0.7125,0.26111170649528503,0.24169274167853338
P5,Unrestricted jointly learned delay,20260721,-0.705,0.2612782120704651,0.24206100408407832
P5,Unrestricted jointly learned delay,20260721,-0.6975,0.26144668459892273,0.24243450414216147
P5,Unrestricted jointly learned delay,20260721,-0.69,0.26161712408065796,0.24281328185952072
P5,Unrestricted jointly learned delay,20260721,-0.6825,0.26178961992263794,0.243197376346378
P5,Unrestricted jointly learned delay,20260721,-0.675,0.2619641423225403,0.24358682576860918
P5,Unrestricted jointly learned delay,20260721,-0.6675,0.26214075088500977,0.24398166729918083
P5,Unrestricted jointly learned delay,20260721,-0.66,0.262319415807724,0.24438193706888614
P5,Unrestricted jointly learned delay,20260721,-0.6525,0.26250022649765015,0.24478767011641572
P5,Unrestricted jointly learned delay,20260721,-0.645,0.2626831829547882,0.24519890033780076
P5,Unrestricted jointly learned delay,20260721,-0.6375,0.2628682851791382,0.2456156604352694
P5,Unrestricted jointly learned delay,20260721,-0.63,0.26305562257766724,0.24603798186555936
P5,Unrestricted jointly learned delay,20260721,-0.6225,0.2632451355457306,0.2464658947877335
P5,Unrestricted jointly learned delay,20260721,-0.615,0.2634369134902954,0.24689942801054632
P5,Unrestricted jointly learned delay,20260721,-0.6075,0.2636309862136841,0.24733860893941376
P5,Unrestricted jointly learned delay,20260721,-0.6,0.263827383518219,0.2477834635230408
P5,Unrestricted jointly learned delay,20260721,-0.5925,0.26402604579925537,0.24823401619976376
P5,Unrestricted jointly learned delay,20260721,-0.585,0.26422712206840515,0.2486902898436682
P5,Unrestricted jointly learned delay,20260721,-0.5775,0.26443055272102356,0.24915230571054484
P5,Unrestricted jointly learned delay,20260721,-0.5700000000000001,0.26463639736175537,0.24962008338374994
P5,Unrestricted jointly learned delay,20260721,-0.5625,0.26484471559524536,0.25009364072003865
P5,Unrestricted jointly learned delay,20260721,-0.5549999999999999,0.26505544781684875,0.2505729937954427
P5,Unrestricted jointly learned delay,20260721,-0.5475,0.2652687430381775,0.251058156851267
P5,Unrestricted jointly learned delay,20260721,-0.54,0.2654845118522644,0.25154914224028163
P5,Unrestricted jointly learned delay,20260721,-0.5325,0.26570287346839905,0.25204596037318955
P5,Unrestricted jointly learned delay,20260721,-0.525,0.26592379808425903,0.2525486196654508
P5,Unrestricted jointly learned delay,20260721,-0.5175000000000001,0.26614734530448914,0.2530571264845494
P5,Unrestricted jointly learned delay,20260721,-0.51,0.26637351512908936,0.2535714850977891
P5,Unrestricted jointly learned delay,20260721,-0.5025,0.26660236716270447,0.2540916976207063
P5,Unrestricted jointly learned delay,20260721,-0.495,0.26683393120765686,0.25461776396619384
P5,Unrestricted jointly learned delay,20260721,-0.4875,0.26706820726394653,0.25514968179442676
P5,Unrestricted jointly learned delay,20260721,-0.48,0.26730525493621826,0.2556874464636868
P5,Unrestricted jointly learned delay,20260721,-0.47250000000000003,0.26754507422447205,0.2562310509821821
P5,Unrestricted jointly learned delay,20260721,-0.465,0.26778775453567505,0.2567804859609608
P5,Unrestricted jointly learned delay,20260721,-0.4575,0.2680332362651825,0.257335739568019
P5,Unrestricted jointly learned delay,20260721,-0.45,0.26828160881996155,0.2578967974837031
P5,Unrestricted jointly learned delay,20260721,-0.4425,0.2685329020023346,0.258463642857511
P5,Unrestricted jointly learned delay,20260721,-0.435,0.26878711581230164,0.25903625626639204
P5,Unrestricted jointly learned delay,20260721,-0.4275,0.26904430985450745,0.2596146156746526
P5,Unrestricted jointly learned delay,20260721,-0.42000000000000004,0.2693045139312744,0.2601986963955687
P5,Unrestricted jointly learned delay,20260721,-0.41250000000000003,0.26956772804260254,0.260788471054811
P5,Unrestricted jointly learned delay,20260721,-0.405,0.2698339819908142,0.26138390955578583
P5,Unrestricted jointly learned delay,20260721,-0.3975,0.2701033651828766,0.261984979046995
P5,Unrestricted jointly learned delay,20260721,-0.39,0.2703758478164673,0.26259164389151846
P5,Unrestricted jointly learned delay,20260721,-0.3825,0.2706514596939087,0.26320386563871945
P5,Unrestricted jointly learned delay,20260721,-0.375,0.2709302604198456,0.26382160299827534
P5,Unrestricted jointly learned delay,20260721,-0.3675,0.27121227979660034,0.2644448118166298
P5,Unrestricted jointly learned delay,20260721,-0.36,0.271497517824173,0.2650734450559664
P5,Unrestricted jointly learned delay,20260721,-0.35250000000000004,0.27178603410720825,0.2657074527757957
P5,Unrestricted jointly learned delay,20260721,-0.34500000000000003,0.2720778286457062,0.26634678211725016
P5,Unrestricted jointly learned delay,20260721,-0.3375,0.2723729610443115,0.26699137729017486
P5,Unrestricted jointly learned delay,20260721,-0.33,0.2726714313030243,0.2676411795631011
P5,Unrestricted jointly learned delay,20260721,-0.3225,0.27297326922416687,0.2682961272561851
P5,Unrestricted jointly learned delay,20260721,-0.315,0.27327853441238403,0.2689561557371918
P5,Unrestricted jointly learned delay,20260721,-0.3075,0.2735872268676758,0.2696211974205968
P5,Unrestricted jointly learned delay,20260721,-0.30000000000000004,0.2738993763923645,0.2702911817698794
P5,Unrestricted jointly learned delay,20260721,-0.29250000000000004,0.27421504259109497,0.27096603530306995
P5,Unrestricted jointly learned delay,20260721,-0.28500000000000003,0.2745341658592224,0.2716456816016144
P5,Unrestricted jointly learned delay,20260721,-0.2775,0.27485689520835876,0.2723300413226096
P5,Unrestricted jointly learned delay,20260721,-0.27,0.27518314123153687,0.2730190322144604
P5,Unrestricted jointly learned delay,20260721,-0.2625,0.27551305294036865,0.2737125691360018
P5,Unrestricted jointly learned delay,20260721,-0.255,0.2758465111255646,0.2744105640791237
P5,Unrestricted jointly learned delay,20260721,-0.24750000000000005,0.2761836647987366,0.2751129261949298
P5,Unrestricted jointly learned delay,20260721,-0.24,0.27652445435523987,0.2758195618234552
P5,Unrestricted jointly learned delay,20260721,-0.23250000000000004,0.27686893939971924,0.27653037452696
P5,Unrestricted jointly learned delay,20260721,-0.22499999999999998,0.2772171199321747,0.27724526512680997
P5,Unrestricted jointly learned delay,20260721,-0.21750000000000003,0.277569055557251,0.2779641317439471
P5,Unrestricted jointly learned delay,20260721,-0.20999999999999996,0.2779247760772705,0.27868686984294644
P5,Unrestricted jointly learned delay,20260721,-0.2025,0.2782842516899109,0.27941337227964685
P5,Unrestricted jointly learned delay,20260721,-0.19500000000000006,0.2786475419998169,0.2801435293523366
P5,Unrestricted jointly learned delay,20260721,-0.1875,0.2790146470069885,0.28087722885646643
P5,Unrestricted jointly learned delay,20260721,-0.18000000000000005,0.2793855667114258,0.2816143561428546
P5,Unrestricted jointly learned delay,20260721,-0.1725,0.27976036071777344,0.28235479417934123
P5,Unrestricted jointly learned delay,20260721,-0.16500000000000004,0.2801390290260315,0.28309842361584003
P5,Unrestricted jointly learned delay,20260721,-0.15749999999999997,0.28052160143852234,0.2838451228527292
P5,Unrestricted jointly learned delay,20260721,-0.15000000000000002,0.2809080481529236,0.28459476811251394
P5,Unrestricted jointly learned delay,20260721,-0.14250000000000007,0.2812984585762024,0.28534723351468483
P5,Unrestricted jointly learned delay,20260721,-0.135,0.281692773103714,0.2861023911536912
P5,Unrestricted jointly learned delay,20260721,-0.12750000000000006,0.28209102153778076,0.2868601111799366
P5,Unrestricted jointly learned delay,20260721,-0.12,0.2824932336807251,0.2876202618837003
P5,Unrestricted jointly learned delay,20260721,-0.11250000000000004,0.2828994393348694,0.28838270978187835
P5,Unrestricted jointly learned delay,20260721,-0.10499999999999998,0.28330960869789124,0.28914731970743135
P5,Unrestricted jointly learned delay,20260721,-0.09750000000000003,0.28372377157211304,0.2899139549014202
P5,Unrestricted jointly learned delay,20260721,-0.09000000000000008,0.2841418981552124,0.29068247710750234
P5,Unrestricted jointly learned delay,20260721,-0.08250000000000002,0.2845640778541565,0.29145274666875687
P5,Unrestricted jointly learned delay,20260721,-0.07500000000000007,0.28499019145965576,0.2922246226266985
P5,Unrestricted jointly learned delay,20260721,-0.0675,0.28542035818099976,0.2929979628223361
P5,Unrestricted jointly learned delay,20260721,-0.06000000000000005,0.2858545184135437,0.2937726239991255
P5,Unrestricted jointly learned delay,20260721,-0.05249999999999999,0.2862926721572876,0.2945484619076617
P5,Unrestricted jointly learned delay,20260721,-0.04500000000000004,0.28673484921455383,0.2953253314119491
P5,Unrestricted jointly learned delay,20260721,-0.03749999999999998,0.28718101978302,0.29610308659708684
P5,Unrestricted jointly learned delay,20260721,-0.030000000000000027,0.28763121366500854,0.29688158087820066
P5,Unrestricted jointly learned delay,20260721,-0.022500000000000075,0.28808534145355225,0.29766066711044903
P5,Unrestricted jointly learned delay,20260721,-0.015000000000000013,0.2885435223579407,0.2984401976999299
P5,Unrestricted jointly learned delay,20260721,-0.007500000000000062,0.2890056371688843,0.2992200247153102
P5,Unrestricted jointly learned delay,20260721,0.0,0.2894717752933502,0.3
P5,Unrestricted jointly learned delay,20260721,0.007499999999999951,0.28994181752204895,0.3007799752846898
P5,Unrestricted jointly learned delay,20260721,0.015000000000000013,0.29041582345962524,0.30155980230007007
P5,Unrestricted jointly learned delay,20260721,0.022499999999999964,0.2908937335014343,0.30233933288955095
P5,Unrestricted jointly learned delay,20260721,0.030000000000000027,0.2913755774497986,0.3031184191217993
P5,Unrestricted jointly learned delay,20260721,0.03749999999999998,0.29186129570007324,0.30389691340291314
P5,Unrestricted jointly learned delay,20260721,0.04499999999999993,0.2923509180545807,0.30467466858805087
P5,Unrestricted jointly learned delay,20260721,0.05249999999999999,0.29284435510635376,0.30545153809233827
P5,Unrestricted jointly learned delay,20260721,0.05999999999999994,0.29334163665771484,0.30622737600087446
P5,Unrestricted jointly learned delay,20260721,0.0675,0.29384270310401917,0.3070020371776639
P5,Unrestricted jointly learned delay,20260721,0.07499999999999996,0.29434752464294434,0.30777537737330146
P5,Unrestricted jointly learned delay,20260721,0.08250000000000002,0.29485613107681274,0.3085472533312431
P5,Unrestricted jointly learned delay,20260721,0.08999999999999997,0.29536837339401245,0.30931752289249764
P5,Unrestricted jointly learned delay,20260721,0.09749999999999992,0.2958843410015106,0.3100860450985798
P5,Unrestricted jointly learned delay,20260721,0.10499999999999998,0.2964039444923401,0.31085268029256863
P5,Unrestricted jointly learned delay,20260721,0.11249999999999993,0.29692715406417847,0.3116172902181216
P5,Unrestricted jointly learned delay,20260721,0.12,0.2974538803100586,0.31237973811629965
P5,Unrestricted jointly learned delay,20260721,0.12749999999999995,0.29798418283462524,0.3131398888200634
P5,Unrestricted jointly learned delay,20260721,0.135,0.29851794242858887,0.3138976088463088
P5,Unrestricted jointly learned delay,20260721,0.14249999999999996,0.2990550994873047,0.3146527664853151
P5,Unrestricted jointly learned delay,20260721,0.1499999999999999,0.2995956540107727,0.31540523188748604
P5,Unrestricted jointly learned delay,20260721,0.15749999999999997,0.30013957619667053,0.31615487714727075
P5,Unrestricted jointly learned delay,20260721,0.16499999999999992,0.3006867468357086,0.31690157638415994
P5,Unrestricted jointly learned delay,20260721,0.1725,0.30123716592788696,0.31764520582065875
P5,Unrestricted jointly learned delay,20260721,0.17999999999999994,0.301790714263916,0.31838564385714535
P5,Unrestricted jointly learned delay,20260721,0.1875,0.30234742164611816,0.31912277114353355
P5,Unrestricted jointly learned delay,20260721,0.19499999999999995,0.30290716886520386,0.31985647064766337
P5,Unrestricted jointly learned delay,20260721,0.2025,0.3034698963165283,0.3205866277203531
P5,Unrestricted jointly learned delay,20260721,0.20999999999999996,0.30403557419776917,0.32131313015705354
P5,Unrestricted jointly learned delay,20260721,0.21749999999999992,0.30460411310195923,0.3220358682560529
P5,Unrestricted jointly learned delay,20260721,0.22499999999999998,0.30517542362213135,0.32275473487319
P5,Unrestricted jointly learned delay,20260721,0.23249999999999993,0.30574947595596313,0.32346962547304
P5,Unrestricted jointly learned delay,20260721,0.24,0.3063262104988098,0.3241804381765448
P5,Unrestricted jointly learned delay,20260721,0.24749999999999994,0.30690547823905945,0.3248870738050702
P5,Unrestricted jointly learned delay,20260721,0.2549999999999999,0.3074873089790344,0.3255894359208763
P5,Unrestricted jointly learned delay,20260721,0.26249999999999996,0.3080715537071228,0.3262874308639982
P5,Unrestricted jointly learned delay,20260721,0.27,0.3086581528186798,0.3269809677855396
P5,Unrestricted jointly learned delay,20260721,0.27749999999999986,0.30924704670906067,0.32766995867739035
P5,Unrestricted jointly learned delay,20260721,0.2849999999999999,0.30983811616897583,0.3283543183983856
P5,Unrestricted jointly learned delay,20260721,0.2925,0.3104313015937805,0.32903396469693
P5,Unrestricted jointly learned delay,20260721,0.30000000000000004,0.31102651357650757,0.3297088182301206
P5,Unrestricted jointly learned delay,20260721,0.3074999999999999,0.3116236925125122,0.33037880257940316
P5,Unrestricted jointly learned delay,20260721,0.31499999999999995,0.3122227191925049,0.3310438442628082
P5,Unrestricted jointly learned delay,20260721,0.3225,0.3128235340118408,0.33170387274381485
P5,Unrestricted jointly learned delay,20260721,0.33000000000000007,0.3134259879589081,0.3323588204368989
P5,Unrestricted jointly learned delay,20260721,0.3374999999999999,0.3140300512313843,0.3330086227098251
P5,Unrestricted jointly learned delay,20260721,0.345,0.31463563442230225,0.3336532178827498
P5,Unrestricted jointly learned delay,20260721,0.35250000000000004,0.31524258852005005,0.33429254722420426
P5,Unrestricted jointly learned delay,20260721,0.3599999999999999,0.3158508539199829,0.33492655494403356
P5,Unrestricted jointly learned delay,20260721,0.36749999999999994,0.31646037101745605,0.33555518818337016
P5,Unrestricted jointly learned delay,20260721,0.375,0.31707096099853516,0.33617839700172464
P5,Unrestricted jointly learned delay,20260721,0.38250000000000006,0.3176826238632202,0.33679613436128053
P5,Unrestricted jointly learned delay,20260721,0.3899999999999999,0.3182951807975769,0.3374083561084815
P5,Unrestricted jointly learned delay,20260721,0.39749999999999996,0.3189086318016052,0.33801502095300495
P5,Unrestricted jointly learned delay,20260721,0.405,0.3195227384567261,0.33861609044421415
P5,Unrestricted jointly learned delay,20260721,0.41249999999999987,0.32013750076293945,0.33921152894518897
P5,Unrestricted jointly learned delay,20260721,0.41999999999999993,0.3207527995109558,0.3398013036044313
P5,Unrestricted jointly learned delay,20260721,0.4275,0.3213685154914856,0.3403853843253474
P5,Unrestricted jointly learned delay,20260721,0.43500000000000005,0.32198458909988403,0.34096374373360794
P5,Unrestricted jointly learned delay,20260721,0.4424999999999999,0.3226009011268616,0.341536357142489
P5,Unrestricted jointly learned delay,20260721,0.44999999999999996,0.32321733236312866,0.34210320251629683
P5,Unrestricted jointly learned delay,20260721,0.4575,0.32383376359939575,0.342664260431981
P5,Unrestricted jointly learned delay,20260721,0.46499999999999986,0.32445019483566284,0.34321951403903916
P5,Unrestricted jointly learned delay,20260721,0.4724999999999999,0.32506638765335083,0.34376894901781785
P5,Unrestricted jointly learned delay,20260721,0.48,0.3256823718547821,0.3443125535363132
P5,Unrestricted jointly learned delay,20260721,0.48750000000000004,0.32629793882369995,0.3448503182055732
P5,Unrestricted jointly learned delay,20260721,0.4949999999999999,0.326913058757782,0.3453822360338061
P5,Unrestricted jointly learned delay,20260721,0.5025,0.32752764225006104,0.34590830237929365
P5,Unrestricted jointly learned delay,20260721,0.51,0.32814154028892517,0.3464285149022109
P5,Unrestricted jointly learned delay,20260721,0.5174999999999998,0.32875463366508484,0.3469428735154505
P5,Unrestricted jointly learned delay,20260721,0.5249999999999999,0.32936692237854004,0.3474513803345492
P5,Unrestricted jointly learned delay,20260721,0.5325,0.32997822761535645,0.34795403962681043
P5,Unrestricted jointly learned delay,20260721,0.54,0.3305884599685669,0.34845085775971835
P5,Unrestricted jointly learned delay,20260721,0.5474999999999999,0.331197589635849,0.348941843148733
P5,Unrestricted jointly learned delay,20260721,0.5549999999999999,0.3318054676055908,0.3494270062045573
P5,Unrestricted jointly learned delay,20260721,0.5625,0.3324120044708252,0.34990635927996133
P5,Unrestricted jointly learned delay,20260721,0.5699999999999998,0.3330170810222626,0.35037991661625
P5,Unrestricted jointly learned delay,20260721,0.5774999999999999,0.33362069725990295,0.3508476942894551
P5,Unrestricted jointly learned delay,20260721,0.585,0.334222674369812,0.3513097101563318
P5,Unrestricted jointly learned delay,20260721,0.5925,0.33482295274734497,0.3517659838002362
P5,Unrestricted jointly learned delay,20260721,0.5999999999999999,0.33542147278785706,0.35221653647695916
P5,Unrestricted jointly learned delay,20260721,0.6074999999999999,0.3360181152820587,0.3526613910605862
P5,Unrestricted jointly learned delay,20260721,0.615,0.3366127908229828,0.35310057198945366
P5,Unrestricted jointly learned delay,20260721,0.6225,0.3372054696083069,0.35353410521226647
P5,Unrestricted jointly learned delay,20260721,0.6299999999999999,0.3377959728240967,0.3539620181344406
P5,Unrestricted jointly learned delay,20260721,0.6375,0.33838433027267456,0.3543843395647306
P5,Unrestricted jointly learned delay,20260721,0.645,0.338970422744751,0.3548010996621992
P5,Unrestricted jointly learned delay,20260721,0.6524999999999999,0.3395541310310364,0.35521232988358425
P5,Unrestricted jointly learned delay,20260721,0.6599999999999999,0.340135395526886,0.3556180629311138
P5,Unrestricted jointly learned delay,20260721,0.6675,0.3407142162322998,0.3560183327008191
P5,Unrestricted jointly learned delay,20260721,0.675,0.3412904441356659,0.3564131742313908
P5,Unrestricted jointly learned delay,20260721,0.6824999999999999,0.34186404943466187,0.356802623653622
P5,Unrestricted jointly learned delay,20260721,0.69,0.34243494272232056,0.35718671814047925
P5,Unrestricted jointly learned delay,20260721,0.6975,0.3430030345916748,0.3575654958578385
P5,Unrestricted jointly learned delay,20260721,0.7049999999999998,0.3435683250427246,0.35793899591592165
P5,Unrestricted jointly learned delay,20260721,0.7124999999999999,0.3441307246685028,0.3583072583214666
P5,Unrestricted jointly learned delay,20260721,0.72,0.34469014406204224,0.35867032393066073
P5,Unrestricted jointly learned delay,20260721,0.7275,0.3452465534210205,0.35902823440286524
P5,Unrestricted jointly learned delay,20260721,0.7349999999999999,0.34579989314079285,0.35938103215515604
P5,Unrestricted jointly learned delay,20260721,0.7424999999999999,0.3463501036167145,0.35972876031770373
P5,Unrestricted jointly learned delay,20260721,0.75,0.3468971252441406,0.36007146269001333
P5,Unrestricted jointly learned delay,20260722,-0.75,0.26164349913597107,0.23992853730998662
P5,Unrestricted jointly learned delay,20260722,-0.7425,0.2618415355682373,0.24027123968229624
P5,Unrestricted jointly learned delay,20260722,-0.735,0.2620420455932617,0.24061896784484396
P5,Unrestricted jointly learned delay,20260722,-0.7275,0.2622450292110443,0.24097176559713476
P5,Unrestricted jointly learned delay,20260722,-0.72,0.26245057582855225,0.24132967606933925
P5,Unrestricted jointly learned delay,20260722,-0.7125,0.26265862584114075,0.24169274167853338
P5,Unrestricted jointly learned delay,20260722,-0.705,0.26286935806274414,0.24206100408407832
P5,Unrestricted jointly learned delay,20260722,-0.6975,0.26308268308639526,0.24243450414216147
P5,Unrestricted jointly learned delay,20260722,-0.69,0.2632986903190613,0.24281328185952072
P5,Unrestricted jointly learned delay,20260722,-0.6825,0.2635173797607422,0.243197376346378
P5,Unrestricted jointly learned delay,20260722,-0.675,0.26373881101608276,0.24358682576860918
P5,Unrestricted jointly learned delay,20260722,-0.6675,0.2639630436897278,0.24398166729918083
P5,Unrestricted jointly learned delay,20260722,-0.66,0.26419007778167725,0.24438193706888614
P5,Unrestricted jointly learned delay,20260722,-0.6525,0.2644199728965759,0.24478767011641572
P5,Unrestricted jointly learned delay,20260722,-0.645,0.2646527588367462,0.24519890033780076
P5,Unrestricted jointly learned delay,20260722,-0.6375,0.2648884654045105,0.2456156604352694
P5,Unrestricted jointly learned delay,20260722,-0.63,0.26512712240219116,0.24603798186555936
P5,Unrestricted jointly learned delay,20260722,-0.6225,0.26536881923675537,0.2464658947877335
P5,Unrestricted jointly learned delay,20260722,-0.615,0.26561352610588074,0.24689942801054632
P5,Unrestricted jointly learned delay,20260722,-0.6075,0.2658613324165344,0.24733860893941376
P5,Unrestricted jointly learned delay,20260722,-0.6,0.26611223816871643,0.2477834635230408
P5,Unrestricted jointly learned delay,20260722,-0.5925,0.2663663327693939,0.24823401619976376
P5,Unrestricted jointly learned delay,20260722,-0.585,0.2666236162185669,0.2486902898436682
P5,Unrestricted jointly learned delay,20260722,-0.5775,0.2668841779232025,0.24915230571054484
P5,Unrestricted jointly learned delay,20260722,-0.5700000000000001,0.267147958278656,0.24962008338374994
P5,Unrestricted jointly learned delay,20260722,-0.5625,0.2674151062965393,0.25009364072003865
P5,Unrestricted jointly learned delay,20260722,-0.5549999999999999,0.2676856219768524,0.2505729937954427
P5,Unrestricted jointly learned delay,20260722,-0.5475,0.2679595351219177,0.251058156851267
P5,Unrestricted jointly learned delay,20260722,-0.54,0.2682369351387024,0.25154914224028163
P5,Unrestricted jointly learned delay,20260722,-0.5325,0.26851779222488403,0.25204596037318955
P5,Unrestricted jointly learned delay,20260722,-0.525,0.2688021957874298,0.2525486196654508
P5,Unrestricted jointly learned delay,20260722,-0.5175000000000001,0.2690902054309845,0.2530571264845494
P5,Unrestricted jointly learned delay,20260722,-0.51,0.2693818211555481,0.2535714850977891
P5,Unrestricted jointly learned delay,20260722,-0.5025,0.26967713236808777,0.2540916976207063
P5,Unrestricted jointly learned delay,20260722,-0.495,0.2699761390686035,0.25461776396619384
P5,Unrestricted jointly learned delay,20260722,-0.4875,0.2702789306640625,0.25514968179442676
P5,Unrestricted jointly learned delay,20260722,-0.48,0.2705855071544647,0.2556874464636868
P5,Unrestricted jointly learned delay,20260722,-0.47250000000000003,0.27089592814445496,0.2562310509821821
P5,Unrestricted jointly learned delay,20260722,-0.465,0.27121028304100037,0.2567804859609608
P5,Unrestricted jointly learned delay,20260722,-0.4575,0.27152854204177856,0.257335739568019
P5,Unrestricted jointly learned delay,20260722,-0.45,0.2718508243560791,0.2578967974837031
P5,Unrestricted jointly learned delay,20260722,-0.4425,0.272177129983902,0.258463642857511
P5,Unrestricted jointly learned delay,20260722,-0.435,0.27250754833221436,0.25903625626639204
P5,Unrestricted jointly learned delay,20260722,-0.4275,0.27284204959869385,0.2596146156746526
P5,Unrestricted jointly learned delay,20260722,-0.42000000000000004,0.27318075299263,0.2601986963955687
P5,Unrestricted jointly learned delay,20260722,-0.41250000000000003,0.2735236883163452,0.260788471054811
P5,Unrestricted jointly learned delay,20260722,-0.405,0.27387091517448425,0.26138390955578583
P5,Unrestricted jointly learned delay,20260722,-0.3975,0.2742224335670471,0.261984979046995
P5,Unrestricted jointly learned delay,20260722,-0.39,0.274578332901001,0.26259164389151846
P5,Unrestricted jointly learned delay,20260722,-0.3825,0.2749386429786682,0.26320386563871945
P5,Unrestricted jointly learned delay,20260722,-0.375,0.2753034234046936,0.26382160299827534
P5,Unrestricted jointly learned delay,20260722,-0.3675,0.2756727337837219,0.2644448118166298
P5,Unrestricted jointly learned delay,20260722,-0.36,0.2760465741157532,0.2650734450559664
P5,Unrestricted jointly learned delay,20260722,-0.35250000000000004,0.2764250338077545,0.2657074527757957
P5,Unrestricted jointly learned delay,20260722,-0.34500000000000003,0.27680814266204834,0.26634678211725016
P5,Unrestricted jointly learned delay,20260722,-0.3375,0.2771959900856018,0.26699137729017486
P5,Unrestricted jointly learned delay,20260722,-0.33,0.27758854627609253,0.2676411795631011
P5,Unrestricted jointly learned delay,20260722,-0.3225,0.27798593044281006,0.2682961272561851
P5,Unrestricted jointly learned delay,20260722,-0.315,0.2783881723880768,0.2689561557371918
P5,Unrestricted jointly learned delay,20260722,-0.3075,0.2787953019142151,0.2696211974205968
P5,Unrestricted jointly learned delay,20260722,-0.30000000000000004,0.27920734882354736,0.2702911817698794
P5,Unrestricted jointly learned delay,20260722,-0.29250000000000004,0.27962440252304077,0.27096603530306995
P5,Unrestricted jointly learned delay,20260722,-0.28500000000000003,0.2800465226173401,0.2716456816016144
P5,Unrestricted jointly learned delay,20260722,-0.2775,0.2804737091064453,0.2723300413226096
P5,Unrestricted jointly learned delay,20260722,-0.27,0.2809060215950012,0.2730190322144604
P5,Unrestricted jointly learned delay,20260722,-0.2625,0.2813434898853302,0.2737125691360018
P5,Unrestricted jointly learned delay,20260722,-0.255,0.2817862331867218,0.2744105640791237
P5,Unrestricted jointly learned delay,20260722,-0.24750000000000005,0.28223419189453125,0.2751129261949298
P5,Unrestricted jointly learned delay,20260722,-0.24,0.2826874852180481,0.2758195618234552
P5,Unrestricted jointly learned delay,20260722,-0.23250000000000004,0.2831461429595947,0.27653037452696
P5,Unrestricted jointly learned delay,20260722,-0.22499999999999998,0.2836102247238159,0.27724526512680997
P5,Unrestricted jointly learned delay,20260722,-0.21750000000000003,0.2840797007083893,0.2779641317439471
P5,Unrestricted jointly learned delay,20260722,-0.20999999999999996,0.28455471992492676,0.27868686984294644
P5,Unrestricted jointly learned delay,20260722,-0.2025,0.28503525257110596,0.27941337227964685
P5,Unrestricted jointly learned delay,20260722,-0.19500000000000006,0.28552132844924927,0.2801435293523366
P5,Unrestricted jointly learned delay,20260722,-0.1875,0.28601300716400146,0.28087722885646643
P5,Unrestricted jointly learned delay,20260722,-0.18000000000000005,0.2865103781223297,0.2816143561428546
P5,Unrestricted jointly learned delay,20260722,-0.1725,0.2870134115219116,0.28235479417934123
P5,Unrestricted jointly learned delay,20260722,-0.16500000000000004,0.28752219676971436,0.28309842361584003
P5,Unrestricted jointly learned delay,20260722,-0.15749999999999997,0.2880367040634155,0.2838451228527292
P5,Unrestricted jointly learned delay,20260722,-0.15000000000000002,0.2885570526123047,0.28459476811251394
P5,Unrestricted jointly learned delay,20260722,-0.14250000000000007,0.28908324241638184,0.28534723351468483
P5,Unrestricted jointly learned delay,20260722,-0.135,0.28961533308029175,0.2861023911536912
P5,Unrestricted jointly learned delay,20260722,-0.12750000000000006,0.29015326499938965,0.2868601111799366
P5,Unrestricted jointly learned delay,20260722,-0.12,0.2906971573829651,0.2876202618837003
P5,Unrestricted jointly learned delay,20260722,-0.11250000000000004,0.29124701023101807,0.28838270978187835
P5,Unrestricted jointly learned delay,20260722,-0.10499999999999998,0.29180288314819336,0.28914731970743135
P5,Unrestricted jointly learned delay,20260722,-0.09750000000000003,0.29236477613449097,0.2899139549014202
P5,Unrestricted jointly learned delay,20260722,-0.09000000000000008,0.2929326891899109,0.29068247710750234
P5,Unrestricted jointly learned delay,20260722,-0.08250000000000002,0.2935066819190979,0.29145274666875687
P5,Unrestricted jointly learned delay,20260722,-0.07500000000000007,0.2940868139266968,0.2922246226266985
P5,Unrestricted jointly learned delay,20260722,-0.0675,0.29467302560806274,0.2929979628223361
P5,Unrestricted jointly learned delay,20260722,-0.06000000000000005,0.2952653765678406,0.2937726239991255
P5,Unrestricted jointly learned delay,20260722,-0.05249999999999999,0.29586392641067505,0.2945484619076617
P5,Unrestricted jointly learned delay,20260722,-0.04500000000000004,0.2964686155319214,0.2953253314119491
P5,Unrestricted jointly learned delay,20260722,-0.03749999999999998,0.29707950353622437,0.29610308659708684
P5,Unrestricted jointly learned delay,20260722,-0.030000000000000027,0.297696590423584,0.29688158087820066
P5,Unrestricted jointly learned delay,20260722,-0.022500000000000075,0.298319935798645,0.29766066711044903
P5,Unrestricted jointly learned delay,20260722,-0.015000000000000013,0.2989494800567627,0.2984401976999299
P5,Unrestricted jointly learned delay,20260722,-0.007500000000000062,0.299585223197937,0.2992200247153102
P5,Unrestricted jointly learned delay,20260722,0.0,0.30022722482681274,0.3
P5,Unrestricted jointly learned delay,20260722,0.007499999999999951,0.3008754849433899,0.3007799752846898
P5,Unrestricted jointly learned delay,20260722,0.015000000000000013,0.3015299439430237,0.30155980230007007
P5,Unrestricted jointly learned delay,20260722,0.022499999999999964,0.3021906912326813,0.30233933288955095
P5,Unrestricted jointly learned delay,20260722,0.030000000000000027,0.3028576374053955,0.3031184191217993
P5,Unrestricted jointly learned delay,20260722,0.03749999999999998,0.30353081226348877,0.30389691340291314
P5,Unrestricted jointly learned delay,20260722,0.04499999999999993,0.30421021580696106,0.30467466858805087
P5,Unrestricted jointly learned delay,20260722,0.05249999999999999,0.30489581823349,0.30545153809233827
P5,Unrestricted jointly learned delay,20260722,0.05999999999999994,0.30558761954307556,0.30622737600087446
P5,Unrestricted jointly learned delay,20260722,0.0675,0.306285560131073,0.3070020371776639
P5,Unrestricted jointly learned delay,20260722,0.07499999999999996,0.3069896697998047,0.30777537737330146
P5,Unrestricted jointly learned delay,20260722,0.08250000000000002,0.30769991874694824,0.3085472533312431
P5,Unrestricted jointly learned delay,20260722,0.08999999999999997,0.30841630697250366,0.30931752289249764
P5,Unrestricted jointly learned delay,20260722,0.09749999999999992,0.3091387152671814,0.3100860450985798
P5,Unrestricted jointly learned delay,20260722,0.10499999999999998,0.3098672032356262,0.31085268029256863
P5,Unrestricted jointly learned delay,20260722,0.11249999999999993,0.31060171127319336,0.3116172902181216
P5,Unrestricted jointly learned delay,20260722,0.12,0.31134217977523804,0.31237973811629965
P5,Unrestricted jointly learned delay,20260722,0.12749999999999995,0.31208857893943787,0.3131398888200634
P5,Unrestricted jointly learned delay,20260722,0.135,0.31284087896347046,0.3138976088463088
P5,Unrestricted jointly learned delay,20260722,0.14249999999999996,0.31359899044036865,0.3146527664853151
P5,Unrestricted jointly learned delay,20260722,0.1499999999999999,0.31436294317245483,0.31540523188748604
P5,Unrestricted jointly learned delay,20260722,0.15749999999999997,0.31513261795043945,0.31615487714727075
P5,Unrestricted jointly learned delay,20260722,0.16499999999999992,0.3159080147743225,0.31690157638415994
P5,Unrestricted jointly learned delay,20260722,0.1725,0.31668901443481445,0.31764520582065875
P5,Unrestricted jointly learned delay,20260722,0.17999999999999994,0.3174756169319153,0.31838564385714535
P5,Unrestricted jointly learned delay,20260722,0.1875,0.3182676434516907,0.31912277114353355
P5,Unrestricted jointly learned delay,20260722,0.19499999999999995,0.3190651535987854,0.31985647064766337
P5,Unrestricted jointly learned delay,20260722,0.2025,0.3198680877685547,0.3205866277203531
P5,Unrestricted jointly learned delay,20260722,0.20999999999999996,0.3206762373447418,0.32131313015705354
P5,Unrestricted jointly learned delay,20260722,0.21749999999999992,0.3214896321296692,0.3220358682560529
P5,Unrestricted jointly learned delay,20260722,0.22499999999999998,0.32230812311172485,0.32275473487319
P5,Unrestricted jointly learned delay,20260722,0.23249999999999993,0.3231316804885864,0.32346962547304
P5,Unrestricted jointly learned delay,20260722,0.24,0.32396018505096436,0.3241804381765448
P5,Unrestricted jointly learned delay,20260722,0.24749999999999994,0.3247935473918915,0.3248870738050702
P5,Unrestricted jointly learned delay,20260722,0.2549999999999999,0.32563167810440063,0.3255894359208763
P5,Unrestricted jointly learned delay,20260722,0.26249999999999996,0.32647448778152466,0.3262874308639982
P5,Unrestricted jointly learned delay,20260722,0.27,0.3273218870162964,0.3269809677855396
P5,Unrestricted jointly learned delay,20260722,0.27749999999999986,0.32817375659942627,0.32766995867739035
P5,Unrestricted jointly learned delay,20260722,0.2849999999999999,0.32902991771698,0.3283543183983856
P5,Unrestricted jointly learned delay,20260722,0.2925,0.3298904001712799,0.32903396469693
P5,Unrestricted jointly learned delay,20260722,0.30000000000000004,0.33075499534606934,0.3297088182301206
P5,Unrestricted jointly learned delay,20260722,0.3074999999999999,0.3316236138343811,0.33037880257940316
P5,Unrestricted jointly learned delay,20260722,0.31499999999999995,0.33249616622924805,0.3310438442628082
P5,Unrestricted jointly learned delay,20260722,0.3225,0.33337244391441345,0.33170387274381485
P5,Unrestricted jointly learned delay,20260722,0.33000000000000007,0.33425241708755493,0.3323588204368989
P5,Unrestricted jointly learned delay,20260722,0.3374999999999999,0.33513587713241577,0.3330086227098251
P5,Unrestricted jointly learned delay,20260722,0.345,0.3360227644443512,0.3336532178827498
P5,Unrestricted jointly learned delay,20260722,0.35250000000000004,0.33691293001174927,0.33429254722420426
P5,Unrestricted jointly learned delay,20260722,0.3599999999999999,0.33780622482299805,0.33492655494403356
P5,Unrestricted jointly learned delay,20260722,0.36749999999999994,0.3387024402618408,0.33555518818337016
P5,Unrestricted jointly learned delay,20260722,0.375,0.3396015763282776,0.33617839700172464
P5,Unrestricted jointly learned delay,20260722,0.38250000000000006,0.340503454208374,0.33679613436128053
P5,Unrestricted jointly learned delay,20260722,0.3899999999999999,0.341407835483551,0.3374083561084815
P5,Unrestricted jointly learned delay,20260722,0.39749999999999996,0.3423146605491638,0.33801502095300495
P5,Unrestricted jointly learned delay,20260722,0.405,0.3432237505912781,0.33861609044421415
P5,Unrestricted jointly learned delay,20260722,0.41249999999999987,0.34413498640060425,0.33921152894518897
P5,Unrestricted jointly learned delay,20260722,0.41999999999999993,0.345048189163208,0.3398013036044313
P5,Unrestricted jointly learned delay,20260722,0.4275,0.34596318006515503,0.3403853843253474
P5,Unrestricted jointly learned delay,20260722,0.43500000000000005,0.34687986969947815,0.34096374373360794
P5,Unrestricted jointly learned delay,20260722,0.4424999999999999,0.34779804944992065,0.341536357142489
P5,Unrestricted jointly learned delay,20260722,0.44999999999999996,0.3487175703048706,0.34210320251629683
P5,Unrestricted jointly learned delay,20260722,0.4575,0.34963831305503845,0.342664260431981
P5,Unrestricted jointly learned delay,20260722,0.46499999999999986,0.3505600690841675,0.34321951403903916
P5,Unrestricted jointly learned delay,20260722,0.4724999999999999,0.35148268938064575,0.34376894901781785
P5,Unrestricted jointly learned delay,20260722,0.48,0.35240602493286133,0.3443125535363132
P5,Unrestricted jointly learned delay,20260722,0.48750000000000004,0.35332992672920227,0.3448503182055732
P5,Unrestricted jointly learned delay,20260722,0.4949999999999999,0.35425418615341187,0.3453822360338061
P5,Unrestricted jointly learned delay,20260722,0.5025,0.35517871379852295,0.34590830237929365
P5,Unrestricted jointly learned delay,20260722,0.51,0.3561032712459564,0.3464285149022109
P5,Unrestricted jointly learned delay,20260722,0.5174999999999998,0.3570277690887451,0.3469428735154505
P5,Unrestricted jointly learned delay,20260722,0.5249999999999999,0.35795193910598755,0.3474513803345492
P5,Unrestricted jointly learned delay,20260722,0.5325,0.35887575149536133,0.34795403962681043
P5,Unrestricted jointly learned delay,20260722,0.54,0.35979896783828735,0.34845085775971835
P5,Unrestricted jointly learned delay,20260722,0.5474999999999999,0.3607214093208313,0.348941843148733
P5,Unrestricted jointly learned delay,20260722,0.5549999999999999,0.3616429567337036,0.3494270062045573
P5,Unrestricted jointly learned delay,20260722,0.5625,0.36256343126296997,0.34990635927996133
P5,Unrestricted jointly learned delay,20260722,0.5699999999999998,0.36348265409469604,0.35037991661625
P5,Unrestricted jointly learned delay,20260722,0.5774999999999999,0.3644005060195923,0.3508476942894551
P5,Unrestricted jointly learned delay,20260722,0.585,0.36531686782836914,0.3513097101563318
P5,Unrestricted jointly learned delay,20260722,0.5925,0.36623144149780273,0.3517659838002362
P5,Unrestricted jointly learned delay,20260722,0.5999999999999999,0.36714422702789307,0.35221653647695916
P5,Unrestricted jointly learned delay,20260722,0.6074999999999999,0.3680550158023834,0.3526613910605862
P5,Unrestricted jointly learned delay,20260722,0.615,0.3689636290073395,0.35310057198945366
P5,Unrestricted jointly learned delay,20260722,0.6225,0.3698699176311493,0.35353410521226647
P5,Unrestricted jointly learned delay,20260722,0.6299999999999999,0.3707737624645233,0.3539620181344406
P5,Unrestricted jointly learned delay,20260722,0.6375,0.3716750144958496,0.3543843395647306
P5,Unrestricted jointly learned delay,20260722,0.645,0.37257352471351624,0.3548010996621992
P5,Unrestricted jointly learned delay,20260722,0.6524999999999999,0.37346917390823364,0.35521232988358425
P5,Unrestricted jointly learned delay,20260722,0.6599999999999999,0.3743617534637451,0.3556180629311138
P5,Unrestricted jointly learned delay,20260722,0.6675,0.3752511739730835,0.3560183327008191
P5,Unrestricted jointly learned delay,20260722,0.675,0.37613731622695923,0.3564131742313908
P5,Unrestricted jointly learned delay,20260722,0.6824999999999999,0.37702006101608276,0.356802623653622
P5,Unrestricted jointly learned delay,20260722,0.69,0.3778991997241974,0.35718671814047925
P5,Unrestricted jointly learned delay,20260722,0.6975,0.3787747025489807,0.3575654958578385
P5,Unrestricted jointly learned delay,20260722,0.7049999999999998,0.379646360874176,0.35793899591592165
P5,Unrestricted jointly learned delay,20260722,0.7124999999999999,0.3805140554904938,0.3583072583214666
P5,Unrestricted jointly learned delay,20260722,0.72,0.3813777565956116,0.35867032393066073
P5,Unrestricted jointly learned delay,20260722,0.7275,0.3822373151779175,0.35902823440286524
P5,Unrestricted jointly learned delay,20260722,0.7349999999999999,0.3830925524234772,0.35938103215515604
P5,Unrestricted jointly learned delay,20260722,0.7424999999999999,0.38394343852996826,0.35972876031770373
P5,Unrestricted jointly learned delay,20260722,0.75,0.3847897946834564,0.36007146269001333
P5,Unrestricted jointly learned delay,20260723,-0.75,0.27814561128616333,0.23992853730998662
P5,Unrestricted jointly learned delay,20260723,-0.7425,0.27835002541542053,0.24027123968229624
P5,Unrestricted jointly learned delay,20260723,-0.735,0.2785571813583374,0.24061896784484396
P5,Unrestricted jointly learned delay,20260723,-0.7275,0.27876704931259155,0.24097176559713476
P5,Unrestricted jointly learned delay,20260723,-0.72,0.27897965908050537,0.24132967606933925
P5,Unrestricted jointly learned delay,20260723,-0.7125,0.27919507026672363,0.24169274167853338
P5,Unrestricted jointly learned delay,20260723,-0.705,0.2794133424758911,0.24206100408407832
P5,Unrestricted jointly learned delay,20260723,-0.6975,0.2796344757080078,0.24243450414216147
P5,Unrestricted jointly learned delay,20260723,-0.69,0.27985846996307373,0.24281328185952072
P5,Unrestricted jointly learned delay,20260723,-0.6825,0.2800855040550232,0.243197376346378
P5,Unrestricted jointly learned delay,20260723,-0.675,0.28031545877456665,0.24358682576860918
P5,Unrestricted jointly learned delay,20260723,-0.6675,0.28054845333099365,0.24398166729918083
P5,Unrestricted jointly learned delay,20260723,-0.66,0.28078457713127136,0.24438193706888614
P5,Unrestricted jointly learned delay,20260723,-0.6525,0.2810238003730774,0.24478767011641572
P5,Unrestricted jointly learned delay,20260723,-0.645,0.2812662124633789,0.24519890033780076
P5,Unrestricted jointly learned delay,20260723,-0.6375,0.2815117835998535,0.2456156604352694
P5,Unrestricted jointly learned delay,20260723,-0.63,0.281760573387146,0.24603798186555936
P5,Unrestricted jointly learned delay,20260723,-0.6225,0.2820127010345459,0.2464658947877335
P5,Unrestricted jointly learned delay,20260723,-0.615,0.282268226146698,0.24689942801054632
P5,Unrestricted jointly learned delay,20260723,-0.6075,0.2825270891189575,0.24733860893941376
P5,Unrestricted jointly learned delay,20260723,-0.6,0.2827893793582916,0.2477834635230408
P5,Unrestricted jointly learned delay,20260723,-0.5925,0.2830551266670227,0.24823401619976376
P5,Unrestricted jointly learned delay,20260723,-0.585,0.2833244204521179,0.2486902898436682
P5,Unrestricted jointly learned delay,20260723,-0.5775,0.28359732031822205,0.24915230571054484
P5,Unrestricted jointly learned delay,20260723,-0.5700000000000001,0.2838737964630127,0.24962008338374994
P5,Unrestricted jointly learned delay,20260723,-0.5625,0.2841539680957794,0.25009364072003865
P5,Unrestricted jointly learned delay,20260723,-0.5549999999999999,0.2844378650188446,0.2505729937954427
P5,Unrestricted jointly learned delay,20260723,-0.5475,0.284725546836853,0.251058156851267
P5,Unrestricted jointly learned delay,20260723,-0.54,0.2850169837474823,0.25154914224028163
P5,Unrestricted jointly learned delay,20260723,-0.5325,0.28531232476234436,0.25204596037318955
P5,Unrestricted jointly learned delay,20260723,-0.525,0.285611629486084,0.2525486196654508
P5,Unrestricted jointly learned delay,20260723,-0.5175000000000001,0.2859148681163788,0.2530571264845494
P5,Unrestricted jointly learned delay,20260723,-0.51,0.2862221598625183,0.2535714850977891
P5,Unrestricted jointly learned delay,20260723,-0.5025,0.28653353452682495,0.2540916976207063
P5,Unrestricted jointly learned delay,20260723,-0.495,0.2868490219116211,0.25461776396619384
P5,Unrestricted jointly learned delay,20260723,-0.4875,0.2871687114238739,0.25514968179442676
P5,Unrestricted jointly learned delay,20260723,-0.48,0.28749266266822815,0.2556874464636868
P5,Unrestricted jointly learned delay,20260723,-0.47250000000000003,0.28782087564468384,0.2562310509821821
P5,Unrestricted jointly learned delay,20260723,-0.465,0.2881535291671753,0.2567804859609608
P5,Unrestricted jointly learned delay,20260723,-0.4575,0.28849050402641296,0.257335739568019
P5,Unrestricted jointly learned delay,20260723,-0.45,0.2888319790363312,0.2578967974837031
P5,Unrestricted jointly learned delay,20260723,-0.4425,0.2891780138015747,0.258463642857511
P5,Unrestricted jointly learned delay,20260723,-0.435,0.28952860832214355,0.25903625626639204
P5,Unrestricted jointly learned delay,20260723,-0.4275,0.28988391160964966,0.2596146156746526
P5,Unrestricted jointly learned delay,20260723,-0.42000000000000004,0.29024386405944824,0.2601986963955687
P5,Unrestricted jointly learned delay,20260723,-0.41250000000000003,0.2906085252761841,0.260788471054811
P5,Unrestricted jointly learned delay,20260723,-0.405,0.2909780740737915,0.26138390955578583
P5,Unrestricted jointly learned delay,20260723,-0.3975,0.2913525104522705,0.261984979046995
P5,Unrestricted jointly learned delay,20260723,-0.39,0.2917318344116211,0.26259164389151846
P5,Unrestricted jointly learned delay,20260723,-0.3825,0.2921161949634552,0.26320386563871945
P5,Unrestricted jointly learned delay,20260723,-0.375,0.29250568151474,0.26382160299827534
P5,Unrestricted jointly learned delay,20260723,-0.3675,0.2929001748561859,0.2644448118166298
P5,Unrestricted jointly learned delay,20260723,-0.36,0.29329991340637207,0.2650734450559664
P5,Unrestricted jointly learned delay,20260723,-0.35250000000000004,0.29370492696762085,0.2657074527757957
P5,Unrestricted jointly learned delay,20260723,-0.34500000000000003,0.29411524534225464,0.26634678211725016
P5,Unrestricted jointly learned delay,20260723,-0.3375,0.2945308983325958,0.26699137729017486
P5,Unrestricted jointly learned delay,20260723,-0.33,0.29495203495025635,0.2676411795631011
P5,Unrestricted jointly learned delay,20260723,-0.3225,0.2953786551952362,0.2682961272561851
P5,Unrestricted jointly learned delay,20260723,-0.315,0.29581084847450256,0.2689561557371918
P5,Unrestricted jointly learned delay,20260723,-0.3075,0.2962486445903778,0.2696211974205968
P5,Unrestricted jointly learned delay,20260723,-0.30000000000000004,0.2966921329498291,0.2702911817698794
P5,Unrestricted jointly learned delay,20260723,-0.29250000000000004,0.2971413731575012,0.27096603530306995
P5,Unrestricted jointly learned delay,20260723,-0.28500000000000003,0.29759645462036133,0.2716456816016144
P5,Unrestricted jointly learned delay,20260723,-0.2775,0.2980574071407318,0.2723300413226096
P5,Unrestricted jointly learned delay,20260723,-0.27,0.29852429032325745,0.2730190322144604
P5,Unrestricted jointly learned delay,20260723,-0.2625,0.2989972233772278,0.2737125691360018
P5,Unrestricted jointly learned delay,20260723,-0.255,0.2994762063026428,0.2744105640791237
P5,Unrestricted jointly learned delay,20260723,-0.24750000000000005,0.2999613285064697,0.2751129261949298
P5,Unrestricted jointly learned delay,20260723,-0.24,0.3004525899887085,0.2758195618234552
P5,Unrestricted jointly learned delay,20260723,-0.23250000000000004,0.30095016956329346,0.27653037452696
P5,Unrestricted jointly learned delay,20260723,-0.22499999999999998,0.3014540374279022,0.27724526512680997
P5,Unrestricted jointly learned delay,20260723,-0.21750000000000003,0.30196428298950195,0.2779641317439471
P5,Unrestricted jointly learned delay,20260723,-0.20999999999999996,0.3024809956550598,0.27868686984294644
P5,Unrestricted jointly learned delay,20260723,-0.2025,0.3030042052268982,0.27941337227964685
P5,Unrestricted jointly learned delay,20260723,-0.19500000000000006,0.30353400111198425,0.2801435293523366
P5,Unrestricted jointly learned delay,20260723,-0.1875,0.3040703535079956,0.28087722885646643
P5,Unrestricted jointly learned delay,20260723,-0.18000000000000005,0.30461347103118896,0.2816143561428546
P5,Unrestricted jointly learned delay,20260723,-0.1725,0.30516326427459717,0.28235479417934123
P5,Unrestricted jointly learned delay,20260723,-0.16500000000000004,0.3057199716567993,0.28309842361584003
P5,Unrestricted jointly learned delay,20260723,-0.15749999999999997,0.3062834143638611,0.2838451228527292
P5,Unrestricted jointly learned delay,20260723,-0.15000000000000002,0.3068538308143616,0.28459476811251394
P5,Unrestricted jointly learned delay,20260723,-0.14250000000000007,0.3074311912059784,0.28534723351468483
P5,Unrestricted jointly learned delay,20260723,-0.135,0.3080155849456787,0.2861023911536912
P5,Unrestricted jointly learned delay,20260723,-0.12750000000000006,0.3086070418357849,0.2868601111799366
P5,Unrestricted jointly learned delay,20260723,-0.12,0.30920565128326416,0.2876202618837003
P5,Unrestricted jointly learned delay,20260723,-0.11250000000000004,0.30981144309043884,0.28838270978187835
P5,Unrestricted jointly learned delay,20260723,-0.10499999999999998,0.31042444705963135,0.28914731970743135
P5,Unrestricted jointly learned delay,20260723,-0.09750000000000003,0.31104469299316406,0.2899139549014202
P5,Unrestricted jointly learned delay,20260723,-0.09000000000000008,0.31167230010032654,0.29068247710750234
P5,Unrestricted jointly learned delay,20260723,-0.08250000000000002,0.3123072385787964,0.29145274666875687
P5,Unrestricted jointly learned delay,20260723,-0.07500000000000007,0.31294965744018555,0.2922246226266985
P5,Unrestricted jointly learned delay,20260723,-0.0675,0.31359946727752686,0.2929979628223361
P5,Unrestricted jointly learned delay,20260723,-0.06000000000000005,0.31425678730010986,0.2937726239991255
P5,Unrestricted jointly learned delay,20260723,-0.05249999999999999,0.31492161750793457,0.2945484619076617
P5,Unrestricted jointly learned delay,20260723,-0.04500000000000004,0.31559401750564575,0.2953253314119491
P5,Unrestricted jointly learned delay,20260723,-0.03749999999999998,0.3162740170955658,0.29610308659708684
P5,Unrestricted jointly learned delay,20260723,-0.030000000000000027,0.3169616460800171,0.29688158087820066
P5,Unrestricted jointly learned delay,20260723,-0.022500000000000075,0.317656934261322,0.29766066711044903
P5,Unrestricted jointly learned delay,20260723,-0.015000000000000013,0.318359911441803,0.2984401976999299
P5,Unrestricted jointly learned delay,20260723,-0.007500000000000062,0.31907057762145996,0.2992200247153102
P5,Unrestricted jointly learned delay,20260723,0.0,0.31978899240493774,0.3
P5,Unrestricted jointly learned delay,20260723,0.007499999999999951,0.32051509618759155,0.3007799752846898
P5,Unrestricted jointly learned delay,20260723,0.015000000000000013,0.3212490379810333,0.30155980230007007
P5,Unrestricted jointly learned delay,20260723,0.022499999999999964,0.3219907283782959,0.30233933288955095
P5,Unrestricted jointly learned delay,20260723,0.030000000000000027,0.3227401673793793,0.3031184191217993
P5,Unrestricted jointly learned delay,20260723,0.03749999999999998,0.3234974145889282,0.30389691340291314
P5,Unrestricted jointly learned delay,20260723,0.04499999999999993,0.32426244020462036,0.30467466858805087
P5,Unrestricted jointly learned delay,20260723,0.05249999999999999,0.32503530383110046,0.30545153809233827
P5,Unrestricted jointly learned delay,20260723,0.05999999999999994,0.32581591606140137,0.30622737600087446
P5,Unrestricted jointly learned delay,20260723,0.0675,0.32660436630249023,0.3070020371776639
P5,Unrestricted jointly learned delay,20260723,0.07499999999999996,0.3274005055427551,0.30777537737330146
P5,Unrestricted jointly learned delay,20260723,0.08250000000000002,0.3282044529914856,0.3085472533312431
P5,Unrestricted jointly learned delay,20260723,0.08999999999999997,0.3290161192417145,0.30931752289249764
P5,Unrestricted jointly learned delay,20260723,0.09749999999999992,0.3298355042934418,0.3100860450985798
P5,Unrestricted jointly learned delay,20260723,0.10499999999999998,0.3306625485420227,0.31085268029256863
P5,Unrestricted jointly learned delay,20260723,0.11249999999999993,0.33149731159210205,0.3116172902181216
P5,Unrestricted jointly learned delay,20260723,0.12,0.33233964443206787,0.31237973811629965
P5,Unrestricted jointly learned delay,20260723,0.12749999999999995,0.33318963646888733,0.3131398888200634
P5,Unrestricted jointly learned delay,20260723,0.135,0.3340471088886261,0.3138976088463088
P5,Unrestricted jointly learned delay,20260723,0.14249999999999996,0.33491209149360657,0.3146527664853151
P5,Unrestricted jointly learned delay,20260723,0.1499999999999999,0.3357844948768616,0.31540523188748604
P5,Unrestricted jointly learned delay,20260723,0.15749999999999997,0.3366643190383911,0.31615487714727075
P5,Unrestricted jointly learned delay,20260723,0.16499999999999992,0.33755144476890564,0.31690157638415994
P5,Unrestricted jointly learned delay,20260723,0.1725,0.33844584226608276,0.31764520582065875
P5,Unrestricted jointly learned delay,20260723,0.17999999999999994,0.33934739232063293,0.31838564385714535
P5,Unrestricted jointly learned delay,20260723,0.1875,0.34025606513023376,0.31912277114353355
P5,Unrestricted jointly learned delay,20260723,0.19499999999999995,0.3411718010902405,0.31985647064766337
P5,Unrestricted jointly learned delay,20260723,0.2025,0.34209442138671875,0.3205866277203531
P5,Unrestricted jointly learned delay,20260723,0.20999999999999996,0.3430238962173462,0.32131313015705354
P5,Unrestricted jointly learned delay,20260723,0.21749999999999992,0.343960165977478,0.3220358682560529
P5,Unrestricted jointly learned delay,20260723,0.22499999999999998,0.34490305185317993,0.32275473487319
P5,Unrestricted jointly learned delay,20260723,0.23249999999999993,0.34585246443748474,0.32346962547304
P5,Unrestricted jointly learned delay,20260723,0.24,0.3468083441257477,0.3241804381765448
P5,Unrestricted jointly learned delay,20260723,0.24749999999999994,0.3477705121040344,0.3248870738050702
P5,Unrestricted jointly learned delay,20260723,0.2549999999999999,0.3487388789653778,0.3255894359208763
P5,Unrestricted jointly learned delay,20260723,0.26249999999999996,0.3497133255004883,0.3262874308639982
P5,Unrestricted jointly learned delay,20260723,0.27,0.3506937026977539,0.3269809677855396
P5,Unrestricted jointly learned delay,20260723,0.27749999999999986,0.35167986154556274,0.32766995867739035
P5,Unrestricted jointly learned delay,20260723,0.2849999999999999,0.35267162322998047,0.3283543183983856
P5,Unrestricted jointly learned delay,20260723,0.2925,0.3536689281463623,0.32903396469693
P5,Unrestricted jointly learned delay,20260723,0.30000000000000004,0.3546715974807739,0.3297088182301206
P5,Unrestricted jointly learned delay,20260723,0.3074999999999999,0.355679452419281,0.33037880257940316
P5,Unrestricted jointly learned delay,20260723,0.31499999999999995,0.3566923141479492,0.3310438442628082
P5,Unrestricted jointly learned delay,20260723,0.3225,0.357710063457489,0.33170387274381485
P5,Unrestricted jointly learned delay,20260723,0.33000000000000007,0.3587324619293213,0.3323588204368989
P5,Unrestricted jointly learned delay,20260723,0.3374999999999999,0.3597593903541565,0.3330086227098251
P5,Unrestricted jointly learned delay,20260723,0.345,0.3607906699180603,0.3336532178827498
P5,Unrestricted jointly learned delay,20260723,0.35250000000000004,0.3618260622024536,0.33429254722420426
P5,Unrestricted jointly learned delay,20260723,0.3599999999999999,0.3628653883934021,0.33492655494403356
P5,Unrestricted jointly learned delay,20260723,0.36749999999999994,0.3639085292816162,0.33555518818337016
P5,Unrestricted jointly learned delay,20260723,0.375,0.36495518684387207,0.33617839700172464
P5,Unrestricted jointly learned delay,20260723,0.38250000000000006,0.36600518226623535,0.33679613436128053
P5,Unrestricted jointly learned delay,20260723,0.3899999999999999,0.36705833673477173,0.3374083561084815
P5,Unrestricted jointly learned delay,20260723,0.39749999999999996,0.3681144714355469,0.33801502095300495
P5,Unrestricted jointly learned delay,20260723,0.405,0.3691732883453369,0.33861609044421415
P5,Unrestricted jointly learned delay,20260723,0.41249999999999987,0.3702346086502075,0.33921152894518897
P5,Unrestricted jointly learned delay,20260723,0.41999999999999993,0.371298223733902,0.3398013036044313
P5,Unrestricted jointly learned delay,20260723,0.4275,0.3723639249801636,0.3403853843253474
P5,Unrestricted jointly learned delay,20260723,0.43500000000000005,0.3734314441680908,0.34096374373360794
P5,Unrestricted jointly learned delay,20260723,0.4424999999999999,0.374500572681427,0.341536357142489
P5,Unrestricted jointly learned delay,20260723,0.44999999999999996,0.375571072101593,0.34210320251629683
P5,Unrestricted jointly learned delay,20260723,0.4575,0.37664276361465454,0.342664260431981
P5,Unrestricted jointly learned delay,20260723,0.46499999999999986,0.3777152895927429,0.34321951403903916
P5,Unrestricted jointly learned delay,20260723,0.4724999999999999,0.3787885904312134,0.34376894901781785
P5,Unrestricted jointly learned delay,20260723,0.48,0.3798622488975525,0.3443125535363132
P5,Unrestricted jointly learned delay,20260723,0.48750000000000004,0.3809361457824707,0.3448503182055732
P5,Unrestricted jointly learned delay,20260723,0.4949999999999999,0.38201001286506653,0.3453822360338061
P5,Unrestricted jointly learned delay,20260723,0.5025,0.3830835819244385,0.34590830237929365
P5,Unrestricted jointly learned delay,20260723,0.51,0.38415664434432983,0.3464285149022109
P5,Unrestricted jointly learned delay,20260723,0.5174999999999998,0.3852289617061615,0.3469428735154505
P5,Unrestricted jointly learned delay,20260723,0.5249999999999999,0.386300265789032,0.3474513803345492
P5,Unrestricted jointly learned delay,20260723,0.5325,0.38737034797668457,0.34795403962681043
P5,Unrestricted jointly learned delay,20260723,0.54,0.3884389102458954,0.34845085775971835
P5,Unrestricted jointly learned delay,20260723,0.5474999999999999,0.3895058035850525,0.348941843148733
P5,Unrestricted jointly learned delay,20260723,0.5549999999999999,0.3905707001686096,0.3494270062045573
P5,Unrestricted jointly learned delay,20260723,0.5625,0.39163345098495483,0.34990635927996133
P5,Unrestricted jointly learned delay,20260723,0.5699999999999998,0.39269375801086426,0.35037991661625
P5,Unrestricted jointly learned delay,20260723,0.5774999999999999,0.39375144243240356,0.3508476942894551
P5,Unrestricted jointly learned delay,20260723,0.585,0.3948062062263489,0.3513097101563318
P5,Unrestricted jointly learned delay,20260723,0.5925,0.39585787057876587,0.3517659838002362
P5,Unrestricted jointly learned delay,20260723,0.5999999999999999,0.39690619707107544,0.35221653647695916
P5,Unrestricted jointly learned delay,20260723,0.6074999999999999,0.3979509472846985,0.3526613910605862
P5,Unrestricted jointly learned delay,20260723,0.615,0.3989919424057007,0.35310057198945366
P5,Unrestricted jointly learned delay,20260723,0.6225,0.40002894401550293,0.35353410521226647
P5,Unrestricted jointly learned delay,20260723,0.6299999999999999,0.4010617136955261,0.3539620181344406
P5,Unrestricted jointly learned delay,20260723,0.6375,0.40209007263183594,0.3543843395647306
P5,Unrestricted jointly learned delay,20260723,0.645,0.40311381220817566,0.3548010996621992
P5,Unrestricted jointly learned delay,20260723,0.6524999999999999,0.4041327238082886,0.35521232988358425
P5,Unrestricted jointly learned delay,20260723,0.6599999999999999,0.40514659881591797,0.3556180629311138
P5,Unrestricted jointly learned delay,20260723,0.6675,0.4061552584171295,0.3560183327008191
P5,Unrestricted jointly learned delay,20260723,0.675,0.40715858340263367,0.3564131742313908
P5,Unrestricted jointly learned delay,20260723,0.6824999999999999,0.40815624594688416,0.356802623653622
P5,Unrestricted jointly learned delay,20260723,0.69,0.4091481864452362,0.35718671814047925
P5,Unrestricted jointly learned delay,20260723,0.6975,0.4101341664791107,0.3575654958578385
P5,Unrestricted jointly learned delay,20260723,0.7049999999999998,0.41111400723457336,0.35793899591592165
P5,Unrestricted jointly learned delay,20260723,0.7124999999999999,0.41208764910697937,0.3583072583214666
P5,Unrestricted jointly learned delay,20260723,0.72,0.41305482387542725,0.35867032393066073
P5,Unrestricted jointly learned delay,20260723,0.7275,0.41401544213294983,0.35902823440286524
P5,Unrestricted jointly learned delay,20260723,0.7349999999999999,0.4149692952632904,0.35938103215515604
P5,Unrestricted jointly learned delay,20260723,0.7424999999999999,0.4159162938594818,0.35972876031770373
P5,Unrestricted jointly learned delay,20260723,0.75,0.4168563187122345,0.36007146269001333
P6,Unrestricted fixed wrong delay,20260719,-0.75,0.46000000834465027,0.23992853730998662
P6,Unrestricted fixed wrong delay,20260719,-0.7425,0.46000000834465027,0.24027123968229624
P6,Unrestricted fixed wrong delay,20260719,-0.735,0.46000000834465027,0.24061896784484396
P6,Unrestricted fixed wrong delay,20260719,-0.7275,0.46000000834465027,0.24097176559713476
P6,Unrestricted fixed wrong delay,20260719,-0.72,0.46000000834465027,0.24132967606933925
P6,Unrestricted fixed wrong delay,20260719,-0.7125,0.46000000834465027,0.24169274167853338
P6,Unrestricted fixed wrong delay,20260719,-0.705,0.46000000834465027,0.24206100408407832
P6,Unrestricted fixed wrong delay,20260719,-0.6975,0.46000000834465027,0.24243450414216147
P6,Unrestricted fixed wrong delay,20260719,-0.69,0.46000000834465027,0.24281328185952072
P6,Unrestricted fixed wrong delay,20260719,-0.6825,0.46000000834465027,0.243197376346378
P6,Unrestricted fixed wrong delay,20260719,-0.675,0.46000000834465027,0.24358682576860918
P6,Unrestricted fixed wrong delay,20260719,-0.6675,0.46000000834465027,0.24398166729918083
P6,Unrestricted fixed wrong delay,20260719,-0.66,0.46000000834465027,0.24438193706888614
P6,Unrestricted fixed wrong delay,20260719,-0.6525,0.46000000834465027,0.24478767011641572
P6,Unrestricted fixed wrong delay,20260719,-0.645,0.46000000834465027,0.24519890033780076
P6,Unrestricted fixed wrong delay,20260719,-0.6375,0.46000000834465027,0.2456156604352694
P6,Unrestricted fixed wrong delay,20260719,-0.63,0.46000000834465027,0.24603798186555936
P6,Unrestricted fixed wrong delay,20260719,-0.6225,0.46000000834465027,0.2464658947877335
P6,Unrestricted fixed wrong delay,20260719,-0.615,0.46000000834465027,0.24689942801054632
P6,Unrestricted fixed wrong delay,20260719,-0.6075,0.46000000834465027,0.24733860893941376
P6,Unrestricted fixed wrong delay,20260719,-0.6,0.46000000834465027,0.2477834635230408
P6,Unrestricted fixed wrong delay,20260719,-0.5925,0.46000000834465027,0.24823401619976376
P6,Unrestricted fixed wrong delay,20260719,-0.585,0.46000000834465027,0.2486902898436682
P6,Unrestricted fixed wrong delay,20260719,-0.5775,0.46000000834465027,0.24915230571054484
P6,Unrestricted fixed wrong delay,20260719,-0.5700000000000001,0.46000000834465027,0.24962008338374994
P6,Unrestricted fixed wrong delay,20260719,-0.5625,0.46000000834465027,0.25009364072003865
P6,Unrestricted fixed wrong delay,20260719,-0.5549999999999999,0.46000000834465027,0.2505729937954427
P6,Unrestricted fixed wrong delay,20260719,-0.5475,0.46000000834465027,0.251058156851267
P6,Unrestricted fixed wrong delay,20260719,-0.54,0.46000000834465027,0.25154914224028163
P6,Unrestricted fixed wrong delay,20260719,-0.5325,0.46000000834465027,0.25204596037318955
P6,Unrestricted fixed wrong delay,20260719,-0.525,0.46000000834465027,0.2525486196654508
P6,Unrestricted fixed wrong delay,20260719,-0.5175000000000001,0.46000000834465027,0.2530571264845494
P6,Unrestricted fixed wrong delay,20260719,-0.51,0.46000000834465027,0.2535714850977891
P6,Unrestricted fixed wrong delay,20260719,-0.5025,0.46000000834465027,0.2540916976207063
P6,Unrestricted fixed wrong delay,20260719,-0.495,0.46000000834465027,0.25461776396619384
P6,Unrestricted fixed wrong delay,20260719,-0.4875,0.46000000834465027,0.25514968179442676
P6,Unrestricted fixed wrong delay,20260719,-0.48,0.46000000834465027,0.2556874464636868
P6,Unrestricted fixed wrong delay,20260719,-0.47250000000000003,0.46000000834465027,0.2562310509821821
P6,Unrestricted fixed wrong delay,20260719,-0.465,0.46000000834465027,0.2567804859609608
P6,Unrestricted fixed wrong delay,20260719,-0.4575,0.46000000834465027,0.257335739568019
P6,Unrestricted fixed wrong delay,20260719,-0.45,0.46000000834465027,0.2578967974837031
P6,Unrestricted fixed wrong delay,20260719,-0.4425,0.46000000834465027,0.258463642857511
P6,Unrestricted fixed wrong delay,20260719,-0.435,0.46000000834465027,0.25903625626639204
P6,Unrestricted fixed wrong delay,20260719,-0.4275,0.46000000834465027,0.2596146156746526
P6,Unrestricted fixed wrong delay,20260719,-0.42000000000000004,0.46000000834465027,0.2601986963955687
P6,Unrestricted fixed wrong delay,20260719,-0.41250000000000003,0.46000000834465027,0.260788471054811
P6,Unrestricted fixed wrong delay,20260719,-0.405,0.46000000834465027,0.26138390955578583
P6,Unrestricted fixed wrong delay,20260719,-0.3975,0.46000000834465027,0.261984979046995
P6,Unrestricted fixed wrong delay,20260719,-0.39,0.46000000834465027,0.26259164389151846
P6,Unrestricted fixed wrong delay,20260719,-0.3825,0.46000000834465027,0.26320386563871945
P6,Unrestricted fixed wrong delay,20260719,-0.375,0.46000000834465027,0.26382160299827534
P6,Unrestricted fixed wrong delay,20260719,-0.3675,0.46000000834465027,0.2644448118166298
P6,Unrestricted fixed wrong delay,20260719,-0.36,0.46000000834465027,0.2650734450559664
P6,Unrestricted fixed wrong delay,20260719,-0.35250000000000004,0.46000000834465027,0.2657074527757957
P6,Unrestricted fixed wrong delay,20260719,-0.34500000000000003,0.46000000834465027,0.26634678211725016
P6,Unrestricted fixed wrong delay,20260719,-0.3375,0.46000000834465027,0.26699137729017486
P6,Unrestricted fixed wrong delay,20260719,-0.33,0.46000000834465027,0.2676411795631011
P6,Unrestricted fixed wrong delay,20260719,-0.3225,0.46000000834465027,0.2682961272561851
P6,Unrestricted fixed wrong delay,20260719,-0.315,0.46000000834465027,0.2689561557371918
P6,Unrestricted fixed wrong delay,20260719,-0.3075,0.46000000834465027,0.2696211974205968
P6,Unrestricted fixed wrong delay,20260719,-0.30000000000000004,0.46000000834465027,0.2702911817698794
P6,Unrestricted fixed wrong delay,20260719,-0.29250000000000004,0.46000000834465027,0.27096603530306995
P6,Unrestricted fixed wrong delay,20260719,-0.28500000000000003,0.46000000834465027,0.2716456816016144
P6,Unrestricted fixed wrong delay,20260719,-0.2775,0.46000000834465027,0.2723300413226096
P6,Unrestricted fixed wrong delay,20260719,-0.27,0.46000000834465027,0.2730190322144604
P6,Unrestricted fixed wrong delay,20260719,-0.2625,0.46000000834465027,0.2737125691360018
P6,Unrestricted fixed wrong delay,20260719,-0.255,0.46000000834465027,0.2744105640791237
P6,Unrestricted fixed wrong delay,20260719,-0.24750000000000005,0.46000000834465027,0.2751129261949298
P6,Unrestricted fixed wrong delay,20260719,-0.24,0.46000000834465027,0.2758195618234552
P6,Unrestricted fixed wrong delay,20260719,-0.23250000000000004,0.46000000834465027,0.27653037452696
P6,Unrestricted fixed wrong delay,20260719,-0.22499999999999998,0.46000000834465027,0.27724526512680997
P6,Unrestricted fixed wrong delay,20260719,-0.21750000000000003,0.46000000834465027,0.2779641317439471
P6,Unrestricted fixed wrong delay,20260719,-0.20999999999999996,0.46000000834465027,0.27868686984294644
P6,Unrestricted fixed wrong delay,20260719,-0.2025,0.46000000834465027,0.27941337227964685
P6,Unrestricted fixed wrong delay,20260719,-0.19500000000000006,0.46000000834465027,0.2801435293523366
P6,Unrestricted fixed wrong delay,20260719,-0.1875,0.46000000834465027,0.28087722885646643
P6,Unrestricted fixed wrong delay,20260719,-0.18000000000000005,0.46000000834465027,0.2816143561428546
P6,Unrestricted fixed wrong delay,20260719,-0.1725,0.46000000834465027,0.28235479417934123
P6,Unrestricted fixed wrong delay,20260719,-0.16500000000000004,0.46000000834465027,0.28309842361584003
P6,Unrestricted fixed wrong delay,20260719,-0.15749999999999997,0.46000000834465027,0.2838451228527292
P6,Unrestricted fixed wrong delay,20260719,-0.15000000000000002,0.46000000834465027,0.28459476811251394
P6,Unrestricted fixed wrong delay,20260719,-0.14250000000000007,0.46000000834465027,0.28534723351468483
P6,Unrestricted fixed wrong delay,20260719,-0.135,0.46000000834465027,0.2861023911536912
P6,Unrestricted fixed wrong delay,20260719,-0.12750000000000006,0.46000000834465027,0.2868601111799366
P6,Unrestricted fixed wrong delay,20260719,-0.12,0.46000000834465027,0.2876202618837003
P6,Unrestricted fixed wrong delay,20260719,-0.11250000000000004,0.46000000834465027,0.28838270978187835
P6,Unrestricted fixed wrong delay,20260719,-0.10499999999999998,0.46000000834465027,0.28914731970743135
P6,Unrestricted fixed wrong delay,20260719,-0.09750000000000003,0.46000000834465027,0.2899139549014202
P6,Unrestricted fixed wrong delay,20260719,-0.09000000000000008,0.46000000834465027,0.29068247710750234
P6,Unrestricted fixed wrong delay,20260719,-0.08250000000000002,0.46000000834465027,0.29145274666875687
P6,Unrestricted fixed wrong delay,20260719,-0.07500000000000007,0.46000000834465027,0.2922246226266985
P6,Unrestricted fixed wrong delay,20260719,-0.0675,0.46000000834465027,0.2929979628223361
P6,Unrestricted fixed wrong delay,20260719,-0.06000000000000005,0.46000000834465027,0.2937726239991255
P6,Unrestricted fixed wrong delay,20260719,-0.05249999999999999,0.46000000834465027,0.2945484619076617
P6,Unrestricted fixed wrong delay,20260719,-0.04500000000000004,0.46000000834465027,0.2953253314119491
P6,Unrestricted fixed wrong delay,20260719,-0.03749999999999998,0.46000000834465027,0.29610308659708684
P6,Unrestricted fixed wrong delay,20260719,-0.030000000000000027,0.46000000834465027,0.29688158087820066
P6,Unrestricted fixed wrong delay,20260719,-0.022500000000000075,0.46000000834465027,0.29766066711044903
P6,Unrestricted fixed wrong delay,20260719,-0.015000000000000013,0.46000000834465027,0.2984401976999299
P6,Unrestricted fixed wrong delay,20260719,-0.007500000000000062,0.46000000834465027,0.2992200247153102
P6,Unrestricted fixed wrong delay,20260719,0.0,0.46000000834465027,0.3
P6,Unrestricted fixed wrong delay,20260719,0.007499999999999951,0.46000000834465027,0.3007799752846898
P6,Unrestricted fixed wrong delay,20260719,0.015000000000000013,0.46000000834465027,0.30155980230007007
P6,Unrestricted fixed wrong delay,20260719,0.022499999999999964,0.46000000834465027,0.30233933288955095
P6,Unrestricted fixed wrong delay,20260719,0.030000000000000027,0.46000000834465027,0.3031184191217993
P6,Unrestricted fixed wrong delay,20260719,0.03749999999999998,0.46000000834465027,0.30389691340291314
P6,Unrestricted fixed wrong delay,20260719,0.04499999999999993,0.46000000834465027,0.30467466858805087
P6,Unrestricted fixed wrong delay,20260719,0.05249999999999999,0.46000000834465027,0.30545153809233827
P6,Unrestricted fixed wrong delay,20260719,0.05999999999999994,0.46000000834465027,0.30622737600087446
P6,Unrestricted fixed wrong delay,20260719,0.0675,0.46000000834465027,0.3070020371776639
P6,Unrestricted fixed wrong delay,20260719,0.07499999999999996,0.46000000834465027,0.30777537737330146
P6,Unrestricted fixed wrong delay,20260719,0.08250000000000002,0.46000000834465027,0.3085472533312431
P6,Unrestricted fixed wrong delay,20260719,0.08999999999999997,0.46000000834465027,0.30931752289249764
P6,Unrestricted fixed wrong delay,20260719,0.09749999999999992,0.46000000834465027,0.3100860450985798
P6,Unrestricted fixed wrong delay,20260719,0.10499999999999998,0.46000000834465027,0.31085268029256863
P6,Unrestricted fixed wrong delay,20260719,0.11249999999999993,0.46000000834465027,0.3116172902181216
P6,Unrestricted fixed wrong delay,20260719,0.12,0.46000000834465027,0.31237973811629965
P6,Unrestricted fixed wrong delay,20260719,0.12749999999999995,0.46000000834465027,0.3131398888200634
P6,Unrestricted fixed wrong delay,20260719,0.135,0.46000000834465027,0.3138976088463088
P6,Unrestricted fixed wrong delay,20260719,0.14249999999999996,0.46000000834465027,0.3146527664853151
P6,Unrestricted fixed wrong delay,20260719,0.1499999999999999,0.46000000834465027,0.31540523188748604
P6,Unrestricted fixed wrong delay,20260719,0.15749999999999997,0.46000000834465027,0.31615487714727075
P6,Unrestricted fixed wrong delay,20260719,0.16499999999999992,0.46000000834465027,0.31690157638415994
P6,Unrestricted fixed wrong delay,20260719,0.1725,0.46000000834465027,0.31764520582065875
P6,Unrestricted fixed wrong delay,20260719,0.17999999999999994,0.46000000834465027,0.31838564385714535
P6,Unrestricted fixed wrong delay,20260719,0.1875,0.46000000834465027,0.31912277114353355
P6,Unrestricted fixed wrong delay,20260719,0.19499999999999995,0.46000000834465027,0.31985647064766337
P6,Unrestricted fixed wrong delay,20260719,0.2025,0.46000000834465027,0.3205866277203531
P6,Unrestricted fixed wrong delay,20260719,0.20999999999999996,0.46000000834465027,0.32131313015705354
P6,Unrestricted fixed wrong delay,20260719,0.21749999999999992,0.46000000834465027,0.3220358682560529
P6,Unrestricted fixed wrong delay,20260719,0.22499999999999998,0.46000000834465027,0.32275473487319
P6,Unrestricted fixed wrong delay,20260719,0.23249999999999993,0.46000000834465027,0.32346962547304
P6,Unrestricted fixed wrong delay,20260719,0.24,0.46000000834465027,0.3241804381765448
P6,Unrestricted fixed wrong delay,20260719,0.24749999999999994,0.46000000834465027,0.3248870738050702
P6,Unrestricted fixed wrong delay,20260719,0.2549999999999999,0.46000000834465027,0.3255894359208763
P6,Unrestricted fixed wrong delay,20260719,0.26249999999999996,0.46000000834465027,0.3262874308639982
P6,Unrestricted fixed wrong delay,20260719,0.27,0.46000000834465027,0.3269809677855396
P6,Unrestricted fixed wrong delay,20260719,0.27749999999999986,0.46000000834465027,0.32766995867739035
P6,Unrestricted fixed wrong delay,20260719,0.2849999999999999,0.46000000834465027,0.3283543183983856
P6,Unrestricted fixed wrong delay,20260719,0.2925,0.46000000834465027,0.32903396469693
P6,Unrestricted fixed wrong delay,20260719,0.30000000000000004,0.46000000834465027,0.3297088182301206
P6,Unrestricted fixed wrong delay,20260719,0.3074999999999999,0.46000000834465027,0.33037880257940316
P6,Unrestricted fixed wrong delay,20260719,0.31499999999999995,0.46000000834465027,0.3310438442628082
P6,Unrestricted fixed wrong delay,20260719,0.3225,0.46000000834465027,0.33170387274381485
P6,Unrestricted fixed wrong delay,20260719,0.33000000000000007,0.46000000834465027,0.3323588204368989
P6,Unrestricted fixed wrong delay,20260719,0.3374999999999999,0.46000000834465027,0.3330086227098251
P6,Unrestricted fixed wrong delay,20260719,0.345,0.46000000834465027,0.3336532178827498
P6,Unrestricted fixed wrong delay,20260719,0.35250000000000004,0.46000000834465027,0.33429254722420426
P6,Unrestricted fixed wrong delay,20260719,0.3599999999999999,0.46000000834465027,0.33492655494403356
P6,Unrestricted fixed wrong delay,20260719,0.36749999999999994,0.46000000834465027,0.33555518818337016
P6,Unrestricted fixed wrong delay,20260719,0.375,0.46000000834465027,0.33617839700172464
P6,Unrestricted fixed wrong delay,20260719,0.38250000000000006,0.46000000834465027,0.33679613436128053
P6,Unrestricted fixed wrong delay,20260719,0.3899999999999999,0.46000000834465027,0.3374083561084815
P6,Unrestricted fixed wrong delay,20260719,0.39749999999999996,0.46000000834465027,0.33801502095300495
P6,Unrestricted fixed wrong delay,20260719,0.405,0.46000000834465027,0.33861609044421415
P6,Unrestricted fixed wrong delay,20260719,0.41249999999999987,0.46000000834465027,0.33921152894518897
P6,Unrestricted fixed wrong delay,20260719,0.41999999999999993,0.46000000834465027,0.3398013036044313
P6,Unrestricted fixed wrong delay,20260719,0.4275,0.46000000834465027,0.3403853843253474
P6,Unrestricted fixed wrong delay,20260719,0.43500000000000005,0.46000000834465027,0.34096374373360794
P6,Unrestricted fixed wrong delay,20260719,0.4424999999999999,0.46000000834465027,0.341536357142489
P6,Unrestricted fixed wrong delay,20260719,0.44999999999999996,0.46000000834465027,0.34210320251629683
P6,Unrestricted fixed wrong delay,20260719,0.4575,0.46000000834465027,0.342664260431981
P6,Unrestricted fixed wrong delay,20260719,0.46499999999999986,0.46000000834465027,0.34321951403903916
P6,Unrestricted fixed wrong delay,20260719,0.4724999999999999,0.46000000834465027,0.34376894901781785
P6,Unrestricted fixed wrong delay,20260719,0.48,0.46000000834465027,0.3443125535363132
P6,Unrestricted fixed wrong delay,20260719,0.48750000000000004,0.46000000834465027,0.3448503182055732
P6,Unrestricted fixed wrong delay,20260719,0.4949999999999999,0.46000000834465027,0.3453822360338061
P6,Unrestricted fixed wrong delay,20260719,0.5025,0.46000000834465027,0.34590830237929365
P6,Unrestricted fixed wrong delay,20260719,0.51,0.46000000834465027,0.3464285149022109
P6,Unrestricted fixed wrong delay,20260719,0.5174999999999998,0.46000000834465027,0.3469428735154505
P6,Unrestricted fixed wrong delay,20260719,0.5249999999999999,0.46000000834465027,0.3474513803345492
P6,Unrestricted fixed wrong delay,20260719,0.5325,0.46000000834465027,0.34795403962681043
P6,Unrestricted fixed wrong delay,20260719,0.54,0.46000000834465027,0.34845085775971835
P6,Unrestricted fixed wrong delay,20260719,0.5474999999999999,0.46000000834465027,0.348941843148733
P6,Unrestricted fixed wrong delay,20260719,0.5549999999999999,0.46000000834465027,0.3494270062045573
P6,Unrestricted fixed wrong delay,20260719,0.5625,0.46000000834465027,0.34990635927996133
P6,Unrestricted fixed wrong delay,20260719,0.5699999999999998,0.46000000834465027,0.35037991661625
P6,Unrestricted fixed wrong delay,20260719,0.5774999999999999,0.46000000834465027,0.3508476942894551
P6,Unrestricted fixed wrong delay,20260719,0.585,0.46000000834465027,0.3513097101563318
P6,Unrestricted fixed wrong delay,20260719,0.5925,0.46000000834465027,0.3517659838002362
P6,Unrestricted fixed wrong delay,20260719,0.5999999999999999,0.46000000834465027,0.35221653647695916
P6,Unrestricted fixed wrong delay,20260719,0.6074999999999999,0.46000000834465027,0.3526613910605862
P6,Unrestricted fixed wrong delay,20260719,0.615,0.46000000834465027,0.35310057198945366
P6,Unrestricted fixed wrong delay,20260719,0.6225,0.46000000834465027,0.35353410521226647
P6,Unrestricted fixed wrong delay,20260719,0.6299999999999999,0.46000000834465027,0.3539620181344406
P6,Unrestricted fixed wrong delay,20260719,0.6375,0.46000000834465027,0.3543843395647306
P6,Unrestricted fixed wrong delay,20260719,0.645,0.46000000834465027,0.3548010996621992
P6,Unrestricted fixed wrong delay,20260719,0.6524999999999999,0.46000000834465027,0.35521232988358425
P6,Unrestricted fixed wrong delay,20260719,0.6599999999999999,0.46000000834465027,0.3556180629311138
P6,Unrestricted fixed wrong delay,20260719,0.6675,0.46000000834465027,0.3560183327008191
P6,Unrestricted fixed wrong delay,20260719,0.675,0.46000000834465027,0.3564131742313908
P6,Unrestricted fixed wrong delay,20260719,0.6824999999999999,0.46000000834465027,0.356802623653622
P6,Unrestricted fixed wrong delay,20260719,0.69,0.46000000834465027,0.35718671814047925
P6,Unrestricted fixed wrong delay,20260719,0.6975,0.46000000834465027,0.3575654958578385
P6,Unrestricted fixed wrong delay,20260719,0.7049999999999998,0.46000000834465027,0.35793899591592165
P6,Unrestricted fixed wrong delay,20260719,0.7124999999999999,0.46000000834465027,0.3583072583214666
P6,Unrestricted fixed wrong delay,20260719,0.72,0.46000000834465027,0.35867032393066073
P6,Unrestricted fixed wrong delay,20260719,0.7275,0.46000000834465027,0.35902823440286524
P6,Unrestricted fixed wrong delay,20260719,0.7349999999999999,0.46000000834465027,0.35938103215515604
P6,Unrestricted fixed wrong delay,20260719,0.7424999999999999,0.46000000834465027,0.35972876031770373
P6,Unrestricted fixed wrong delay,20260719,0.75,0.46000000834465027,0.36007146269001333
P6,Unrestricted fixed wrong delay,20260720,-0.75,0.46000000834465027,0.23992853730998662
P6,Unrestricted fixed wrong delay,20260720,-0.7425,0.46000000834465027,0.24027123968229624
P6,Unrestricted fixed wrong delay,20260720,-0.735,0.46000000834465027,0.24061896784484396
P6,Unrestricted fixed wrong delay,20260720,-0.7275,0.46000000834465027,0.24097176559713476
P6,Unrestricted fixed wrong delay,20260720,-0.72,0.46000000834465027,0.24132967606933925
P6,Unrestricted fixed wrong delay,20260720,-0.7125,0.46000000834465027,0.24169274167853338
P6,Unrestricted fixed wrong delay,20260720,-0.705,0.46000000834465027,0.24206100408407832
P6,Unrestricted fixed wrong delay,20260720,-0.6975,0.46000000834465027,0.24243450414216147
P6,Unrestricted fixed wrong delay,20260720,-0.69,0.46000000834465027,0.24281328185952072
P6,Unrestricted fixed wrong delay,20260720,-0.6825,0.46000000834465027,0.243197376346378
P6,Unrestricted fixed wrong delay,20260720,-0.675,0.46000000834465027,0.24358682576860918
P6,Unrestricted fixed wrong delay,20260720,-0.6675,0.46000000834465027,0.24398166729918083
P6,Unrestricted fixed wrong delay,20260720,-0.66,0.46000000834465027,0.24438193706888614
P6,Unrestricted fixed wrong delay,20260720,-0.6525,0.46000000834465027,0.24478767011641572
P6,Unrestricted fixed wrong delay,20260720,-0.645,0.46000000834465027,0.24519890033780076
P6,Unrestricted fixed wrong delay,20260720,-0.6375,0.46000000834465027,0.2456156604352694
P6,Unrestricted fixed wrong delay,20260720,-0.63,0.46000000834465027,0.24603798186555936
P6,Unrestricted fixed wrong delay,20260720,-0.6225,0.46000000834465027,0.2464658947877335
P6,Unrestricted fixed wrong delay,20260720,-0.615,0.46000000834465027,0.24689942801054632
P6,Unrestricted fixed wrong delay,20260720,-0.6075,0.46000000834465027,0.24733860893941376
P6,Unrestricted fixed wrong delay,20260720,-0.6,0.46000000834465027,0.2477834635230408
P6,Unrestricted fixed wrong delay,20260720,-0.5925,0.46000000834465027,0.24823401619976376
P6,Unrestricted fixed wrong delay,20260720,-0.585,0.46000000834465027,0.2486902898436682
P6,Unrestricted fixed wrong delay,20260720,-0.5775,0.46000000834465027,0.24915230571054484
P6,Unrestricted fixed wrong delay,20260720,-0.5700000000000001,0.46000000834465027,0.24962008338374994
P6,Unrestricted fixed wrong delay,20260720,-0.5625,0.46000000834465027,0.25009364072003865
P6,Unrestricted fixed wrong delay,20260720,-0.5549999999999999,0.46000000834465027,0.2505729937954427
P6,Unrestricted fixed wrong delay,20260720,-0.5475,0.46000000834465027,0.251058156851267
P6,Unrestricted fixed wrong delay,20260720,-0.54,0.46000000834465027,0.25154914224028163
P6,Unrestricted fixed wrong delay,20260720,-0.5325,0.46000000834465027,0.25204596037318955
P6,Unrestricted fixed wrong delay,20260720,-0.525,0.46000000834465027,0.2525486196654508
P6,Unrestricted fixed wrong delay,20260720,-0.5175000000000001,0.46000000834465027,0.2530571264845494
P6,Unrestricted fixed wrong delay,20260720,-0.51,0.46000000834465027,0.2535714850977891
P6,Unrestricted fixed wrong delay,20260720,-0.5025,0.46000000834465027,0.2540916976207063
P6,Unrestricted fixed wrong delay,20260720,-0.495,0.46000000834465027,0.25461776396619384
P6,Unrestricted fixed wrong delay,20260720,-0.4875,0.46000000834465027,0.25514968179442676
P6,Unrestricted fixed wrong delay,20260720,-0.48,0.46000000834465027,0.2556874464636868
P6,Unrestricted fixed wrong delay,20260720,-0.47250000000000003,0.46000000834465027,0.2562310509821821
P6,Unrestricted fixed wrong delay,20260720,-0.465,0.46000000834465027,0.2567804859609608
P6,Unrestricted fixed wrong delay,20260720,-0.4575,0.46000000834465027,0.257335739568019
P6,Unrestricted fixed wrong delay,20260720,-0.45,0.46000000834465027,0.2578967974837031
P6,Unrestricted fixed wrong delay,20260720,-0.4425,0.46000000834465027,0.258463642857511
P6,Unrestricted fixed wrong delay,20260720,-0.435,0.46000000834465027,0.25903625626639204
P6,Unrestricted fixed wrong delay,20260720,-0.4275,0.46000000834465027,0.2596146156746526
P6,Unrestricted fixed wrong delay,20260720,-0.42000000000000004,0.46000000834465027,0.2601986963955687
P6,Unrestricted fixed wrong delay,20260720,-0.41250000000000003,0.46000000834465027,0.260788471054811
P6,Unrestricted fixed wrong delay,20260720,-0.405,0.46000000834465027,0.26138390955578583
P6,Unrestricted fixed wrong delay,20260720,-0.3975,0.46000000834465027,0.261984979046995
P6,Unrestricted fixed wrong delay,20260720,-0.39,0.46000000834465027,0.26259164389151846
P6,Unrestricted fixed wrong delay,20260720,-0.3825,0.46000000834465027,0.26320386563871945
P6,Unrestricted fixed wrong delay,20260720,-0.375,0.46000000834465027,0.26382160299827534
P6,Unrestricted fixed wrong delay,20260720,-0.3675,0.46000000834465027,0.2644448118166298
P6,Unrestricted fixed wrong delay,20260720,-0.36,0.46000000834465027,0.2650734450559664
P6,Unrestricted fixed wrong delay,20260720,-0.35250000000000004,0.46000000834465027,0.2657074527757957
P6,Unrestricted fixed wrong delay,20260720,-0.34500000000000003,0.46000000834465027,0.26634678211725016
P6,Unrestricted fixed wrong delay,20260720,-0.3375,0.46000000834465027,0.26699137729017486
P6,Unrestricted fixed wrong delay,20260720,-0.33,0.46000000834465027,0.2676411795631011
P6,Unrestricted fixed wrong delay,20260720,-0.3225,0.46000000834465027,0.2682961272561851
P6,Unrestricted fixed wrong delay,20260720,-0.315,0.46000000834465027,0.2689561557371918
P6,Unrestricted fixed wrong delay,20260720,-0.3075,0.46000000834465027,0.2696211974205968
P6,Unrestricted fixed wrong delay,20260720,-0.30000000000000004,0.46000000834465027,0.2702911817698794
P6,Unrestricted fixed wrong delay,20260720,-0.29250000000000004,0.46000000834465027,0.27096603530306995
P6,Unrestricted fixed wrong delay,20260720,-0.28500000000000003,0.46000000834465027,0.2716456816016144
P6,Unrestricted fixed wrong delay,20260720,-0.2775,0.46000000834465027,0.2723300413226096
P6,Unrestricted fixed wrong delay,20260720,-0.27,0.46000000834465027,0.2730190322144604
P6,Unrestricted fixed wrong delay,20260720,-0.2625,0.46000000834465027,0.2737125691360018
P6,Unrestricted fixed wrong delay,20260720,-0.255,0.46000000834465027,0.2744105640791237
P6,Unrestricted fixed wrong delay,20260720,-0.24750000000000005,0.46000000834465027,0.2751129261949298
P6,Unrestricted fixed wrong delay,20260720,-0.24,0.46000000834465027,0.2758195618234552
P6,Unrestricted fixed wrong delay,20260720,-0.23250000000000004,0.46000000834465027,0.27653037452696
P6,Unrestricted fixed wrong delay,20260720,-0.22499999999999998,0.46000000834465027,0.27724526512680997
P6,Unrestricted fixed wrong delay,20260720,-0.21750000000000003,0.46000000834465027,0.2779641317439471
P6,Unrestricted fixed wrong delay,20260720,-0.20999999999999996,0.46000000834465027,0.27868686984294644
P6,Unrestricted fixed wrong delay,20260720,-0.2025,0.46000000834465027,0.27941337227964685
P6,Unrestricted fixed wrong delay,20260720,-0.19500000000000006,0.46000000834465027,0.2801435293523366
P6,Unrestricted fixed wrong delay,20260720,-0.1875,0.46000000834465027,0.28087722885646643
P6,Unrestricted fixed wrong delay,20260720,-0.18000000000000005,0.46000000834465027,0.2816143561428546
P6,Unrestricted fixed wrong delay,20260720,-0.1725,0.46000000834465027,0.28235479417934123
P6,Unrestricted fixed wrong delay,20260720,-0.16500000000000004,0.46000000834465027,0.28309842361584003
P6,Unrestricted fixed wrong delay,20260720,-0.15749999999999997,0.46000000834465027,0.2838451228527292
P6,Unrestricted fixed wrong delay,20260720,-0.15000000000000002,0.46000000834465027,0.28459476811251394
P6,Unrestricted fixed wrong delay,20260720,-0.14250000000000007,0.46000000834465027,0.28534723351468483
P6,Unrestricted fixed wrong delay,20260720,-0.135,0.46000000834465027,0.2861023911536912
P6,Unrestricted fixed wrong delay,20260720,-0.12750000000000006,0.46000000834465027,0.2868601111799366
P6,Unrestricted fixed wrong delay,20260720,-0.12,0.46000000834465027,0.2876202618837003
P6,Unrestricted fixed wrong delay,20260720,-0.11250000000000004,0.46000000834465027,0.28838270978187835
P6,Unrestricted fixed wrong delay,20260720,-0.10499999999999998,0.46000000834465027,0.28914731970743135
P6,Unrestricted fixed wrong delay,20260720,-0.09750000000000003,0.46000000834465027,0.2899139549014202
P6,Unrestricted fixed wrong delay,20260720,-0.09000000000000008,0.46000000834465027,0.29068247710750234
P6,Unrestricted fixed wrong delay,20260720,-0.08250000000000002,0.46000000834465027,0.29145274666875687
P6,Unrestricted fixed wrong delay,20260720,-0.07500000000000007,0.46000000834465027,0.2922246226266985
P6,Unrestricted fixed wrong delay,20260720,-0.0675,0.46000000834465027,0.2929979628223361
P6,Unrestricted fixed wrong delay,20260720,-0.06000000000000005,0.46000000834465027,0.2937726239991255
P6,Unrestricted fixed wrong delay,20260720,-0.05249999999999999,0.46000000834465027,0.2945484619076617
P6,Unrestricted fixed wrong delay,20260720,-0.04500000000000004,0.46000000834465027,0.2953253314119491
P6,Unrestricted fixed wrong delay,20260720,-0.03749999999999998,0.46000000834465027,0.29610308659708684
P6,Unrestricted fixed wrong delay,20260720,-0.030000000000000027,0.46000000834465027,0.29688158087820066
P6,Unrestricted fixed wrong delay,20260720,-0.022500000000000075,0.46000000834465027,0.29766066711044903
P6,Unrestricted fixed wrong delay,20260720,-0.015000000000000013,0.46000000834465027,0.2984401976999299
P6,Unrestricted fixed wrong delay,20260720,-0.007500000000000062,0.46000000834465027,0.2992200247153102
P6,Unrestricted fixed wrong delay,20260720,0.0,0.46000000834465027,0.3
P6,Unrestricted fixed wrong delay,20260720,0.007499999999999951,0.46000000834465027,0.3007799752846898
P6,Unrestricted fixed wrong delay,20260720,0.015000000000000013,0.46000000834465027,0.30155980230007007
P6,Unrestricted fixed wrong delay,20260720,0.022499999999999964,0.46000000834465027,0.30233933288955095
P6,Unrestricted fixed wrong delay,20260720,0.030000000000000027,0.46000000834465027,0.3031184191217993
P6,Unrestricted fixed wrong delay,20260720,0.03749999999999998,0.46000000834465027,0.30389691340291314
P6,Unrestricted fixed wrong delay,20260720,0.04499999999999993,0.46000000834465027,0.30467466858805087
P6,Unrestricted fixed wrong delay,20260720,0.05249999999999999,0.46000000834465027,0.30545153809233827
P6,Unrestricted fixed wrong delay,20260720,0.05999999999999994,0.46000000834465027,0.30622737600087446
P6,Unrestricted fixed wrong delay,20260720,0.0675,0.46000000834465027,0.3070020371776639
P6,Unrestricted fixed wrong delay,20260720,0.07499999999999996,0.46000000834465027,0.30777537737330146
P6,Unrestricted fixed wrong delay,20260720,0.08250000000000002,0.46000000834465027,0.3085472533312431
P6,Unrestricted fixed wrong delay,20260720,0.08999999999999997,0.46000000834465027,0.30931752289249764
P6,Unrestricted fixed wrong delay,20260720,0.09749999999999992,0.46000000834465027,0.3100860450985798
P6,Unrestricted fixed wrong delay,20260720,0.10499999999999998,0.46000000834465027,0.31085268029256863
P6,Unrestricted fixed wrong delay,20260720,0.11249999999999993,0.46000000834465027,0.3116172902181216
P6,Unrestricted fixed wrong delay,20260720,0.12,0.46000000834465027,0.31237973811629965
P6,Unrestricted fixed wrong delay,20260720,0.12749999999999995,0.46000000834465027,0.3131398888200634
P6,Unrestricted fixed wrong delay,20260720,0.135,0.46000000834465027,0.3138976088463088
P6,Unrestricted fixed wrong delay,20260720,0.14249999999999996,0.46000000834465027,0.3146527664853151
P6,Unrestricted fixed wrong delay,20260720,0.1499999999999999,0.46000000834465027,0.31540523188748604
P6,Unrestricted fixed wrong delay,20260720,0.15749999999999997,0.46000000834465027,0.31615487714727075
P6,Unrestricted fixed wrong delay,20260720,0.16499999999999992,0.46000000834465027,0.31690157638415994
P6,Unrestricted fixed wrong delay,20260720,0.1725,0.46000000834465027,0.31764520582065875
P6,Unrestricted fixed wrong delay,20260720,0.17999999999999994,0.46000000834465027,0.31838564385714535
P6,Unrestricted fixed wrong delay,20260720,0.1875,0.46000000834465027,0.31912277114353355
P6,Unrestricted fixed wrong delay,20260720,0.19499999999999995,0.46000000834465027,0.31985647064766337
P6,Unrestricted fixed wrong delay,20260720,0.2025,0.46000000834465027,0.3205866277203531
P6,Unrestricted fixed wrong delay,20260720,0.20999999999999996,0.46000000834465027,0.32131313015705354
P6,Unrestricted fixed wrong delay,20260720,0.21749999999999992,0.46000000834465027,0.3220358682560529
P6,Unrestricted fixed wrong delay,20260720,0.22499999999999998,0.46000000834465027,0.32275473487319
P6,Unrestricted fixed wrong delay,20260720,0.23249999999999993,0.46000000834465027,0.32346962547304
P6,Unrestricted fixed wrong delay,20260720,0.24,0.46000000834465027,0.3241804381765448
P6,Unrestricted fixed wrong delay,20260720,0.24749999999999994,0.46000000834465027,0.3248870738050702
P6,Unrestricted fixed wrong delay,20260720,0.2549999999999999,0.46000000834465027,0.3255894359208763
P6,Unrestricted fixed wrong delay,20260720,0.26249999999999996,0.46000000834465027,0.3262874308639982
P6,Unrestricted fixed wrong delay,20260720,0.27,0.46000000834465027,0.3269809677855396
P6,Unrestricted fixed wrong delay,20260720,0.27749999999999986,0.46000000834465027,0.32766995867739035
P6,Unrestricted fixed wrong delay,20260720,0.2849999999999999,0.46000000834465027,0.3283543183983856
P6,Unrestricted fixed wrong delay,20260720,0.2925,0.46000000834465027,0.32903396469693
P6,Unrestricted fixed wrong delay,20260720,0.30000000000000004,0.46000000834465027,0.3297088182301206
P6,Unrestricted fixed wrong delay,20260720,0.3074999999999999,0.46000000834465027,0.33037880257940316
P6,Unrestricted fixed wrong delay,20260720,0.31499999999999995,0.46000000834465027,0.3310438442628082
P6,Unrestricted fixed wrong delay,20260720,0.3225,0.46000000834465027,0.33170387274381485
P6,Unrestricted fixed wrong delay,20260720,0.33000000000000007,0.46000000834465027,0.3323588204368989
P6,Unrestricted fixed wrong delay,20260720,0.3374999999999999,0.46000000834465027,0.3330086227098251
P6,Unrestricted fixed wrong delay,20260720,0.345,0.46000000834465027,0.3336532178827498
P6,Unrestricted fixed wrong delay,20260720,0.35250000000000004,0.46000000834465027,0.33429254722420426
P6,Unrestricted fixed wrong delay,20260720,0.3599999999999999,0.46000000834465027,0.33492655494403356
P6,Unrestricted fixed wrong delay,20260720,0.36749999999999994,0.46000000834465027,0.33555518818337016
P6,Unrestricted fixed wrong delay,20260720,0.375,0.46000000834465027,0.33617839700172464
P6,Unrestricted fixed wrong delay,20260720,0.38250000000000006,0.46000000834465027,0.33679613436128053
P6,Unrestricted fixed wrong delay,20260720,0.3899999999999999,0.46000000834465027,0.3374083561084815
P6,Unrestricted fixed wrong delay,20260720,0.39749999999999996,0.46000000834465027,0.33801502095300495
P6,Unrestricted fixed wrong delay,20260720,0.405,0.46000000834465027,0.33861609044421415
P6,Unrestricted fixed wrong delay,20260720,0.41249999999999987,0.46000000834465027,0.33921152894518897
P6,Unrestricted fixed wrong delay,20260720,0.41999999999999993,0.46000000834465027,0.3398013036044313
P6,Unrestricted fixed wrong delay,20260720,0.4275,0.46000000834465027,0.3403853843253474
P6,Unrestricted fixed wrong delay,20260720,0.43500000000000005,0.46000000834465027,0.34096374373360794
P6,Unrestricted fixed wrong delay,20260720,0.4424999999999999,0.46000000834465027,0.341536357142489
P6,Unrestricted fixed wrong delay,20260720,0.44999999999999996,0.46000000834465027,0.34210320251629683
P6,Unrestricted fixed wrong delay,20260720,0.4575,0.46000000834465027,0.342664260431981
P6,Unrestricted fixed wrong delay,20260720,0.46499999999999986,0.46000000834465027,0.34321951403903916
P6,Unrestricted fixed wrong delay,20260720,0.4724999999999999,0.46000000834465027,0.34376894901781785
P6,Unrestricted fixed wrong delay,20260720,0.48,0.46000000834465027,0.3443125535363132
P6,Unrestricted fixed wrong delay,20260720,0.48750000000000004,0.46000000834465027,0.3448503182055732
P6,Unrestricted fixed wrong delay,20260720,0.4949999999999999,0.46000000834465027,0.3453822360338061
P6,Unrestricted fixed wrong delay,20260720,0.5025,0.46000000834465027,0.34590830237929365
P6,Unrestricted fixed wrong delay,20260720,0.51,0.46000000834465027,0.3464285149022109
P6,Unrestricted fixed wrong delay,20260720,0.5174999999999998,0.46000000834465027,0.3469428735154505
P6,Unrestricted fixed wrong delay,20260720,0.5249999999999999,0.46000000834465027,0.3474513803345492
P6,Unrestricted fixed wrong delay,20260720,0.5325,0.46000000834465027,0.34795403962681043
P6,Unrestricted fixed wrong delay,20260720,0.54,0.46000000834465027,0.34845085775971835
P6,Unrestricted fixed wrong delay,20260720,0.5474999999999999,0.46000000834465027,0.348941843148733
P6,Unrestricted fixed wrong delay,20260720,0.5549999999999999,0.46000000834465027,0.3494270062045573
P6,Unrestricted fixed wrong delay,20260720,0.5625,0.46000000834465027,0.34990635927996133
P6,Unrestricted fixed wrong delay,20260720,0.5699999999999998,0.46000000834465027,0.35037991661625
P6,Unrestricted fixed wrong delay,20260720,0.5774999999999999,0.46000000834465027,0.3508476942894551
P6,Unrestricted fixed wrong delay,20260720,0.585,0.46000000834465027,0.3513097101563318
P6,Unrestricted fixed wrong delay,20260720,0.5925,0.46000000834465027,0.3517659838002362
P6,Unrestricted fixed wrong delay,20260720,0.5999999999999999,0.46000000834465027,0.35221653647695916
P6,Unrestricted fixed wrong delay,20260720,0.6074999999999999,0.46000000834465027,0.3526613910605862
P6,Unrestricted fixed wrong delay,20260720,0.615,0.46000000834465027,0.35310057198945366
P6,Unrestricted fixed wrong delay,20260720,0.6225,0.46000000834465027,0.35353410521226647
P6,Unrestricted fixed wrong delay,20260720,0.6299999999999999,0.46000000834465027,0.3539620181344406
P6,Unrestricted fixed wrong delay,20260720,0.6375,0.46000000834465027,0.3543843395647306
P6,Unrestricted fixed wrong delay,20260720,0.645,0.46000000834465027,0.3548010996621992
P6,Unrestricted fixed wrong delay,20260720,0.6524999999999999,0.46000000834465027,0.35521232988358425
P6,Unrestricted fixed wrong delay,20260720,0.6599999999999999,0.46000000834465027,0.3556180629311138
P6,Unrestricted fixed wrong delay,20260720,0.6675,0.46000000834465027,0.3560183327008191
P6,Unrestricted fixed wrong delay,20260720,0.675,0.46000000834465027,0.3564131742313908
P6,Unrestricted fixed wrong delay,20260720,0.6824999999999999,0.46000000834465027,0.356802623653622
P6,Unrestricted fixed wrong delay,20260720,0.69,0.46000000834465027,0.35718671814047925
P6,Unrestricted fixed wrong delay,20260720,0.6975,0.46000000834465027,0.3575654958578385
P6,Unrestricted fixed wrong delay,20260720,0.7049999999999998,0.46000000834465027,0.35793899591592165
P6,Unrestricted fixed wrong delay,20260720,0.7124999999999999,0.46000000834465027,0.3583072583214666
P6,Unrestricted fixed wrong delay,20260720,0.72,0.46000000834465027,0.35867032393066073
P6,Unrestricted fixed wrong delay,20260720,0.7275,0.46000000834465027,0.35902823440286524
P6,Unrestricted fixed wrong delay,20260720,0.7349999999999999,0.46000000834465027,0.35938103215515604
P6,Unrestricted fixed wrong delay,20260720,0.7424999999999999,0.46000000834465027,0.35972876031770373
P6,Unrestricted fixed wrong delay,20260720,0.75,0.46000000834465027,0.36007146269001333
P6,Unrestricted fixed wrong delay,20260721,-0.75,0.46000000834465027,0.23992853730998662
P6,Unrestricted fixed wrong delay,20260721,-0.7425,0.46000000834465027,0.24027123968229624
P6,Unrestricted fixed wrong delay,20260721,-0.735,0.46000000834465027,0.24061896784484396
P6,Unrestricted fixed wrong delay,20260721,-0.7275,0.46000000834465027,0.24097176559713476
P6,Unrestricted fixed wrong delay,20260721,-0.72,0.46000000834465027,0.24132967606933925
P6,Unrestricted fixed wrong delay,20260721,-0.7125,0.46000000834465027,0.24169274167853338
P6,Unrestricted fixed wrong delay,20260721,-0.705,0.46000000834465027,0.24206100408407832
P6,Unrestricted fixed wrong delay,20260721,-0.6975,0.46000000834465027,0.24243450414216147
P6,Unrestricted fixed wrong delay,20260721,-0.69,0.46000000834465027,0.24281328185952072
P6,Unrestricted fixed wrong delay,20260721,-0.6825,0.46000000834465027,0.243197376346378
P6,Unrestricted fixed wrong delay,20260721,-0.675,0.46000000834465027,0.24358682576860918
P6,Unrestricted fixed wrong delay,20260721,-0.6675,0.46000000834465027,0.24398166729918083
P6,Unrestricted fixed wrong delay,20260721,-0.66,0.46000000834465027,0.24438193706888614
P6,Unrestricted fixed wrong delay,20260721,-0.6525,0.46000000834465027,0.24478767011641572
P6,Unrestricted fixed wrong delay,20260721,-0.645,0.46000000834465027,0.24519890033780076
P6,Unrestricted fixed wrong delay,20260721,-0.6375,0.46000000834465027,0.2456156604352694
P6,Unrestricted fixed wrong delay,20260721,-0.63,0.46000000834465027,0.24603798186555936
P6,Unrestricted fixed wrong delay,20260721,-0.6225,0.46000000834465027,0.2464658947877335
P6,Unrestricted fixed wrong delay,20260721,-0.615,0.46000000834465027,0.24689942801054632
P6,Unrestricted fixed wrong delay,20260721,-0.6075,0.46000000834465027,0.24733860893941376
P6,Unrestricted fixed wrong delay,20260721,-0.6,0.46000000834465027,0.2477834635230408
P6,Unrestricted fixed wrong delay,20260721,-0.5925,0.46000000834465027,0.24823401619976376
P6,Unrestricted fixed wrong delay,20260721,-0.585,0.46000000834465027,0.2486902898436682
P6,Unrestricted fixed wrong delay,20260721,-0.5775,0.46000000834465027,0.24915230571054484
P6,Unrestricted fixed wrong delay,20260721,-0.5700000000000001,0.46000000834465027,0.24962008338374994
P6,Unrestricted fixed wrong delay,20260721,-0.5625,0.46000000834465027,0.25009364072003865
P6,Unrestricted fixed wrong delay,20260721,-0.5549999999999999,0.46000000834465027,0.2505729937954427
P6,Unrestricted fixed wrong delay,20260721,-0.5475,0.46000000834465027,0.251058156851267
P6,Unrestricted fixed wrong delay,20260721,-0.54,0.46000000834465027,0.25154914224028163
P6,Unrestricted fixed wrong delay,20260721,-0.5325,0.46000000834465027,0.25204596037318955
P6,Unrestricted fixed wrong delay,20260721,-0.525,0.46000000834465027,0.2525486196654508
P6,Unrestricted fixed wrong delay,20260721,-0.5175000000000001,0.46000000834465027,0.2530571264845494
P6,Unrestricted fixed wrong delay,20260721,-0.51,0.46000000834465027,0.2535714850977891
P6,Unrestricted fixed wrong delay,20260721,-0.5025,0.46000000834465027,0.2540916976207063
P6,Unrestricted fixed wrong delay,20260721,-0.495,0.46000000834465027,0.25461776396619384
P6,Unrestricted fixed wrong delay,20260721,-0.4875,0.46000000834465027,0.25514968179442676
P6,Unrestricted fixed wrong delay,20260721,-0.48,0.46000000834465027,0.2556874464636868
P6,Unrestricted fixed wrong delay,20260721,-0.47250000000000003,0.46000000834465027,0.2562310509821821
P6,Unrestricted fixed wrong delay,20260721,-0.465,0.46000000834465027,0.2567804859609608
P6,Unrestricted fixed wrong delay,20260721,-0.4575,0.46000000834465027,0.257335739568019
P6,Unrestricted fixed wrong delay,20260721,-0.45,0.46000000834465027,0.2578967974837031
P6,Unrestricted fixed wrong delay,20260721,-0.4425,0.46000000834465027,0.258463642857511
P6,Unrestricted fixed wrong delay,20260721,-0.435,0.46000000834465027,0.25903625626639204
P6,Unrestricted fixed wrong delay,20260721,-0.4275,0.46000000834465027,0.2596146156746526
P6,Unrestricted fixed wrong delay,20260721,-0.42000000000000004,0.46000000834465027,0.2601986963955687
P6,Unrestricted fixed wrong delay,20260721,-0.41250000000000003,0.46000000834465027,0.260788471054811
P6,Unrestricted fixed wrong delay,20260721,-0.405,0.46000000834465027,0.26138390955578583
P6,Unrestricted fixed wrong delay,20260721,-0.3975,0.46000000834465027,0.261984979046995
P6,Unrestricted fixed wrong delay,20260721,-0.39,0.46000000834465027,0.26259164389151846
P6,Unrestricted fixed wrong delay,20260721,-0.3825,0.46000000834465027,0.26320386563871945
P6,Unrestricted fixed wrong delay,20260721,-0.375,0.46000000834465027,0.26382160299827534
P6,Unrestricted fixed wrong delay,20260721,-0.3675,0.46000000834465027,0.2644448118166298
P6,Unrestricted fixed wrong delay,20260721,-0.36,0.46000000834465027,0.2650734450559664
P6,Unrestricted fixed wrong delay,20260721,-0.35250000000000004,0.46000000834465027,0.2657074527757957
P6,Unrestricted fixed wrong delay,20260721,-0.34500000000000003,0.46000000834465027,0.26634678211725016
P6,Unrestricted fixed wrong delay,20260721,-0.3375,0.46000000834465027,0.26699137729017486
P6,Unrestricted fixed wrong delay,20260721,-0.33,0.46000000834465027,0.2676411795631011
P6,Unrestricted fixed wrong delay,20260721,-0.3225,0.46000000834465027,0.2682961272561851
P6,Unrestricted fixed wrong delay,20260721,-0.315,0.46000000834465027,0.2689561557371918
P6,Unrestricted fixed wrong delay,20260721,-0.3075,0.46000000834465027,0.2696211974205968
P6,Unrestricted fixed wrong delay,20260721,-0.30000000000000004,0.46000000834465027,0.2702911817698794
P6,Unrestricted fixed wrong delay,20260721,-0.29250000000000004,0.46000000834465027,0.27096603530306995
P6,Unrestricted fixed wrong delay,20260721,-0.28500000000000003,0.46000000834465027,0.2716456816016144
P6,Unrestricted fixed wrong delay,20260721,-0.2775,0.46000000834465027,0.2723300413226096
P6,Unrestricted fixed wrong delay,20260721,-0.27,0.46000000834465027,0.2730190322144604
P6,Unrestricted fixed wrong delay,20260721,-0.2625,0.46000000834465027,0.2737125691360018
P6,Unrestricted fixed wrong delay,20260721,-0.255,0.46000000834465027,0.2744105640791237
P6,Unrestricted fixed wrong delay,20260721,-0.24750000000000005,0.46000000834465027,0.2751129261949298
P6,Unrestricted fixed wrong delay,20260721,-0.24,0.46000000834465027,0.2758195618234552
P6,Unrestricted fixed wrong delay,20260721,-0.23250000000000004,0.46000000834465027,0.27653037452696
P6,Unrestricted fixed wrong delay,20260721,-0.22499999999999998,0.46000000834465027,0.27724526512680997
P6,Unrestricted fixed wrong delay,20260721,-0.21750000000000003,0.46000000834465027,0.2779641317439471
P6,Unrestricted fixed wrong delay,20260721,-0.20999999999999996,0.46000000834465027,0.27868686984294644
P6,Unrestricted fixed wrong delay,20260721,-0.2025,0.46000000834465027,0.27941337227964685
P6,Unrestricted fixed wrong delay,20260721,-0.19500000000000006,0.46000000834465027,0.2801435293523366
P6,Unrestricted fixed wrong delay,20260721,-0.1875,0.46000000834465027,0.28087722885646643
P6,Unrestricted fixed wrong delay,20260721,-0.18000000000000005,0.46000000834465027,0.2816143561428546
P6,Unrestricted fixed wrong delay,20260721,-0.1725,0.46000000834465027,0.28235479417934123
P6,Unrestricted fixed wrong delay,20260721,-0.16500000000000004,0.46000000834465027,0.28309842361584003
P6,Unrestricted fixed wrong delay,20260721,-0.15749999999999997,0.46000000834465027,0.2838451228527292
P6,Unrestricted fixed wrong delay,20260721,-0.15000000000000002,0.46000000834465027,0.28459476811251394
P6,Unrestricted fixed wrong delay,20260721,-0.14250000000000007,0.46000000834465027,0.28534723351468483
P6,Unrestricted fixed wrong delay,20260721,-0.135,0.46000000834465027,0.2861023911536912
P6,Unrestricted fixed wrong delay,20260721,-0.12750000000000006,0.46000000834465027,0.2868601111799366
P6,Unrestricted fixed wrong delay,20260721,-0.12,0.46000000834465027,0.2876202618837003
P6,Unrestricted fixed wrong delay,20260721,-0.11250000000000004,0.46000000834465027,0.28838270978187835
P6,Unrestricted fixed wrong delay,20260721,-0.10499999999999998,0.46000000834465027,0.28914731970743135
P6,Unrestricted fixed wrong delay,20260721,-0.09750000000000003,0.46000000834465027,0.2899139549014202
P6,Unrestricted fixed wrong delay,20260721,-0.09000000000000008,0.46000000834465027,0.29068247710750234
P6,Unrestricted fixed wrong delay,20260721,-0.08250000000000002,0.46000000834465027,0.29145274666875687
P6,Unrestricted fixed wrong delay,20260721,-0.07500000000000007,0.46000000834465027,0.2922246226266985
P6,Unrestricted fixed wrong delay,20260721,-0.0675,0.46000000834465027,0.2929979628223361
P6,Unrestricted fixed wrong delay,20260721,-0.06000000000000005,0.46000000834465027,0.2937726239991255
P6,Unrestricted fixed wrong delay,20260721,-0.05249999999999999,0.46000000834465027,0.2945484619076617
P6,Unrestricted fixed wrong delay,20260721,-0.04500000000000004,0.46000000834465027,0.2953253314119491
P6,Unrestricted fixed wrong delay,20260721,-0.03749999999999998,0.46000000834465027,0.29610308659708684
P6,Unrestricted fixed wrong delay,20260721,-0.030000000000000027,0.46000000834465027,0.29688158087820066
P6,Unrestricted fixed wrong delay,20260721,-0.022500000000000075,0.46000000834465027,0.29766066711044903
P6,Unrestricted fixed wrong delay,20260721,-0.015000000000000013,0.46000000834465027,0.2984401976999299
P6,Unrestricted fixed wrong delay,20260721,-0.007500000000000062,0.46000000834465027,0.2992200247153102
P6,Unrestricted fixed wrong delay,20260721,0.0,0.46000000834465027,0.3
P6,Unrestricted fixed wrong delay,20260721,0.007499999999999951,0.46000000834465027,0.3007799752846898
P6,Unrestricted fixed wrong delay,20260721,0.015000000000000013,0.46000000834465027,0.30155980230007007
P6,Unrestricted fixed wrong delay,20260721,0.022499999999999964,0.46000000834465027,0.30233933288955095
P6,Unrestricted fixed wrong delay,20260721,0.030000000000000027,0.46000000834465027,0.3031184191217993
P6,Unrestricted fixed wrong delay,20260721,0.03749999999999998,0.46000000834465027,0.30389691340291314
P6,Unrestricted fixed wrong delay,20260721,0.04499999999999993,0.46000000834465027,0.30467466858805087
P6,Unrestricted fixed wrong delay,20260721,0.05249999999999999,0.46000000834465027,0.30545153809233827
P6,Unrestricted fixed wrong delay,20260721,0.05999999999999994,0.46000000834465027,0.30622737600087446
P6,Unrestricted fixed wrong delay,20260721,0.0675,0.46000000834465027,0.3070020371776639
P6,Unrestricted fixed wrong delay,20260721,0.07499999999999996,0.46000000834465027,0.30777537737330146
P6,Unrestricted fixed wrong delay,20260721,0.08250000000000002,0.46000000834465027,0.3085472533312431
P6,Unrestricted fixed wrong delay,20260721,0.08999999999999997,0.46000000834465027,0.30931752289249764
P6,Unrestricted fixed wrong delay,20260721,0.09749999999999992,0.46000000834465027,0.3100860450985798
P6,Unrestricted fixed wrong delay,20260721,0.10499999999999998,0.46000000834465027,0.31085268029256863
P6,Unrestricted fixed wrong delay,20260721,0.11249999999999993,0.46000000834465027,0.3116172902181216
P6,Unrestricted fixed wrong delay,20260721,0.12,0.46000000834465027,0.31237973811629965
P6,Unrestricted fixed wrong delay,20260721,0.12749999999999995,0.46000000834465027,0.3131398888200634
P6,Unrestricted fixed wrong delay,20260721,0.135,0.46000000834465027,0.3138976088463088
P6,Unrestricted fixed wrong delay,20260721,0.14249999999999996,0.46000000834465027,0.3146527664853151
P6,Unrestricted fixed wrong delay,20260721,0.1499999999999999,0.46000000834465027,0.31540523188748604
P6,Unrestricted fixed wrong delay,20260721,0.15749999999999997,0.46000000834465027,0.31615487714727075
P6,Unrestricted fixed wrong delay,20260721,0.16499999999999992,0.46000000834465027,0.31690157638415994
P6,Unrestricted fixed wrong delay,20260721,0.1725,0.46000000834465027,0.31764520582065875
P6,Unrestricted fixed wrong delay,20260721,0.17999999999999994,0.46000000834465027,0.31838564385714535
P6,Unrestricted fixed wrong delay,20260721,0.1875,0.46000000834465027,0.31912277114353355
P6,Unrestricted fixed wrong delay,20260721,0.19499999999999995,0.46000000834465027,0.31985647064766337
P6,Unrestricted fixed wrong delay,20260721,0.2025,0.46000000834465027,0.3205866277203531
P6,Unrestricted fixed wrong delay,20260721,0.20999999999999996,0.46000000834465027,0.32131313015705354
P6,Unrestricted fixed wrong delay,20260721,0.21749999999999992,0.46000000834465027,0.3220358682560529
P6,Unrestricted fixed wrong delay,20260721,0.22499999999999998,0.46000000834465027,0.32275473487319
P6,Unrestricted fixed wrong delay,20260721,0.23249999999999993,0.46000000834465027,0.32346962547304
P6,Unrestricted fixed wrong delay,20260721,0.24,0.46000000834465027,0.3241804381765448
P6,Unrestricted fixed wrong delay,20260721,0.24749999999999994,0.46000000834465027,0.3248870738050702
P6,Unrestricted fixed wrong delay,20260721,0.2549999999999999,0.46000000834465027,0.3255894359208763
P6,Unrestricted fixed wrong delay,20260721,0.26249999999999996,0.46000000834465027,0.3262874308639982
P6,Unrestricted fixed wrong delay,20260721,0.27,0.46000000834465027,0.3269809677855396
P6,Unrestricted fixed wrong delay,20260721,0.27749999999999986,0.46000000834465027,0.32766995867739035
P6,Unrestricted fixed wrong delay,20260721,0.2849999999999999,0.46000000834465027,0.3283543183983856
P6,Unrestricted fixed wrong delay,20260721,0.2925,0.46000000834465027,0.32903396469693
P6,Unrestricted fixed wrong delay,20260721,0.30000000000000004,0.46000000834465027,0.3297088182301206
P6,Unrestricted fixed wrong delay,20260721,0.3074999999999999,0.46000000834465027,0.33037880257940316
P6,Unrestricted fixed wrong delay,20260721,0.31499999999999995,0.46000000834465027,0.3310438442628082
P6,Unrestricted fixed wrong delay,20260721,0.3225,0.46000000834465027,0.33170387274381485
P6,Unrestricted fixed wrong delay,20260721,0.33000000000000007,0.46000000834465027,0.3323588204368989
P6,Unrestricted fixed wrong delay,20260721,0.3374999999999999,0.46000000834465027,0.3330086227098251
P6,Unrestricted fixed wrong delay,20260721,0.345,0.46000000834465027,0.3336532178827498
P6,Unrestricted fixed wrong delay,20260721,0.35250000000000004,0.46000000834465027,0.33429254722420426
P6,Unrestricted fixed wrong delay,20260721,0.3599999999999999,0.46000000834465027,0.33492655494403356
P6,Unrestricted fixed wrong delay,20260721,0.36749999999999994,0.46000000834465027,0.33555518818337016
P6,Unrestricted fixed wrong delay,20260721,0.375,0.46000000834465027,0.33617839700172464
P6,Unrestricted fixed wrong delay,20260721,0.38250000000000006,0.46000000834465027,0.33679613436128053
P6,Unrestricted fixed wrong delay,20260721,0.3899999999999999,0.46000000834465027,0.3374083561084815
P6,Unrestricted fixed wrong delay,20260721,0.39749999999999996,0.46000000834465027,0.33801502095300495
P6,Unrestricted fixed wrong delay,20260721,0.405,0.46000000834465027,0.33861609044421415
P6,Unrestricted fixed wrong delay,20260721,0.41249999999999987,0.46000000834465027,0.33921152894518897
P6,Unrestricted fixed wrong delay,20260721,0.41999999999999993,0.46000000834465027,0.3398013036044313
P6,Unrestricted fixed wrong delay,20260721,0.4275,0.46000000834465027,0.3403853843253474
P6,Unrestricted fixed wrong delay,20260721,0.43500000000000005,0.46000000834465027,0.34096374373360794
P6,Unrestricted fixed wrong delay,20260721,0.4424999999999999,0.46000000834465027,0.341536357142489
P6,Unrestricted fixed wrong delay,20260721,0.44999999999999996,0.46000000834465027,0.34210320251629683
P6,Unrestricted fixed wrong delay,20260721,0.4575,0.46000000834465027,0.342664260431981
P6,Unrestricted fixed wrong delay,20260721,0.46499999999999986,0.46000000834465027,0.34321951403903916
P6,Unrestricted fixed wrong delay,20260721,0.4724999999999999,0.46000000834465027,0.34376894901781785
P6,Unrestricted fixed wrong delay,20260721,0.48,0.46000000834465027,0.3443125535363132
P6,Unrestricted fixed wrong delay,20260721,0.48750000000000004,0.46000000834465027,0.3448503182055732
P6,Unrestricted fixed wrong delay,20260721,0.4949999999999999,0.46000000834465027,0.3453822360338061
P6,Unrestricted fixed wrong delay,20260721,0.5025,0.46000000834465027,0.34590830237929365
P6,Unrestricted fixed wrong delay,20260721,0.51,0.46000000834465027,0.3464285149022109
P6,Unrestricted fixed wrong delay,20260721,0.5174999999999998,0.46000000834465027,0.3469428735154505
P6,Unrestricted fixed wrong delay,20260721,0.5249999999999999,0.46000000834465027,0.3474513803345492
P6,Unrestricted fixed wrong delay,20260721,0.5325,0.46000000834465027,0.34795403962681043
P6,Unrestricted fixed wrong delay,20260721,0.54,0.46000000834465027,0.34845085775971835
P6,Unrestricted fixed wrong delay,20260721,0.5474999999999999,0.46000000834465027,0.348941843148733
P6,Unrestricted fixed wrong delay,20260721,0.5549999999999999,0.46000000834465027,0.3494270062045573
P6,Unrestricted fixed wrong delay,20260721,0.5625,0.46000000834465027,0.34990635927996133
P6,Unrestricted fixed wrong delay,20260721,0.5699999999999998,0.46000000834465027,0.35037991661625
P6,Unrestricted fixed wrong delay,20260721,0.5774999999999999,0.46000000834465027,0.3508476942894551
P6,Unrestricted fixed wrong delay,20260721,0.585,0.46000000834465027,0.3513097101563318
P6,Unrestricted fixed wrong delay,20260721,0.5925,0.46000000834465027,0.3517659838002362
P6,Unrestricted fixed wrong delay,20260721,0.5999999999999999,0.46000000834465027,0.35221653647695916
P6,Unrestricted fixed wrong delay,20260721,0.6074999999999999,0.46000000834465027,0.3526613910605862
P6,Unrestricted fixed wrong delay,20260721,0.615,0.46000000834465027,0.35310057198945366
P6,Unrestricted fixed wrong delay,20260721,0.6225,0.46000000834465027,0.35353410521226647
P6,Unrestricted fixed wrong delay,20260721,0.6299999999999999,0.46000000834465027,0.3539620181344406
P6,Unrestricted fixed wrong delay,20260721,0.6375,0.46000000834465027,0.3543843395647306
P6,Unrestricted fixed wrong delay,20260721,0.645,0.46000000834465027,0.3548010996621992
P6,Unrestricted fixed wrong delay,20260721,0.6524999999999999,0.46000000834465027,0.35521232988358425
P6,Unrestricted fixed wrong delay,20260721,0.6599999999999999,0.46000000834465027,0.3556180629311138
P6,Unrestricted fixed wrong delay,20260721,0.6675,0.46000000834465027,0.3560183327008191
P6,Unrestricted fixed wrong delay,20260721,0.675,0.46000000834465027,0.3564131742313908
P6,Unrestricted fixed wrong delay,20260721,0.6824999999999999,0.46000000834465027,0.356802623653622
P6,Unrestricted fixed wrong delay,20260721,0.69,0.46000000834465027,0.35718671814047925
P6,Unrestricted fixed wrong delay,20260721,0.6975,0.46000000834465027,0.3575654958578385
P6,Unrestricted fixed wrong delay,20260721,0.7049999999999998,0.46000000834465027,0.35793899591592165
P6,Unrestricted fixed wrong delay,20260721,0.7124999999999999,0.46000000834465027,0.3583072583214666
P6,Unrestricted fixed wrong delay,20260721,0.72,0.46000000834465027,0.35867032393066073
P6,Unrestricted fixed wrong delay,20260721,0.7275,0.46000000834465027,0.35902823440286524
P6,Unrestricted fixed wrong delay,20260721,0.7349999999999999,0.46000000834465027,0.35938103215515604
P6,Unrestricted fixed wrong delay,20260721,0.7424999999999999,0.46000000834465027,0.35972876031770373
P6,Unrestricted fixed wrong delay,20260721,0.75,0.46000000834465027,0.36007146269001333
