state,candidate_delay,profile_value,empirical_set_member
-0.7,0.15,0.00021514345305504446,True
-0.7,0.151,0.00020934293477576916,True
-0.7,0.152,0.00020362376576643637,True
-0.7,0.153,0.0001979859262857153,True
-0.7,0.154,0.00019242939611814337,True
-0.7,0.155,0.00018695415457472552,True
-0.7,0.156,0.00018156018049338973,True
-0.7,0.157,0.00017624745223979721,True
-0.7,0.158,0.0001710159477076645,True
-0.7,0.159,0.00016586564431945173,True
-0.7,0.16,0.00016079651902713987,True
-0.7,0.161,0.00015580854831243052,True
-0.7,0.162,0.00015090170818772287,True
-0.7,0.163,0.00014607597419655783,True
-0.7,0.164,0.0001413313214143175,True
-0.7,0.16499999999999998,0.00013666772444869134,True
-0.7,0.16599999999999998,0.00013208515744053128,True
-0.7,0.16699999999999998,0.00012758359406428443,True
-0.7,0.16799999999999998,0.0001231630075287926,True
-0.7,0.16899999999999998,0.00011882337057789183,True
-0.7,0.16999999999999998,0.0001145646554909785,True
-0.7,0.17099999999999999,0.00011038683408384208,True
-0.7,0.172,0.00010628987770924247,True
-0.7,0.173,0.00010227375725758714,True
-0.7,0.174,9.83384431574863e-05,True
-0.7,0.175,9.448390537684093e-05,True
-0.7,0.176,9.071011342306478e-05,True
-0.7,0.177,8.701703634405034e-05,True
-0.7,0.178,8.340464272877934e-05,True
-0.7,0.179,7.987290070821107e-05,True
-0.7,0.18,7.642177795569305e-05,True
-0.7,0.181,7.30512416879936e-05,True
-0.7,0.182,6.976125866581251e-05,True
-0.7,0.183,6.655179519465815e-05,True
-0.7,0.184,6.342281712548025e-05,True
-0.7,0.185,6.037428985555815e-05,True
-0.7,0.186,5.740617832907802e-05,True
-0.7,0.187,5.4518447038121034e-05,True
-0.7,0.188,5.171106002315185e-05,True
-0.7,0.189,4.898398087406219e-05,True
-0.7,0.19,4.633717273072602e-05,True
-0.7,0.191,4.377059828398755e-05,True
-0.7,0.192,4.1284219776249743e-05,True
-0.7,0.193,3.887799900244015e-05,True
-0.7,0.194,3.65518973106993e-05,True
-0.7,0.195,3.430587560327991e-05,True
-0.7,0.196,3.21398943372575e-05,True
-0.7,0.197,3.005391352546294e-05,True
-0.7,0.198,2.8047892737192992e-05,True
-0.7,0.199,2.612179109909851e-05,True
-0.7,0.2,2.4275567296105915e-05,True
-0.7,0.201,2.2509179571972293e-05,True
-0.7,0.202,2.0822585730617683e-05,True
-0.7,0.20299999999999999,1.921574313635821e-05,True
-0.7,0.204,1.7688608715404895e-05,True
-0.7,0.205,1.6241138956207823e-05,True
-0.7,0.206,1.487328991063297e-05,True
-0.7,0.207,1.3585017194672755e-05,True
-0.7,0.208,1.237627598944524e-05,True
-0.7,0.209,1.1247021041993488e-05,True
-0.7,0.21,1.0197206666295867e-05,True
-0.7,0.211,9.226786743887771e-06,True
-0.7,0.212,8.335714725082877e-06,True
-0.7,0.213,7.523943629739183e-06,True
-0.7,0.214,6.7914260481583e-06,True
-0.7,0.215,6.138114141940321e-06,True
-0.7,0.216,5.563959645182859e-06,True
-0.7,0.217,5.068913864936242e-06,True
-0.7,0.218,4.6529276826912104e-06,True
-0.7,0.219,4.315951554800801e-06,True
-0.7,0.22,4.057935513779309e-06,True
-0.7,0.221,3.878829169068343e-06,True
-0.7,0.222,3.778581708135942e-06,True
-0.7,0.22299999999999998,3.7571418972093262e-06,True
-0.7,0.22399999999999998,3.8144580824961418e-06,True
-0.7,0.22499999999999998,3.950478190950513e-06,True
-0.7,0.22599999999999998,4.1651497313388575e-06,True
-0.7,0.22699999999999998,4.458419795216884e-06,True
-0.7,0.22799999999999998,4.830235057828869e-06,True
-0.7,0.22899999999999998,5.280541779284498e-06,True
-0.7,0.22999999999999998,5.80928580534712e-06,True
-0.7,0.23099999999999998,6.416412568466257e-06,True
-0.7,0.23199999999999998,7.101867088898928e-06,True
-0.7,0.23299999999999998,7.86559397559783e-06,True
-0.7,0.23399999999999999,8.70753742724384e-06,True
-0.7,0.235,9.627641233367346e-06,True
-0.7,0.236,1.0625848775136503e-05,True
-0.7,0.237,1.1702103026633991e-05,True
-0.7,0.238,1.2856346555734088e-05,True
-0.7,0.239,1.4088521525212894e-05,True
-0.7,0.24,1.5398569693614305e-05,True
-0.7,0.241,1.6786432416660003e-05,True
-0.7,0.242,1.8252050647882268e-05,True
-0.7,0.243,1.9795364939856342e-05,True
-0.7,0.244,2.1416315445388356e-05,True
-0.7,0.245,2.3114841918348005e-05,True
-0.7,0.246,2.489088371485648e-05,True
-0.7,0.247,2.6744379794263472e-05,True
-0.7,0.248,2.867526872039061e-05,True
-0.7,0.249,3.0683488662375244e-05,True
-0.7,0.25,3.276897739600271e-05,True
-0.7,0.251,3.49316723046722e-05,True
-0.7,0.252,3.71715103803183e-05,True
-0.7,0.253,3.948842822484311e-05,True
-0.7,0.254,4.1882362050904566e-05,True
-0.7,0.255,4.435324768329307e-05,True
-0.7,0.256,4.69010205597975e-05,True
-0.7,0.257,4.9525615732415315e-05,True
-0.7,0.258,5.222696786854053e-05,True
-0.7,0.259,5.5005011251929584e-05,True
-0.7,0.26,5.785967978386708e-05,True
-0.7,0.261,6.079090698449807e-05,True
-0.7,0.262,6.379862599361629e-05,True
-0.7,0.263,6.688276957208527e-05,True
-0.7,0.264,7.0043270102782e-05,True
-0.7,0.265,7.328005959178485e-05,True
-0.7,0.266,7.65930696696393e-05,True
-0.7,0.267,7.998223159241257e-05,True
-0.7,0.268,8.344747624273729e-05,True
-0.7,0.269,8.698873413116592e-05,True
-0.7,0.27,9.06059353972366e-05,True
-0.7,0.271,9.429900981067219e-05,True
-0.7,0.272,9.806788677241274e-05,True
-0.7,0.273,0.00010191249531595891,True
-0.7,0.274,0.00010583276410859321,True
-0.7,0.275,0.00010982862145217931,True
-0.7,0.276,0.0001138999952847941,True
-0.7,0.277,0.00011804681318168253,True
-0.7,0.278,0.00012226900235654537,True
-0.7,0.279,0.00012656648966249406,True
-0.7,0.28,0.00013093920159361615,True
-0.7,0.281,0.00013538706428584124,True
-0.7,0.28200000000000003,0.00013991000351835093,True
-0.7,0.28300000000000003,0.0001445079447147446,True
-0.7,0.28400000000000003,0.00014918081294402753,True
-0.7,0.28500000000000003,0.00015392853292227614,True
-0.7,0.28600000000000003,0.0001587510290133487,True
-0.7,0.28700000000000003,0.00016364822523042832,True
-0.7,0.28800000000000003,0.00016862004523716668,True
-0.7,0.28900000000000003,0.00017366641234892733,True
-0.7,0.29000000000000004,0.0001787872495337961,True
-0.7,0.29100000000000004,0.00018398247941417978,True
-0.7,0.29200000000000004,0.0001892520242677609,True
-0.7,0.29300000000000004,0.00019459580602883,True
-0.7,0.29400000000000004,0.00020001374628942915,True
-0.7,0.295,0.00020550576630086194,True
-0.7,0.296,0.0002110717869745371,True
-0.7,0.297,0.00021671172888356737,True
-0.7,0.298,0.0002224255122638019,True
-0.7,0.299,0.000228213057015203,True
-0.7,0.3,0.00023407428270298957,True
-0.7,0.301,0.00024000910855901392,True
-0.7,0.302,0.00024601745348290516,True
-0.7,0.303,0.0002520992360434349,True
-0.7,0.304,0.0002582543744796939,True
-0.7,0.305,0.0002644827867024135,True
-0.7,0.306,0.00027078439029524224,True
-0.7,0.307,0.0002771591025159892,True
-0.7,0.308,0.00028360684029790086,True
-0.7,0.309,0.0002901275202508602,True
-0.7,0.31,0.00029672105866289654,True
-0.7,0.311,0.0003033873715012847,True
-0.7,0.312,0.000310126374413755,True
-0.7,0.313,0.0003169379827300589,True
-0.7,0.314,0.00032382211146294584,True
-0.7,0.315,0.0003307786753096731,True
-0.7,0.316,0.00033780758865320504,True
-0.7,0.317,0.0003449087655634897,True
-0.7,0.318,0.0003520821197989021,True
-0.7,0.319,0.0003593275648072991,True
-0.7,0.32,0.00036664501372759564,True
-0.7,0.321,0.000374034379390864,True
-0.7,0.322,0.00038149557432165526,True
-0.7,0.323,0.0003890285107393976,True
-0.7,0.324,0.0003966331005597512,True
-0.7,0.325,0.0004043092553957739,True
-0.7,0.32599999999999996,0.0004120568865592644,True
-0.7,0.32699999999999996,0.0004198759050621836,True
-0.7,0.32799999999999996,0.00042776622161776466,True
-0.7,0.32899999999999996,0.0004357277466421339,True
-0.7,0.32999999999999996,0.0004437603902553988,True
-0.7,0.33099999999999996,0.000451864062283025,True
-0.7,0.33199999999999996,0.0004600386722572014,True
-0.7,0.33299999999999996,0.00046828412941812836,True
-0.7,0.33399999999999996,0.0004766003427153165,True
-0.7,0.33499999999999996,0.0004849872208090744,True
-0.7,0.33599999999999997,0.0004934446720715413,True
-0.7,0.33699999999999997,0.0005019726045883633,True
-0.7,0.33799999999999997,0.0005105709261598145,True
-0.7,0.33899999999999997,0.0005192395443021636,True
-0.7,0.33999999999999997,0.0005279783662490378,True
-0.7,0.34099999999999997,0.0005367872989527234,True
-0.7,0.34199999999999997,0.0005456662490856301,True
-0.7,0.34299999999999997,0.000554615123041513,True
-0.7,0.344,0.0005636338269367381,True
-0.7,0.345,0.000572722266611847,True
-0.7,0.346,0.000581880347632735,True
-0.7,0.347,0.0005911079752920934,True
-0.7,0.348,0.0006004050546106976,True
-0.7,0.349,0.0006097714903387397,True
-0.7,0.35,0.0006192071869572269,True
-0.7,0.351,0.0006287120486793363,True
-0.7,0.352,0.0006382859794517692,True
-0.7,0.353,0.000647928882956017,True
-0.7,0.354,0.000657640662609893,True
-0.7,0.355,0.0006674212215686426,True
-0.7,0.356,0.0006772704627265646,True
-0.7,0.357,0.000687188288718199,True
-0.7,0.358,0.0006971746019196923,True
-0.7,0.359,0.000707229304450252,True
-0.7,0.36,0.0007173522981734126,True
-0.7,0.361,0.0007275434846984452,True
-0.7,0.362,0.0007378027653817786,True
-0.7,0.363,0.0007481300413281544,True
-0.7,0.364,0.000758525213392236,True
-0.7,0.365,0.0007689881821798638,True
-0.7,0.366,0.0007795188480494098,True
-0.7,0.367,0.00079011711111312,True
-0.7,0.368,0.0008007828712385367,True
-0.7,0.369,0.0008115160280499523,True
-0.7,0.37,0.0008223164809295303,True
-0.7,0.371,0.0008331841290189157,True
-0.7,0.372,0.0008441188712204117,True
-0.7,0.373,0.0008551206061985783,True
-0.7,0.374,0.000866189232381398,True
-0.7,0.375,0.0008773246479616304,True
-0.7,0.376,0.0008885267508984773,True
-0.7,0.377,0.0008997954389185602,True
-0.7,0.378,0.0009111306095175631,True
-0.7,0.379,0.0009225321599615532,True
-0.7,0.38,0.0009339999872881921,True
-0.7,0.381,0.0009455339883083669,True
-0.7,0.382,0.0009571340596074673,True
-0.7,0.383,0.0009688000975465516,True
-0.7,0.384,0.0009805319982640116,True
-0.7,0.385,0.0009923296576768935,True
-0.7,0.386,0.0010041929714820319,True
-0.7,0.387,0.0010161218351577906,True
-0.7,0.388,0.0010281161439650744,True
-0.7,0.389,0.0010401757929489942,True
-0.7,0.39,0.00105230067694011,True
-0.7,0.391,0.0010644906905557861,True
-0.7,0.392,0.0010767457282015447,True
-0.7,0.393,0.001089065684072643,True
-0.7,0.394,0.0011014504521551505,True
-0.7,0.395,0.0011138999262275129,True
-0.7,0.396,0.0011264139998619748,True
-0.7,0.397,0.0011389925664257116,True
-0.7,0.398,0.0011516355190824723,True
-0.7,0.399,0.0011643427507937788,True
-0.7,0.4,0.00117711415432028,True
-0.7,0.401,0.0011899496222234295,True
-0.7,0.402,0.001202849046866339,True
-0.7,0.403,0.0012158123204156768,True
-0.7,0.404,0.0012288393348426686,True
-0.7,0.405,0.0012419299819246277,True
-0.7,0.406,0.0012550841532463553,True
-0.7,0.40700000000000003,0.0012683017402013608,True
-0.7,0.40800000000000003,0.00128158263399345,True
-0.7,0.40900000000000003,0.0012949267256378572,True
-0.7,0.41000000000000003,0.0013083339059628218,True
-0.7,0.41100000000000003,0.001321804065610821,True
-0.7,0.41200000000000003,0.001335337095039968,True
-0.7,0.41300000000000003,0.0013489328845254999,True
-0.7,0.41400000000000003,0.0013625913241608778,True
-0.7,0.41500000000000004,0.0013763123038594504,True
-0.7,0.41600000000000004,0.0013900957133556658,True
-0.7,0.41700000000000004,0.0014039414422064133,True
-0.7,0.41800000000000004,0.0014178493797924352,True
-0.7,0.41900000000000004,0.0014318194153198015,True
-0.7,0.42000000000000004,0.0014458514378209663,True
-0.7,0.42100000000000004,0.0014599453361564874,True
-0.7,0.42200000000000004,0.0014741009990162034,True
-0.7,0.42300000000000004,0.0014883183149205447,True
-0.7,0.42400000000000004,0.0015025971722220088,True
-0.7,0.42500000000000004,0.001516937459106471,True
-0.7,0.42600000000000005,0.0015313390635946055,True
-0.7,0.42700000000000005,0.0015458018735430735,True
-0.7,0.42800000000000005,0.0015603257766461209,True
-0.7,0.42900000000000005,0.0015749106604366458,True
-0.7,0.43000000000000005,0.001589556412287929,True
-0.7,0.43100000000000005,0.0016042629194145896,True
-0.7,0.43200000000000005,0.0016190300688741944,True
-0.7,0.43300000000000005,0.0016338577475685234,True
-0.7,0.43400000000000005,0.001648745842244914,True
-0.7,0.43500000000000005,0.0016636942394976928,True
-0.7,0.43600000000000005,0.0016787028257693958,True
-0.7,0.43700000000000006,0.0016937714873522026,True
-0.7,0.43800000000000006,0.0017089001103892444,True
-0.7,0.43899999999999995,0.0017240885808760265,True
-0.7,0.43999999999999995,0.0017393367846615937,True
-0.7,0.44099999999999995,0.001754644607450151,True
-0.7,0.44199999999999995,0.0017700119348020849,True
-0.7,0.44299999999999995,0.0017854386521355403,True
-0.7,0.44399999999999995,0.0018009246447276527,True
-0.7,0.44499999999999995,0.0018164697977159695,True
-0.7,0.44599999999999995,0.0018320739960996368,True
-0.7,0.44699999999999995,0.0018477371247409336,True
-0.7,0.44799999999999995,0.001863459068366402,True
-0.7,0.44899999999999995,0.001879239711568359,True
-0.7,0.44999999999999996,0.0018950789388060495,True
-0.7,0.45099999999999996,0.0019109766344071245,True
-0.7,0.45199999999999996,0.0019269326825689826,True
-0.7,0.45299999999999996,0.0019429469673598488,True
-0.7,0.45399999999999996,0.0019590193727204606,True
-0.7,0.45499999999999996,0.001975149782465091,True
-0.7,0.45599999999999996,0.001991338080283056,True
-0.7,0.45699999999999996,0.002007584149739905,True
-0.7,0.45799999999999996,0.0020238878742788514,True
-0.7,0.45899999999999996,0.0020402491372219942,True
-0.7,0.45999999999999996,0.0020566678217717183,True
-0.7,0.46099999999999997,0.0020731438110118796,True
-0.7,0.46199999999999997,0.00208967698790935,True
-0.7,0.46299999999999997,0.002106267235315007,True
-0.7,0.46399999999999997,0.002122914435965384,True
-0.7,0.46499999999999997,0.002139618472483651,True
-0.7,0.46599999999999997,0.0021563792273812444,True
-0.7,0.46699999999999997,0.002173196583058812,True
-0.7,0.46799999999999997,0.0021900704218078436,True
-0.7,0.469,0.0022070006258117837,True
-0.7,0.47,0.0022239870771473824,True
-0.7,0.471,0.0022410296577859536,True
-0.7,0.472,0.0022581282495947263,True
-0.7,0.473,0.002275282734338191,True
-0.7,0.474,0.0022924929936791517,True
-0.7,0.475,0.002309758909180293,False
-0.7,0.476,0.002327080362305256,False
-0.7,0.477,0.002344457234420072,False
-0.7,0.478,0.002361889406794426,False
-0.7,0.479,0.002379376760602736,False
-0.7,0.48,0.0023969191769257934,False
-0.7,0.481,0.002414516536751632,False
-0.7,0.482,0.0024321687209772234,False
-0.7,0.483,0.0024498756104093357,False
-0.7,0.484,0.002467637085766117,False
-0.7,0.485,0.002485453027678186,False
-0.7,0.486,0.0025033233166900314,False
-0.7,0.487,0.0025212478332610868,False
-0.7,0.488,0.0025392264577671964,False
-0.7,0.489,0.002557259070501783,False
-0.7,0.49,0.002575345551677066,False
-0.7,0.491,0.0025934857814253866,False
-0.7,0.492,0.0026116796398003793,False
-0.7,0.493,0.002629927006778354,False
-0.7,0.494,0.002648227762259403,False
-0.7,0.495,0.002666581786068767,False
-0.7,0.496,0.0026849889579578902,False
-0.7,0.497,0.002703449157605997,False
-0.7,0.498,0.0027219622646209364,False
-0.7,0.499,0.0027405281585406783,False
-0.7,0.5,0.002759146718834504,False
-0.63,0.15,0.0006224781205618646,True
-0.63,0.151,0.0006134539827131414,True
-0.63,0.152,0.0006045181471400318,True
-0.63,0.153,0.0005956706005667001,True
-0.63,0.154,0.0005869113291977257,True
-0.63,0.155,0.0005782403187184371,True
-0.63,0.156,0.0005696575542957661,True
-0.63,0.157,0.00056116302057857,True
-0.63,0.158,0.0005527567016983092,True
-0.63,0.159,0.0005444385812694241,True
-0.63,0.16,0.0005362086423901568,True
-0.63,0.161,0.0005280668676429956,True
-0.63,0.162,0.0005200132390951517,True
-0.63,0.163,0.0005120477382993815,True
-0.63,0.164,0.000504170346294408,True
-0.63,0.16499999999999998,0.0004963810436055316,True
-0.63,0.16599999999999998,0.0004886798102454515,True
-0.63,0.16699999999999998,0.0004810666257144769,True
-0.63,0.16799999999999998,0.00047354146900161485,True
-0.63,0.16899999999999998,0.0004661043185848479,True
-0.63,0.16999999999999998,0.00045875515243199995,True
-0.63,0.17099999999999999,0.0004514939480011693,True
-0.63,0.172,0.0004443206822415835,True
-0.63,0.173,0.00043723533159429896,True
-0.63,0.174,0.0004302378719924116,True
-0.63,0.175,0.00042332827886244485,True
-0.63,0.176,0.00041650652712434957,True
-0.63,0.177,0.0004097725911926253,True
-0.63,0.178,0.0004031264449769201,True
-0.63,0.179,0.0003965680618826295,True
-0.63,0.18,0.00039009741481162987,True
-0.63,0.181,0.0003837144761631328,True
-0.63,0.182,0.0003774192178341851,True
-0.63,0.183,0.0003712116112206343,True
-0.63,0.184,0.00036509162721763965,True
-0.63,0.185,0.00035905923622058243,True
-0.63,0.186,0.00035311440812574313,True
-0.63,0.187,0.00034725711233092317,True
-0.63,0.188,0.000341487317736644,True
-0.63,0.189,0.00033580499274625807,True
-0.63,0.19,0.0003302101052673256,True
-0.63,0.191,0.00032470262271205863,True
-0.63,0.192,0.00031928251199822013,True
-0.63,0.193,0.00031394973954986807,True
-0.63,0.194,0.000308704271298188,True
-0.63,0.195,0.0003035460726822925,True
-0.63,0.196,0.0002984751086500204,True
-0.63,0.197,0.0002934913436588138,True
-0.63,0.198,0.00028859474167641785,True
-0.63,0.199,0.00028378526618191293,True
-0.63,0.2,0.0002790628801663364,True
-0.63,0.201,0.0002744275461335599,True
-0.63,0.202,0.00026987922610138826,True
-0.63,0.20299999999999999,0.00026541788160211466,True
-0.63,0.204,0.00026104347368343105,True
-0.63,0.205,0.0002567559629095495,True
-0.63,0.206,0.0002525553093617128,True
-0.63,0.207,0.00024844147263932694,True
-0.63,0.208,0.0002444144118608271,True
-0.63,0.209,0.00024047408566439942,True
-0.63,0.21,0.000236620452209102,True
-0.63,0.211,0.0002328534691756423,True
-0.63,0.212,0.00022917309376723204,True
-0.63,0.213,0.00022557928271070836,True
-0.63,0.214,0.00022207199225727782,True
-0.63,0.215,0.000218651178183471,True
-0.63,0.216,0.00021531679579217533,True
-0.63,0.217,0.00021206879991337858,True
-0.63,0.218,0.00020890714490549023,True
-0.63,0.219,0.00020583178465576334,True
-0.63,0.22,0.0002028426725816268,True
-0.63,0.221,0.0001999397616316956,True
-0.63,0.222,0.00019712300428645913,True
-0.63,0.22299999999999998,0.00019439235255943598,True
-0.63,0.22399999999999998,0.0001917477579980731,True
-0.63,0.22499999999999998,0.00018918917168484484,True
-0.63,0.22599999999999998,0.00018671654423816353,True
-0.63,0.22699999999999998,0.00018432982581337854,True
-0.63,0.22799999999999998,0.0001820289661037089,True
-0.63,0.22899999999999998,0.00017981391434146454,True
-0.63,0.22999999999999998,0.00017768461929880132,True
-0.63,0.23099999999999998,0.0001756410292890087,True
-0.63,0.23199999999999998,0.00017368309216722055,True
-0.63,0.23299999999999998,0.00017181075533166944,True
-0.63,0.23399999999999999,0.00017002396572474154,True
-0.63,0.235,0.0001683226698339313,True
-0.63,0.236,0.00016670681369276296,True
-0.63,0.237,0.0001651763428820674,True
-0.63,0.238,0.00016373120253098116,True
-0.63,0.239,0.00016237133731789033,True
-0.63,0.24,0.00016109669147160722,True
-0.63,0.241,0.00015990720877244734,True
-0.63,0.242,0.00015880283255320649,True
-0.63,0.243,0.00015778350570030408,True
-0.63,0.244,0.0001568491706550157,True
-0.63,0.245,0.00015599976941421678,True
-0.63,0.246,0.00015523524353175944,True
-0.63,0.247,0.00015455553411956036,True
-0.63,0.248,0.00015396058184854455,True
-0.63,0.249,0.0001534503269498888,True
-0.63,0.25,0.00015302470921616518,True
-0.63,0.251,0.00015268366800231804,True
-0.63,0.252,0.00015242714222698516,True
-0.63,0.253,0.0001522550703732306,True
-0.63,0.254,0.00015216739049035423,True
-0.63,0.255,0.00015216404019434692,True
-0.63,0.256,0.00015224495666950056,True
-0.63,0.257,0.00015241007666927375,True
-0.63,0.258,0.0001526593365175355,True
-0.63,0.259,0.00015299267210996392,True
-0.63,0.26,0.0001534100189146237,True
-0.63,0.261,0.00015391131197384222,True
-0.63,0.262,0.00015449648590485366,True
-0.63,0.263,0.0001551654749012421,True
-0.63,0.264,0.0001559182127339631,True
-0.63,0.265,0.00015675463275263146,True
-0.63,0.266,0.00015767466788669805,True
-0.63,0.267,0.00015867825064661556,True
-0.63,0.268,0.00015976531312505982,True
-0.63,0.269,0.0001609357869981287,True
-0.63,0.27,0.00016218960352646362,True
-0.63,0.271,0.00016352669355662597,True
-0.63,0.272,0.0001649469875221743,True
-0.63,0.273,0.0001664504154450075,True
-0.63,0.274,0.00016803690693629748,True
-0.63,0.275,0.00016970639119820997,True
-0.63,0.276,0.00017145879702464839,True
-0.63,0.277,0.0001732940528027638,True
-0.63,0.278,0.00017521208651410936,True
-0.63,0.279,0.00017721282573597287,True
-0.63,0.28,0.0001792961976423535,True
-0.63,0.281,0.0001814621290056051,True
-0.63,0.28200000000000003,0.0001837105461974131,True
-0.63,0.28300000000000003,0.00018604137519008247,True
-0.63,0.28400000000000003,0.000188454541557892,True
-0.63,0.28500000000000003,0.00019094997047831576,True
-0.63,0.28600000000000003,0.00019352758673327753,True
-0.63,0.28700000000000003,0.0001961873147104165,True
-0.63,0.28800000000000003,0.00019892907840441955,True
-0.63,0.28900000000000003,0.00020175280141828677,True
-0.63,0.29000000000000004,0.00020465840696449745,True
-0.63,0.29100000000000004,0.00020764581786640867,True
-0.63,0.29200000000000004,0.00021071495655961003,True
-0.63,0.29300000000000004,0.0002138657450930337,True
-0.63,0.29400000000000004,0.00021709810513047544,True
-0.63,0.295,0.00022041195795161617,True
-0.63,0.296,0.00022380722445362045,True
-0.63,0.297,0.00022728382515220248,True
-0.63,0.298,0.000230841680183147,True
-0.63,0.299,0.00023448070930338628,True
-0.63,0.3,0.00023820083189254326,True
-0.63,0.301,0.00024200196695400855,True
-0.63,0.302,0.0002458840331167389,True
-0.63,0.303,0.00024984694863587896,True
-0.63,0.304,0.00025389063139464875,True
-0.63,0.305,0.00025801499890548696,True
-0.63,0.306,0.0002622199683113613,True
-0.63,0.307,0.0002665054563871894,True
-0.63,0.308,0.0002708713795410378,True
-0.63,0.309,0.00027531765381563213,True
-0.63,0.31,0.0002798441948896779,True
-0.63,0.311,0.0002844509180790045,True
-0.63,0.312,0.00028913773833816325,True
-0.63,0.313,0.00029390457026180484,True
-0.63,0.314,0.00029875132808572237,True
-0.63,0.315,0.00030367792568859465,True
-0.63,0.316,0.00030868427659311857,True
-0.63,0.317,0.00031377029396734146,True
-0.63,0.318,0.0003189358906262707,True
-0.63,0.319,0.00032418097903301745,True
-0.63,0.32,0.0003295054713003065,True
-0.63,0.321,0.00033490927919166413,True
-0.63,0.322,0.00034039231412302806,True
-0.63,0.323,0.000345954487164124,True
-0.63,0.324,0.00035159570903957603,True
-0.63,0.325,0.00035731589013061616,True
-0.63,0.32599999999999996,0.00036311494047619464,True
-0.63,0.32699999999999996,0.00036899276977463423,True
-0.63,0.32799999999999996,0.00037494928738488473,True
-0.63,0.32899999999999996,0.00038098440232787746,True
-0.63,0.32999999999999996,0.0003870980232879573,True
-0.63,0.33099999999999996,0.00039329005861444833,True
-0.63,0.33199999999999996,0.00039956041632273066,True
-0.63,0.33299999999999996,0.0004059090040959612,True
-0.63,0.33399999999999996,0.0004123357292862062,True
-0.63,0.33499999999999996,0.00041884049891627306,True
-0.63,0.33599999999999997,0.00042542321968045413,True
-0.63,0.33699999999999997,0.0004320837979465808,True
-0.63,0.33799999999999997,0.0004388221397571668,True
-0.63,0.33899999999999997,0.00044563815083071835,True
-0.63,0.33999999999999997,0.00045253173656346625,True
-0.63,0.34099999999999997,0.0004595028020302983,True
-0.63,0.34199999999999997,0.00046655125198676874,True
-0.63,0.34299999999999997,0.0004736769908701199,True
-0.63,0.344,0.00048087992280071434,True
-0.63,0.345,0.00048815995158379977,True
-0.63,0.346,0.0004955169807105087,True
-0.63,0.347,0.0005029509133595122,True
-0.63,0.348,0.0005104616523985084,True
-0.63,0.349,0.0005180491003856202,True
-0.63,0.35,0.0005257131595705289,True
-0.63,0.351,0.0005334537318964494,True
-0.63,0.352,0.0005412707190011745,True
-0.63,0.353,0.0005491640222185512,True
-0.63,0.354,0.0005571335425802459,True
-0.63,0.355,0.0005651791808165996,True
-0.63,0.356,0.0005733008373587589,True
-0.63,0.357,0.0005814984123395095,True
-0.63,0.358,0.0005897718055951184,True
-0.63,0.359,0.0005981209166666446,True
-0.63,0.36,0.0006065456448014261,True
-0.63,0.361,0.0006150458889544131,True
-0.63,0.362,0.0006236215477898432,True
-0.63,0.363,0.0006322725196824197,True
-0.63,0.364,0.0006409987027190644,True
-0.63,0.365,0.000649799994700051,True
-0.63,0.366,0.0006586762931407808,True
-0.63,0.367,0.0006676274952730488,True
-0.63,0.368,0.0006766534980464422,True
-0.63,0.369,0.0006857541981301063,True
-0.63,0.37,0.0006949294919137428,True
-0.63,0.371,0.00070417927550952,True
-0.63,0.372,0.0007135034447533384,True
-0.63,0.373,0.000722901895206196,True
-0.63,0.374,0.0007323745221557876,True
-0.63,0.375,0.0007419212206179693,True
-0.63,0.376,0.0007515418853382249,True
-0.63,0.377,0.0007612364107930202,True
-0.63,0.378,0.0007710046911914015,True
-0.63,0.379,0.0007808466204764053,True
-0.63,0.38,0.0007907620923265024,True
-0.63,0.381,0.0008007510001571183,True
-0.63,0.382,0.0008108132371220766,True
-0.63,0.383,0.0008209486961151202,True
-0.63,0.384,0.0008311572697712544,True
-0.63,0.385,0.0008414388504683456,True
-0.63,0.386,0.0008517933303285985,True
-0.63,0.387,0.0008622206012198208,True
-0.63,0.388,0.0008727205547572559,True
-0.63,0.389,0.0008832930823046258,True
-0.63,0.39,0.0008939380749760084,True
-0.63,0.391,0.0009046554236370574,True
-0.63,0.392,0.0009154450189065688,True
-0.63,0.393,0.000926306751157946,True
-0.63,0.394,0.0009372405105205428,True
-0.63,0.395,0.0009482461868814629,True
-0.63,0.396,0.0009593236698866691,True
-0.63,0.397,0.0009704728489426606,True
-0.63,0.398,0.0009816936132179376,True
-0.63,0.399,0.0009929858516444456,True
-0.63,0.4,0.00100434945291894,True
-0.63,0.401,0.0010157843055046522,True
-0.63,0.402,0.0010272902976326992,True
-0.63,0.403,0.001038867317303549,True
-0.63,0.404,0.001050515252288331,True
-0.63,0.405,0.0010622339901307232,True
-0.63,0.406,0.0010740234181478958,True
-0.63,0.40700000000000003,0.0010858834234324433,True
-0.63,0.40800000000000003,0.0010978138928536274,True
-0.63,0.40900000000000003,0.0011098147130587988,True
-0.63,0.41000000000000003,0.0011218857704751283,True
-0.63,0.41100000000000003,0.0011340269513107515,True
-0.63,0.41200000000000003,0.0011462381415565438,True
-0.63,0.41300000000000003,0.0011585192269873978,True
-0.63,0.41400000000000003,0.0011708700931637006,True
-0.63,0.41500000000000004,0.0011832906254330088,True
-0.63,0.41600000000000004,0.0011957807089311933,True
-0.63,0.41700000000000004,0.0012083402285842037,True
-0.63,0.41800000000000004,0.001220969069109379,True
-0.63,0.41900000000000004,0.0012336671150169232,True
-0.63,0.42000000000000004,0.0012464342506115834,True
-0.63,0.42100000000000004,0.0012592703599936916,True
-0.63,0.42200000000000004,0.0012721753270610648,True
-0.63,0.42300000000000004,0.0012851490355102468,True
-0.63,0.42400000000000004,0.0012981913688380198,True
-0.63,0.42500000000000004,0.0013113022103428905,True
-0.63,0.42600000000000005,0.0013244814431265018,True
-0.63,0.42700000000000005,0.001337728950095185,True
-0.63,0.42800000000000005,0.0013510446139613718,True
-0.63,0.42900000000000005,0.0013644283172449478,True
-0.63,0.43000000000000005,0.0013778799422749955,True
-0.63,0.43100000000000005,0.0013913993711910377,True
-0.63,0.43200000000000005,0.0014049864859444039,True
-0.63,0.43300000000000005,0.0014186411683000722,True
-0.63,0.43400000000000005,0.0014323632998377467,True
-0.63,0.43500000000000005,0.0014461527619534231,True
-0.63,0.43600000000000005,0.0014600094358609983,True
-0.63,0.43700000000000006,0.0014739332025935803,True
-0.63,0.43800000000000006,0.0014879239430049096,True
-0.63,0.43899999999999995,0.001501981537770869,True
-0.63,0.43999999999999995,0.0015161058673911266,True
-0.63,0.44099999999999995,0.001530296812190224,True
-0.63,0.44199999999999995,0.0015445542523192634,True
-0.63,0.44299999999999995,0.0015588780677572966,True
-0.63,0.44399999999999995,0.0015732681383127888,True
-0.63,0.44499999999999995,0.0015877243436250854,True
-0.63,0.44599999999999995,0.0016022465631657878,True
-0.63,0.44699999999999995,0.001616834676240242,True
-0.63,0.44799999999999995,0.0016314885619890696,True
-0.63,0.44899999999999995,0.0016462080993894345,True
-0.63,0.44999999999999996,0.0016609931672565636,True
-0.63,0.45099999999999996,0.0016758436442452895,True
-0.63,0.45199999999999996,0.0016907594088512834,True
-0.63,0.45299999999999996,0.0017057403394126868,True
-0.63,0.45399999999999996,0.0017207863141114777,True
-0.63,0.45499999999999996,0.0017358972109747684,True
-0.63,0.45599999999999996,0.001751072907876483,True
-0.63,0.45699999999999996,0.0017663132825386674,True
-0.63,0.45799999999999996,0.001781618212532854,True
-0.63,0.45899999999999996,0.00179698757528165,True
-0.63,0.45999999999999996,0.0018124212480599478,True
-0.63,0.46099999999999997,0.0018279191079965452,True
-0.63,0.46199999999999997,0.0018434810320755556,True
-0.63,0.46299999999999997,0.0018591068971376412,True
-0.63,0.46399999999999997,0.0018747965798816212,True
-0.63,0.46499999999999997,0.00189054995686595,True
-0.63,0.46599999999999997,0.0019063669045099152,True
-0.63,0.46699999999999997,0.0019222472990950146,True
-0.63,0.46799999999999997,0.0019381910167667882,True
-0.63,0.469,0.0019541979335358063,True
-0.63,0.47,0.0019702679252792342,True
-0.63,0.471,0.001986400867742244,True
-0.63,0.472,0.002002596636539444,True
-0.63,0.473,0.002018855107156248,True
-0.63,0.474,0.0020351761549501912,True
-0.63,0.475,0.0020515596551525907,True
-0.63,0.476,0.002068005482869617,True
-0.63,0.477,0.0020845135130840185,True
-0.63,0.478,0.00210108362065613,True
-0.63,0.479,0.0021177156803256604,True
-0.63,0.48,0.002134409566712914,True
-0.63,0.481,0.002151165154320056,True
-0.63,0.482,0.0021679823175327463,True
-0.63,0.483,0.0021848609306213016,True
-0.63,0.484,0.0022018008677422984,True
-0.63,0.485,0.0022188020029396682,True
-0.63,0.486,0.0022358642101464434,True
-0.63,0.487,0.002252987363185732,True
-0.63,0.488,0.002270171335772453,True
-0.63,0.489,0.0022874160015144973,True
-0.63,0.49,0.0023047212339140978,True
-0.63,0.491,0.0023220869063693473,True
-0.63,0.492,0.0023395128921754106,True
-0.63,0.493,0.002356999064525955,True
-0.63,0.494,0.002374545296514585,True
-0.63,0.495,0.002392151461135994,True
-0.63,0.496,0.0024098174312875533,True
-0.63,0.497,0.0024275430797705555,True
-0.63,0.498,0.002445328279291492,True
-0.63,0.499,0.0024631729024636286,True
-0.63,0.5,0.002481076821808104,True
-0.5599999999999999,0.15,0.0013706770821585335,True
-0.5599999999999999,0.151,0.0013585556736809723,True
-0.5599999999999999,0.152,0.0013465094501173725,True
-0.5599999999999999,0.153,0.0013345384134275328,True
-0.5599999999999999,0.154,0.0013226425651205243,True
-0.5599999999999999,0.155,0.0013108219062554771,True
-0.5599999999999999,0.156,0.0012990764374413376,True
-0.5599999999999999,0.157,0.001287406158837745,True
-0.5599999999999999,0.158,0.0012758110701550419,True
-0.5599999999999999,0.159,0.0012642911706546966,True
-0.5599999999999999,0.16,0.0012528464591497368,True
-0.5599999999999999,0.161,0.0012414769340050702,True
-0.5599999999999999,0.162,0.0012301825931378407,True
-0.5599999999999999,0.163,0.0012189634340177946,True
-0.5599999999999999,0.164,0.0012078194536677468,True
-0.5599999999999999,0.16499999999999998,0.001196750648663847,True
-0.5599999999999999,0.16599999999999998,0.001185757015136124,True
-0.5599999999999999,0.16699999999999998,0.001174838548768753,True
-0.5599999999999999,0.16799999999999998,0.0011639952448005086,True
-0.5599999999999999,0.16899999999999998,0.0011532270980253,True
-0.5599999999999999,0.16999999999999998,0.0011425341027923364,True
-0.5599999999999999,0.17099999999999999,0.0011319162530068149,True
-0.5599999999999999,0.172,0.001121373542130244,True
-0.5599999999999999,0.173,0.0011109059631807861,True
-0.5599999999999999,0.174,0.0011005135087339135,True
-0.5599999999999999,0.175,0.0010901961709227303,True
-0.5599999999999999,0.176,0.0010799539414384275,True
-0.5599999999999999,0.177,0.0010697868115307264,True
-0.5599999999999999,0.178,0.0010596947720085015,True
-0.5599999999999999,0.179,0.001049677813240124,True
-0.5599999999999999,0.18,0.001039735925153873,True
-0.5599999999999999,0.181,0.0010298690972387003,True
-0.5599999999999999,0.182,0.0010200773185443767,True
-0.5599999999999999,0.183,0.0010103605776823233,True
-0.5599999999999999,0.184,0.0010007188628258557,True
-0.5599999999999999,0.185,0.0009911521617107844,True
-0.5599999999999999,0.186,0.0009816604616361135,True
-0.5599999999999999,0.187,0.0009722437494642189,True
-0.5599999999999999,0.188,0.0009629020116217024,True
-0.5599999999999999,0.189,0.0009536352340996812,True
-0.5599999999999999,0.19,0.0009444434024545422,True
-0.5599999999999999,0.191,0.0009353265018083645,True
-0.5599999999999999,0.192,0.0009262845168494738,True
-0.5599999999999999,0.193,0.0009173174318330201,True
-0.5599999999999999,0.194,0.0009084252305815999,True
-0.5599999999999999,0.195,0.0008996078964857435,True
-0.5599999999999999,0.196,0.0008908654125045712,True
-0.5599999999999999,0.197,0.0008821977611662701,True
-0.5599999999999999,0.198,0.0008736049245687938,True
-0.5599999999999999,0.199,0.0008650868843804504,True
-0.5599999999999999,0.2,0.0008566436218403917,True
-0.5599999999999999,0.201,0.0008482751177593117,True
-0.5599999999999999,0.202,0.0008399813525200361,True
-0.5599999999999999,0.20299999999999999,0.0008317623060781542,True
-0.5599999999999999,0.204,0.0008236179579626856,True
-0.5599999999999999,0.205,0.0008155482872765352,True
-0.5599999999999999,0.206,0.0008075532726973589,True
-0.5599999999999999,0.207,0.0007996328924779639,True
-0.5599999999999999,0.208,0.0007917871244471963,True
-0.5599999999999999,0.209,0.0007840159460104301,True
-0.5599999999999999,0.21,0.0007763193341502439,True
-0.5599999999999999,0.211,0.0007686972654271429,True
-0.5599999999999999,0.212,0.0007611497159801695,True
-0.5599999999999999,0.213,0.0007536766615276358,True
-0.5599999999999999,0.214,0.0007462780773676347,True
-0.5599999999999999,0.215,0.0007389539383789723,True
-0.5599999999999999,0.216,0.0007317042190217449,True
-0.5599999999999999,0.217,0.000724528893337939,True
-0.5599999999999999,0.218,0.0007174279349522084,True
-0.5599999999999999,0.219,0.000710401317072662,True
-0.5599999999999999,0.22,0.0007034490124914305,True
-0.5599999999999999,0.221,0.0006965709935854436,True
-0.5599999999999999,0.222,0.0006897672323172066,True
-0.5599999999999999,0.22299999999999998,0.0006830377002353671,True
-0.5599999999999999,0.22399999999999998,0.0006763823684756698,True
-0.5599999999999999,0.22499999999999998,0.0006698012077614779,True
-0.5599999999999999,0.22599999999999998,0.0006632941884046062,True
-0.5599999999999999,0.22699999999999998,0.000656861280306087,True
-0.5599999999999999,0.22799999999999998,0.000650502452956958,True
-0.5599999999999999,0.22899999999999998,0.0006442176754388295,True
-0.5599999999999999,0.22999999999999998,0.0006380069164249158,True
-0.5599999999999999,0.23099999999999998,0.0006318701441805352,True
-0.5599999999999999,0.23199999999999998,0.0006258073265640651,True
-0.5599999999999999,0.23299999999999998,0.0006198184310276633,True
-0.5599999999999999,0.23399999999999999,0.0006139034246179897,True
-0.5599999999999999,0.235,0.000608062273977128,True
-0.5599999999999999,0.236,0.0006022949453432291,True
-0.5599999999999999,0.237,0.000596601404551389,True
-0.5599999999999999,0.238,0.0005909816170344029,True
-0.5599999999999999,0.239,0.0005854355478236206,True
-0.5599999999999999,0.24,0.0005799631615497458,True
-0.5599999999999999,0.241,0.000574564422443613,True
-0.5599999999999999,0.242,0.0005692392943370761,True
-0.5599999999999999,0.243,0.0005639877406636851,True
-0.5599999999999999,0.244,0.0005588097244597079,True
-0.5599999999999999,0.245,0.0005537052083648186,True
-0.5599999999999999,0.246,0.0005486741546230189,True
-0.5599999999999999,0.247,0.0005437165250833931,True
-0.5599999999999999,0.248,0.0005388322812011515,True
-0.5599999999999999,0.249,0.0005340213840381413,True
-0.5599999999999999,0.25,0.000529283794264046,True
-0.5599999999999999,0.251,0.0005246194721570619,True
-0.5599999999999999,0.252,0.0005200283776047975,True
-0.5599999999999999,0.253,0.0005155104701051294,True
-0.5599999999999999,0.254,0.0005110657087671444,True
-0.5599999999999999,0.255,0.000506694052311929,True
-0.5599999999999999,0.256,0.0005023954590735013,True
-0.5599999999999999,0.257,0.0004981698869996997,True
-0.5599999999999999,0.258,0.0004940172936530485,True
-0.5599999999999999,0.259,0.0004899376362117125,True
-0.5599999999999999,0.26,0.0004859308714702082,True
-0.5599999999999999,0.261,0.0004819969558405579,True
-0.5599999999999999,0.262,0.0004781358453532225,True
-0.5599999999999999,0.263,0.00047434749565771205,True
-0.5599999999999999,0.264,0.0004706318620236183,True
-0.5599999999999999,0.265,0.00046698889934172484,True
-0.5599999999999999,0.266,0.00046341856212481767,True
-0.5599999999999999,0.267,0.0004599208045084402,True
-0.5599999999999999,0.268,0.00045649558025214756,True
-0.5599999999999999,0.269,0.0004531428427402173,True
-0.5599999999999999,0.27,0.00044986254498257104,True
-0.5599999999999999,0.271,0.00044665463961586217,True
-0.5599999999999999,0.272,0.0004435190789044641,True
-0.5599999999999999,0.273,0.0004404558147411364,True
-0.5599999999999999,0.274,0.0004374647986482794,True
-0.5599999999999999,0.275,0.0004345459817787889,True
-0.5599999999999999,0.276,0.00043169931491692236,True
-0.5599999999999999,0.277,0.0004289247484794423,True
-0.5599999999999999,0.278,0.00042622223251648217,True
-0.5599999999999999,0.279,0.0004235917167125347,True
-0.5599999999999999,0.28,0.00042103315038750645,True
-0.5599999999999999,0.281,0.00041854648249751715,True
-0.5599999999999999,0.28200000000000003,0.0004161316616361099,True
-0.5599999999999999,0.28300000000000003,0.0004137886360351062,True
-0.5599999999999999,0.28400000000000003,0.0004115173535655825,True
-0.5599999999999999,0.28500000000000003,0.00040931776173902534,True
-0.5599999999999999,0.28600000000000003,0.0004071898077081637,True
-0.5599999999999999,0.28700000000000003,0.0004051334382680127,True
-0.5599999999999999,0.28800000000000003,0.0004031485998569617,True
-0.5599999999999999,0.28900000000000003,0.0004012352385577733,True
-0.5599999999999999,0.29000000000000004,0.00039939330009837183,True
-0.5599999999999999,0.29100000000000004,0.0003976227298532198,True
-0.5599999999999999,0.29200000000000004,0.0003959234728441952,True
-0.5599999999999999,0.29300000000000004,0.00039429547374143504,True
-0.5599999999999999,0.29400000000000004,0.0003927386768646568,True
-0.5599999999999999,0.295,0.0003912530261839797,True
-0.5599999999999999,0.296,0.0003898384653210907,True
-0.5599999999999999,0.297,0.00038849493755022113,True
-0.5599999999999999,0.298,0.0003872223857991464,True
-0.5599999999999999,0.299,0.000386020752650329,True
-0.5599999999999999,0.3,0.0003848899803418959,True
-0.5599999999999999,0.301,0.0003838300107688264,True
-0.5599999999999999,0.302,0.000382840785483729,True
-0.5599999999999999,0.303,0.000381922245698163,True
-0.5599999999999999,0.304,0.0003810743322836152,True
-0.5599999999999999,0.305,0.00038029698577247696,True
-0.5599999999999999,0.306,0.000379590146359321,True
-0.5599999999999999,0.307,0.0003789537539017229,True
-0.5599999999999999,0.308,0.00037838774792157135,True
-0.5599999999999999,0.309,0.00037789206760585614,True
-0.5599999999999999,0.31,0.00037746665180810046,True
-0.5599999999999999,0.311,0.0003771114390491159,True
-0.5599999999999999,0.312,0.00037682636751830146,True
-0.5599999999999999,0.313,0.0003766113750747202,True
-0.5599999999999999,0.314,0.00037646639924803215,True
-0.5599999999999999,0.315,0.0003763913772396599,True
-0.5599999999999999,0.316,0.0003763862459241096,True
-0.5599999999999999,0.317,0.000376450941849682,True
-0.5599999999999999,0.318,0.000376585401239804,True
-0.5599999999999999,0.319,0.00037678955999413953,True
-0.5599999999999999,0.32,0.00037706335368964394,True
-0.5599999999999999,0.321,0.0003774067175816742,True
-0.5599999999999999,0.322,0.0003778195866051437,True
-0.5599999999999999,0.323,0.00037830189537549905,True
-0.5599999999999999,0.324,0.0003788535781900526,True
-0.5599999999999999,0.325,0.00037947456902897024,True
-0.5599999999999999,0.32599999999999996,0.00038016480155637076,True
-0.5599999999999999,0.32699999999999996,0.0003809242091215137,True
-0.5599999999999999,0.32799999999999996,0.0003817527247599317,True
-0.5599999999999999,0.32899999999999996,0.0003826502811945964,True
-0.5599999999999999,0.32999999999999996,0.00038361681083676213,True
-0.5599999999999999,0.33099999999999996,0.0003846522457875978,True
-0.5599999999999999,0.33199999999999996,0.00038575651783886447,True
-0.5599999999999999,0.33299999999999996,0.0003869295584744137,True
-0.5599999999999999,0.33399999999999996,0.000388171298870954,True
-0.5599999999999999,0.33499999999999996,0.000389481669899594,True
-0.5599999999999999,0.33599999999999997,0.0003908606021266636,True
-0.5599999999999999,0.33699999999999997,0.0003923080258150358,True
-0.5599999999999999,0.33799999999999997,0.0003938238709252917,True
-0.5599999999999999,0.33899999999999997,0.00039540806711672036,True
-0.5599999999999999,0.33999999999999997,0.0003970605437485841,True
-0.5599999999999999,0.34099999999999997,0.0003987812298812621,True
-0.5599999999999999,0.34199999999999997,0.0004005700542774826,True
-0.5599999999999999,0.34299999999999997,0.0004024269454032892,True
-0.5599999999999999,0.344,0.0004043518314293948,True
-0.5599999999999999,0.345,0.0004063446402322479,True
-0.5599999999999999,0.346,0.00040840529939515367,True
-0.5599999999999999,0.347,0.0004105337362096395,True
-0.5599999999999999,0.348,0.0004127298776763322,True
-0.5599999999999999,0.349,0.00041499365050647887,True
-0.5599999999999999,0.35,0.00041732498112275753,True
-0.5599999999999999,0.351,0.0004197237956607092,True
-0.5599999999999999,0.352,0.00042219001996989246,True
-0.5599999999999999,0.353,0.0004247235796148496,True
-0.5599999999999999,0.354,0.00042732439987651637,True
-0.5599999999999999,0.355,0.0004299924057534099,True
-0.5599999999999999,0.356,0.0004327275219626059,True
-0.5599999999999999,0.357,0.0004355296729410818,True
-0.5599999999999999,0.358,0.00043839878284692715,True
-0.5599999999999999,0.359,0.00044133477556037584,True
-0.5599999999999999,0.36,0.00044433757468518296,True
-0.5599999999999999,0.361,0.00044740710354970183,True
-0.5599999999999999,0.362,0.0004505432852081048,True
-0.5599999999999999,0.363,0.000453746042441483,True
-0.5599999999999999,0.364,0.00045701529775932226,True
-0.5599999999999999,0.365,0.0004603509734003808,True
-0.5599999999999999,0.366,0.00046375299133404323,True
-0.5599999999999999,0.367,0.0004672212732614534,True
-0.5599999999999999,0.368,0.0004707557406169349,True
-0.5599999999999999,0.369,0.00047435631456878015,True
-0.5599999999999999,0.37,0.00047802291602089264,True
-0.5599999999999999,0.371,0.000481755465613698,True
-0.5599999999999999,0.372,0.0004855538837253981,True
-0.5599999999999999,0.373,0.0004894180904733592,True
-0.5599999999999999,0.374,0.0004933480057150441,True
-0.5599999999999999,0.375,0.0004973435490494893,True
-0.5599999999999999,0.376,0.0005014046398183036,True
-0.5599999999999999,0.377,0.0005055311971070453,True
-0.5599999999999999,0.378,0.0005097231397462321,True
-0.5599999999999999,0.379,0.000513980386312829,True
-0.5599999999999999,0.38,0.0005183028551312141,True
-0.5599999999999999,0.381,0.0005226904642745001,True
-0.5599999999999999,0.382,0.0005271431315658548,True
-0.5599999999999999,0.383,0.0005316607745794677,True
-0.5599999999999999,0.384,0.0005362433106419706,True
-0.5599999999999999,0.385,0.0005408906568336147,True
-0.5599999999999999,0.386,0.0005456027299894694,True
-0.5599999999999999,0.387,0.0005503794467005884,True
-0.5599999999999999,0.388,0.0005552207233154415,True
-0.5599999999999999,0.389,0.0005601264759408031,True
-0.5599999999999999,0.39,0.0005650966204432506,True
-0.5599999999999999,0.391,0.0005701310724503305,True
-0.5599999999999999,0.392,0.0005752297473517465,True
-0.5599999999999999,0.393,0.0005803925603005023,True
-0.5599999999999999,0.394,0.0005856194262142455,True
-0.5599999999999999,0.395,0.0005909102597765447,True
-0.5599999999999999,0.396,0.0005962649754379767,True
-0.5599999999999999,0.397,0.0006016834874173705,True
-0.5599999999999999,0.398,0.0006071657097031947,True
-0.5599999999999999,0.399,0.0006127115560546015,True
-0.5599999999999999,0.4,0.0006183209400027034,True
-0.5599999999999999,0.401,0.0006239937748518277,True
-0.5599999999999999,0.402,0.0006297299736808037,True
-0.5599999999999999,0.403,0.0006355294493441077,True
-0.5599999999999999,0.404,0.0006413921144730716,True
-0.5599999999999999,0.405,0.0006473178814772607,True
-0.5599999999999999,0.406,0.0006533066625454941,True
-0.5599999999999999,0.40700000000000003,0.0006593583696473005,True
-0.5599999999999999,0.40800000000000003,0.0006654729145339378,True
-0.5599999999999999,0.40900000000000003,0.0006716502087398158,True
-0.5599999999999999,0.41000000000000003,0.0006778901635836054,True
-0.5599999999999999,0.41100000000000003,0.0006841926901694717,True
-0.5599999999999999,0.41200000000000003,0.0006905576993884499,True
-0.5599999999999999,0.41300000000000003,0.0006969851019194562,True
-0.5599999999999999,0.41400000000000003,0.000703474808230653,True
-0.5599999999999999,0.41500000000000004,0.0007100267285807926,True
-0.5599999999999999,0.41600000000000004,0.0007166407730201607,True
-0.5599999999999999,0.41700000000000004,0.0007233168513920863,True
-0.5599999999999999,0.41800000000000004,0.0007300548733340184,True
-0.5599999999999999,0.41900000000000004,0.000736854748278759,True
-0.5599999999999999,0.42000000000000004,0.0007437163854558837,True
-0.5599999999999999,0.42100000000000004,0.0007506396938926519,True
-0.5599999999999999,0.42200000000000004,0.000757624582415628,True
-0.5599999999999999,0.42300000000000004,0.0007646709596515367,True
-0.5599999999999999,0.42400000000000004,0.0007717787340287385,True
-0.5599999999999999,0.42500000000000004,0.0007789478137783745,True
-0.5599999999999999,0.42600000000000005,0.0007861781069356643,True
-0.5599999999999999,0.42700000000000005,0.0007934695213411058,True
-0.5599999999999999,0.42800000000000005,0.0008008219646415849,True
-0.5599999999999999,0.42900000000000005,0.0008082353442918188,True
-0.5599999999999999,0.43000000000000005,0.0008157095675554782,True
-0.5599999999999999,0.43100000000000005,0.000823244541506396,True
-0.5599999999999999,0.43200000000000005,0.0008308401730298786,True
-0.5599999999999999,0.43300000000000005,0.0008384963688238157,True
-0.5599999999999999,0.43400000000000005,0.0008462130354000896,True
-0.5599999999999999,0.43500000000000005,0.0008539900790856425,True
-0.5599999999999999,0.43600000000000005,0.0008618274060237629,True
-0.5599999999999999,0.43700000000000006,0.0008697249221753522,True
-0.5599999999999999,0.43800000000000006,0.00087768253332009,True
-0.5599999999999999,0.43899999999999995,0.0008857001450576996,True
-0.5599999999999999,0.43999999999999995,0.0008937776628092364,True
-0.5599999999999999,0.44099999999999995,0.0009019149918181535,True
-0.5599999999999999,0.44199999999999995,0.0009101120371516891,True
-0.5599999999999999,0.44299999999999995,0.0009183687037020328,True
-0.5599999999999999,0.44399999999999995,0.0009266848961875463,True
-0.5599999999999999,0.44499999999999995,0.0009350605191539629,True
-0.5599999999999999,0.44599999999999995,0.0009434954769756198,True
-0.5599999999999999,0.44699999999999995,0.0009519896738568456,True
-0.5599999999999999,0.44799999999999995,0.0009605430138329041,True
-0.5599999999999999,0.44899999999999995,0.0009691554007714264,True
-0.5599999999999999,0.44999999999999996,0.0009778267383735218,True
-0.5599999999999999,0.45099999999999996,0.0009865569301751198,True
-0.5599999999999999,0.45199999999999996,0.0009953458795479819,True
-0.5599999999999999,0.45299999999999996,0.0010041934897012216,True
-0.5599999999999999,0.45399999999999996,0.001013099663682182,True
-0.5599999999999999,0.45499999999999996,0.001022064304378001,True
-0.5599999999999999,0.45599999999999996,0.0010310873145165655,True
-0.5599999999999999,0.45699999999999996,0.0010401685966677566,True
-0.5599999999999999,0.45799999999999996,0.001049308053244913,True
-0.5599999999999999,0.45899999999999996,0.0010585055865056758,True
-0.5599999999999999,0.45999999999999996,0.0010677610985534657,True
-0.5599999999999999,0.46099999999999997,0.001077074491338681,True
-0.5599999999999999,0.46199999999999997,0.0010864456666597189,True
-0.5599999999999999,0.46299999999999997,0.0010958745261644865,True
-0.5599999999999999,0.46399999999999997,0.0011053609713512435,True
-0.5599999999999999,0.46499999999999997,0.0011149049035702018,True
-0.5599999999999999,0.46599999999999997,0.0011245062240243353,True
-0.5599999999999999,0.46699999999999997,0.0011341648337710342,True
-0.5599999999999999,0.46799999999999997,0.0011438806337229156,True
-0.5599999999999999,0.469,0.0011536535246491786,True
-0.5599999999999999,0.47,0.0011634834071769019,True
-0.5599999999999999,0.471,0.0011733701817920662,True
-0.5599999999999999,0.472,0.001183313748840964,True
-0.5599999999999999,0.473,0.0011933140085311656,True
-0.5599999999999999,0.474,0.001203370860932884,True
-0.5599999999999999,0.475,0.0012134842059801753,True
-0.5599999999999999,0.476,0.0012236539434720473,True
-0.5599999999999999,0.477,0.0012338799730736705,True
-0.5599999999999999,0.478,0.0012441621943175885,True
-0.5599999999999999,0.479,0.0012545005066050495,True
-0.5599999999999999,0.48,0.0012648948092068735,True
-0.5599999999999999,0.481,0.001275345001265038,True
-0.5599999999999999,0.482,0.0012858509817935016,True
-0.5599999999999999,0.483,0.001296412649679679,True
-0.5599999999999999,0.484,0.0013070299036854194,True
-0.5599999999999999,0.485,0.001317702642448315,True
-0.5599999999999999,0.486,0.0013284307644828796,True
-0.5599999999999999,0.487,0.0013392141681816462,True
-0.5599999999999999,0.488,0.001350052751816433,True
-0.5599999999999999,0.489,0.00136094641353951,True
-0.5599999999999999,0.49,0.0013718950513847417,True
-0.5599999999999999,0.491,0.0013828985632687086,True
-0.5599999999999999,0.492,0.0013939568469920616,True
-0.5599999999999999,0.493,0.0014050698002405105,True
-0.5599999999999999,0.494,0.0014162373205861666,True
-0.5599999999999999,0.495,0.001427459305488521,True
-0.5599999999999999,0.496,0.0014387356522957417,True
-0.5599999999999999,0.497,0.0014500662582458191,True
-0.5599999999999999,0.498,0.0014614510204677077,True
-0.5599999999999999,0.499,0.0014728898359825382,True
-0.5599999999999999,0.5,0.001484382601704759,True
-0.49,0.15,0.0001963189539723187,True
-0.49,0.151,0.00019090562314945104,True
-0.49,0.152,0.0001855789224872617,True
-0.49,0.153,0.00018033882868033756,True
-0.49,0.154,0.00017518531791957948,True
-0.49,0.155,0.0001701183658932459,True
-0.49,0.156,0.00016513794778711955,True
-0.49,0.157,0.0001602440382855286,True
-0.49,0.158,0.0001554366115717243,True
-0.49,0.159,0.00015071564132870252,True
-0.49,0.16,0.00014608110073968116,True
-0.49,0.161,0.0001415329624889883,True
-0.49,0.162,0.00013707119876251727,True
-0.49,0.163,0.00013269578124853744,True
-0.49,0.164,0.00012840668113829335,True
-0.49,0.16499999999999998,0.00012420386912667113,True
-0.49,0.16599999999999998,0.00012008731541308659,True
-0.49,0.16699999999999998,0.00011605698970195144,True
-0.49,0.16799999999999998,0.00011211286120351715,True
-0.49,0.16899999999999998,0.00010825489863445226,True
-0.49,0.16999999999999998,0.0001044830702188304,True
-0.49,0.17099999999999999,0.00010079734368857451,True
-0.49,0.172,9.719768628424497e-05,True
-0.49,0.173,9.368406475611657e-05,True
-0.49,0.174,9.025644536427845e-05,True
-0.49,0.175,8.691479388002188e-05,True
-0.49,0.176,8.365907558626207e-05,True
-0.49,0.177,8.048925527841533e-05,True
-0.49,0.178,7.740529726509848e-05,True
-0.49,0.179,7.440716536899483e-05,True
-0.49,0.18,7.14948229274981e-05,True
-0.49,0.181,6.86682327937338e-05,True
-0.49,0.182,6.592735733723654e-05,True
-0.49,0.183,6.327215844458278e-05,True
-0.49,0.184,6.070259752053442e-05,True
-0.49,0.185,5.821863548863826e-05,True
-0.49,0.186,5.582023279210313e-05,True
-0.49,0.187,5.350734939462143e-05,True
-0.49,0.188,5.1279944781268405e-05,True
-0.49,0.189,4.9137977959201604e-05,True
-0.49,0.19,4.708140745867118e-05,True
-0.49,0.191,4.511019133383032e-05,True
-0.49,0.192,4.3224287163468045e-05,True
-0.49,0.193,4.1423652052074986e-05,True
-0.49,0.194,3.970824263060946e-05,True
-0.49,0.195,3.807801505737451e-05,True
-0.49,0.196,3.653292501889505e-05,True
-0.49,0.197,3.5072927730894764e-05,True
-0.49,0.198,3.369797793904006e-05,True
-0.49,0.199,3.240802992011682e-05,True
-0.49,0.2,3.1203037482541165e-05,True
-0.49,0.201,3.0082953967613957e-05,True
-0.49,0.202,2.9047732250353507e-05,True
-0.49,0.20299999999999999,2.809732474030602e-05,True
-0.49,0.204,2.7231683382611395e-05,True
-0.49,0.205,2.6450759658847023e-05,True
-0.49,0.206,2.575450458812689e-05,True
-0.49,0.207,2.5142868727801027e-05,True
-0.49,0.208,2.4615802174665635e-05,True
-0.49,0.209,2.4173254565795778e-05,True
-0.49,0.21,2.381517507944464e-05,True
-0.49,0.211,2.3541512436242586e-05,True
-0.49,0.212,2.3352214899807767e-05,True
-0.49,0.213,2.324723027826714e-05,True
-0.49,0.214,2.3226505924711648e-05,True
-0.49,0.215,2.328998873838417e-05,True
-0.49,0.216,2.3437625165911856e-05,True
-0.49,0.217,2.3669361201950067e-05,True
-0.49,0.218,2.3985142390348103e-05,True
-0.49,0.219,2.438491382523722e-05,True
-0.49,0.22,2.4868620151996534e-05,True
-0.49,0.221,2.543620556814119e-05,True
-0.49,0.222,2.608761382463243e-05,True
-0.49,0.22299999999999998,2.682278822667694e-05,True
-0.49,0.22399999999999998,2.764167163485931e-05,True
-0.49,0.22499999999999998,2.8544206466263323e-05,True
-0.49,0.22599999999999998,2.953033469531574e-05,True
-0.49,0.22699999999999998,3.059999785506307e-05,True
-0.49,0.22799999999999998,3.175313703815963e-05,True
-0.49,0.22899999999999998,3.2989692897889e-05,True
-0.49,0.22999999999999998,3.430960564926311e-05,True
-0.49,0.23099999999999998,3.571281507012136e-05,True
-0.49,0.23199999999999998,3.719926050224087e-05,True
-0.49,0.23299999999999998,3.8768880852313445e-05,True
-0.49,0.23399999999999999,4.042161459318905e-05,True
-0.49,0.235,4.215739976481947e-05,True
-0.49,0.236,4.397617397555731e-05,True
-0.49,0.237,4.5877874403033034e-05,True
-0.49,0.238,4.786243779534294e-05,True
-0.49,0.239,4.9929800472359176e-05,True
-0.49,0.24,5.207989832660687e-05,True
-0.49,0.241,5.431266682442981e-05,True
-0.49,0.242,5.662804100725616e-05,True
-0.49,0.243,5.90259554926198e-05,True
-0.49,0.244,6.15063444753261e-05,True
-0.49,0.245,6.406914172863986e-05,True
-0.49,0.246,6.671428060535111e-05,True
-0.49,0.247,6.944169403900746e-05,True
-0.49,0.248,7.22513145449577e-05,True
-0.49,0.249,7.51430742217618e-05,True
-0.49,0.25,7.811690475204581e-05,True
-0.49,0.251,8.117273740392284e-05,True
-0.49,0.252,8.431050303199239e-05,True
-0.49,0.253,8.753013207861704e-05,True
-0.49,0.254,9.08315545751881e-05,True
-0.49,0.255,9.421470014308042e-05,True
-0.49,0.256,9.767949799509568e-05,True
-0.49,0.257,0.00010122587693648378,True
-0.49,0.258,0.00010485376536618629,True
-0.49,0.259,0.00010856309127813546,True
-0.49,0.26,0.00011235378226234216,True
-0.49,0.261,0.0001162257655061838,True
-0.49,0.262,0.00012017896779565884,True
-0.49,0.263,0.00012421331551637493,True
-0.49,0.264,0.0001283287346551809,True
-0.49,0.265,0.00013252515080095507,True
-0.49,0.266,0.00013680248914624827,True
-0.49,0.267,0.00014116067448816105,True
-0.49,0.268,0.00014559963122989794,True
-0.49,0.269,0.0001501192833817444,True
-0.49,0.27,0.00015471955456245468,True
-0.49,0.271,0.000159400368000584,True
-0.49,0.272,0.0001641616465355322,True
-0.49,0.273,0.00016900331261904267,True
-0.49,0.274,0.00017392528831623456,True
-0.49,0.275,0.00017892749530703522,True
-0.49,0.276,0.00018400985488743472,True
-0.49,0.277,0.00018917228797065143,True
-0.49,0.278,0.00019441471508850893,True
-0.49,0.279,0.00019973705639277916,True
-0.49,0.28,0.00020513923165627057,True
-0.49,0.281,0.00021062116027426026,True
-0.49,0.28200000000000003,0.00021618276126581515,True
-0.49,0.28300000000000003,0.00022182395327491333,True
-0.49,0.28400000000000003,0.00022754465457208717,True
-0.49,0.28500000000000003,0.00023334478305518934,True
-0.49,0.28600000000000003,0.0002392242562512581,True
-0.49,0.28700000000000003,0.0002451829913174164,True
-0.49,0.28800000000000003,0.00025122090504248185,True
-0.49,0.28900000000000003,0.00025733791384804363,True
-0.49,0.29000000000000004,0.00026353393378993897,True
-0.49,0.29100000000000004,0.0002698088805594301,True
-0.49,0.29200000000000004,0.000276162669484703,True
-0.49,0.29300000000000004,0.00028259521553208877,True
-0.49,0.29400000000000004,0.00028910643330744,True
-0.49,0.295,0.0002956962370573857,True
-0.49,0.296,0.0003023645406707076,True
-0.49,0.297,0.00030911125767978386,True
-0.49,0.298,0.00031593630126172114,True
-0.49,0.299,0.0003228395842399645,True
-0.49,0.3,0.0003298210190853412,True
-0.49,0.301,0.00033688051791768147,True
-0.49,0.302,0.00034401799250702856,True
-0.49,0.303,0.0003512333542750601,True
-0.49,0.304,0.0003585265142963645,True
-0.49,0.305,0.00036589738329980694,True
-0.49,0.306,0.0003733458716701499,True
-0.49,0.307,0.00038087188944889715,True
-0.49,0.308,0.0003884753463362256,True
-0.49,0.309,0.0003961561516920398,True
-0.49,0.31,0.00040391421453742635,True
-0.49,0.311,0.0004117494435558755,True
-0.49,0.312,0.0004196617470950237,True
-0.49,0.313,0.0004276510331676642,True
-0.49,0.314,0.0004357172094533568,True
-0.49,0.315,0.00044386018329961585,True
-0.49,0.316,0.00045207986172365324,True
-0.49,0.317,0.000460376151413322,True
-0.49,0.318,0.000468748958728793,True
-0.49,0.319,0.00047719818970392013,True
-0.49,0.32,0.0004857237500475398,True
-0.49,0.321,0.0004943255451449469,True
-0.49,0.322,0.0005030034800592942,True
-0.49,0.323,0.0005117574595330243,True
-0.49,0.324,0.0005205873879891465,True
-0.49,0.325,0.0005294931695327909,True
-0.49,0.32599999999999996,0.0005384747079524521,True
-0.49,0.32699999999999996,0.00054753190672171,True
-0.49,0.32799999999999996,0.0005566646690002064,True
-0.49,0.32899999999999996,0.0005658728976354332,True
-0.49,0.32999999999999996,0.0005751564951640198,True
-0.49,0.33099999999999996,0.0005845153638130207,True
-0.49,0.33199999999999996,0.0005939494055015815,True
-0.49,0.33299999999999996,0.0006034585218421485,True
-0.49,0.33399999999999996,0.000613042614142012,True
-0.49,0.33499999999999996,0.00062270158340475,True
-0.49,0.33599999999999997,0.0006324353303315822,True
-0.49,0.33699999999999997,0.0006422437553226356,True
-0.49,0.33799999999999997,0.0006521267584788659,True
-0.49,0.33899999999999997,0.0006620842396030113,True
-0.49,0.33999999999999997,0.0006721160982011587,True
-0.49,0.34099999999999997,0.0006822222334843641,True
-0.49,0.34199999999999997,0.0006924025443698523,True
-0.49,0.34299999999999997,0.0007026569294825702,True
-0.49,0.344,0.0007129852871565423,True
-0.49,0.345,0.0007233875154364133,True
-0.49,0.346,0.0007338635120789361,True
-0.49,0.347,0.0007444131745541372,True
-0.49,0.348,0.0007550364000471377,True
-0.49,0.349,0.000765733085459308,True
-0.49,0.35,0.0007765031274098111,True
-0.49,0.351,0.0007873464222371118,True
-0.49,0.352,0.000798262866000321,True
-0.49,0.353,0.0008092523544807606,True
-0.49,0.354,0.0008203147831832624,True
-0.49,0.355,0.0008314500473377451,True
-0.49,0.356,0.0008426580419007013,True
-0.49,0.357,0.0008539386615564415,True
-0.49,0.358,0.0008652918007188148,True
-0.49,0.359,0.0008767173535323858,True
-0.49,0.36,0.0008882152138742549,True
-0.49,0.361,0.0008997852753551361,True
-0.49,0.362,0.0009114274313210436,True
-0.49,0.363,0.0009231415748546356,True
-0.49,0.364,0.000934927598776858,True
-0.49,0.365,0.0009467853956481754,True
-0.49,0.366,0.0009587148577700821,True
-0.49,0.367,0.0009707158771867896,True
-0.49,0.368,0.0009827883456863585,True
-0.49,0.369,0.0009949321548023526,True
-0.49,0.37,0.0010071471958153166,True
-0.49,0.371,0.0010194333597541739,True
-0.49,0.372,0.0010317905373977143,True
-0.49,0.373,0.0010442186192759716,True
-0.49,0.374,0.0010567174956719106,True
-0.49,0.375,0.0010692870566226254,True
-0.49,0.376,0.0010819271919210837,True
-0.49,0.377,0.0010946377911172588,True
-0.49,0.378,0.001107418743519961,True
-0.49,0.379,0.0011202699381980153,True
-0.49,0.38,0.0011331912639819142,True
-0.49,0.381,0.0011461826094651072,True
-0.49,0.382,0.0011592438630056879,True
-0.49,0.383,0.0011723749127277362,True
-0.49,0.384,0.001185575646522674,True
-0.49,0.385,0.001198845952051064,True
-0.49,0.386,0.0012121857167437077,True
-0.49,0.387,0.0012255948278033669,True
-0.49,0.388,0.0012390731722060732,True
-0.49,0.389,0.0012526206367027282,True
-0.49,0.39,0.0012662371078204892,True
-0.49,0.391,0.0012799224718643587,True
-0.49,0.392,0.0012936766149183598,True
-0.49,0.393,0.00130749942284738,True
-0.49,0.394,0.0013213907812983483,True
-0.49,0.395,0.0013353505757019214,True
-0.49,0.396,0.0013493786912737282,True
-0.49,0.397,0.0013634750130160466,True
-0.49,0.398,0.001377639425719146,True
-0.49,0.399,0.0013918718139628195,True
-0.49,0.4,0.0014061720621177276,True
-0.49,0.401,0.0014205400543470525,True
-0.49,0.402,0.0014349756746078412,True
-0.49,0.403,0.0014494788066525487,True
-0.49,0.404,0.0014640493340303707,True
-0.49,0.405,0.0014786871400887525,True
-0.49,0.406,0.0014933921079750112,True
-0.49,0.40700000000000003,0.001508164120637656,True
-0.49,0.40800000000000003,0.001523003060827899,True
-0.49,0.40900000000000003,0.0015379088111008854,True
-0.49,0.41000000000000003,0.001552881253817695,True
-0.49,0.41100000000000003,0.001567920271146206,True
-0.49,0.41200000000000003,0.0015830257450629825,True
-0.49,0.41300000000000003,0.0015981975573545193,True
-0.49,0.41400000000000003,0.0016134355896187391,True
-0.49,0.41500000000000004,0.0016287397232664814,True
-0.49,0.41600000000000004,0.0016441098395230224,True
-0.49,0.41700000000000004,0.0016595458194293311,True
-0.49,0.41800000000000004,0.001675047543843755,True
-0.49,0.41900000000000004,0.001690614893443343,True
-0.49,0.42000000000000004,0.0017062477487253425,True
-0.49,0.42100000000000004,0.0017219459900085997,True
-0.49,0.42200000000000004,0.0017377094974351582,True
-0.49,0.42300000000000004,0.001753538150971512,True
-0.49,0.42400000000000004,0.001769431830410162,True
-0.49,0.42500000000000004,0.0017853904153711131,True
-0.49,0.42600000000000005,0.001801413785303263,True
-0.49,0.42700000000000005,0.0018175018194857896,True
-0.49,0.42800000000000005,0.0018336543970297492,True
-0.49,0.42900000000000005,0.0018498713968793435,True
-0.49,0.43000000000000005,0.00186615269781355,True
-0.49,0.43100000000000005,0.0018824981784474558,True
-0.49,0.43200000000000005,0.0018989077172336776,True
-0.49,0.43300000000000005,0.001915381192463872,True
-0.49,0.43400000000000005,0.0019319184822701786,True
-0.49,0.43500000000000005,0.001948519464626508,True
-0.49,0.43600000000000005,0.0019651840173502745,True
-0.49,0.43700000000000006,0.00198191201810356,True
-0.49,0.43800000000000006,0.0019987033443946587,True
-0.49,0.43899999999999995,0.0020155578735794543,True
-0.49,0.43999999999999995,0.0020324754828629833,True
-0.49,0.44099999999999995,0.0020494560493007907,True
-0.49,0.44199999999999995,0.0020664994498001852,True
-0.49,0.44299999999999995,0.0020836055611220482,True
-0.49,0.44399999999999995,0.002100774259881888,True
-0.49,0.44499999999999995,0.0021180054225515277,True
-0.49,0.44599999999999995,0.002135298925460327,True
-0.49,0.44699999999999995,0.002152654644796781,True
-0.49,0.44799999999999995,0.002170072456609795,True
-0.49,0.44899999999999995,0.0021875522368102083,True
-0.49,0.44999999999999996,0.0022050938611722025,True
-0.49,0.45099999999999996,0.0022226972053345896,True
-0.49,0.45199999999999996,0.00224036214480241,True
-0.49,0.45299999999999996,0.002258088554948212,True
-0.49,0.45399999999999996,0.0022758763110135804,True
-0.49,0.45499999999999996,0.002293725288110382,True
-0.49,0.45599999999999996,0.0023116353612223197,True
-0.49,0.45699999999999996,0.0023296064052062858,True
-0.49,0.45799999999999996,0.002347638294793797,True
-0.49,0.45899999999999996,0.0023657309045922448,True
-0.49,0.45999999999999996,0.0023838841090865317,True
-0.49,0.46099999999999997,0.0024020977826403446,True
-0.49,0.46199999999999997,0.0024203717994975005,True
-0.49,0.46299999999999997,0.002438706033783511,True
-0.49,0.46399999999999997,0.0024571003595067363,True
-0.49,0.46499999999999997,0.0024755546505599857,True
-0.49,0.46599999999999997,0.0024940687807217922,True
-0.49,0.46699999999999997,0.0025126426236578903,True
-0.49,0.46799999999999997,0.0025312760529225264,True
-0.49,0.469,0.0025499689419598128,True
-0.49,0.47,0.002568721164105192,True
-0.49,0.471,0.0025875325925868832,True
-0.49,0.472,0.002606403100526933,True
-0.49,0.473,0.0026253325609430058,True
-0.49,0.474,0.002644320846749537,True
-0.49,0.475,0.002663367830759078,False
-0.49,0.476,0.0026824733856837925,False
-0.49,0.477,0.0027016373841366238,False
-0.49,0.478,0.0027208596986329605,False
-0.49,0.479,0.002740140201591723,False
-0.49,0.48,0.002759478765336787,False
-0.49,0.481,0.0027788752620985123,False
-0.49,0.482,0.0027983295640148565,False
-0.49,0.483,0.0028178415431329264,False
-0.49,0.484,0.002837411071410112,False
-0.49,0.485,0.0028570380207157187,False
-0.49,0.486,0.002876722262832021,False
-0.49,0.487,0.0028964636694558178,False
-0.49,0.488,0.002916262112199719,False
-0.49,0.489,0.0029361174625934573,False
-0.49,0.49,0.002956029592085141,False
-0.49,0.491,0.0029759983720427873,False
-0.49,0.492,0.0029960236737555323,False
-0.49,0.493,0.0030161053684349404,False
-0.49,0.494,0.003036243327216426,False
-0.49,0.495,0.0030564374211604407,False
-0.49,0.496,0.003076687521253929,False
-0.49,0.497,0.0030969934984115487,False
-0.49,0.498,0.0031173552234771027,False
-0.49,0.499,0.0031377725672247503,False
-0.49,0.5,0.0031582454003603157,False
-0.42,0.15,0.0005057998851575096,True
-0.42,0.151,0.0004961284670943255,True
-0.42,0.152,0.00048655356963958065,True
-0.42,0.153,0.0004770751777063542,True
-0.42,0.154,0.00046769327563979114,True
-0.42,0.155,0.0004584078472182118,True
-0.42,0.156,0.00044921887565343435,True
-0.42,0.157,0.0004401263435912517,True
-0.42,0.158,0.0004311302331125422,True
-0.42,0.159,0.00042223052573331366,True
-0.42,0.16,0.00041342720240561404,True
-0.42,0.161,0.00040472024351823066,True
-0.42,0.162,0.0003961096288971455,True
-0.42,0.163,0.0003875953378063457,True
-0.42,0.164,0.0003791773489482897,True
-0.42,0.16499999999999998,0.00037085564046477335,True
-0.42,0.16599999999999998,0.00036263018993761833,True
-0.42,0.16699999999999998,0.00035450097438904926,True
-0.42,0.16799999999999998,0.0003464679702827045,True
-0.42,0.16899999999999998,0.00033853115352417974,True
-0.42,0.16999999999999998,0.0003306904994618831,True
-0.42,0.17099999999999999,0.000322945982887457,True
-0.42,0.172,0.00031529757803676616,True
-0.42,0.173,0.0003077452585905305,True
-0.42,0.174,0.0003002889976750356,True
-0.42,0.175,0.0002929287678628767,True
-0.42,0.176,0.00028566454117379125,True
-0.42,0.177,0.0002784962890752807,True
-0.42,0.178,0.00027142398248353183,True
-0.42,0.179,0.0002644475917640499,True
-0.42,0.18,0.00025756708673236873,True
-0.42,0.181,0.00025078243665517254,True
-0.42,0.182,0.00024409361025077292,True
-0.42,0.183,0.00023750057568999727,True
-0.42,0.184,0.00023100330059701025,True
-0.42,0.185,0.00022460175205013533,True
-0.42,0.186,0.00021829589658265425,True
-0.42,0.187,0.0002120857001837617,True
-0.42,0.188,0.00020597112829913168,True
-0.42,0.189,0.00019995214583196086,True
-0.42,0.19,0.00019402871714386817,True
-0.42,0.191,0.00018820080605556067,True
-0.42,0.192,0.00018246837584791066,True
-0.42,0.193,0.00017683138926258835,True
-0.42,0.194,0.00017128980850318333,True
-0.42,0.195,0.00016584359523594828,True
-0.42,0.196,0.00016049271059068727,True
-0.42,0.197,0.00015523711516172157,True
-0.42,0.198,0.00015007676900883338,True
-0.42,0.199,0.00014501163165796526,True
-0.42,0.2,0.00014004166210237478,True
-0.42,0.201,0.00013516681880356706,True
-0.42,0.202,0.00013038705969193877,True
-0.42,0.20299999999999999,0.00012570234216806585,True
-0.42,0.204,0.00012111262310346982,True
-0.42,0.205,0.00011661785884163889,True
-0.42,0.206,0.00011221800519884972,True
-0.42,0.207,0.00010791301746527759,True
-0.42,0.208,0.00010370285040610661,True
-0.42,0.209,9.958745826212922e-05,True
-0.42,0.21,9.556679475098972e-05,True
-0.42,0.211,9.164081306819449e-05,True
-0.42,0.212,8.780946588802241e-05,True
-0.42,0.213,8.407270536453515e-05,True
-0.42,0.214,8.043048313268741e-05,True
-0.42,0.215,7.688275030908187e-05,True
-0.42,0.216,7.342945749347907e-05,True
-0.42,0.217,7.007055476934143e-05,True
-0.42,0.218,6.680599170512113e-05,True
-0.42,0.219,6.363571735517049e-05,True
-0.42,0.22,6.055968026106306e-05,True
-0.42,0.221,5.75778284522821e-05,True
-0.42,0.222,5.469010944764152e-05,True
-0.42,0.22299999999999998,5.189647025595212e-05,True
-0.42,0.22399999999999998,4.919685737755364e-05,True
-0.42,0.22499999999999998,4.659121680499201e-05,True
-0.42,0.22599999999999998,4.407949402451816e-05,True
-0.42,0.22699999999999998,4.166163401662093e-05,True
-0.42,0.22799999999999998,3.933758125775899e-05,True
-0.42,0.22899999999999998,3.710727972094929e-05,True
-0.42,0.22999999999999998,3.497067287723254e-05,True
-0.42,0.23099999999999998,3.2927703696616906e-05,True
-0.42,0.23199999999999998,3.0978314649143804e-05,True
-0.42,0.23299999999999998,2.9122447706331213e-05,True
-0.42,0.23399999999999999,2.7360044341795398e-05,True
-0.42,0.235,2.5691045532916235e-05,True
-0.42,0.236,2.4115391761714288e-05,True
-0.42,0.237,2.2633023015938837e-05,True
-0.42,0.238,2.1243878790377924e-05,True
-0.42,0.239,1.9947898088112925e-05,True
-0.42,0.24,1.8745019421317898e-05,True
-0.42,0.241,1.7635180812847208e-05,True
-0.42,0.242,1.6618319797168102e-05,True
-0.42,0.243,1.5694373421581975e-05,True
-0.42,0.244,1.4863278247523316e-05,True
-0.42,0.245,1.4124970351581112e-05,True
-0.42,0.246,1.347938532698656e-05,True
-0.42,0.247,1.292645828440131e-05,True
-0.42,0.248,1.24661238535273e-05,True
-0.42,0.249,1.209831618415036e-05,True
-0.42,0.25,1.1822968947339252e-05,True
-0.42,0.251,1.1640015336722432e-05,True
-0.42,0.252,1.154938806972039e-05,True
-0.42,0.253,1.1551019388722495e-05,True
-0.42,0.254,1.1644841062563583e-05,True
-0.42,0.255,1.183078438735663e-05,True
-0.42,0.256,1.2108780188169188e-05,True
-0.42,0.257,1.2478758820066993e-05,True
-0.42,0.258,1.2940650169290801e-05,True
-0.42,0.259,1.3494383654877317e-05,True
-0.42,0.26,1.413988822944745e-05,True
-0.42,0.261,1.487709238102708e-05,True
-0.42,0.262,1.5705924133768702e-05,True
-0.42,0.263,1.6626311049694475e-05,True
-0.42,0.264,1.763818022977315e-05,True
-0.42,0.265,1.874145831535223e-05,True
-0.42,0.266,1.9936071489101704e-05,True
-0.42,0.267,2.1221945476923575e-05,True
-0.42,0.268,2.2599005548729067e-05,True
-0.42,0.269,2.4067176520048417e-05,True
-0.42,0.27,2.5626382753174416e-05,True
-0.42,0.271,2.7276548158705616e-05,True
-0.42,0.272,2.9017596196623253e-05,True
-0.42,0.273,3.0849449877823344e-05,True
-0.42,0.274,3.277203176542676e-05,True
-0.42,0.275,3.478526397601156e-05,True
-0.42,0.276,3.688906818107851e-05,True
-0.42,0.277,3.908336560830561e-05,True
-0.42,0.278,4.136807704300249e-05,True
-0.42,0.279,4.3743122829464906e-05,True
-0.42,0.28,4.620842287221816e-05,True
-0.42,0.281,4.876389663760472e-05,True
-0.42,0.28200000000000003,5.140946315482786e-05,True
-0.42,0.28300000000000003,5.4145041017761295e-05,True
-0.42,0.28400000000000003,5.6970548385915086e-05,True
-0.42,0.28500000000000003,5.988590298613428e-05,True
-0.42,0.28600000000000003,6.289102211375353e-05,True
-0.42,0.28700000000000003,6.598582263425134e-05,True
-0.42,0.28800000000000003,6.917022098427151e-05,True
-0.42,0.28900000000000003,7.24441331735104e-05,True
-0.42,0.29000000000000004,7.580747478559413e-05,True
-0.42,0.29100000000000004,7.926016098006584e-05,True
-0.42,0.29200000000000004,8.280210649320718e-05,True
-0.42,0.29300000000000004,8.643322563992584e-05,True
-0.42,0.29400000000000004,9.01534323148545e-05,True
-0.42,0.295,9.396263999403854e-05,True
-0.42,0.296,9.78607617361571e-05,True
-0.42,0.297,0.00010184771018402205,True
-0.42,0.298,0.00010592339756620994,True
-0.42,0.299,0.00011008773569805008,True
-0.42,0.3,0.00011434063598343424,True
-0.42,0.301,0.00011868200941625995,True
-0.42,0.302,0.00012311176658176272,True
-0.42,0.303,0.0001276298176578705,True
-0.42,0.304,0.0001322360724168692,True
-0.42,0.305,0.00013693044022677903,True
-0.42,0.306,0.0001417128300527315,True
-0.42,0.307,0.00014658315045865678,True
-0.42,0.308,0.0001515413096085383,True
-0.42,0.309,0.0001565872152678338,True
-0.42,0.31,0.00016172077480535173,True
-0.42,0.311,0.00016694189519419477,True
-0.42,0.312,0.00017225048301372503,True
-0.42,0.313,0.0001776464444505632,True
-0.42,0.314,0.00018312968530060926,True
-0.42,0.315,0.00018870011097004146,True
-0.42,0.316,0.0001943576264772373,True
-0.42,0.317,0.0002001021364538169,True
-0.42,0.318,0.00020593354514671924,True
-0.42,0.319,0.00021185175641897925,True
-0.42,0.32,0.0002178566737519927,True
-0.42,0.321,0.00022394820024642658,True
-0.42,0.322,0.00023012623862407323,True
-0.42,0.323,0.00023639069122919354,True
-0.42,0.324,0.00024274146003019358,True
-0.42,0.325,0.00024917844662091236,True
-0.42,0.32599999999999996,0.0002557015522223205,True
-0.42,0.32699999999999996,0.00026231067768397456,True
-0.42,0.32799999999999996,0.00026900572348572684,True
-0.42,0.32899999999999996,0.00027578658973882454,True
-0.42,0.32999999999999996,0.00028265317618789696,True
-0.42,0.33099999999999996,0.0002896053822122657,True
-0.42,0.33199999999999996,0.0002966431068274544,True
-0.42,0.33299999999999996,0.0003037662486869208,True
-0.42,0.33399999999999996,0.00031097470608323354,True
-0.42,0.33499999999999996,0.00031826837695002607,True
-0.42,0.33599999999999997,0.00032564715886332916,True
-0.42,0.33699999999999997,0.00033311094904312497,True
-0.42,0.33799999999999997,0.00034065964435491257,True
-0.42,0.33899999999999997,0.0003482931413112844,True
-0.42,0.33999999999999997,0.00035601133607339187,True
-0.42,0.34099999999999997,0.00036381412445268824,True
-0.42,0.34199999999999997,0.00037170140191221667,True
-0.42,0.34299999999999997,0.0003796730635685419,True
-0.42,0.344,0.0003877290041927717,True
-0.42,0.345,0.0003958691182126883,True
-0.42,0.346,0.00040409329971399235,True
-0.42,0.347,0.00041240144244178987,True
-0.42,0.348,0.00042079343980263586,True
-0.42,0.349,0.0004292691848654329,True
-0.42,0.35,0.0004378285703635409,True
-0.42,0.351,0.00044647148869605415,True
-0.42,0.352,0.00045519783192955466,True
-0.42,0.353,0.00046400749179956733,True
-0.42,0.354,0.0004729003597122028,True
-0.42,0.355,0.0004818763267456894,True
-0.42,0.356,0.0004909352836520164,True
-0.42,0.357,0.000500077120858411,True
-0.42,0.358,0.0005093017284690471,True
-0.42,0.359,0.0005186089962665897,True
-0.42,0.36,0.000527998813713737,True
-0.42,0.361,0.0005374710699548535,True
-0.42,0.362,0.00054702565381749,True
-0.42,0.363,0.0005566624538140497,True
-0.42,0.364,0.0005663813581434862,True
-0.42,0.365,0.0005761822546925365,True
-0.42,0.366,0.0005860650310378079,True
-0.42,0.367,0.0005960295744468324,True
-0.42,0.368,0.0006060757718802212,True
-0.42,0.369,0.0006162035099927631,True
-0.42,0.37,0.0006264126751353127,True
-0.42,0.371,0.0006367031533563994,True
-0.42,0.372,0.0006470748304036489,True
-0.42,0.373,0.0006575275917255152,True
-0.42,0.374,0.0006680613224728349,True
-0.42,0.375,0.0006786759075005921,True
-0.42,0.376,0.0006893712313690958,True
-0.42,0.377,0.0007001471783461222,True
-0.42,0.378,0.0007110036324080693,True
-0.42,0.379,0.0007219404772419447,True
-0.42,0.38,0.0007329575962465751,True
-0.42,0.381,0.0007440548725346496,True
-0.42,0.382,0.0007552321889338742,True
-0.42,0.383,0.00076648942798897,True
-0.42,0.384,0.0007778264719630723,True
-0.42,0.385,0.0007892432028392849,True
-0.42,0.386,0.0008007395023225672,True
-0.42,0.387,0.0008123152518410781,True
-0.42,0.388,0.0008239703325477965,True
-0.42,0.389,0.0008357046253222756,True
-0.42,0.39,0.000847518010772308,True
-0.42,0.391,0.0008594103692351918,True
-0.42,0.392,0.000871381580779751,True
-0.42,0.393,0.0008834315252077007,True
-0.42,0.394,0.0008955600820553355,True
-0.42,0.395,0.0009077671305951273,True
-0.42,0.396,0.0009200525498373136,True
-0.42,0.397,0.0009324162185315732,True
-0.42,0.398,0.0009448580151685593,True
-0.42,0.399,0.0009573778179816749,True
-0.42,0.4,0.0009699755049484504,True
-0.42,0.401,0.0009826509537923412,True
-0.42,0.402,0.000995404041984227,True
-0.42,0.403,0.0010082346467440218,True
-0.42,0.404,0.0010211426450425609,True
-0.42,0.405,0.0010341279136027227,True
-0.42,0.406,0.0010471903289014928,True
-0.42,0.40700000000000003,0.0010603297671712198,True
-0.42,0.40800000000000003,0.0010735461044016014,True
-0.42,0.40900000000000003,0.0010868392163409513,True
-0.42,0.41000000000000003,0.0011002089784980184,True
-0.42,0.41100000000000003,0.001113655266143454,True
-0.42,0.41200000000000003,0.0011271779543115979,True
-0.42,0.41300000000000003,0.0011407769178019445,True
-0.42,0.41400000000000003,0.0011544520311807637,True
-0.42,0.41500000000000004,0.0011682031687828443,True
-0.42,0.41600000000000004,0.001182030204712936,True
-0.42,0.41700000000000004,0.0011959330128474056,True
-0.42,0.41800000000000004,0.001209911466835889,True
-0.42,0.41900000000000004,0.0012239654401029476,True
-0.42,0.42000000000000004,0.00123809480584951,True
-0.42,0.42100000000000004,0.0012522994370545715,True
-0.42,0.42200000000000004,0.001266579206476859,True
-0.42,0.42300000000000004,0.0012809339866563297,True
-0.42,0.42400000000000004,0.0012953636499159148,True
-0.42,0.42500000000000004,0.0013098680683628293,True
-0.42,0.42600000000000005,0.0013244471138906145,True
-0.42,0.42700000000000005,0.0013391006581803476,True
-0.42,0.42800000000000005,0.001353828572702409,True
-0.42,0.42900000000000005,0.0013686307287180787,True
-0.42,0.43000000000000005,0.0013835069972812698,True
-0.42,0.43100000000000005,0.0013984572492397374,True
-0.42,0.43200000000000005,0.0014134813552370896,True
-0.42,0.43300000000000005,0.0014285791857140961,True
-0.42,0.43400000000000005,0.0014437506109105992,True
-0.42,0.43500000000000005,0.0014589955008666665,True
-0.42,0.43600000000000005,0.001474313725424603,True
-0.42,0.43700000000000006,0.0014897051542303251,True
-0.42,0.43800000000000006,0.0015051696567349615,True
-0.42,0.43899999999999995,0.001520707102196517,True
-0.42,0.43999999999999995,0.001536317359681394,True
-0.42,0.44099999999999995,0.0015520002980660918,True
-0.42,0.44199999999999995,0.0015677557860385716,True
-0.42,0.44299999999999995,0.0015835836921000769,True
-0.42,0.44399999999999995,0.0015994838845665993,True
-0.42,0.44499999999999995,0.001615456231570478,True
-0.42,0.44599999999999995,0.0016315006010619525,True
-0.42,0.44699999999999995,0.001647616860810852,True
-0.42,0.44799999999999995,0.0016638048784080929,True
-0.42,0.44899999999999995,0.0016800645212670662,True
-0.42,0.44999999999999996,0.001696395656625671,True
-0.42,0.45099999999999996,0.0017127981515475455,True
-0.42,0.45199999999999996,0.0017292718729235435,True
-0.42,0.45299999999999996,0.0017458166874737779,True
-0.42,0.45399999999999996,0.0017624324617486532,True
-0.42,0.45499999999999996,0.0017791190621307962,True
-0.42,0.45599999999999996,0.001795876354836401,True
-0.42,0.45699999999999996,0.001812704205917015,True
-0.42,0.45799999999999996,0.0018296024812609057,True
-0.42,0.45899999999999996,0.0018465710465946695,True
-0.42,0.45999999999999996,0.0018636097674848751,True
-0.42,0.46099999999999997,0.0018807185093396405,True
-0.42,0.46199999999999997,0.0018978971374098875,True
-0.42,0.46299999999999997,0.00191514551679125,True
-0.42,0.46399999999999997,0.0019324635124255863,True
-0.42,0.46499999999999997,0.0019498509891023418,True
-0.42,0.46599999999999997,0.0019673078114601727,True
-0.42,0.46699999999999997,0.001984833843988609,True
-0.42,0.46799999999999997,0.0020024289510294667,True
-0.42,0.469,0.0020200929967783775,True
-0.42,0.47,0.002037825845286512,True
-0.42,0.471,0.0020556273604618756,True
-0.42,0.472,0.0020734974060710675,True
-0.42,0.473,0.0020914358457406633,True
-0.42,0.474,0.0021094425429587726,True
-0.42,0.475,0.0021275173610766362,True
-0.42,0.476,0.0021456601633101703,True
-0.42,0.477,0.0021638708127412975,True
-0.42,0.478,0.002182149172319725,True
-0.42,0.479,0.002200495104864364,True
-0.42,0.48,0.002218908473064851,True
-0.42,0.481,0.002237389139482937,True
-0.42,0.482,0.002255936966554295,True
-0.42,0.483,0.0022745518165897317,True
-0.42,0.484,0.002293233551776919,True
-0.42,0.485,0.00231198203418177,True
-0.42,0.486,0.002330797125750084,True
-0.42,0.487,0.002349678688308832,True
-0.42,0.488,0.0023686265835678676,True
-0.42,0.489,0.002387640673121394,True
-0.42,0.49,0.0024067208184493484,True
-0.42,0.491,0.002425866880918959,True
-0.42,0.492,0.002445078721786309,True
-0.42,0.493,0.0024643562021977707,True
-0.42,0.494,0.0024836991831913456,True
-0.42,0.495,0.0025031075256985334,True
-0.42,0.496,0.0025225810905453285,True
-0.42,0.497,0.0025421197384541184,True
-0.42,0.498,0.002561723330045007,True
-0.42,0.499,0.0025813917258371453,True
-0.42,0.5,0.0026011247862504083,True
-0.35,0.15,0.00030138121401600547,True
-0.35,0.151,0.0002943354876395743,True
-0.35,0.152,0.00028738370320353647,True
-0.35,0.153,0.0002805258389486087,True
-0.35,0.154,0.0002737618725673463,True
-0.35,0.155,0.00026709178120484236,True
-0.35,0.156,0.0002605155414593718,True
-0.35,0.157,0.00025403312938293565,True
-0.35,0.158,0.00024764452048199327,True
-0.35,0.159,0.00024134968971816216,True
-0.35,0.16,0.0002351486115088508,True
-0.35,0.161,0.00022904125972795787,True
-0.35,0.162,0.00022302760770654962,True
-0.35,0.163,0.00021710762823357044,True
-0.35,0.164,0.00021128129355654223,True
-0.35,0.16499999999999998,0.00020554857538235272,True
-0.35,0.16599999999999998,0.00019990944487776607,True
-0.35,0.16699999999999998,0.0001943638726703778,True
-0.35,0.16799999999999998,0.0001889118288492475,True
-0.35,0.16899999999999998,0.00018355328296567607,True
-0.35,0.16999999999999998,0.0001782882040339717,True
-0.35,0.17099999999999999,0.00017311656053200508,True
-0.35,0.172,0.00016803832040230838,True
-0.35,0.173,0.00016305345105263047,True
-0.35,0.174,0.0001581619193567585,True
-0.35,0.175,0.00015336369165533937,True
-0.35,0.176,0.00014865873375659034,True
-0.35,0.177,0.00014404701093710947,True
-0.35,0.178,0.00013952848794290817,True
-0.35,0.179,0.0001351031289898441,True
-0.35,0.18,0.0001307708977647537,True
-0.35,0.181,0.00012653175742611823,True
-0.35,0.182,0.00012238567060498528,True
-0.35,0.183,0.00011833259940575713,True
-0.35,0.184,0.00011437250540705657,True
-0.35,0.185,0.00011050534966264847,True
-0.35,0.186,0.00010673109270205039,True
-0.35,0.187,0.00010304969453179824,True
-0.35,0.188,9.94611146360791e-05,True
-0.35,0.189,9.596531197746394e-05,True
-0.35,0.19,9.256224499828435e-05,True
-0.35,0.191,8.925187162101e-05,True
-0.35,0.192,8.603414924939212e-05,True
-0.35,0.193,8.290903476951828e-05,True
-0.35,0.194,7.987648455025642e-05,True
-0.35,0.195,7.693645444486474e-05,True
-0.35,0.196,7.4088899791247e-05,True
-0.35,0.197,7.133377541330699e-05,True
-0.35,0.198,6.867103562175902e-05,True
-0.35,0.199,6.610063421514933e-05,True
-0.35,0.2,6.362252448061101e-05,True
-0.35,0.201,6.123665919505195e-05,True
-0.35,0.202,5.8942990626131844e-05,True
-0.35,0.20299999999999999,5.674147053295053e-05,True
-0.35,0.204,5.463205016743577e-05,True
-0.35,0.205,5.261468027490945e-05,True
-0.35,0.206,5.0689311095486464e-05,True
-0.35,0.207,4.885589236472976e-05,True
-0.35,0.208,4.711437331492707e-05,True
-0.35,0.209,4.546470267594582e-05,True
-0.35,0.21,4.390682867627671e-05,True
-0.35,0.211,4.244069904409953e-05,True
-0.35,0.212,4.106626100829347e-05,True
-0.35,0.213,3.9783461299458533e-05,True
-0.35,0.214,3.859224615101464e-05,True
-0.35,0.215,3.749256130015643e-05,True
-0.35,0.216,3.6484351989019005e-05,True
-0.35,0.217,3.556756296566599e-05,True
-0.35,0.218,3.474213848513319e-05,True
-0.35,0.219,3.400802231066091e-05,True
-0.35,0.22,3.336515771458215e-05,True
-0.35,0.221,3.281348747945501e-05,True
-0.35,0.222,3.2352953899239537e-05,True
-0.35,0.22299999999999998,3.198349878037465e-05,True
-0.35,0.22399999999999998,3.170506344274404e-05,True
-0.35,0.22499999999999998,3.15175887209973e-05,True
-0.35,0.22599999999999998,3.142101496542704e-05,True
-0.35,0.22699999999999998,3.141528204344546e-05,True
-0.35,0.22799999999999998,3.1500329340183875e-05,True
-0.35,0.22899999999999998,3.167609576013586e-05,True
-0.35,0.22999999999999998,3.194251972800099e-05,True
-0.35,0.23099999999999998,3.229953918999495e-05,True
-0.35,0.23199999999999998,3.274709161475986e-05,True
-0.35,0.23299999999999998,3.328511399469658e-05,True
-0.35,0.23399999999999999,3.391354284725257e-05,True
-0.35,0.235,3.463231421573232e-05,True
-0.35,0.236,3.54413636707962e-05,True
-0.35,0.237,3.6340626311470725e-05,True
-0.35,0.238,3.7330036766292095e-05,True
-0.35,0.239,3.840952919461627e-05,True
-0.35,0.24,3.957903728774026e-05,True
-0.35,0.241,4.083849427020114e-05,True
-0.35,0.242,4.218783290066419e-05,True
-0.35,0.243,4.362698547357713e-05,True
-0.35,0.244,4.5155883820025e-05,True
-0.35,0.245,4.677445930919566e-05,True
-0.35,0.246,4.848264284925685e-05,True
-0.35,0.247,5.028036488913257e-05,True
-0.35,0.248,5.216755541914697e-05,True
-0.35,0.249,5.414414397258982e-05,True
-0.35,0.25,5.6210059627004315e-05,True
-0.35,0.251,5.836523100520852e-05,True
-0.35,0.252,6.060958627666091e-05,True
-0.35,0.253,6.294305315873716e-05,True
-0.35,0.254,6.53655589180402e-05,True
-0.35,0.255,6.787703037151039e-05,True
-0.35,0.256,7.047739388781338e-05,True
-0.35,0.257,7.316657538848359e-05,True
-0.35,0.258,7.594450034944522e-05,True
-0.35,0.259,7.881109380213358e-05,True
-0.35,0.26,8.176628033472744e-05,True
-0.35,0.261,8.480998409358121e-05,True
-0.35,0.262,8.794212878440177e-05,True
-0.35,0.263,9.116263767364741e-05,True
-0.35,0.264,9.447143358981558e-05,True
-0.35,0.265,9.786843892464203e-05,True
-0.35,0.266,0.00010135357563461067,True
-0.35,0.267,0.0001049267652421082,True
-0.35,0.268,0.00010858792883688961,True
-0.35,0.269,0.00011233698707721062,True
-0.35,0.27,0.00011617386019131537,True
-0.35,0.271,0.00012009846797873535,True
-0.35,0.272,0.00012411072981173278,True
-0.35,0.273,0.00012821056463632185,True
-0.35,0.274,0.000132397890974123,True
-0.35,0.275,0.00013667262692312887,True
-0.35,0.276,0.00014103469015955828,True
-0.35,0.277,0.0001454839979389555,True
-0.35,0.278,0.0001500204670976668,True
-0.35,0.279,0.0001546440140540839,True
-0.35,0.28,0.0001593545548101649,True
-0.35,0.281,0.0001641520049527223,True
-0.35,0.28200000000000003,0.0001690362796547329,True
-0.35,0.28300000000000003,0.0001740072936770587,True
-0.35,0.28400000000000003,0.0001790649613692019,True
-0.35,0.28500000000000003,0.00018420919667150315,True
-0.35,0.28600000000000003,0.00018943991311581865,True
-0.35,0.28700000000000003,0.00019475702382735217,True
-0.35,0.28800000000000003,0.00020016044152586509,True
-0.35,0.28900000000000003,0.0002056500785271753,True
-0.35,0.29000000000000004,0.0002112258467444561,True
-0.35,0.29100000000000004,0.00021688765768984597,True
-0.35,0.29200000000000004,0.00022263542247569212,True
-0.35,0.29300000000000004,0.00022846905181591603,True
-0.35,0.29400000000000004,0.00023438845602770099,True
-0.35,0.295,0.00024039354503267995,True
-0.35,0.296,0.00024648422835840125,True
-0.35,0.297,0.00025266041513986035,True
-0.35,0.298,0.0002589220141209658,True
-0.35,0.299,0.0002652689336557379,True
-0.35,0.3,0.0002717010817099408,True
-0.35,0.301,0.0002782183658626036,True
-0.35,0.302,0.0002848206933072084,True
-0.35,0.303,0.00029150797085338855,True
-0.35,0.304,0.0002982801049282835,True
-0.35,0.305,0.00030513700157797086,True
-0.35,0.306,0.000312078566468954,True
-0.35,0.307,0.00031910470488970554,True
-0.35,0.308,0.000326215321751977,True
-0.35,0.309,0.0003334103215923645,True
-0.35,0.31,0.0003406896085738187,True
-0.35,0.311,0.0003480530864870213,True
-0.35,0.312,0.00035550065875187273,True
-0.35,0.313,0.0003630322284191467,True
-0.35,0.314,0.00037064769817167774,True
-0.35,0.315,0.0003783469703261044,True
-0.35,0.316,0.00038612994683421273,True
-0.35,0.317,0.00039399652928454596,True
-0.35,0.318,0.00040194661890374794,True
-0.35,0.319,0.0004099801165581729,True
-0.35,0.32,0.00041809692275530664,True
-0.35,0.321,0.00042629693764542067,True
-0.35,0.322,0.00043458006102279343,True
-0.35,0.323,0.000442946192327498,True
-0.35,0.324,0.00045139523064685605,True
-0.35,0.325,0.0004599270747168038,True
-0.35,0.32599999999999996,0.00046854162292345734,True
-0.35,0.32699999999999996,0.0004772387733047556,True
-0.35,0.32799999999999996,0.0004860184235517928,True
-0.35,0.32899999999999996,0.000494880471010517,True
-0.35,0.32999999999999996,0.0005038248126831513,True
-0.35,0.33099999999999996,0.0005128513452296035,True
-0.35,0.33199999999999996,0.0005219599649692985,True
-0.35,0.33299999999999996,0.0005311505678824102,True
-0.35,0.33399999999999996,0.0005404230496115159,True
-0.35,0.33499999999999996,0.0005497773054631172,True
-0.35,0.33599999999999997,0.0005592132304092168,True
-0.35,0.33699999999999997,0.0005687307190886948,True
-0.35,0.33799999999999997,0.0005783296658091852,True
-0.35,0.33899999999999997,0.0005880099645480974,True
-0.35,0.33999999999999997,0.0005977715089546364,True
-0.35,0.34099999999999997,0.0006076141923510914,True
-0.35,0.34199999999999997,0.0006175379077344445,True
-0.35,0.34299999999999997,0.0006275425477779261,True
-0.35,0.344,0.0006376280048326022,True
-0.35,0.345,0.0006477941709287615,True
-0.35,0.346,0.0006580409377776264,True
-0.35,0.347,0.0006683681967728283,True
-0.35,0.348,0.0006787758389921184,True
-0.35,0.349,0.0006892637551985214,True
-0.35,0.35,0.0006998318358424349,True
-0.35,0.351,0.0007104799710627163,True
-0.35,0.352,0.0007212080506885377,True
-0.35,0.353,0.0007320159642407953,True
-0.35,0.354,0.0007429036009337752,True
-0.35,0.355,0.0007538708496765634,True
-0.35,0.356,0.0007649175990747881,True
-0.35,0.357,0.0007760437374320417,True
-0.35,0.358,0.000787249152751568,True
-0.35,0.359,0.000798533732737694,True
-0.35,0.36,0.0008098973647975294,True
-0.35,0.361,0.0008213399360424645,True
-0.35,0.362,0.0008328613332897139,True
-0.35,0.363,0.0008444614430639374,True
-0.35,0.364,0.0008561401515989053,True
-0.35,0.365,0.0008678973448387861,True
-0.35,0.366,0.0008797329084400118,True
-0.35,0.367,0.0008916467277727324,True
-0.35,0.368,0.0009036386879224479,True
-0.35,0.369,0.00091570867369134,True
-0.35,0.37,0.0009278565696002828,True
-0.35,0.371,0.0009400822598900294,True
-0.35,0.372,0.0009523856285230225,True
-0.35,0.373,0.0009647665591848931,True
-0.35,0.374,0.0009772249352859364,True
-0.35,0.375,0.0009897606399629443,True
-0.35,0.376,0.0010023735560805492,True
-0.35,0.377,0.0010150635662328432,True
-0.35,0.378,0.0010278305527451682,True
-0.35,0.379,0.0010406743976754008,True
-0.35,0.38,0.0010535949828157532,True
-0.35,0.381,0.0010665921896941932,True
-0.35,0.382,0.0010796658995761543,True
-0.35,0.383,0.0010928159934661895,True
-0.35,0.384,0.0011060423521092155,True
-0.35,0.385,0.0011193448559924436,True
-0.35,0.386,0.0011327233853468566,True
-0.35,0.387,0.0011461778201488082,True
-0.35,0.388,0.0011597080401214766,True
-0.35,0.389,0.0011733139247365521,True
-0.35,0.39,0.001186995353215936,True
-0.35,0.391,0.0012007522045330398,True
-0.35,0.392,0.0012145843574148274,True
-0.35,0.393,0.0012284916903427146,True
-0.35,0.394,0.0012424740815547785,True
-0.35,0.395,0.0012565314090472123,True
-0.35,0.396,0.0012706635505755903,True
-0.35,0.397,0.0012848703836567776,True
-0.35,0.398,0.0012991517855704183,True
-0.35,0.399,0.0013135076333604778,True
-0.35,0.4,0.001327937803836865,True
-0.35,0.401,0.0013424421735770964,True
-0.35,0.402,0.001357020618927618,True
-0.35,0.403,0.0013716730160056923,True
-0.35,0.404,0.0013863992407008529,True
-0.35,0.405,0.0014011991686764258,True
-0.35,0.406,0.001416072675371216,True
-0.35,0.40700000000000003,0.0014310196360010408,True
-0.35,0.40800000000000003,0.001446039925560294,True
-0.35,0.40900000000000003,0.0014611334188234903,True
-0.35,0.41000000000000003,0.0014762999903470408,True
-0.35,0.41100000000000003,0.0014915395144706523,True
-0.35,0.41200000000000003,0.0015068518653188368,True
-0.35,0.41300000000000003,0.0015222369168027105,True
-0.35,0.41400000000000003,0.0015376945426213817,True
-0.35,0.41500000000000004,0.0015532246162637043,True
-0.35,0.41600000000000004,0.001568827011009699,True
-0.35,0.41700000000000004,0.0015845015999320978,True
-0.35,0.41800000000000004,0.0016002482558981957,True
-0.35,0.41900000000000004,0.0016160668515711296,True
-0.35,0.42000000000000004,0.0016319572594115316,True
-0.35,0.42100000000000004,0.001647919351679117,True
-0.35,0.42200000000000004,0.001663953000434404,True
-0.35,0.42300000000000004,0.0016800580775399698,True
-0.35,0.42400000000000004,0.0016962344546623044,True
-0.35,0.42500000000000004,0.0017124820032732523,True
-0.35,0.42600000000000005,0.0017288005946515584,True
-0.35,0.42700000000000005,0.0017451900998845416,True
-0.35,0.42800000000000005,0.001761650389869507,True
-0.35,0.42900000000000005,0.001778181335315443,True
-0.35,0.43000000000000005,0.0017947828067446324,True
-0.35,0.43100000000000005,0.0018114546744938732,True
-0.35,0.43200000000000005,0.001828196808716609,True
-0.35,0.43300000000000005,0.0018450090793838859,True
-0.35,0.43400000000000005,0.0018618913562863603,True
-0.35,0.43500000000000005,0.0018788435090355883,True
-0.35,0.43600000000000005,0.0018958654070657776,True
-0.35,0.43700000000000006,0.0019129569196351891,True
-0.35,0.43800000000000006,0.0019301179158277449,True
-0.35,0.43899999999999995,0.0019473482645546158,True
-0.35,0.43999999999999995,0.0019646478345557105,True
-0.35,0.44099999999999995,0.0019820164944013064,True
-0.35,0.44199999999999995,0.0019994541124934706,True
-0.35,0.44299999999999995,0.002016960557067726,True
-0.35,0.44399999999999995,0.002034535696194606,True
-0.35,0.44499999999999995,0.0020521793977809955,True
-0.35,0.44599999999999995,0.0020698915295720545,True
-0.35,0.44699999999999995,0.002087671959152293,True
-0.35,0.44799999999999995,0.002105520553947404,True
-0.35,0.44899999999999995,0.0021234371812259623,True
-0.35,0.44999999999999996,0.002141421708100455,True
-0.35,0.45099999999999996,0.0021594740015291824,False
-0.35,0.45199999999999996,0.002177593928317856,False
-0.35,0.45299999999999996,0.0021957813551207296,False
-0.35,0.45399999999999996,0.002214036148442633,False
-0.35,0.45499999999999996,0.0022323581746401034,False
-0.35,0.45599999999999996,0.002250747299923095,False
-0.35,0.45699999999999996,0.0022692033903564334,False
-0.35,0.45799999999999996,0.002287726311861471,False
-0.35,0.45899999999999996,0.002306315930217384,False
-0.35,0.45999999999999996,0.002324972111062873,False
-0.35,0.46099999999999997,0.0023436947198976267,False
-0.35,0.46199999999999997,0.0023624836220837997,False
-0.35,0.46299999999999997,0.002381338682847578,False
-0.35,0.46399999999999997,0.002400259767280677,False
-0.35,0.46499999999999997,0.0024192467403418073,False
-0.35,0.46599999999999997,0.0024382994668582293,False
-0.35,0.46699999999999997,0.002457417811527218,False
-0.35,0.46799999999999997,0.002476601638917675,False
-0.35,0.469,0.002495850813471556,False
-0.35,0.47,0.0025151651995050984,False
-0.35,0.471,0.0025345446612108913,False
-0.35,0.472,0.00255398906265899,False
-0.35,0.473,0.0025734982677983577,False
-0.35,0.474,0.0025930721404585633,False
-0.35,0.475,0.002612710544351149,False
-0.35,0.476,0.0026324133430712603,False
-0.35,0.477,0.002652180400098747,False
-0.35,0.478,0.00267201157880016,False
-0.35,0.479,0.0026919067424299283,False
-0.35,0.48,0.0027118657541318814,False
-0.35,0.481,0.0027318884769406693,False
-0.35,0.482,0.002751974773783339,False
-0.35,0.483,0.002772124507480811,False
-0.35,0.484,0.002792337540749279,False
-0.35,0.485,0.0028126137362016745,False
-0.35,0.486,0.0028329529563490886,False
-0.35,0.487,0.0028533550636023917,False
-0.35,0.488,0.0028738199202736235,False
-0.35,0.489,0.002894347388577223,False
-0.35,0.49,0.0029149373306319505,False
-0.35,0.491,0.0029355896084617638,False
-0.35,0.492,0.0029563040839978294,False
-0.35,0.493,0.002977080619079542,False
-0.35,0.494,0.002997919075456168,False
-0.35,0.495,0.0030188193147881793,False
-0.35,0.496,0.0030397811986489385,False
-0.35,0.497,0.003060804588525734,False
-0.35,0.498,0.0030818893458215866,False
-0.35,0.499,0.0031030353318563853,False
-0.35,0.5,0.003124242407868538,False
-0.28,0.15,0.0007479704260393349,True
-0.28,0.151,0.0007354456745829907,True
-0.28,0.152,0.0007230280822596135,True
-0.28,0.153,0.00071071763766124,True
-0.28,0.154,0.0006985143287462581,True
-0.28,0.155,0.0006864181428403171,True
-0.28,0.156,0.0006744290666367725,True
-0.28,0.157,0.0006625470861973071,True
-0.28,0.158,0.0006507721869526417,True
-0.28,0.159,0.0006391043537031127,True
-0.28,0.16,0.0006275435706192933,True
-0.28,0.161,0.0006160898212427934,True
-0.28,0.162,0.0006047430884866146,True
-0.28,0.163,0.0005935033546362823,True
-0.28,0.164,0.0005823706013500463,True
-0.28,0.16499999999999998,0.000571344809659835,True
-0.28,0.16599999999999998,0.0005604259599719663,True
-0.28,0.16699999999999998,0.0005496140320677467,True
-0.28,0.16799999999999998,0.0005389090051042932,True
-0.28,0.16899999999999998,0.0005283108576150441,True
-0.28,0.16999999999999998,0.0005178195675108466,True
-0.28,0.17099999999999999,0.0005074351120803345,True
-0.28,0.172,0.0004971574679909274,True
-0.28,0.173,0.00048698661128947495,True
-0.28,0.174,0.00047692251740298895,True
-0.28,0.175,0.000466965161139532,True
-0.28,0.176,0.0004571145166889723,True
-0.28,0.177,0.00044737055762367195,True
-0.28,0.178,0.00043773325689939747,True
-0.28,0.179,0.0004282025868561412,True
-0.28,0.18,0.0004187785192186988,True
-0.28,0.181,0.00040946102509800133,True
-0.28,0.182,0.00040025007499127073,True
-0.28,0.183,0.00039114563878352995,True
-0.28,0.184,0.00038214768574791337,True
-0.28,0.185,0.00037325618454691066,True
-0.28,0.186,0.0003644711032330106,True
-0.28,0.187,0.0003557924092495668,True
-0.28,0.188,0.00034722006943190833,True
-0.28,0.189,0.0003387540500079833,True
-0.28,0.19,0.0003303943165992917,True
-0.28,0.191,0.0003221408342219512,True
-0.28,0.192,0.00031399356728745165,True
-0.28,0.193,0.0003059524796036328,True
-0.28,0.194,0.00029801753437566083,True
-0.28,0.195,0.00029018869420680546,True
-0.28,0.196,0.00028246592109970603,True
-0.28,0.197,0.0002748491764568817,True
-0.28,0.198,0.00026733842108201956,True
-0.28,0.199,0.0002599336151809295,True
-0.28,0.2,0.0002526347183623434,True
-0.28,0.201,0.00024544168963902546,True
-0.28,0.202,0.0002383544874287713,True
-0.28,0.20299999999999999,0.00023137306955531845,True
-0.28,0.204,0.0002244973932494787,True
-0.28,0.205,0.00021772741514998196,True
-0.28,0.206,0.00021106309130471956,True
-0.28,0.207,0.000204504377171566,True
-0.28,0.208,0.00019805122761957784,True
-0.28,0.209,0.00019170359692990412,True
-0.28,0.21,0.00018546143879687448,True
-0.28,0.211,0.00017932470632919806,True
-0.28,0.212,0.00017329335205082952,True
-0.28,0.213,0.00016736732790214592,True
-0.28,0.214,0.0001615465852410569,True
-0.28,0.215,0.00015583107484395953,True
-0.28,0.216,0.00015022074690702604,True
-0.28,0.217,0.0001447155510471365,True
-0.28,0.218,0.00013931543630310017,True
-0.28,0.219,0.00013402035113663224,True
-0.28,0.22,0.00012883024343377514,True
-0.28,0.221,0.00012374506050565336,True
-0.28,0.222,0.00011876474908985024,True
-0.28,0.22299999999999998,0.00011388925535154027,True
-0.28,0.22399999999999998,0.00010911852488442176,True
-0.28,0.22499999999999998,0.00010445250271235995,True
-0.28,0.22599999999999998,9.989113328991994e-05,True
-0.28,0.22699999999999998,9.5434360504143e-05,True
-0.28,0.22799999999999998,9.108212767516832e-05,True
-0.28,0.22899999999999998,8.683437755794277e-05,True
-0.28,0.22999999999999998,8.269105234304241e-05,True
-0.28,0.23099999999999998,7.865209365802706e-05,True
-0.28,0.23199999999999998,7.47174425685948e-05,True
-0.28,0.23299999999999998,7.088703957989218e-05,True
-0.28,0.23399999999999999,6.71608246376243e-05,True
-0.28,0.235,6.353873712932057e-05,True
-0.28,0.236,6.002071588555591e-05,True
-0.28,0.237,5.6606699181238615e-05,True
-0.28,0.238,5.329662473672059e-05,True
-0.28,0.239,5.0090429719351624e-05,True
-0.28,0.24,4.698805074425661e-05,True
-0.28,0.241,4.3989423876178435e-05,True
-0.28,0.242,4.109448463027743e-05,True
-0.28,0.243,3.830316797357458e-05,True
-0.28,0.244,3.561540832630605e-05,True
-0.28,0.245,3.303113956316661e-05,True
-0.28,0.246,3.0550295014508676e-05,True
-0.28,0.247,2.817280746789663e-05,True
-0.28,0.248,2.5898609169061614e-05,True
-0.28,0.249,2.3727631823389216e-05,True
-0.28,0.25,2.1659806597496e-05,True
-0.28,0.251,1.9695064120051066e-05,True
-0.28,0.252,1.7833334483530195e-05,True
-0.28,0.253,1.6074547245370495e-05,True
-0.28,0.254,1.4418631429213847e-05,True
-0.28,0.255,1.2865515526594429e-05,True
-0.28,0.256,1.1415127497960142e-05,True
-0.28,0.257,1.006739477407148e-05,True
-0.28,0.258,8.822244257666867e-06,True
-0.28,0.259,7.679602324484059e-06,True
-0.28,0.26,6.639394824836664e-06,True
-0.28,0.261,5.701547084857594e-06,True
-0.28,0.262,4.8659839080755775e-06,True
-0.28,0.263,4.1326295766586085e-06,True
-0.28,0.264,3.5014078529016502e-06,True
-0.28,0.265,2.972241980536694e-06,True
-0.28,0.266,2.5450546862204604e-06,True
-0.28,0.267,2.2197681810887106e-06,True
-0.28,0.268,1.9963041616888335e-06,True
-0.28,0.269,1.8745838120670655e-06,True
-0.28,0.27,1.8545278047676916e-06,True
-0.28,0.271,1.93605630225413e-06,True
-0.28,0.272,2.1190889588185156e-06,True
-0.28,0.273,2.403544921314449e-06,True
-0.28,0.274,2.789342831199804e-06,True
-0.28,0.275,3.276400825780179e-06,True
-0.28,0.276,3.864636539585575e-06,True
-0.28,0.277,4.553967105991319e-06,True
-0.28,0.278,5.344309158727967e-06,True
-0.28,0.279,6.235578833013733e-06,True
-0.28,0.28,7.227691767597299e-06,True
-0.28,0.281,8.320563105690405e-06,True
-0.28,0.28200000000000003,9.514107496810809e-06,True
-0.28,0.28300000000000003,1.0808239098247796e-05,True
-0.28,0.28400000000000003,1.2202871576283415e-05,True
-0.28,0.28500000000000003,1.3697918108124263e-05,True
-0.28,0.28600000000000003,1.5293291383189357e-05,True
-0.28,0.28700000000000003,1.698890360446459e-05,True
-0.28,0.28800000000000003,1.878466649032351e-05,True
-0.28,0.28900000000000003,2.0680491275992806e-05,True
-0.28,0.29000000000000004,2.267628871481797e-05,True
-0.28,0.29100000000000004,2.4771969080239487e-05,True
-0.28,0.29200000000000004,2.6967442166903055e-05,True
-0.28,0.29300000000000004,2.9262617292435956e-05,True
-0.28,0.29400000000000004,3.165740329893474e-05,True
-0.28,0.295,3.4151708554608363e-05,True
-0.28,0.296,3.6745440955177064e-05,True
-0.28,0.297,3.9438507925582125e-05,True
-0.28,0.298,4.22308164213181e-05,True
-0.28,0.299,4.512227293038684e-05,True
-0.28,0.3,4.8112783474496545e-05,True
-0.28,0.301,5.1202253610838075e-05,True
-0.28,0.302,5.4390588433572694e-05,True
-0.28,0.303,5.7677692575497376e-05,True
-0.28,0.304,6.106347020964353e-05,True
-0.28,0.305,6.454782505067591e-05,True
-0.28,0.306,6.813066035675775e-05,True
-0.28,0.307,7.181187893101626e-05,True
-0.28,0.308,7.559138312307478e-05,True
-0.28,0.309,7.946907483085131e-05,True
-0.28,0.31,8.344485550193514e-05,True
-0.28,0.311,8.751862613545213e-05,True
-0.28,0.312,9.169028728346351e-05,True
-0.28,0.313,9.595973905274224e-05,True
-0.28,0.314,0.00010032688110630516,True
-0.28,0.315,0.0001047916126651005,True
-0.28,0.316,0.00010935383250958442,True
-0.28,0.317,0.00011401343898134186,True
-0.28,0.318,0.00011877032998490744,True
-0.28,0.319,0.0001236244029890976,True
-0.28,0.32,0.0001285755550290535,True
-0.28,0.321,0.00013362368270739556,True
-0.28,0.322,0.00013876868219626638,True
-0.28,0.323,0.0001440104492390182,True
-0.28,0.324,0.00014934887915145633,True
-0.28,0.325,0.00015478386682390432,True
-0.28,0.32599999999999996,0.00016031530672269145,True
-0.28,0.32699999999999996,0.00016594309289192922,True
-0.28,0.32799999999999996,0.00017166711895491015,True
-0.28,0.32899999999999996,0.00017748727811619513,True
-0.28,0.32999999999999996,0.00018340346316301215,True
-0.28,0.33099999999999996,0.00018941556646681068,True
-0.28,0.33199999999999996,0.00019552347998543773,True
-0.28,0.33299999999999996,0.00020172709526429246,True
-0.28,0.33399999999999996,0.0002080263034383023,True
-0.28,0.33499999999999996,0.00021442099523347747,True
-0.28,0.33599999999999997,0.00022091106096879808,True
-0.28,0.33699999999999997,0.00022749639055765769,True
-0.28,0.33799999999999997,0.00023417687350979488,True
-0.28,0.33899999999999997,0.00024095239893271448,True
-0.28,0.33999999999999997,0.00024782285553368586,True
-0.28,0.34099999999999997,0.0002547881316213196,True
-0.28,0.34199999999999997,0.0002618481151071883,True
-0.28,0.34299999999999997,0.0002690026935078027,True
-0.28,0.344,0.0002762517539458997,True
-0.28,0.345,0.00028359518315252964,True
-0.28,0.346,0.00029103286746867685,True
-0.28,0.347,0.00029856469284690325,True
-0.28,0.348,0.00030619054485303554,True
-0.28,0.349,0.000313910308668075,True
-0.28,0.35,0.0003217238690897517,True
-0.28,0.351,0.00032963111053436745,True
-0.28,0.352,0.00033763191703839457,True
-0.28,0.353,0.0003457261722603189,True
-0.28,0.354,0.00035391375948232715,True
-0.28,0.355,0.0003621945616121058,True
-0.28,0.356,0.0003705684611843285,True
-0.28,0.357,0.00037903534036285433,True
-0.28,0.358,0.0003875950809420381,True
-0.28,0.359,0.00039624756434866184,True
-0.28,0.36,0.0004049926716435781,True
-0.28,0.361,0.00041383028352375283,True
-0.28,0.362,0.0004227602803234864,True
-0.28,0.363,0.00043178254201670097,True
-0.28,0.364,0.00044089694821838334,True
-0.28,0.365,0.0004501033781863395,True
-0.28,0.366,0.0004594017108231485,True
-0.28,0.367,0.00046879182467765015,True
-0.28,0.368,0.0004782735979468322,True
-0.28,0.369,0.00048784690847769596,True
-0.28,0.37,0.0004975116337689433,True
-0.28,0.371,0.0005072676509724428,True
-0.28,0.372,0.0005171148368955158,True
-0.28,0.373,0.0005270530680023588,True
-0.28,0.374,0.0005370822204157965,True
-0.28,0.375,0.0005472021699191477,True
-0.28,0.376,0.0005574127919580673,True
-0.28,0.377,0.0005677139616421467,True
-0.28,0.378,0.000578105553746755,True
-0.28,0.379,0.0005885874427148608,True
-0.28,0.38,0.0005991595026586305,True
-0.28,0.381,0.0006098216073614049,True
-0.28,0.382,0.0006205736302793196,True
-0.28,0.383,0.0006314154445432596,True
-0.28,0.384,0.0006423469229603018,True
-0.28,0.385,0.0006533679380158919,True
-0.28,0.386,0.0006644783618753092,True
-0.28,0.387,0.000675678066385621,True
-0.28,0.388,0.0006869669230773034,True
-0.28,0.389,0.0006983448031661066,True
-0.28,0.39,0.0007098115775550085,True
-0.28,0.391,0.000721367116835614,True
-0.28,0.392,0.000733011291290242,True
-0.28,0.393,0.0007447439708934578,True
-0.28,0.394,0.0007565650253141598,True
-0.28,0.395,0.0007684743239170899,True
-0.28,0.396,0.0007804717357647428,True
-0.28,0.397,0.0007925571296190537,True
-0.28,0.398,0.0008047303739433298,True
-0.28,0.399,0.0008169913369037829,True
-0.28,0.4,0.0008293398863716605,True
-0.28,0.401,0.0008417758899247118,True
-0.28,0.402,0.0008542992148490303,True
-0.28,0.403,0.0008669097281410743,True
-0.28,0.404,0.000879607296509044,True
-0.28,0.405,0.0008923917863750575,True
-0.28,0.406,0.0009052630638766157,True
-0.28,0.40700000000000003,0.0009182209948686238,True
-0.28,0.40800000000000003,0.0009312654449251001,True
-0.28,0.40900000000000003,0.0009443962793407312,True
-0.28,0.41000000000000003,0.000957613363133003,True
-0.28,0.41100000000000003,0.0009709165610439329,True
-0.28,0.41200000000000003,0.0009843057375414244,True
-0.28,0.41300000000000003,0.00099778075682162,True
-0.28,0.41400000000000003,0.0010113414828103683,True
-0.28,0.41500000000000004,0.0010249877791649765,True
-0.28,0.41600000000000004,0.0010387195092762536,True
-0.28,0.41700000000000004,0.001052536536269888,True
-0.28,0.41800000000000004,0.0010664387230084672,True
-0.28,0.41900000000000004,0.0010804259320935205,True
-0.28,0.42000000000000004,0.0010944980258666525,True
-0.28,0.42100000000000004,0.0011086548664117845,True
-0.28,0.42200000000000004,0.0011228963155570204,True
-0.28,0.42300000000000004,0.0011372222348759787,True
-0.28,0.42400000000000004,0.0011516324856898352,True
-0.28,0.42500000000000004,0.001166126929069078,True
-0.28,0.42600000000000005,0.001180705425835482,True
-0.28,0.42700000000000005,0.001195367836563399,True
-0.28,0.42800000000000005,0.0012101140215820204,True
-0.28,0.42900000000000005,0.0012249438409767776,True
-0.28,0.43000000000000005,0.0012398571545912285,True
-0.28,0.43100000000000005,0.0012548538220291672,True
-0.28,0.43200000000000005,0.0012699337026557123,True
-0.28,0.43300000000000005,0.0012850966555996378,True
-0.28,0.43400000000000005,0.0013003425397550838,True
-0.28,0.43500000000000005,0.0013156712137829096,True
-0.28,0.43600000000000005,0.0013310825361129818,True
-0.28,0.43700000000000006,0.0013465763649455286,True
-0.28,0.43800000000000006,0.0013621525582532047,True
-0.28,0.43899999999999995,0.0013778109737826894,True
-0.28,0.43999999999999995,0.0013935514690563756,True
-0.28,0.44099999999999995,0.0014093739013743,True
-0.28,0.44199999999999995,0.0014252781278159877,True
-0.28,0.44299999999999995,0.0014412640052417825,True
-0.28,0.44399999999999995,0.0014573313902949802,True
-0.28,0.44499999999999995,0.0014734801394036268,True
-0.28,0.44599999999999995,0.0014897101087818277,True
-0.28,0.44699999999999995,0.0015060211544320802,True
-0.28,0.44799999999999995,0.0015224131321465828,True
-0.28,0.44899999999999995,0.0015388858975091458,True
-0.28,0.44999999999999996,0.0015554393058970107,True
-0.28,0.45099999999999996,0.0015720732124823388,True
-0.28,0.45199999999999996,0.0015887874722344097,True
-0.28,0.45299999999999996,0.001605581939920775,True
-0.28,0.45399999999999996,0.0016224564701095901,True
-0.28,0.45499999999999996,0.001639410917170836,True
-0.28,0.45599999999999996,0.0016564451352785615,True
-0.28,0.45699999999999996,0.0016735589784120596,True
-0.28,0.45799999999999996,0.0016907523003581782,True
-0.28,0.45899999999999996,0.0017080249547124949,True
-0.28,0.45999999999999996,0.0017253767948816501,True
-0.28,0.46099999999999997,0.0017428076740844344,True
-0.28,0.46199999999999997,0.0017603174453539872,True
-0.28,0.46299999999999997,0.001777905961539461,True
-0.28,0.46399999999999997,0.0017955730753075106,True
-0.28,0.46499999999999997,0.0018133186391441568,True
-0.28,0.46599999999999997,0.0018311425053566311,True
-0.28,0.46699999999999997,0.0018490445260749056,True
-0.28,0.46799999999999997,0.001867024553253427,True
-0.28,0.469,0.0018850824386730026,True
-0.28,0.47,0.0019032180339422888,True
-0.28,0.471,0.0019214311904996561,True
-0.28,0.472,0.0019397217596148764,True
-0.28,0.473,0.0019580895923907216,True
-0.28,0.474,0.001976534539764785,True
-0.28,0.475,0.001995056452511168,True
-0.28,0.476,0.002013655181242169,True
-0.28,0.477,0.0020323305764099243,True
-0.28,0.478,0.002051082488308165,True
-0.28,0.479,0.002069910767073879,True
-0.28,0.48,0.0020888152626891364,True
-0.28,0.481,0.0021077958249824834,True
-0.28,0.482,0.0021268523036309882,True
-0.28,0.483,0.0021459845481615948,True
-0.28,0.484,0.0021651924079530314,False
-0.28,0.485,0.0021844757322374343,False
-0.28,0.486,0.002203834370101898,False
-0.28,0.487,0.0022232681704903224,False
-0.28,0.488,0.002242776982205141,False
-0.28,0.489,0.002262360653908746,False
-0.28,0.49,0.0022820190341251933,False
-0.28,0.491,0.0023017519712421387,False
-0.28,0.492,0.0023215593135121892,False
-0.28,0.493,0.0023414409090547704,False
-0.28,0.494,0.002361396605857613,False
-0.28,0.495,0.00238142625177864,False
-0.28,0.496,0.0024015296945473,False
-0.28,0.497,0.0024217067817665417,False
-0.28,0.498,0.0024419573609141708,False
-0.28,0.499,0.0024622812793448023,False
-0.28,0.5,0.0024826783842911483,False
-0.21000000000000002,0.15,0.0005991932271277811,True
-0.21000000000000002,0.151,0.0005883453104184033,True
-0.21000000000000002,0.152,0.0005776036196623924,True
-0.21000000000000002,0.153,0.0005669681388652314,True
-0.21000000000000002,0.154,0.0005564388514075258,True
-0.21000000000000002,0.155,0.0005460157400454469,True
-0.21000000000000002,0.156,0.000535698786911265,True
-0.21000000000000002,0.157,0.0005254879735141716,True
-0.21000000000000002,0.158,0.0005153832807409442,True
-0.21000000000000002,0.159,0.0005053846888563474,True
-0.21000000000000002,0.16,0.0004954921775043531,True
-0.21000000000000002,0.161,0.0004857057257082742,True
-0.21000000000000002,0.162,0.0004760253118717639,True
-0.21000000000000002,0.163,0.0004664509137794814,True
-0.21000000000000002,0.164,0.0004569825085978252,True
-0.21000000000000002,0.16499999999999998,0.0004476200728755986,True
-0.21000000000000002,0.16599999999999998,0.00043836358254469856,True
-0.21000000000000002,0.16699999999999998,0.0004292130129211147,True
-0.21000000000000002,0.16799999999999998,0.0004201683387053734,True
-0.21000000000000002,0.16899999999999998,0.0004112295339833816,True
-0.21000000000000002,0.16999999999999998,0.00040239657222733704,True
-0.21000000000000002,0.17099999999999999,0.0003936694262964835,True
-0.21000000000000002,0.172,0.0003850480684376434,True
-0.21000000000000002,0.173,0.0003765324702862616,True
-0.21000000000000002,0.174,0.00036812260286716024,True
-0.21000000000000002,0.175,0.0003598184365953383,True
-0.21000000000000002,0.176,0.0003516199412767262,True
-0.21000000000000002,0.177,0.00034352708610916325,True
-0.21000000000000002,0.178,0.00033553983968295233,True
-0.21000000000000002,0.179,0.0003276581699820591,True
-0.21000000000000002,0.18,0.0003198820443847117,True
-0.21000000000000002,0.181,0.00031221142966433304,True
-0.21000000000000002,0.182,0.00030464629199051797,True
-0.21000000000000002,0.183,0.0002971865969295884,True
-0.21000000000000002,0.184,0.0002898323094459476,True
-0.21000000000000002,0.185,0.0002825833939025246,True
-0.21000000000000002,0.186,0.0002754398140619063,True
-0.21000000000000002,0.187,0.0002684015330872702,True
-0.21000000000000002,0.188,0.0002614685135432282,True
-0.21000000000000002,0.189,0.00025464071739667027,True
-0.21000000000000002,0.19,0.0002479181060178748,True
-0.21000000000000002,0.191,0.0002413006401812412,True
-0.21000000000000002,0.192,0.00023478828006657794,True
-0.21000000000000002,0.193,0.00022838098525952423,True
-0.21000000000000002,0.194,0.00022207871475297126,True
-0.21000000000000002,0.195,0.00021588142694792812,True
-0.21000000000000002,0.196,0.00020978907965447658,True
-0.21000000000000002,0.197,0.00020380163009245945,True
-0.21000000000000002,0.198,0.00019791903489312367,True
-0.21000000000000002,0.199,0.00019214125009938687,True
-0.21000000000000002,0.2,0.00018646823116743593,True
-0.21000000000000002,0.201,0.00018089993296745987,True
-0.21000000000000002,0.202,0.00017543630978469337,True
-0.21000000000000002,0.20299999999999999,0.00017007731532034943,True
-0.21000000000000002,0.204,0.00016482290269308474,True
-0.21000000000000002,0.205,0.00015967302443939957,True
-0.21000000000000002,0.206,0.00015462763251528067,True
-0.21000000000000002,0.207,0.00014968667829684534,True
-0.21000000000000002,0.208,0.0001448501125817403,True
-0.21000000000000002,0.209,0.00014011788558985217,True
-0.21000000000000002,0.21,0.0001354899469648174,True
-0.21000000000000002,0.211,0.00013096624577466632,True
-0.21000000000000002,0.212,0.00012654673051326615,True
-0.21000000000000002,0.213,0.0001222313491012317,True
-0.21000000000000002,0.214,0.00011802004888714635,True
-0.21000000000000002,0.215,0.00011391277664860589,True
-0.21000000000000002,0.216,0.00010990947859335076,True
-0.21000000000000002,0.217,0.00010601010036048741,True
-0.21000000000000002,0.218,0.00010221458702146524,True
-0.21000000000000002,0.219,9.852288308125346e-05,True
-0.21000000000000002,0.22,9.493493247976214e-05,True
-0.21000000000000002,0.221,9.145067859259726e-05,True
-0.21000000000000002,0.222,8.807006423250385e-05,True
-0.21000000000000002,0.22299999999999998,8.479303165052077e-05,True
-0.21000000000000002,0.22399999999999998,8.161952253682436e-05,True
-0.21000000000000002,0.22499999999999998,7.854947802248269e-05,True
-0.21000000000000002,0.22599999999999998,7.558283868025484e-05,True
-0.21000000000000002,0.22699999999999998,7.271954452572337e-05,True
-0.21000000000000002,0.22799999999999998,6.995953501895969e-05,True
-0.21000000000000002,0.22899999999999998,6.730274906519007e-05,True
-0.21000000000000002,0.22999999999999998,6.47491250163057e-05,True
-0.21000000000000002,0.23099999999999998,6.229860067219484e-05,True
-0.21000000000000002,0.23199999999999998,5.9951113281631053e-05,True
-0.21000000000000002,0.23299999999999998,5.770659954384971e-05,True
-0.21000000000000002,0.23399999999999999,5.556499560961381e-05,True
-0.21000000000000002,0.235,5.352623708239079e-05,True
-0.21000000000000002,0.236,5.159025901984027e-05,True
-0.21000000000000002,0.237,4.975699593501304e-05,True
-0.21000000000000002,0.238,4.8026381797394715e-05,True
-0.21000000000000002,0.239,4.639835003450443e-05,True
-0.21000000000000002,0.24,4.4872833532849656e-05,True
-0.21000000000000002,0.241,4.3449764639658106e-05,True
-0.21000000000000002,0.242,4.212907516369935e-05,True
-0.21000000000000002,0.243,4.0910696376861286e-05,True
-0.21000000000000002,0.244,3.979455901534923e-05,True
-0.21000000000000002,0.245,3.8780593281106945e-05,True
-0.21000000000000002,0.246,3.786872884308235e-05,True
-0.21000000000000002,0.247,3.705889483844871e-05,True
-0.21000000000000002,0.248,3.635101987404798e-05,True
-0.21000000000000002,0.249,3.5745032027767466e-05,True
-0.21000000000000002,0.25,3.5240858849716614e-05,True
-0.21000000000000002,0.251,3.4838427363892424e-05,True
-0.21000000000000002,0.252,3.4537664069023144e-05,True
-0.21000000000000002,0.253,3.433849494045571e-05,True
-0.21000000000000002,0.254,3.4240845431177116e-05,True
-0.21000000000000002,0.255,3.424464047336872e-05,True
-0.21000000000000002,0.256,3.4349804479583135e-05,True
-0.21000000000000002,0.257,3.455626134447609e-05,True
-0.21000000000000002,0.258,3.486393444580571e-05,True
-0.21000000000000002,0.259,3.527274664592017e-05,True
-0.21000000000000002,0.26,3.578262029353407e-05,True
-0.21000000000000002,0.261,3.639347722461661e-05,True
-0.21000000000000002,0.262,3.7105238763901484e-05,True
-0.21000000000000002,0.263,3.791782572668545e-05,True
-0.21000000000000002,0.264,3.883115841982754e-05,True
-0.21000000000000002,0.265,3.984515664332555e-05,True
-0.21000000000000002,0.266,4.0959739691692756e-05,True
-0.21000000000000002,0.267,4.21748263556454e-05,True
-0.21000000000000002,0.268,4.349033492319076e-05,True
-0.21000000000000002,0.269,4.490618318115924e-05,True
-0.21000000000000002,0.27,4.642228841689189e-05,True
-0.21000000000000002,0.271,4.803856741943946e-05,True
-0.21000000000000002,0.272,4.975493648111673e-05,True
-0.21000000000000002,0.273,5.157131139892357e-05,True
-0.21000000000000002,0.274,5.348760747616588e-05,True
-0.21000000000000002,0.275,5.550373952367682e-05,True
-0.21000000000000002,0.276,5.76196218616154e-05,True
-0.21000000000000002,0.277,5.9835168320643284e-05,True
-0.21000000000000002,0.278,6.215029224347912e-05,True
-0.21000000000000002,0.279,6.456490648669711e-05,True
-0.21000000000000002,0.28,6.70789234218816e-05,True
-0.21000000000000002,0.281,6.969225493711484e-05,True
-0.21000000000000002,0.28200000000000003,7.24048124387533e-05,True
-0.21000000000000002,0.28300000000000003,7.521650685280435e-05,True
-0.21000000000000002,0.28400000000000003,7.812724862636955e-05,True
-0.21000000000000002,0.28500000000000003,8.11369477292878e-05,True
-0.21000000000000002,0.28600000000000003,8.424551365564526e-05,True
-0.21000000000000002,0.28700000000000003,8.745285542506309e-05,True
-0.21000000000000002,0.28800000000000003,9.075888158469603e-05,True
-0.21000000000000002,0.28900000000000003,9.41635002104757e-05,True
-0.21000000000000002,0.29000000000000004,9.766661890855399e-05,True
-0.21000000000000002,0.29100000000000004,0.00010126814481712377,True
-0.21000000000000002,0.29200000000000004,0.00010496798460783996,True
-0.21000000000000002,0.29300000000000004,0.00010876604448717409,True
-0.21000000000000002,0.29400000000000004,0.00011266223019850141,True
-0.21000000000000002,0.295,0.00011665644702310018,True
-0.21000000000000002,0.296,0.0001207485997820834,True
-0.21000000000000002,0.297,0.00012493859283775334,True
-0.21000000000000002,0.298,0.00012922633009535556,True
-0.21000000000000002,0.299,0.00013361171500458902,True
-0.21000000000000002,0.3,0.000138094650561138,True
-0.21000000000000002,0.301,0.00014267503930831538,True
-0.21000000000000002,0.302,0.00014735278333855018,True
-0.21000000000000002,0.303,0.00015212778429527508,True
-0.21000000000000002,0.304,0.00015699994337412538,True
-0.21000000000000002,0.305,0.00016196916132487081,True
-0.21000000000000002,0.306,0.0001670353384529033,True
-0.21000000000000002,0.307,0.0001721983746207023,True
-0.21000000000000002,0.308,0.00017745816924967793,True
-0.21000000000000002,0.309,0.00018281462132181404,True
-0.21000000000000002,0.31,0.00018826762938091158,True
-0.21000000000000002,0.311,0.00019381709153465376,True
-0.21000000000000002,0.312,0.00019946290545602707,True
-0.21000000000000002,0.313,0.00020520496838487555,True
-0.21000000000000002,0.314,0.00021104317712987707,True
-0.21000000000000002,0.315,0.00021697742806963126,True
-0.21000000000000002,0.316,0.00022300761715483565,True
-0.21000000000000002,0.317,0.00022913363990966217,True
-0.21000000000000002,0.318,0.00023535539143328953,True
-0.21000000000000002,0.319,0.0002416727664020124,True
-0.21000000000000002,0.32,0.0002480856590702851,True
-0.21000000000000002,0.321,0.00025459396327287553,True
-0.21000000000000002,0.322,0.0002611975724262416,True
-0.21000000000000002,0.323,0.0002678963795304412,True
-0.21000000000000002,0.324,0.0002746902771703308,True
-0.21000000000000002,0.325,0.0002815791575179638,True
-0.21000000000000002,0.32599999999999996,0.000288562912333501,True
-0.21000000000000002,0.32699999999999996,0.0002956414329673862,True
-0.21000000000000002,0.32799999999999996,0.00030281461036181235,True
-0.21000000000000002,0.32899999999999996,0.0003100823350525417,True
-0.21000000000000002,0.32999999999999996,0.000317444497170416,True
-0.21000000000000002,0.33099999999999996,0.0003249009864431551,True
-0.21000000000000002,0.33199999999999996,0.0003324516921969334,True
-0.21000000000000002,0.33299999999999996,0.00034009650335831143,True
-0.21000000000000002,0.33399999999999996,0.00034783530845556855,True
-0.21000000000000002,0.33499999999999996,0.0003556679956208342,True
-0.21000000000000002,0.33599999999999997,0.0003635944525913759,True
-0.21000000000000002,0.33699999999999997,0.00037161456671148675,True
-0.21000000000000002,0.33799999999999997,0.0003797282249342393,True
-0.21000000000000002,0.33899999999999997,0.00038793531382308455,True
-0.21000000000000002,0.33999999999999997,0.0003962357195535393,True
-0.21000000000000002,0.34099999999999997,0.00040462932791511806,True
-0.21000000000000002,0.34199999999999997,0.00041311602431266526,True
-0.21000000000000002,0.34299999999999997,0.0004216956937684868,True
-0.21000000000000002,0.344,0.00043036822092363814,True
-0.21000000000000002,0.345,0.00043913349004010005,True
-0.21000000000000002,0.346,0.0004479913850020889,True
-0.21000000000000002,0.347,0.00045694178931805497,True
-0.21000000000000002,0.348,0.0004659845861222145,True
-0.21000000000000002,0.349,0.0004751196581764372,True
-0.21000000000000002,0.35,0.0004843468878718671,True
-0.21000000000000002,0.351,0.0004936661572306766,True
-0.21000000000000002,0.352,0.0005030773479078654,True
-0.21000000000000002,0.353,0.000512580341192792,True
-0.21000000000000002,0.354,0.0005221750180112395,True
-0.21000000000000002,0.355,0.0005318612589267913,True
-0.21000000000000002,0.356,0.0005416389441428749,True
-0.21000000000000002,0.357,0.0005515079535042489,True
-0.21000000000000002,0.358,0.0005614681664989574,True
-0.21000000000000002,0.359,0.0005715194622599506,True
-0.21000000000000002,0.36,0.0005816617195667728,True
-0.21000000000000002,0.361,0.0005918948168475158,True
-0.21000000000000002,0.362,0.0006022186321803735,True
-0.21000000000000002,0.363,0.0006126330432954186,True
-0.21000000000000002,0.364,0.0006231379275765114,True
-0.21000000000000002,0.365,0.000633733162062855,True
-0.21000000000000002,0.366,0.0006444186234507709,True
-0.21000000000000002,0.367,0.0006551941880956092,True
-0.21000000000000002,0.368,0.0006660597320132577,True
-0.21000000000000002,0.369,0.0006770151308822525,True
-0.21000000000000002,0.37,0.0006880602600451314,True
-0.21000000000000002,0.371,0.0006991949945105213,True
-0.21000000000000002,0.372,0.0007104192089546268,True
-0.21000000000000002,0.373,0.0007217327777232052,True
-0.21000000000000002,0.374,0.0007331355748332102,True
-0.21000000000000002,0.375,0.0007446274739746572,True
-0.21000000000000002,0.376,0.0007562083485121995,True
-0.21000000000000002,0.377,0.0007678780714871491,True
-0.21000000000000002,0.378,0.0007796365156189644,True
-0.21000000000000002,0.379,0.0007914835533073372,True
-0.21000000000000002,0.38,0.0008034190566335919,True
-0.21000000000000002,0.381,0.0008154428973626837,True
-0.21000000000000002,0.382,0.0008275549469449972,True
-0.21000000000000002,0.383,0.0008397550765179673,True
-0.21000000000000002,0.384,0.0008520431569079889,True
-0.21000000000000002,0.385,0.0008644190586320599,True
-0.21000000000000002,0.386,0.0008768826518995576,True
-0.21000000000000002,0.387,0.0008894338066141927,True
-0.21000000000000002,0.388,0.0009020723923755414,True
-0.21000000000000002,0.389,0.000914798278480955,True
-0.21000000000000002,0.39,0.0009276113339273361,True
-0.21000000000000002,0.391,0.0009405114274127824,True
-0.21000000000000002,0.392,0.0009534984273385838,True
-0.21000000000000002,0.393,0.0009665722018107559,True
-0.21000000000000002,0.394,0.000979732618641993,True
-0.21000000000000002,0.395,0.0009929795453532675,True
-0.21000000000000002,0.396,0.0010063128491759165,True
-0.21000000000000002,0.397,0.0010197323970528639,True
-0.21000000000000002,0.398,0.001033238055641017,True
-0.21000000000000002,0.399,0.0010468296913126673,True
-0.21000000000000002,0.4,0.001060507170157421,True
-0.21000000000000002,0.401,0.0010742703579837754,True
-0.21000000000000002,0.402,0.0010881191203211404,True
-0.21000000000000002,0.403,0.0011020533224213702,True
-0.21000000000000002,0.404,0.001116072829260828,True
-0.21000000000000002,0.405,0.0011301775055418961,True
-0.21000000000000002,0.406,0.0011443672156948193,True
-0.21000000000000002,0.40700000000000003,0.0011586418238795694,True
-0.21000000000000002,0.40800000000000003,0.0011730011939875772,True
-0.21000000000000002,0.40900000000000003,0.0011874451896434213,True
-0.21000000000000002,0.41000000000000003,0.0012019736742066467,True
-0.21000000000000002,0.41100000000000003,0.0012165865107736317,True
-0.21000000000000002,0.41200000000000003,0.0012312835621792306,True
-0.21000000000000002,0.41300000000000003,0.001246064690998594,True
-0.21000000000000002,0.41400000000000003,0.00126092975954899,True
-0.21000000000000002,0.41500000000000004,0.0012758786298913804,True
-0.21000000000000002,0.41600000000000004,0.0012909111638326643,True
-0.21000000000000002,0.41700000000000004,0.001306027222926698,True
-0.21000000000000002,0.41800000000000004,0.0013212266684767382,True
-0.21000000000000002,0.41900000000000004,0.0013365093615369306,True
-0.21000000000000002,0.42000000000000004,0.0013518751629140624,True
-0.21000000000000002,0.42100000000000004,0.0013673239331694065,True
-0.21000000000000002,0.42200000000000004,0.0013828555326204084,True
-0.21000000000000002,0.42300000000000004,0.0013984698213425739,True
-0.21000000000000002,0.42400000000000004,0.001414166659171001,True
-0.21000000000000002,0.42500000000000004,0.00142994590570249,True
-0.21000000000000002,0.42600000000000005,0.001445807420296985,True
-0.21000000000000002,0.42700000000000005,0.001461751062079486,True
-0.21000000000000002,0.42800000000000005,0.0014777766899418455,True
-0.21000000000000002,0.42900000000000005,0.0014938841625443677,True
-0.21000000000000002,0.43000000000000005,0.0015100733383177634,True
-0.21000000000000002,0.43100000000000005,0.0015263440754648804,True
-0.21000000000000002,0.43200000000000005,0.0015426962319621928,True
-0.21000000000000002,0.43300000000000005,0.0015591296655619758,True
-0.21000000000000002,0.43400000000000005,0.0015756442337936604,True
-0.21000000000000002,0.43500000000000005,0.0015922397939659217,True
-0.21000000000000002,0.43600000000000005,0.0016089162031682758,True
-0.21000000000000002,0.43700000000000006,0.0016256733182727023,True
-0.21000000000000002,0.43800000000000006,0.0016425109959356643,True
-0.21000000000000002,0.43899999999999995,0.0016594290925997734,True
-0.21000000000000002,0.43999999999999995,0.0016764274644953225,True
-0.21000000000000002,0.44099999999999995,0.0016935059676423281,True
-0.21000000000000002,0.44199999999999995,0.0017106644578521514,True
-0.21000000000000002,0.44299999999999995,0.0017279027907291411,True
-0.21000000000000002,0.44399999999999995,0.0017452208216724996,True
-0.21000000000000002,0.44499999999999995,0.001762618405878169,True
-0.21000000000000002,0.44599999999999995,0.0017800953983402312,True
-0.21000000000000002,0.44699999999999995,0.0017976516538528386,True
-0.21000000000000002,0.44799999999999995,0.0018152870270119249,True
-0.21000000000000002,0.44899999999999995,0.0018330013722170468,True
-0.21000000000000002,0.44999999999999996,0.0018507945436728734,True
-0.21000000000000002,0.45099999999999996,0.001868666395391183,True
-0.21000000000000002,0.45199999999999996,0.0018866167811924406,True
-0.21000000000000002,0.45299999999999996,0.0019046455547074848,True
-0.21000000000000002,0.45399999999999996,0.001922752569379438,True
-0.21000000000000002,0.45499999999999996,0.0019409376784652378,True
-0.21000000000000002,0.45599999999999996,0.0019592007350374583,True
-0.21000000000000002,0.45699999999999996,0.0019775415919861318,True
-0.21000000000000002,0.45799999999999996,0.001995960102020167,True
-0.21000000000000002,0.45899999999999996,0.002014456117669439,True
-0.21000000000000002,0.45999999999999996,0.0020330294912862534,False
-0.21000000000000002,0.46099999999999997,0.0020516800750470577,False
-0.21000000000000002,0.46199999999999997,0.002070407720954348,False
-0.21000000000000002,0.46299999999999997,0.0020892122808380932,False
-0.21000000000000002,0.46399999999999997,0.002108093606357997,False
-0.21000000000000002,0.46499999999999997,0.0021270515490042774,False
-0.21000000000000002,0.46599999999999997,0.0021460859601003302,False
-0.21000000000000002,0.46699999999999997,0.002165196690803839,False
-0.21000000000000002,0.46799999999999997,0.0021843835921087295,False
-0.21000000000000002,0.469,0.0022036465148466355,False
-0.21000000000000002,0.47,0.0022229853096890294,False
-0.21000000000000002,0.471,0.0022423998271484,False
-0.21000000000000002,0.472,0.002261889917580229,False
-0.21000000000000002,0.473,0.0022814554311847202,False
-0.21000000000000002,0.474,0.002301096218008403,False
-0.21000000000000002,0.475,0.0023208121279456816,False
-0.21000000000000002,0.476,0.0023406030107407717,False
-0.21000000000000002,0.477,0.0023604687159892944,False
-0.21000000000000002,0.478,0.00238040909313979,False
-0.21000000000000002,0.479,0.002400423991495737,False
-0.21000000000000002,0.48,0.002420513260216706,False
-0.21000000000000002,0.481,0.0024406767483208026,False
-0.21000000000000002,0.482,0.0024609143046853354,False
-0.21000000000000002,0.483,0.0024812257780495893,False
-0.21000000000000002,0.484,0.0025016110170154038,False
-0.21000000000000002,0.485,0.002522069870049837,False
-0.21000000000000002,0.486,0.002542602185485898,False
-0.21000000000000002,0.487,0.0025632078115249922,False
-0.21000000000000002,0.488,0.0025838865962381163,False
-0.21000000000000002,0.489,0.0026046383875676813,False
-0.21000000000000002,0.49,0.002625463033328934,False
-0.21000000000000002,0.491,0.0026463603812120207,False
-0.21000000000000002,0.492,0.0026673302787832754,False
-0.21000000000000002,0.493,0.0026883725734869524,False
-0.21000000000000002,0.494,0.0027094871126469356,False
-0.21000000000000002,0.495,0.002730673743468315,False
-0.21000000000000002,0.496,0.0027519323130390516,False
-0.21000000000000002,0.497,0.0027732626683315553,False
-0.21000000000000002,0.498,0.002794664656204393,False
-0.21000000000000002,0.499,0.002816138123403822,False
-0.21000000000000002,0.5,0.002837682916565476,False
-0.14,0.15,0.001130350069597208,True
-0.14,0.151,0.0011162065313445435,True
-0.14,0.152,0.0011021634643654022,True
-0.14,0.153,0.0010882208651379788,True
-0.14,0.154,0.0010743787295423024,True
-0.14,0.155,0.0010606370528604137,True
-0.14,0.156,0.001046995829777253,True
-0.14,0.157,0.0010334550543807052,True
-0.14,0.158,0.0010200147201625321,True
-0.14,0.159,0.001006674820018727,True
-0.14,0.16,0.0009934353462500267,True
-0.14,0.161,0.0009802962905624435,True
-0.14,0.162,0.0009672576440680203,True
-0.14,0.163,0.0009543193972850084,True
-0.14,0.164,0.0009414815401389998,True
-0.14,0.16499999999999998,0.0009287440619628829,True
-0.14,0.16599999999999998,0.0009161069514978193,True
-0.14,0.16699999999999998,0.0009035701968938215,True
-0.14,0.16799999999999998,0.000891133785710263,True
-0.14,0.16899999999999998,0.0008787977049163898,True
-0.14,0.16999999999999998,0.0008665619408921854,True
-0.14,0.17099999999999999,0.0008544264794288159,True
-0.14,0.172,0.0008423913057293397,True
-0.14,0.173,0.0008304564044093965,True
-0.14,0.174,0.0008186217594976953,True
-0.14,0.175,0.0008068873544369026,True
-0.14,0.176,0.000795253172084065,True
-0.14,0.177,0.0007837191947114742,True
-0.14,0.178,0.0007722854040073335,True
-0.14,0.179,0.0007609517810763577,True
-0.14,0.18,0.0007497183064404834,True
-0.14,0.181,0.0007385849600397343,True
-0.14,0.182,0.0007275517212326444,True
-0.14,0.183,0.000716618568797367,True
-0.14,0.184,0.000705785480932053,True
-0.14,0.185,0.0006950524352558274,True
-0.14,0.186,0.0006844194088093891,True
-0.14,0.187,0.000673886378055788,True
-0.14,0.188,0.0006634533188813573,True
-0.14,0.189,0.0006531202065963137,True
-0.14,0.19,0.0006428870159354228,True
-0.14,0.191,0.0006327537210591982,True
-0.14,0.192,0.0006227202955542133,True
-0.14,0.193,0.000612786712434299,True
-0.14,0.194,0.0006029529441410108,True
-0.14,0.195,0.0005932189625447615,True
-0.14,0.196,0.0005835847389454418,True
-0.14,0.197,0.000574050244073332,True
-0.14,0.198,0.000564615448089878,True
-0.14,0.199,0.0005552803205886691,True
-0.14,0.2,0.0005460448305961707,True
-0.14,0.201,0.0005369089465725452,True
-0.14,0.202,0.0005278726364126296,True
-0.14,0.20299999999999999,0.0005189358674469347,True
-0.14,0.204,0.0005100986064421776,True
-0.14,0.205,0.0005013608196024367,True
-0.14,0.206,0.0004927224725700174,True
-0.14,0.207,0.00048418353042627426,True
-0.14,0.208,0.00047574395769267586,True
-0.14,0.209,0.00046740371833147164,True
-0.14,0.21,0.00045916277574684636,True
-0.14,0.211,0.00045102109278583047,True
-0.14,0.212,0.00044297863173914376,True
-0.14,0.213,0.00043503535434215036,True
-0.14,0.214,0.0004271912217759466,True
-0.14,0.215,0.00041944619466816047,True
-0.14,0.216,0.00041180023309395075,True
-0.14,0.217,0.0004042532965772061,True
-0.14,0.218,0.0003968053440911223,True
-0.14,0.219,0.0003894563340595569,True
-0.14,0.22,0.00038220622435789495,True
-0.14,0.221,0.000375054972314004,True
-0.14,0.222,0.00036800253470914424,True
-0.14,0.22299999999999998,0.00036104886777945657,True
-0.14,0.22399999999999998,0.0003541939272164285,True
-0.14,0.22499999999999998,0.0003474376681681379,True
-0.14,0.22599999999999998,0.0003407800452403853,True
-0.14,0.22699999999999998,0.00033422101249767076,True
-0.14,0.22799999999999998,0.00032776052346425997,True
-0.14,0.22899999999999998,0.0003213985311249612,True
-0.14,0.22999999999999998,0.0003151349879268794,True
-0.14,0.23099999999999998,0.0003089698457797052,True
-0.14,0.23199999999999998,0.00030290305605717993,True
-0.14,0.23299999999999998,0.0002969345695983394,True
-0.14,0.23399999999999999,0.0002910643367081134,True
-0.14,0.235,0.0002852923071589686,True
-0.14,0.236,0.00027961843019155277,True
-0.14,0.237,0.0002740426545162045,True
-0.14,0.238,0.00026856492831357494,True
-0.14,0.239,0.00026318519923640427,True
-0.14,0.24,0.00025790341440985466,True
-0.14,0.241,0.00025271952043348644,True
-0.14,0.242,0.00024763346338176897,True
-0.14,0.243,0.00024264518880543485,True
-0.14,0.244,0.00023775464173261262,True
-0.14,0.245,0.0002329617666701589,True
-0.14,0.246,0.0002282665076046353,True
-0.14,0.247,0.00022366880800333,True
-0.14,0.248,0.00021916861081583416,True
-0.14,0.249,0.00021476585847493012,True
-0.14,0.25,0.00021046049289774604,True
-0.14,0.251,0.0002062524554873324,True
-0.14,0.252,0.00020214168713330593,True
-0.14,0.253,0.0001981281282135372,True
-0.14,0.254,0.00019421171859501651,True
-0.14,0.255,0.00019039239763527505,True
-0.14,0.256,0.00018667010418360608,True
-0.14,0.257,0.00018304477658210861,True
-0.14,0.258,0.00017951635266717504,True
-0.14,0.259,0.00017608476977046817,True
-0.14,0.26,0.00017274996472045335,True
-0.14,0.261,0.0001695118738433532,True
-0.14,0.262,0.00016637043296454656,True
-0.14,0.263,0.00016332557740996733,True
-0.14,0.264,0.00016037724200712589,True
-0.14,0.265,0.00015752536108639691,True
-0.14,0.266,0.00015476986848244055,True
-0.14,0.267,0.00015211069753562345,True
-0.14,0.268,0.00014954778109270704,True
-0.14,0.269,0.00014708105150895712,True
-0.14,0.27,0.00014471044064872095,True
-0.14,0.271,0.00014243587988718164,True
-0.14,0.272,0.0001402573001115126,True
-0.14,0.273,0.00013817463172207666,True
-0.14,0.274,0.000136187804633936,True
-0.14,0.275,0.00013429674827816206,True
-0.14,0.276,0.00013250139160303487,True
-0.14,0.277,0.0001308016630754194,True
-0.14,0.278,0.0001291974906821647,True
-0.14,0.279,0.00012768880193136933,True
-0.14,0.28,0.0001262755238537805,True
-0.14,0.281,0.00012495758300430372,True
-0.14,0.28200000000000003,0.0001237349054627579,True
-0.14,0.28300000000000003,0.00012260741683614018,True
-0.14,0.28400000000000003,0.00012157504225920323,True
-0.14,0.28500000000000003,0.00012063770639623162,True
-0.14,0.28600000000000003,0.00011979533344239624,True
-0.14,0.28700000000000003,0.00011904784712495342,True
-0.14,0.28800000000000003,0.00011839517070479921,True
-0.14,0.28900000000000003,0.00011783722697780163,True
-0.14,0.29000000000000004,0.00011737393827613297,True
-0.14,0.29100000000000004,0.0001170052264696908,True
-0.14,0.29200000000000004,0.00011673101296771904,True
-0.14,0.29300000000000004,0.00011655121871985141,True
-0.14,0.29400000000000004,0.00011646576421773248,True
-0.14,0.295,0.00011647456949646085,True
-0.14,0.296,0.0001165775541358105,True
-0.14,0.297,0.00011677463726194049,True
-0.14,0.298,0.00011706573754859395,True
-0.14,0.299,0.00011745077321856368,True
-0.14,0.3,0.00011792966204529076,True
-0.14,0.301,0.00011850232135399708,True
-0.14,0.302,0.00011916866802352821,True
-0.14,0.303,0.00011992861848739711,True
-0.14,0.304,0.0001207820887355382,True
-0.14,0.305,0.00012172899431559526,True
-0.14,0.306,0.0001227692503344313,True
-0.14,0.307,0.00012390277145968298,True
-0.14,0.308,0.00012512947192095948,True
-0.14,0.309,0.00012644926551164115,True
-0.14,0.31,0.00012786206559018965,True
-0.14,0.311,0.00012936778508152447,True
-0.14,0.312,0.00013096633647873278,True
-0.14,0.313,0.00013265763184440172,True
-0.14,0.314,0.00013444158281212816,True
-0.14,0.315,0.00013631810058800653,True
-0.14,0.316,0.00013828709595227197,True
-0.14,0.317,0.0001403484792605214,True
-0.14,0.318,0.00014250216044537912,True
-0.14,0.319,0.0001447480490180286,True
-0.14,0.32,0.00014708605406976716,True
-0.14,0.321,0.00014951608427324903,True
-0.14,0.322,0.00015203804788430642,True
-0.14,0.323,0.00015465185274328165,True
-0.14,0.324,0.00015735740627669247,True
-0.14,0.325,0.00016015461549854227,True
-0.14,0.32599999999999996,0.00016304338701222942,True
-0.14,0.32699999999999996,0.0001660236270114801,True
-0.14,0.32799999999999996,0.00016909524128254637,True
-0.14,0.32899999999999996,0.0001722581352051833,True
-0.14,0.32999999999999996,0.0001755122137546472,True
-0.14,0.33099999999999996,0.00017885738150287268,True
-0.14,0.33199999999999996,0.00018229354262027097,True
-0.14,0.33299999999999996,0.00018582060087710684,True
-0.14,0.33399999999999996,0.0001894384596451415,True
-0.14,0.33499999999999996,0.0001931470218991871,True
-0.14,0.33599999999999997,0.0001969461902186609,True
-0.14,0.33699999999999997,0.00020083586678900644,True
-0.14,0.33799999999999997,0.00020481595340349212,True
-0.14,0.33899999999999997,0.0002088863514646544,True
-0.14,0.33999999999999997,0.00021304696198585216,True
-0.14,0.34099999999999997,0.00021729768559284324,True
-0.14,0.34199999999999997,0.0002216384225253609,True
-0.14,0.34299999999999997,0.00022606907263871267,True
-0.14,0.344,0.00023058953540526782,True
-0.14,0.345,0.00023519970991627836,True
-0.14,0.346,0.00023989949488310014,True
-0.14,0.347,0.0002446887886391691,True
-0.14,0.348,0.0002495674891411337,True
-0.14,0.349,0.0002545354939708977,True
-0.14,0.35,0.00025959270033697467,True
-0.14,0.351,0.0002647390050760423,True
-0.14,0.352,0.0002699743046546743,True
-0.14,0.353,0.00027529849517080594,True
-0.14,0.354,0.0002807114723555326,True
-0.14,0.355,0.00028621313157450867,True
-0.14,0.356,0.000291803367829524,True
-0.14,0.357,0.0002974820757603913,True
-0.14,0.358,0.00030324914964618976,True
-0.14,0.359,0.0003091044834072409,True
-0.14,0.36,0.00031504797060637467,True
-0.14,0.361,0.00032107950445072755,True
-0.14,0.362,0.00032719897779345255,True
-0.14,0.363,0.0003334062831350515,True
-0.14,0.364,0.0003397013126252402,True
-0.14,0.365,0.0003460839580644359,True
-0.14,0.366,0.0003525541109055119,True
-0.14,0.367,0.0003591116622551738,True
-0.14,0.368,0.0003657565028759802,True
-0.14,0.369,0.00037248852318743085,True
-0.14,0.37,0.000379307613268165,True
-0.14,0.371,0.0003862136628571378,True
-0.14,0.372,0.0003932065613555302,True
-0.14,0.373,0.000400286197828259,True
-0.14,0.374,0.000407452461005553,True
-0.14,0.375,0.0004147052392847295,True
-0.14,0.376,0.00042204442073181527,True
-0.14,0.377,0.0004294698930830787,True
-0.14,0.378,0.00043698154374671727,True
-0.14,0.379,0.00044457925980445623,True
-0.14,0.38,0.0004522629280133694,True
-0.14,0.381,0.0004600324348072116,True
-0.14,0.382,0.0004678876662983722,True
-0.14,0.383,0.0004758285082793634,True
-0.14,0.384,0.0004838548462243075,True
-0.14,0.385,0.0004919665652910243,True
-0.14,0.386,0.0005001635503222524,True
-0.14,0.387,0.0005084456858473807,True
-0.14,0.388,0.0005168128560843144,True
-0.14,0.389,0.0005252649449408953,True
-0.14,0.39,0.0005338018360167007,True
-0.14,0.391,0.0005424234126045313,True
-0.14,0.392,0.0005511295576921648,True
-0.14,0.393,0.0005599201539640442,True
-0.14,0.394,0.0005687950838028977,True
-0.14,0.395,0.0005777542292912718,True
-0.14,0.396,0.0005867974722134183,True
-0.14,0.397,0.0005959246940567375,True
-0.14,0.398,0.0006051357760134435,True
-0.14,0.399,0.0006144305989825183,True
-0.14,0.4,0.0006238090435708443,True
-0.14,0.401,0.0006332709900954026,True
-0.14,0.402,0.0006428163185844937,True
-0.14,0.403,0.0006524449087797369,True
-0.14,0.404,0.0006621566401373569,True
-0.14,0.405,0.0006719513918303166,True
-0.14,0.406,0.0006818290427494488,True
-0.14,0.40700000000000003,0.000691789471505544,True
-0.14,0.40800000000000003,0.0007018325564307704,True
-0.14,0.40900000000000003,0.0007119581755804071,True
-0.14,0.41000000000000003,0.0007221662067345092,True
-0.14,0.41100000000000003,0.0007324565273995276,True
-0.14,0.41200000000000003,0.000742829014809998,True
-0.14,0.41300000000000003,0.0007532835459301612,True
-0.14,0.41400000000000003,0.0007638199974556503,True
-0.14,0.41500000000000004,0.0007744382458151789,True
-0.14,0.41600000000000004,0.000785138167172117,True
-0.14,0.41700000000000004,0.00079591963742629,True
-0.14,0.41800000000000004,0.0008067825322153777,True
-0.14,0.41900000000000004,0.0008177267269168897,True
-0.14,0.42000000000000004,0.0008287520966495876,True
-0.14,0.42100000000000004,0.0008398585162752381,True
-0.14,0.42200000000000004,0.0008510458604002347,True
-0.14,0.42300000000000004,0.0008623140033772847,True
-0.14,0.42400000000000004,0.0008736628193070972,True
-0.14,0.42500000000000004,0.0008850921820399371,True
-0.14,0.42600000000000005,0.0008966019651772905,True
-0.14,0.42700000000000005,0.0009081920420737077,True
-0.14,0.42800000000000005,0.000919862285838069,True
-0.14,0.42900000000000005,0.0009316125693358046,True
-0.14,0.43000000000000005,0.0009434427651899613,True
-0.14,0.43100000000000005,0.0009553527457832001,True
-0.14,0.43200000000000005,0.0009673423832594174,True
-0.14,0.43300000000000005,0.0009794115495252108,True
-0.14,0.43400000000000005,0.000991560116251855,True
-0.14,0.43500000000000005,0.001003787954876545,True
-0.14,0.43600000000000005,0.0010160949366044615,True
-0.14,0.43700000000000006,0.0010284809324100142,True
-0.14,0.43800000000000006,0.0010409458130388404,True
-0.14,0.43899999999999995,0.0010534894490093817,True
-0.14,0.43999999999999995,0.0010661117106141038,True
-0.14,0.44099999999999995,0.0010788124679218746,True
-0.14,0.44199999999999995,0.0010915915907789397,True
-0.14,0.44299999999999995,0.0011044489488110543,True
-0.14,0.44399999999999995,0.0011173844114247267,True
-0.14,0.44499999999999995,0.001130397847809239,True
-0.14,0.44599999999999995,0.0011434891269379577,True
-0.14,0.44699999999999995,0.001156658117570175,True
-0.14,0.44799999999999995,0.001169904688252621,True
-0.14,0.44899999999999995,0.0011832287073213267,True
-0.14,0.44999999999999996,0.0011966300429029132,True
-0.14,0.45099999999999996,0.0012101085629165008,True
-0.14,0.45199999999999996,0.0012236641350753085,True
-0.14,0.45299999999999996,0.001237296626888007,True
-0.14,0.45399999999999996,0.0012510059056608292,True
-0.14,0.45499999999999996,0.0012647918384989464,True
-0.14,0.45599999999999996,0.0012786542923077793,True
-0.14,0.45699999999999996,0.001292593133795239,True
-0.14,0.45799999999999996,0.0013066082294730607,True
-0.14,0.45899999999999996,0.0013206994456582467,True
-0.14,0.45999999999999996,0.0013348666484749305,True
-0.14,0.46099999999999997,0.0013491097038559996,True
-0.14,0.46199999999999997,0.0013634284775446259,True
-0.14,0.46299999999999997,0.0013778228350957323,True
-0.14,0.46399999999999997,0.0013922926418781234,True
-0.14,0.46499999999999997,0.0014068377630754414,True
-0.14,0.46599999999999997,0.0014214580636882524,True
-0.14,0.46699999999999997,0.0014361534085355564,True
-0.14,0.46799999999999997,0.0014509236622562093,True
-0.14,0.469,0.001465768689310809,True
-0.14,0.47,0.0014806883539830284,True
-0.14,0.471,0.0014956825203815028,True
-0.14,0.472,0.001510751052441095,True
-0.14,0.473,0.0015258938139249834,True
-0.14,0.474,0.001541110668425727,True
-0.14,0.475,0.0015564014793671532,True
-0.14,0.476,0.0015717661100059788,True
-0.14,0.477,0.0015872044234333416,True
-0.14,0.478,0.0016027162825762442,True
-0.14,0.479,0.0016183015501996189,True
-0.14,0.48,0.0016339600889071272,True
-0.14,0.481,0.0016496917611436457,True
-0.14,0.482,0.0016654964291961116,True
-0.14,0.483,0.0016813739551955864,True
-0.14,0.484,0.0016973242011185663,True
-0.14,0.485,0.0017133470287886698,True
-0.14,0.486,0.0017294422998783254,True
-0.14,0.487,0.001745609875910059,True
-0.14,0.488,0.0017618496182582933,True
-0.14,0.489,0.0017781613881508785,True
-0.14,0.49,0.001794545046670648,True
-0.14,0.491,0.0018110004547569724,True
-0.14,0.492,0.0018275274732072245,True
-0.14,0.493,0.0018441259626786222,True
-0.14,0.494,0.0018607957836895394,True
-0.14,0.495,0.0018775367966211264,True
-0.14,0.496,0.0018943488617189086,True
-0.14,0.497,0.0019112318390942073,True
-0.14,0.498,0.001928185588725939,True
-0.14,0.499,0.001945209970462014,True
-0.14,0.5,0.0019623048440207125,True
-0.07000000000000006,0.15,0.0012603684347062716,True
-0.07000000000000006,0.151,0.0012438204059260771,True
-0.07000000000000006,0.152,0.0012273865214931234,True
-0.07000000000000006,0.153,0.0012110667788401085,True
-0.07000000000000006,0.154,0.0011948611747191861,True
-0.07000000000000006,0.155,0.0011787697052022983,True
-0.07000000000000006,0.156,0.0011627923656820417,True
-0.07000000000000006,0.157,0.0011469291508719559,True
-0.07000000000000006,0.158,0.0011311800548073014,True
-0.07000000000000006,0.159,0.001115545070845414,True
-0.07000000000000006,0.16,0.0011000241916666153,True
-0.07000000000000006,0.161,0.001084617409274502,True
-0.07000000000000006,0.162,0.0010693247149968332,True
-0.07000000000000006,0.163,0.0010541460994859975,True
-0.07000000000000006,0.164,0.0010390815527197006,True
-0.07000000000000006,0.16499999999999998,0.001024131064001521,True
-0.07000000000000006,0.16599999999999998,0.001009294621961776,True
-0.07000000000000006,0.16699999999999998,0.0009945722145578762,True
-0.07000000000000006,0.16799999999999998,0.000979963829075281,True
-0.07000000000000006,0.16899999999999998,0.0009654694521280982,True
-0.07000000000000006,0.16999999999999998,0.0009510890696596608,True
-0.07000000000000006,0.17099999999999999,0.0009368226669434154,True
-0.07000000000000006,0.172,0.0009226702285833443,True
-0.07000000000000006,0.173,0.0009086317385151421,True
-0.07000000000000006,0.174,0.0008947071800064821,True
-0.07000000000000006,0.175,0.0008808965356579713,True
-0.07000000000000006,0.176,0.0008671997874039495,True
-0.07000000000000006,0.177,0.0008536169165130669,True
-0.07000000000000006,0.178,0.0008401479035893056,True
-0.07000000000000006,0.179,0.0008267927285723787,True
-0.07000000000000006,0.18,0.0008135513707389075,True
-0.07000000000000006,0.181,0.0008004238087030658,True
-0.07000000000000006,0.182,0.0007874100204172451,True
-0.07000000000000006,0.183,0.000774509983172944,True
-0.07000000000000006,0.184,0.0007617236736017885,True
-0.07000000000000006,0.185,0.0007490510676760653,True
-0.07000000000000006,0.186,0.0007364921407097657,True
-0.07000000000000006,0.187,0.0007240468673591849,True
-0.07000000000000006,0.188,0.0007117152216241873,True
-0.07000000000000006,0.189,0.000699497176848718,True
-0.07000000000000006,0.19,0.00068739270572169,True
-0.07000000000000006,0.191,0.0006754017802781176,True
-0.07000000000000006,0.192,0.0006635243718997597,True
-0.07000000000000006,0.193,0.0006517604513161413,True
-0.07000000000000006,0.194,0.0006401099886054418,True
-0.07000000000000006,0.195,0.0006285729531952499,True
-0.07000000000000006,0.196,0.0006171493138639628,True
-0.07000000000000006,0.197,0.0006058390387409851,True
-0.07000000000000006,0.198,0.0005946420953083953,True
-0.07000000000000006,0.199,0.0005835584504014557,True
-0.07000000000000006,0.2,0.0005725880702096342,True
-0.07000000000000006,0.201,0.0005617309202777809,True
-0.07000000000000006,0.202,0.0005509869655068167,True
-0.07000000000000006,0.20299999999999999,0.0005403561701549986,True
-0.07000000000000006,0.204,0.0005298384978384973,True
-0.07000000000000006,0.205,0.0005194339115330183,True
-0.07000000000000006,0.206,0.0005091423735742451,True
-0.07000000000000006,0.207,0.0004989638456590173,True
-0.07000000000000006,0.208,0.0004888982888466842,True
-0.07000000000000006,0.209,0.00047894566355957127,True
-0.07000000000000006,0.21,0.00046910592958444576,True
-0.07000000000000006,0.211,0.0004593790460734271,True
-0.07000000000000006,0.212,0.0004497649715450969,True
-0.07000000000000006,0.213,0.000440263663885454,True
-0.07000000000000006,0.214,0.0004308750803490691,True
-0.07000000000000006,0.215,0.0004215991775601724,True
-0.07000000000000006,0.216,0.00041243591151369775,True
-0.07000000000000006,0.217,0.0004033852375763702,True
-0.07000000000000006,0.218,0.0003944471104880387,True
-0.07000000000000006,0.219,0.0003856214843624084,True
-0.07000000000000006,0.22,0.0003769083126883066,True
-0.07000000000000006,0.221,0.0003683075483311038,True
-0.07000000000000006,0.222,0.00035981914353333533,True
-0.07000000000000006,0.22299999999999998,0.0003514430499164112,True
-0.07000000000000006,0.22399999999999998,0.00034317921848114885,True
-0.07000000000000006,0.22499999999999998,0.00033502759960952756,True
-0.07000000000000006,0.22599999999999998,0.0003269881430653321,True
-0.07000000000000006,0.22699999999999998,0.00031906079799584044,True
-0.07000000000000006,0.22799999999999998,0.00031124551293260083,True
-0.07000000000000006,0.22899999999999998,0.0003035422357927864,True
-0.07000000000000006,0.22999999999999998,0.0002959509138804162,True
-0.07000000000000006,0.23099999999999998,0.0002884714938874433,True
-0.07000000000000006,0.23199999999999998,0.00028110392189506506,True
-0.07000000000000006,0.23299999999999998,0.00027384814337496623,True
-0.07000000000000006,0.23399999999999999,0.0002667041031905848,True
-0.07000000000000006,0.235,0.0002596717455980002,True
-0.07000000000000006,0.236,0.0002527510142475764,True
-0.07000000000000006,0.237,0.0002459418521852053,True
-0.07000000000000006,0.238,0.00023924420185323926,True
-0.07000000000000006,0.239,0.0002326580050920013,True
-0.07000000000000006,0.24,0.00022618320314096163,True
-0.07000000000000006,0.241,0.00021981973664018107,True
-0.07000000000000006,0.242,0.0002135675456313102,True
-0.07000000000000006,0.243,0.00020742656955909932,True
-0.07000000000000006,0.244,0.0002013967472725975,True
-0.07000000000000006,0.245,0.00019547801702661792,True
-0.07000000000000006,0.246,0.00018967031648269294,True
-0.07000000000000006,0.247,0.0001839735827109168,True
-0.07000000000000006,0.248,0.0001783877521907229,True
-0.07000000000000006,0.249,0.00017291276081250474,True
-0.07000000000000006,0.25,0.00016754854387899255,True
-0.07000000000000006,0.251,0.00016229503610658557,True
-0.07000000000000006,0.252,0.00015715217162655116,True
-0.07000000000000006,0.253,0.00015211988398651234,True
-0.07000000000000006,0.254,0.00014719810615162476,True
-0.07000000000000006,0.255,0.00014238677050630865,True
-0.07000000000000006,0.256,0.00013768580885546998,True
-0.07000000000000006,0.257,0.00013309515242558855,True
-0.07000000000000006,0.258,0.00012861473186649431,True
-0.07000000000000006,0.259,0.00012424447725258858,True
-0.07000000000000006,0.26,0.00011998431808439847,True
-0.07000000000000006,0.261,0.00011583418328968698,True
-0.07000000000000006,0.262,0.00011179400122520721,True
-0.07000000000000006,0.263,0.00010786369967801246,True
-0.07000000000000006,0.264,0.00010404320586658855,True
-0.07000000000000006,0.265,0.0001003324464426747,True
-0.07000000000000006,0.266,9.673134749283996e-05,True
-0.07000000000000006,0.267,9.323983453934925e-05,True
-0.07000000000000006,0.268,8.985783254189528e-05,True
-0.07000000000000006,0.269,8.658526589935266e-05,True
-0.07000000000000006,0.27,8.342205845084383e-05,True
-0.07000000000000006,0.271,8.036813347727101e-05,True
-0.07000000000000006,0.272,7.74234137031371e-05,True
-0.07000000000000006,0.273,7.45878212974338e-05,True
-0.07000000000000006,0.274,7.186127787566221e-05,True
-0.07000000000000006,0.275,6.924370450109852e-05,True
-0.07000000000000006,0.276,6.673502168623724e-05,True
-0.07000000000000006,0.277,6.433514939447882e-05,True
-0.07000000000000006,0.278,6.204400704148405e-05,True
-0.07000000000000006,0.279,5.986151349670621e-05,True
-0.07000000000000006,0.28,5.77875870851674e-05,True
-0.07000000000000006,0.281,5.582214558843557e-05,True
-0.07000000000000006,0.28200000000000003,5.396510624660067e-05,True
-0.07000000000000006,0.28300000000000003,5.221638575989562e-05,True
-0.07000000000000006,0.28400000000000003,5.057590028987313e-05,True
-0.07000000000000006,0.28500000000000003,4.904356546113764e-05,True
-0.07000000000000006,0.28600000000000003,4.761929636294404e-05,True
-0.07000000000000006,0.28700000000000003,4.6303007550552164e-05,True
-0.07000000000000006,0.28800000000000003,4.5094613047091944e-05,True
-0.07000000000000006,0.28900000000000003,4.399402634505112e-05,True
-0.07000000000000006,0.29000000000000004,4.300116040758528e-05,True
-0.07000000000000006,0.29100000000000004,4.211592767038308e-05,True
-0.07000000000000006,0.29200000000000004,4.133824004306508e-05,True
-0.07000000000000006,0.29300000000000004,4.066800891102673e-05,True
-0.07000000000000006,0.29400000000000004,4.0105145136815065e-05,True
-0.07000000000000006,0.295,3.9649559061682994e-05,True
-0.07000000000000006,0.296,3.930116050745447e-05,True
-0.07000000000000006,0.297,3.9059858777790166e-05,True
-0.07000000000000006,0.298,3.8925562660185876e-05,True
-0.07000000000000006,0.299,3.889818042717153e-05,True
-0.07000000000000006,0.3,3.8977619838354014e-05,True
-0.07000000000000006,0.301,3.9163788141771685e-05,True
-0.07000000000000006,0.302,3.945659207549301e-05,True
-0.07000000000000006,0.303,3.985593786945962e-05,True
-0.07000000000000006,0.304,4.036173124706277e-05,True
-0.07000000000000006,0.305,4.0973877426586644e-05,True
-0.07000000000000006,0.306,4.169228112320678e-05,True
-0.07000000000000006,0.307,4.25168465504111e-05,True
-0.07000000000000006,0.308,4.3447477421598714e-05,True
-0.07000000000000006,0.309,4.448407695196721e-05,True
-0.07000000000000006,0.31,4.562654786002263e-05,True
-0.07000000000000006,0.311,4.6874792369266946e-05,True
-0.07000000000000006,0.312,4.822871220997449e-05,True
-0.07000000000000006,0.313,4.968820862067957e-05,True
-0.07000000000000006,0.314,5.125318235006393e-05,True
-0.07000000000000006,0.315,5.292353365859981e-05,True
-0.07000000000000006,0.316,5.46991623200821e-05,True
-0.07000000000000006,0.317,5.6579967623471286e-05,True
-0.07000000000000006,0.318,5.856584837460321e-05,True
-0.07000000000000006,0.319,6.065670289781e-05,True
-0.07000000000000006,0.32,6.28524290377408e-05,True
-0.07000000000000006,0.321,6.51529241608717e-05,True
-0.07000000000000006,0.322,6.755808515754858e-05,True
-0.07000000000000006,0.323,7.006780844320826e-05,True
-0.07000000000000006,0.324,7.268198996066567e-05,True
-0.07000000000000006,0.325,7.540052518157924e-05,True
-0.07000000000000006,0.32599999999999996,7.822330910791652e-05,True
-0.07000000000000006,0.32699999999999996,8.115023627417451e-05,True
-0.07000000000000006,0.32799999999999996,8.418120074873414e-05,True
-0.07000000000000006,0.32899999999999996,8.73160961359476e-05,True
-0.07000000000000006,0.32999999999999996,9.055481557755929e-05,True
-0.07000000000000006,0.33099999999999996,9.389725175443787e-05,True
-0.07000000000000006,0.33199999999999996,9.73432968887078e-05,True
-0.07000000000000006,0.33299999999999996,0.00010089284274521493,True
-0.07000000000000006,0.33399999999999996,0.00010454578063321396,True
-0.07000000000000006,0.33499999999999996,0.00010830200140830027,True
-0.07000000000000006,0.33599999999999997,0.00011216139547414184,True
-0.07000000000000006,0.33699999999999997,0.00011612385278412241,True
-0.07000000000000006,0.33799999999999997,0.00012018926284336206,True
-0.07000000000000006,0.33899999999999997,0.00012435751471018275,True
-0.07000000000000006,0.33999999999999997,0.00012862849699817324,True
-0.07000000000000006,0.34099999999999997,0.00013300209787765472,True
-0.07000000000000006,0.34199999999999997,0.00013747820507774565,True
-0.07000000000000006,0.34299999999999997,0.00014205670588804953,True
-0.07000000000000006,0.344,0.00014673748716031998,True
-0.07000000000000006,0.345,0.00015152043531048155,True
-0.07000000000000006,0.346,0.00015640543632016167,True
-0.07000000000000006,0.347,0.00016139237573866704,True
-0.07000000000000006,0.348,0.0001664811386848486,True
-0.07000000000000006,0.349,0.0001716716098485227,True
-0.07000000000000006,0.35,0.0001769636734927804,True
-0.07000000000000006,0.351,0.00018235721345536416,True
-0.07000000000000006,0.352,0.0001878521131507549,True
-0.07000000000000006,0.353,0.00019344825557194857,True
-0.07000000000000006,0.354,0.00019914552329196588,True
-0.07000000000000006,0.355,0.00020494379846613953,True
-0.07000000000000006,0.356,0.0002108429628336017,True
-0.07000000000000006,0.357,0.00021684289771910502,True
-0.07000000000000006,0.358,0.00022294348403502086,True
-0.07000000000000006,0.359,0.0002291446022831156,True
-0.07000000000000006,0.36,0.00023544613255623847,True
-0.07000000000000006,0.361,0.0002418479545403196,True
-0.07000000000000006,0.362,0.00024834994751607995,True
-0.07000000000000006,0.363,0.0002549519903608299,True
-0.07000000000000006,0.364,0.00026165396155055645,True
-0.07000000000000006,0.365,0.00026845573916145504,True
-0.07000000000000006,0.366,0.0002753572008719063,True
-0.07000000000000006,0.367,0.00028235822396434075,True
-0.07000000000000006,0.368,0.0002894586853270598,True
-0.07000000000000006,0.369,0.00029665846145590093,True
-0.07000000000000006,0.37,0.0003039574284564361,True
-0.07000000000000006,0.371,0.0003113554620454817,True
-0.07000000000000006,0.372,0.0003188524375531632,True
-0.07000000000000006,0.373,0.000326448229924714,True
-0.07000000000000006,0.374,0.0003341427137221187,True
-0.07000000000000006,0.375,0.00034193576312642194,True
-0.07000000000000006,0.376,0.00034982725193901667,True
-0.07000000000000006,0.377,0.0003578170535841085,True
-0.07000000000000006,0.378,0.00036590504110989297,True
-0.07000000000000006,0.379,0.0003740910871910863,True
-0.07000000000000006,0.38,0.0003823750641302359,True
-0.07000000000000006,0.381,0.0003907568438599407,True
-0.07000000000000006,0.382,0.00039923629794464955,True
-0.07000000000000006,0.383,0.00040781329758230454,True
-0.07000000000000006,0.384,0.00041648771360647263,True
-0.07000000000000006,0.385,0.0004252594164879886,True
-0.07000000000000006,0.386,0.00043412827633715345,True
-0.07000000000000006,0.387,0.0004430941629051333,True
-0.07000000000000006,0.388,0.000452156945586224,True
-0.07000000000000006,0.389,0.0004613164934195391,True
-0.07000000000000006,0.39,0.0004705726750909189,True
-0.07000000000000006,0.391,0.00047992535893479624,True
-0.07000000000000006,0.392,0.0004893744129361277,True
-0.07000000000000006,0.393,0.0004989197047320371,True
-0.07000000000000006,0.394,0.0005085611016139912,True
-0.07000000000000006,0.395,0.0005182984705296434,True
-0.07000000000000006,0.396,0.000528131678084387,True
-0.07000000000000006,0.397,0.0005380605905435986,True
-0.07000000000000006,0.398,0.0005480850738343479,True
-0.07000000000000006,0.399,0.0005582049935472621,True
-0.07000000000000006,0.4,0.0005684202149384143,True
-0.07000000000000006,0.401,0.0005787306029313433,True
-0.07000000000000006,0.402,0.0005891360221186526,True
-0.07000000000000006,0.403,0.0005996363367641644,True
-0.07000000000000006,0.404,0.000610231410804718,True
-0.07000000000000006,0.405,0.0006209211078518128,True
-0.07000000000000006,0.406,0.000631705291193918,True
-0.07000000000000006,0.40700000000000003,0.0006425838237980042,True
-0.07000000000000006,0.40800000000000003,0.0006535565683116085,True
-0.07000000000000006,0.40900000000000003,0.0006646233870645224,True
-0.07000000000000006,0.41000000000000003,0.000675784142071012,True
-0.07000000000000006,0.41100000000000003,0.0006870386950313279,True
-0.07000000000000006,0.41200000000000003,0.0006983869073337479,True
-0.07000000000000006,0.41300000000000003,0.0007098286400565535,True
-0.07000000000000006,0.41400000000000003,0.0007213637539697171,True
-0.07000000000000006,0.41500000000000004,0.000732992109536923,True
-0.07000000000000006,0.41600000000000004,0.0007447135669174099,True
-0.07000000000000006,0.41700000000000004,0.0007565279859678808,True
-0.07000000000000006,0.41800000000000004,0.0007684352262442573,True
-0.07000000000000006,0.41900000000000004,0.0007804351470037218,True
-0.07000000000000006,0.42000000000000004,0.0007925276072064502,True
-0.07000000000000006,0.42100000000000004,0.0008047124655176985,True
-0.07000000000000006,0.42200000000000004,0.0008169895803095573,True
-0.07000000000000006,0.42300000000000004,0.0008293588096625725,True
-0.07000000000000006,0.42400000000000004,0.0008418200113681884,True
-0.07000000000000006,0.42500000000000004,0.0008543730429301677,True
-0.07000000000000006,0.42600000000000005,0.0008670177615666575,True
-0.07000000000000006,0.42700000000000005,0.0008797540242119428,True
-0.07000000000000006,0.42800000000000005,0.0008925816875185788,True
-0.07000000000000006,0.42900000000000005,0.0009055006078589889,True
-0.07000000000000006,0.43000000000000005,0.0009185106413274636,True
-0.07000000000000006,0.43100000000000005,0.0009316116437419586,True
-0.07000000000000006,0.43200000000000005,0.0009448034706461605,True
-0.07000000000000006,0.43300000000000005,0.0009580859773112404,True
-0.07000000000000006,0.43400000000000005,0.000971459018737586,True
-0.07000000000000006,0.43500000000000005,0.0009849224496568665,True
-0.07000000000000006,0.43600000000000005,0.000998476124534009,True
-0.07000000000000006,0.43700000000000006,0.0010121198975686196,True
-0.07000000000000006,0.43800000000000006,0.0010258536226973591,True
-0.07000000000000006,0.43899999999999995,0.0010396771535956307,True
-0.07000000000000006,0.43999999999999995,0.0010535903436791783,True
-0.07000000000000006,0.44099999999999995,0.0010675930461064409,True
-0.07000000000000006,0.44199999999999995,0.001081685113780062,True
-0.07000000000000006,0.44299999999999995,0.001095866399348866,True
-0.07000000000000006,0.44399999999999995,0.0011101367552096564,True
-0.07000000000000006,0.44499999999999995,0.0011244960335093923,True
-0.07000000000000006,0.44599999999999995,0.0011389440861464318,True
-0.07000000000000006,0.44699999999999995,0.0011534807647731293,True
-0.07000000000000006,0.44799999999999995,0.00116810592079708,True
-0.07000000000000006,0.44899999999999995,0.0011828194053833175,True
-0.07000000000000006,0.44999999999999996,0.0011976210694561562,True
-0.07000000000000006,0.45099999999999996,0.0012125107637007693,True
-0.07000000000000006,0.45199999999999996,0.0012274883385655633,True
-0.07000000000000006,0.45299999999999996,0.0012425536442634,True
-0.07000000000000006,0.45399999999999996,0.0012577065307739943,True
-0.07000000000000006,0.45499999999999996,0.001272946847845513,True
-0.07000000000000006,0.45599999999999996,0.0012882744449962623,True
-0.07000000000000006,0.45699999999999996,0.0013036891715170196,True
-0.07000000000000006,0.45799999999999996,0.0013191908764722982,True
-0.07000000000000006,0.45899999999999996,0.0013347794087027244,True
-0.07000000000000006,0.45999999999999996,0.0013504546168265018,True
-0.07000000000000006,0.46099999999999997,0.0013662163492413671,True
-0.07000000000000006,0.46199999999999997,0.0013820644541265193,True
-0.07000000000000006,0.46299999999999997,0.0013979987794444427,True
-0.07000000000000006,0.46399999999999997,0.0014140191729426377,True
-0.07000000000000006,0.46499999999999997,0.0014301254821554865,True
-0.07000000000000006,0.46599999999999997,0.0014463175544060735,True
-0.07000000000000006,0.46699999999999997,0.0014625952368082285,True
-0.07000000000000006,0.46799999999999997,0.001478958376268058,True
-0.07000000000000006,0.469,0.001495406819485856,True
-0.07000000000000006,0.47,0.001511940412958146,True
-0.07000000000000006,0.471,0.001528559002979124,True
-0.07000000000000006,0.472,0.001545262435642969,True
-0.07000000000000006,0.473,0.0015620505568450405,True
-0.07000000000000006,0.474,0.0015789232122844332,True
-0.07000000000000006,0.475,0.0015958802474650424,True
-0.07000000000000006,0.476,0.0016129215076980063,True
-0.07000000000000006,0.477,0.0016300468381031496,True
-0.07000000000000006,0.478,0.0016472560836109152,True
-0.07000000000000006,0.479,0.0016645490889640956,True
-0.07000000000000006,0.48,0.0016819256987199217,True
-0.07000000000000006,0.481,0.001699385757251326,True
-0.07000000000000006,0.482,0.001716929108749321,True
-0.07000000000000006,0.483,0.001734555597224463,True
-0.07000000000000006,0.484,0.001752265066508696,True
-0.07000000000000006,0.485,0.00177005736025726,True
-0.07000000000000006,0.486,0.0017879323219503584,True
-0.07000000000000006,0.487,0.001805889794894977,True
-0.07000000000000006,0.488,0.001823929622226772,True
-0.07000000000000006,0.489,0.001842051646911691,True
-0.07000000000000006,0.49,0.0018602557117478602,True
-0.07000000000000006,0.491,0.0018785416593674943,True
-0.07000000000000006,0.492,0.0018969093322383167,True
-0.07000000000000006,0.493,0.0019153585726656708,True
-0.07000000000000006,0.494,0.0019338892227941606,True
-0.07000000000000006,0.495,0.0019525011246094071,True
-0.07000000000000006,0.496,0.0019711941199398674,True
-0.07000000000000006,0.497,0.0019899680504585904,True
-0.07000000000000006,0.498,0.0020088227576849473,True
-0.07000000000000006,0.499,0.002027758082986453,True
-0.07000000000000006,0.5,0.002046773867580387,True
0.0,0.15,0.0015686960930391346,True
0.0,0.151,0.0015503968911163347,True
0.0,0.152,0.0015322097538983171,True
0.0,0.153,0.0015141346849994353,True
0.0,0.154,0.0014961716873621578,True
0.0,0.155,0.0014783207632573347,True
0.0,0.156,0.0014605819142848864,True
0.0,0.157,0.0014429551413742913,True
0.0,0.158,0.0014254404447849422,True
0.0,0.159,0.001408037824106767,True
0.0,0.16,0.0013907472782608288,True
0.0,0.161,0.0013735688054997476,True
0.0,0.162,0.0013565024034082108,True
0.0,0.163,0.0013395480689036622,True
0.0,0.164,0.0013227057982369006,True
0.0,0.16499999999999998,0.001305975586992525,True
0.0,0.16599999999999998,0.001289357430089355,True
0.0,0.16699999999999998,0.0012728513217815207,True
0.0,0.16799999999999998,0.001256457255658683,True
0.0,0.16899999999999998,0.0012401752246466336,True
0.0,0.16999999999999998,0.0012240052210081176,True
0.0,0.17099999999999999,0.0012079472363434984,True
0.0,0.172,0.0011920012615910247,True
0.0,0.173,0.0011761672870278517,True
0.0,0.174,0.0011604453022706408,True
0.0,0.175,0.001144835296276092,True
0.0,0.176,0.0011293372573417005,True
0.0,0.177,0.0011139511731064645,True
0.0,0.178,0.0010986770305515092,True
0.0,0.179,0.0010835148160008856,True
0.0,0.18,0.0010684645151222804,True
0.0,0.181,0.0010535261129275496,True
0.0,0.182,0.0010386995937738063,True
0.0,0.183,0.0010239849413637091,True
0.0,0.184,0.0010093821387466618,True
0.0,0.185,0.0009948911683193007,True
0.0,0.186,0.0009805120118262956,True
0.0,0.187,0.0009662446503611699,True
0.0,0.188,0.0009520890643671231,True
0.0,0.189,0.0009380452336376743,True
0.0,0.19,0.0009241131373176614,True
0.0,0.191,0.0009102927539039518,True
0.0,0.192,0.0008965840612462417,True
0.0,0.193,0.0008829870365478998,True
0.0,0.194,0.0008695016563668335,True
0.0,0.195,0.00085612789661631,True
0.0,0.196,0.0008428657325659561,True
0.0,0.197,0.0008297151388422241,True
0.0,0.198,0.0008166760894297465,True
0.0,0.199,0.000803748557671935,True
0.0,0.2,0.0007909325162718028,True
0.0,0.201,0.0007782279372932077,True
0.0,0.202,0.0007656347921614515,True
0.0,0.20299999999999999,0.0007531530516642126,True
0.0,0.204,0.0007407826859526567,True
0.0,0.205,0.0007285236645421022,True
0.0,0.206,0.0007163759563132421,True
0.0,0.207,0.0007043395295129428,True
0.0,0.208,0.0006924143517551551,True
0.0,0.209,0.0006806003900219348,True
0.0,0.21,0.0006688976106644873,True
0.0,0.211,0.0006573059794040103,True
0.0,0.212,0.0006458254613328496,True
0.0,0.213,0.0006344560209151862,True
0.0,0.214,0.0006231976219885027,True
0.0,0.215,0.0006120502277641382,True
0.0,0.216,0.0006010138008286425,True
0.0,0.217,0.0005900883031446646,True
0.0,0.218,0.0005792736960519296,True
0.0,0.219,0.0005685699402683709,True
0.0,0.22,0.0005579769958912184,True
0.0,0.221,0.000547494822397887,True
0.0,0.222,0.0005371233786473972,True
0.0,0.22299999999999998,0.0005268626228809303,True
0.0,0.22399999999999998,0.0005167125127233163,True
0.0,0.22499999999999998,0.0005066730051840551,True
0.0,0.22599999999999998,0.0004967440566583159,True
0.0,0.22699999999999998,0.0004869256229280694,True
0.0,0.22799999999999998,0.00047721765916328705,True
0.0,0.22899999999999998,0.00046762011992289575,True
0.0,0.22999999999999998,0.00045813295915606564,True
0.0,0.23099999999999998,0.0004487561302033427,True
0.0,0.23199999999999998,0.00043948958579760334,True
0.0,0.23299999999999998,0.0004303332780654756,True
0.0,0.23399999999999999,0.0004212871585282718,True
0.0,0.235,0.0004123511781032985,True
0.0,0.236,0.0004035252871049222,True
0.0,0.237,0.00039480943524583534,True
0.0,0.238,0.0003862035716381884,True
0.0,0.239,0.00037770764479483354,True
0.0,0.24,0.00036932160263036806,True
0.0,0.241,0.0003610453924627555,True
0.0,0.242,0.00035287896101401375,True
0.0,0.243,0.000344822254411703,True
0.0,0.244,0.00033687521819019127,True
0.0,0.245,0.00032903779729192005,True
0.0,0.246,0.0003213099360683591,True
0.0,0.247,0.0003136915782816274,True
0.0,0.248,0.00030618266710551455,True
0.0,0.249,0.00029878314512687965,True
0.0,0.25,0.00029149295434669484,True
0.0,0.251,0.0002843120361815998,True
0.0,0.252,0.0002772403314650784,True
0.0,0.253,0.00027027778044881324,True
0.0,0.254,0.0002634243228036848,True
0.0,0.255,0.00025667989762148127,True
0.0,0.256,0.00025004444341605316,True
0.0,0.257,0.0002435178981245123,True
0.0,0.258,0.00023710019910860858,True
0.0,0.259,0.00023079128315626197,True
0.0,0.26,0.00022459108648260618,True
0.0,0.261,0.00021849954473149858,True
0.0,0.262,0.00021251659297685243,True
0.0,0.263,0.00020664216572403583,True
0.0,0.264,0.00020087619691107063,True
0.0,0.265,0.00019521861991012024,True
0.0,0.266,0.00018966936752891074,True
0.0,0.267,0.0001842283720120186,True
0.0,0.268,0.00017889556504220306,True
0.0,0.269,0.00017367087774200485,True
0.0,0.27,0.00016855424067494518,True
0.0,0.271,0.00016354558384699125,True
0.0,0.272,0.00015864483670815498,True
0.0,0.273,0.00015385192815344783,True
0.0,0.274,0.0001491667865248125,True
0.0,0.275,0.0001445893396122777,True
0.0,0.276,0.00014011951465533467,True
0.0,0.277,0.00013575723834464705,True
0.0,0.278,0.0001315024368232054,True
0.0,0.279,0.00012735503568801488,True
0.0,0.28,0.00012331495999133856,True
0.0,0.281,0.00011938213424234068,True
0.0,0.28200000000000003,0.00011555648240839656,True
0.0,0.28300000000000003,0.00011183792791671365,True
0.0,0.28400000000000003,0.00010822639365570819,True
0.0,0.28500000000000003,0.00010472180197655945,True
0.0,0.28600000000000003,0.00010132407469460869,True
0.0,0.28700000000000003,9.803313309091344e-05,True
0.0,0.28800000000000003,9.484889791373518e-05,True
0.0,0.28900000000000003,9.177128938013812e-05,True
0.0,0.29000000000000004,8.880022717729918e-05,True
0.0,0.29100000000000004,8.59356304641734e-05,True
0.0,0.29200000000000004,8.31774178729594e-05,True
0.0,0.29300000000000004,8.052550751069809e-05,True
0.0,0.29400000000000004,7.797981696058275e-05,True
0.0,0.295,7.554026328391306e-05,True
0.0,0.296,7.320676302118301e-05,True
0.0,0.297,7.097923219385738e-05,True
0.0,0.298,6.885758630592598e-05,True
0.0,0.299,6.684174034539136e-05,True
0.0,0.3,6.493160878580095e-05,True
0.0,0.301,6.312710558804557e-05,True
0.0,0.302,6.142814420160292e-05,True
0.0,0.303,5.9834637566202886e-05,True
0.0,0.304,5.834649811362613e-05,True
0.0,0.305,5.696363776903634e-05,True
0.0,0.306,5.568596795266778e-05,True
0.0,0.307,5.451339958133517e-05,True
0.0,0.308,5.344584307029887e-05,True
0.0,0.309,5.2483208334397347e-05,True
0.0,0.31,5.162540479011213e-05,True
0.0,0.311,5.087234135690011e-05,True
0.0,0.312,5.0223926458992094e-05,True
0.0,0.313,4.96800680267695e-05,True
0.0,0.314,4.924067349862948e-05,True
0.0,0.315,4.8905649822517105e-05,True
0.0,0.316,4.867490345752401e-05,True
0.0,0.317,4.854834037557598e-05,True
0.0,0.318,4.8525866062942845e-05,True
0.0,0.319,4.860738552210364e-05,True
0.0,0.32,4.879280327327873e-05,True
0.0,0.321,4.908202335602851e-05,True
0.0,0.322,4.947494933096319e-05,True
0.0,0.323,4.997148428138587e-05,True
0.0,0.324,5.057153081498011e-05,True
0.0,0.325,5.127499106545308e-05,True
0.0,0.32599999999999996,5.208176669431186e-05,True
0.0,0.32699999999999996,5.2991758892262374e-05,True
0.0,0.32799999999999996,5.400486838111895e-05,True
0.0,0.32899999999999996,5.512099541549187e-05,True
0.0,0.32999999999999996,5.634003978447488e-05,True
0.0,0.33099999999999996,5.766190081299971e-05,True
0.0,0.33199999999999996,5.9086477364056476e-05,True
0.0,0.33299999999999996,6.061366783998157e-05,True
0.0,0.33399999999999996,6.2243370184345e-05,True
0.0,0.33499999999999996,6.397548188368241e-05,True
0.0,0.33599999999999997,6.580989996896047e-05,True
0.0,0.33699999999999997,6.774652101753098e-05,True
0.0,0.33799999999999997,6.978524115488493e-05,True
0.0,0.33899999999999997,7.192595605596264e-05,True
0.0,0.33999999999999997,7.416856094739632e-05,True
0.0,0.34099999999999997,7.651295060888686e-05,True
0.0,0.34199999999999997,7.895901937500227e-05,True
0.0,0.34299999999999997,8.150666113699856e-05,True
0.0,0.344,8.415576934444058e-05,True
0.0,0.345,8.6906237006934e-05,True
0.0,0.346,8.97579566959017e-05,True
0.0,0.347,9.271082054640445e-05,True
0.0,0.348,9.576472025871752e-05,True
0.0,0.349,9.891954710010698e-05,True
0.0,0.35,0.0001021751919068281,True
0.0,0.351,0.00010553154508539109,True
0.0,0.352,0.0001089884966148258,True
0.0,0.353,0.00011254593604801411,True
0.0,0.354,0.00011620375251375492,True
0.0,0.355,0.00011996183471842947,True
0.0,0.356,0.00012382007094757785,True
0.0,0.357,0.00012777834906794184,True
0.0,0.358,0.00013183655652908576,True
0.0,0.359,0.00013599458036521738,True
0.0,0.36,0.0001402523071968753,True
0.0,0.361,0.00014460962323279425,True
0.0,0.362,0.00014906641427165913,True
0.0,0.363,0.00015362256570385923,True
0.0,0.364,0.00015827796251313142,True
0.0,0.365,0.00016303248927886926,True
0.0,0.366,0.00016788603017716674,True
0.0,0.367,0.00017283846898306088,True
0.0,0.368,0.00017788968907233026,True
0.0,0.369,0.00018303957342309386,True
0.0,0.37,0.00018828800461774265,True
0.0,0.371,0.0001936348648445163,True
0.0,0.372,0.00019908003589976797,True
0.0,0.373,0.0002046233991892077,True
0.0,0.374,0.00021026483573003408,True
0.0,0.375,0.00021600422615266623,True
0.0,0.376,0.00022184145070247574,True
0.0,0.377,0.0002277763892417628,True
0.0,0.378,0.000233808921251355,True
0.0,0.379,0.00023993892583260568,True
0.0,0.38,0.0002461662817089927,True
0.0,0.381,0.00025249086722807236,True
0.0,0.382,0.00025891256036332245,True
0.0,0.383,0.00026543123871591856,True
0.0,0.384,0.0002720467795163106,True
0.0,0.385,0.0002787590596265765,True
0.0,0.386,0.0002855679555416879,True
0.0,0.387,0.00029247334339164153,True
0.0,0.388,0.00029947509894316936,True
0.0,0.389,0.00030657309760158126,True
0.0,0.39,0.00031376721441263024,True
0.0,0.391,0.0003210573240643333,True
0.0,0.392,0.0003284433008886367,True
0.0,0.393,0.0003359250188634144,True
0.0,0.394,0.00034350235161437757,True
0.0,0.395,0.00035117517241654015,True
0.0,0.396,0.0003589433541964615,True
0.0,0.397,0.00036680676953375623,True
0.0,0.398,0.00037476529066315933,True
0.0,0.399,0.00038281878947623584,True
0.0,0.4,0.00039096713752313496,True
0.0,0.401,0.00039921020601467737,True
0.0,0.402,0.00040754786582390955,True
0.0,0.403,0.00041597998748803543,True
0.0,0.404,0.0004245064412103483,True
0.0,0.405,0.00043312709686200713,True
0.0,0.406,0.00044184182398374625,True
0.0,0.40700000000000003,0.0004506504917878518,True
0.0,0.40800000000000003,0.000459552969160093,True
0.0,0.40900000000000003,0.00046854912466116617,True
0.0,0.41000000000000003,0.00047763882652904763,True
0.0,0.41100000000000003,0.0004868219426803266,True
0.0,0.41200000000000003,0.0004960983407125364,True
0.0,0.41300000000000003,0.0005054678879055974,True
0.0,0.41400000000000003,0.0005149304512238606,True
0.0,0.41500000000000004,0.0005244858973178168,True
0.0,0.41600000000000004,0.0005341340925260508,True
0.0,0.41700000000000004,0.0005438749028770617,True
0.0,0.41800000000000004,0.0005537081940910182,True
0.0,0.41900000000000004,0.0005636338315815781,True
0.0,0.42000000000000004,0.0005736516804580649,True
0.0,0.42100000000000004,0.0005837616055267558,True
0.0,0.42200000000000004,0.0005939634712931463,True
0.0,0.42300000000000004,0.000604257141963549,True
0.0,0.42400000000000004,0.0006146424814471585,True
0.0,0.42500000000000004,0.0006251193533576948,True
0.0,0.42600000000000005,0.0006356876210151796,True
0.0,0.42700000000000005,0.0006463471474481119,True
0.0,0.42800000000000005,0.0006570977953950452,True
0.0,0.42900000000000005,0.0006679394273061634,True
0.0,0.43000000000000005,0.000678871905345968,True
0.0,0.43100000000000005,0.0006898950913940549,True
0.0,0.43200000000000005,0.000701008847047846,True
0.0,0.43300000000000005,0.0007122130336236987,True
0.0,0.43400000000000005,0.0007235075121593493,True
0.0,0.43500000000000005,0.0007348921434154221,True
0.0,0.43600000000000005,0.0007463667878771618,True
0.0,0.43700000000000006,0.0007579313057565872,True
0.0,0.43800000000000006,0.0007695855569941568,True
0.0,0.43899999999999995,0.0007813294012605665,True
0.0,0.43999999999999995,0.0007931626979585937,True
0.0,0.44099999999999995,0.0008050853062249175,True
0.0,0.44199999999999995,0.0008170970849321168,True
0.0,0.44299999999999995,0.0008291978926902255,True
0.0,0.44399999999999995,0.0008413875878487742,True
0.0,0.44499999999999995,0.0008536660284985231,True
0.0,0.44599999999999995,0.0008660330724732157,True
0.0,0.44699999999999995,0.0008784885773517326,True
0.0,0.44799999999999995,0.0008910324004593351,True
0.0,0.44899999999999995,0.0009036643988701743,True
0.0,0.44999999999999996,0.0009163844294085344,True
0.0,0.45099999999999996,0.0009291923486508758,True
0.0,0.45199999999999996,0.0009420880129278996,True
0.0,0.45299999999999996,0.0009550712783258364,True
0.0,0.45399999999999996,0.0009681420006887986,True
0.0,0.45499999999999996,0.0009813000356202473,True
0.0,0.45599999999999996,0.0009945452384848342,True
0.0,0.45699999999999996,0.0010078774644106225,True
0.0,0.45799999999999996,0.0010212965682900644,True
0.0,0.45899999999999996,0.0010348024047827753,True
0.0,0.45999999999999996,0.00104839482831669,True
0.0,0.46099999999999997,0.001062073693090082,True
0.0,0.46199999999999997,0.0010758388530734298,True
0.0,0.46299999999999997,0.0010896901620110811,True
0.0,0.46399999999999997,0.001103627473423141,True
0.0,0.46499999999999997,0.0011176506406073371,True
0.0,0.46599999999999997,0.0011317595166406625,True
0.0,0.46699999999999997,0.001145953954381329,True
0.0,0.46799999999999997,0.001160233806470523,True
0.0,0.469,0.0011745989253338696,True
0.0,0.47,0.001189049163184097,True
0.0,0.471,0.0012035843720217265,True
0.0,0.472,0.0012182044036377349,True
0.0,0.473,0.0012329091096147994,True
0.0,0.474,0.0012476983413296284,True
0.0,0.475,0.0012625719499539834,True
0.0,0.476,0.0012775297864572321,True
0.0,0.477,0.001292571701607681,True
0.0,0.478,0.0013076975459744178,True
0.0,0.479,0.0013229071699293105,True
0.0,0.48,0.0013382004236483613,True
0.0,0.481,0.0013535771571140608,True
0.0,0.482,0.001369037220116609,True
0.0,0.483,0.0013845804622559354,True
0.0,0.484,0.0014002067329435652,True
0.0,0.485,0.001415915881404195,True
0.0,0.486,0.0014317077566775582,True
0.0,0.487,0.0014475822076200685,True
0.0,0.488,0.0014635390829068617,True
0.0,0.489,0.0014795782310332406,True
0.0,0.49,0.001495699500316494,True
0.0,0.491,0.0015119027388979633,True
0.0,0.492,0.0015281877947442624,True
0.0,0.493,0.0015445545156494989,True
0.0,0.494,0.0015610027492367173,True
0.0,0.495,0.0015775323429598309,True
0.0,0.496,0.001594143144105309,True
0.0,0.497,0.0016108349997938198,True
0.0,0.498,0.0016276077569821411,True
0.0,0.499,0.001644461262464736,True
0.0,0.5,0.0016613953628755508,True
0.06999999999999995,0.15,0.0017212517836306062,True
0.06999999999999995,0.151,0.0017011431475949079,True
0.06999999999999995,0.152,0.001681158505981406,True
0.06999999999999995,0.153,0.0016612978623749219,True
0.06999999999999995,0.154,0.001641561219617227,True
0.06999999999999995,0.155,0.001621948579807242,True
0.06999999999999995,0.156,0.0016024599443017929,True
0.06999999999999995,0.157,0.0015830953137161209,True
0.06999999999999995,0.158,0.0015638546879243708,True
0.06999999999999995,0.159,0.0015447380660601028,True
0.06999999999999995,0.16,0.0015257454465173125,True
0.06999999999999995,0.161,0.001506876826950454,True
0.06999999999999995,0.162,0.0014881322042753276,True
0.06999999999999995,0.163,0.0014695115746699017,True
0.06999999999999995,0.164,0.0014510149335744016,True
0.06999999999999995,0.16499999999999998,0.0014326422756925305,True
0.06999999999999995,0.16599999999999998,0.0014143935949918474,True
0.06999999999999995,0.16699999999999998,0.001396268884704277,True
0.06999999999999995,0.16799999999999998,0.0013782681373270655,True
0.06999999999999995,0.16899999999999998,0.0013603913446234462,True
0.06999999999999995,0.16999999999999998,0.0013426384976230389,True
0.06999999999999995,0.17099999999999999,0.001325009586622894,True
0.06999999999999995,0.172,0.0013075046011880253,True
0.06999999999999995,0.173,0.0012901235301521208,True
0.06999999999999995,0.174,0.0012728663616184076,True
0.06999999999999995,0.175,0.0012557330829603198,True
0.06999999999999995,0.176,0.0012387236808220515,True
0.06999999999999995,0.177,0.001221838141119802,True
0.06999999999999995,0.178,0.0012050764490420419,True
0.06999999999999995,0.179,0.0011884385890506444,True
0.06999999999999995,0.18,0.001171924544881442,True
0.06999999999999995,0.181,0.001155534299545269,True
0.06999999999999995,0.182,0.0011392678353285834,True
0.06999999999999995,0.183,0.0011231251337943337,True
0.06999999999999995,0.184,0.0011071061757828016,True
0.06999999999999995,0.185,0.0010912109414125347,True
0.06999999999999995,0.186,0.001075439410081036,True
0.06999999999999995,0.187,0.001059791560465717,True
0.06999999999999995,0.188,0.0010442673705248762,True
0.06999999999999995,0.189,0.0010288668174983195,True
0.06999999999999995,0.19,0.0010135898779084496,True
0.06999999999999995,0.191,0.000998436527561286,True
0.06999999999999995,0.192,0.0009834067415468884,True
0.06999999999999995,0.193,0.0009685004942409092,True
0.06999999999999995,0.194,0.0009537177593050173,True
0.06999999999999995,0.195,0.0009390585096881399,True
0.06999999999999995,0.196,0.0009245227176272408,True
0.06999999999999995,0.197,0.000910110354648408,True
0.06999999999999995,0.198,0.0008958213915676527,True
0.06999999999999995,0.199,0.0008816557984922424,True
0.06999999999999995,0.2,0.0008676135448210554,True
0.06999999999999995,0.201,0.0008536945992464017,True
0.06999999999999995,0.202,0.0008398989297541571,True
0.06999999999999995,0.20299999999999999,0.0008262265036256044,True
0.06999999999999995,0.204,0.0008126772874377464,True
0.06999999999999995,0.205,0.0007992512470648804,True
0.06999999999999995,0.206,0.0007859483476793105,True
0.06999999999999995,0.207,0.0007727685537524343,True
0.06999999999999995,0.208,0.0007597118290560756,True
0.06999999999999995,0.209,0.0007467781366631953,True
0.06999999999999995,0.21,0.0007339674389491791,True
0.06999999999999995,0.211,0.0007212796975928804,True
0.06999999999999995,0.212,0.0007087148735777538,True
0.06999999999999995,0.213,0.0006962729271928314,True
0.06999999999999995,0.214,0.0006839538180339888,True
0.06999999999999995,0.215,0.0006717575050049663,True
0.06999999999999995,0.216,0.0006596839463185455,True
0.06999999999999995,0.217,0.0006477330994976605,True
0.06999999999999995,0.218,0.0006359049213768176,True
0.06999999999999995,0.219,0.0006241993681025848,True
0.06999999999999995,0.22,0.0006126163951354569,True
0.06999999999999995,0.221,0.000601155957250743,True
0.06999999999999995,0.222,0.0005898180085397442,True
0.06999999999999995,0.22299999999999998,0.0005786025024108854,True
0.06999999999999995,0.22399999999999998,0.0005675093915910922,True
0.06999999999999995,0.22499999999999998,0.0005565386281269457,True
0.06999999999999995,0.22599999999999998,0.0005456901633857702,True
0.06999999999999995,0.22699999999999998,0.0005349639480568769,True
0.06999999999999995,0.22799999999999998,0.0005243599321530512,True
0.06999999999999995,0.22899999999999998,0.0005138780650115971,True
0.06999999999999995,0.22999999999999998,0.0005035182952956019,True
0.06999999999999995,0.23099999999999998,0.0004932805709950028,True
0.06999999999999995,0.23199999999999998,0.00048316483942829614,True
0.06999999999999995,0.23299999999999998,0.0004731710472436035,True
0.06999999999999995,0.23399999999999999,0.00046329914041978173,True
0.06999999999999995,0.235,0.0004535490642677997,True
0.06999999999999995,0.236,0.00044392076343238165,True
0.06999999999999995,0.237,0.0004344141818928282,True
0.06999999999999995,0.238,0.0004250292629644825,True
0.06999999999999995,0.239,0.00041576594930039514,True
0.06999999999999995,0.24,0.00040662418289201253,True
0.06999999999999995,0.241,0.0003976039050711533,True
0.06999999999999995,0.242,0.0003887050565110739,True
0.06999999999999995,0.243,0.0003799275772276012,True
0.06999999999999995,0.244,0.0003712714065809752,True
0.06999999999999995,0.245,0.0003627364832768487,True
0.06999999999999995,0.246,0.00035432274536784103,True
0.06999999999999995,0.247,0.00034603013025487074,True
0.06999999999999995,0.248,0.0003378585746885543,True
0.06999999999999995,0.249,0.00032980801477053843,True
0.06999999999999995,0.25,0.0003218783859550101,True
0.06999999999999995,0.251,0.0003140696230502282,True
0.06999999999999995,0.252,0.00030638166021963454,True
0.06999999999999995,0.253,0.0002988144309834295,True
0.06999999999999995,0.254,0.00029136786822010486,True
0.06999999999999995,0.255,0.00028404190416788657,True
0.06999999999999995,0.256,0.0002768364704260229,True
0.06999999999999995,0.257,0.0002697514979563387,True
0.06999999999999995,0.258,0.0002627869170846786,True
0.06999999999999995,0.259,0.0002559426575025725,True
0.06999999999999995,0.26,0.000249218648268279,True
0.06999999999999995,0.261,0.00024261481780885052,True
0.06999999999999995,0.262,0.0002361310939210881,True
0.06999999999999995,0.263,0.00022976740377351758,True
0.06999999999999995,0.264,0.00022352367390734428,True
0.06999999999999995,0.265,0.00021739983023851827,True
0.06999999999999995,0.266,0.00021139579805897756,True
0.06999999999999995,0.267,0.00020551150203826918,True
0.06999999999999995,0.268,0.0001997468662249924,True
0.06999999999999995,0.269,0.00019410181404830862,True
0.06999999999999995,0.27,0.00018857626831982887,True
0.06999999999999995,0.271,0.00018317015123456848,True
0.06999999999999995,0.272,0.00017788338437321193,True
0.06999999999999995,0.273,0.00017271588870306775,True
0.06999999999999995,0.274,0.00016766758458006681,True
0.06999999999999995,0.275,0.00016273839175016125,True
0.06999999999999995,0.276,0.00015792822935081218,True
0.06999999999999995,0.277,0.00015323701591285488,True
0.06999999999999995,0.278,0.0001486646693618754,True
0.06999999999999995,0.279,0.00014421110701989814,True
0.06999999999999995,0.28,0.00013987624560707346,True
0.06999999999999995,0.281,0.00013566000124318745,True
0.06999999999999995,0.28200000000000003,0.00013156228944930515,True
0.06999999999999995,0.28300000000000003,0.00012758302514941365,True
0.06999999999999995,0.28400000000000003,0.00012372212267197646,True
0.06999999999999995,0.28500000000000003,0.00011997949575195399,True
0.06999999999999995,0.28600000000000003,0.00011635505753186948,True
0.06999999999999995,0.28700000000000003,0.00011284872056389616,True
0.06999999999999995,0.28800000000000003,0.00010946039681141162,True
0.06999999999999995,0.28900000000000003,0.00010618999765055204,True
0.06999999999999995,0.29000000000000004,0.00010303743387212183,True
0.06999999999999995,0.29100000000000004,0.00010000261568283708,True
0.06999999999999995,0.29200000000000004,9.708545270772361e-05,True
0.06999999999999995,0.29300000000000004,9.428585399087197e-05,True
0.06999999999999995,0.29400000000000004,9.16037279981241e-05,True
0.06999999999999995,0.295,8.903898261798382e-05,True
0.06999999999999995,0.296,8.659152516374836e-05,True
0.06999999999999995,0.297,8.426126237510711e-05,True
0.06999999999999995,0.298,8.204810041978483e-05,True
0.06999999999999995,0.299,7.995194489538449e-05,True
0.06999999999999995,0.3,7.79727008311415e-05,True
0.06999999999999995,0.301,7.611027268936699e-05,True
0.06999999999999995,0.302,7.436456436773486e-05,True
0.06999999999999995,0.303,7.27354792003032e-05,True
0.06999999999999995,0.304,7.122291995997898e-05,True
0.06999999999999995,0.305,6.982678885969484e-05,True
0.06999999999999995,0.306,6.854698755462963e-05,True
0.06999999999999995,0.307,6.738341714362939e-05,True
0.06999999999999995,0.308,6.633597817118364e-05,True
0.06999999999999995,0.309,6.540457062900184e-05,True
0.06999999999999995,0.31,6.458909395810065e-05,True
0.06999999999999995,0.311,6.388944705020272e-05,True
0.06999999999999995,0.312,6.330552824984625e-05,True
0.06999999999999995,0.313,6.283723535600582e-05,True
0.06999999999999995,0.314,6.248446562400201e-05,True
0.06999999999999995,0.315,6.224711576710006e-05,True
0.06999999999999995,0.316,6.212508195859722e-05,True
0.06999999999999995,0.317,6.211825983337693e-05,True
0.06999999999999995,0.318,6.222654448995169e-05,True
0.06999999999999995,0.319,6.244983049208397e-05,True
0.06999999999999995,0.32,6.278801187071803e-05,True
0.06999999999999995,0.321,6.324098212580065e-05,True
0.06999999999999995,0.322,6.380863422807969e-05,True
0.06999999999999995,0.323,6.449086062099152e-05,True
0.06999999999999995,0.324,6.528755322239288e-05,True
0.06999999999999995,0.325,6.619860342658158e-05,True
0.06999999999999995,0.32599999999999996,6.722390210600615e-05,True
0.06999999999999995,0.32699999999999996,6.836333961321995e-05,True
0.06999999999999995,0.32799999999999996,6.961680578252417e-05,True
0.06999999999999995,0.32899999999999996,7.098418993209954e-05,True
0.06999999999999995,0.32999999999999996,7.24653808658271e-05,True
0.06999999999999995,0.33099999999999996,7.406026687495348e-05,True
0.06999999999999995,0.33199999999999996,7.576873574011156e-05,True
0.06999999999999995,0.33299999999999996,7.759067473336322e-05,True
0.06999999999999995,0.33399999999999996,7.952597061962052e-05,True
0.06999999999999995,0.33499999999999996,8.157450965908807e-05,True
0.06999999999999995,0.33599999999999997,8.373617760866203e-05,True
0.06999999999999995,0.33699999999999997,8.601085972408385e-05,True
0.06999999999999995,0.33799999999999997,8.83984407619387e-05,True
0.06999999999999995,0.33899999999999997,9.089880498114322e-05,True
0.06999999999999995,0.33999999999999997,9.351183614534354e-05,True
0.06999999999999995,0.34099999999999997,9.623741752440296e-05,True
0.06999999999999995,0.34199999999999997,9.907543189664469e-05,True
0.06999999999999995,0.34299999999999997,0.00010202576155045051,True
0.06999999999999995,0.344,0.00010508828828641459,True
0.06999999999999995,0.345,0.0001082628934192309,True
0.06999999999999995,0.346,0.00011154945777953617,True
0.06999999999999995,0.347,0.00011494786171573068,True
0.06999999999999995,0.348,0.00011845798509628747,True
0.06999999999999995,0.349,0.00012207970731108463,True
0.06999999999999995,0.35,0.00012581290727418093,True
0.06999999999999995,0.351,0.00012965746342477046,True
0.06999999999999995,0.352,0.00013361325372995836,True
0.06999999999999995,0.353,0.00013768015568609292,True
0.06999999999999995,0.354,0.00014185804632125266,True
0.06999999999999995,0.355,0.0001461468021967338,True
0.06999999999999995,0.356,0.00015054629940915997,True
0.06999999999999995,0.357,0.00015505641359259137,True
0.06999999999999995,0.358,0.00015967701992036787,True
0.06999999999999995,0.359,0.00016440799310677435,True
0.06999999999999995,0.36,0.00016924920740972736,True
0.06999999999999995,0.361,0.0001742005366318189,True
0.06999999999999995,0.362,0.00017926185412324712,True
0.06999999999999995,0.363,0.00018443303278272704,True
0.06999999999999995,0.364,0.0001897139450604657,True
0.06999999999999995,0.365,0.0001951044629596499,True
0.06999999999999995,0.366,0.0002006044580382227,True
0.06999999999999995,0.367,0.00020621380141139234,True
0.06999999999999995,0.368,0.0002119323637531645,True
0.06999999999999995,0.369,0.00021776001529847378,True
0.06999999999999995,0.37,0.00022369662584529327,True
0.06999999999999995,0.371,0.00022974206475638858,True
0.06999999999999995,0.372,0.0002358962009615606,True
0.06999999999999995,0.373,0.00024215890295942177,True
0.06999999999999995,0.374,0.00024853003881943894,True
0.06999999999999995,0.375,0.00025500947618404266,True
0.06999999999999995,0.376,0.0002615970822704261,True
0.06999999999999995,0.377,0.00026829272387280946,True
0.06999999999999995,0.378,0.0002750962673641499,True
0.06999999999999995,0.379,0.00028200757869838443,True
0.06999999999999995,0.38,0.0002890265234121836,True
0.06999999999999995,0.381,0.0002961529666272167,True
0.06999999999999995,0.382,0.00030338677305201677,True
0.06999999999999995,0.383,0.000310727806984068,True
0.06999999999999995,0.384,0.0003181759323116262,True
0.06999999999999995,0.385,0.0003257310125158952,True
0.06999999999999995,0.386,0.0003333929106731137,True
0.06999999999999995,0.387,0.00034116148945639857,True
0.06999999999999995,0.388,0.00034903661113765415,True
0.06999999999999995,0.389,0.000357018137590126,True
0.06999999999999995,0.39,0.0003651059302896886,True
0.06999999999999995,0.391,0.00037329985031735456,True
0.06999999999999995,0.392,0.0003815997583612285,True
0.06999999999999995,0.393,0.0003900055147183279,True
0.06999999999999995,0.394,0.00039851697929689235,True
0.06999999999999995,0.395,0.00040713401161802666,True
0.06999999999999995,0.396,0.0004158564708182766,True
0.06999999999999995,0.397,0.00042468421565091676,True
0.06999999999999995,0.398,0.00043361710448874824,True
0.06999999999999995,0.399,0.0004426549953255865,True
0.06999999999999995,0.4,0.0004517977457783484,True
0.06999999999999995,0.401,0.0004610452130895393,True
0.06999999999999995,0.402,0.0004703972541285406,True
0.06999999999999995,0.403,0.00047985372539427473,True
0.06999999999999995,0.404,0.0004894144830170477,True
0.06999999999999995,0.405,0.0004990793827602147,True
0.06999999999999995,0.406,0.0005088482800227779,True
0.06999999999999995,0.40700000000000003,0.0005187210298411404,True
0.06999999999999995,0.40800000000000003,0.0005286974868911942,True
0.06999999999999995,0.40900000000000003,0.000538777505490029,True
0.06999999999999995,0.41000000000000003,0.0005489609395986194,True
0.06999999999999995,0.41100000000000003,0.0005592476428233351,True
0.06999999999999995,0.41200000000000003,0.0005696374684180494,True
0.06999999999999995,0.41300000000000003,0.0005801302692864275,True
0.06999999999999995,0.41400000000000003,0.0005907258979835905,True
0.06999999999999995,0.41500000000000004,0.000601424206718515,True
0.06999999999999995,0.41600000000000004,0.0006122250473558522,True
0.06999999999999995,0.41700000000000004,0.0006231282714178832,True
0.06999999999999995,0.41800000000000004,0.0006341337300868277,True
0.06999999999999995,0.41900000000000004,0.0006452412742067093,True
0.06999999999999995,0.42000000000000004,0.0006564507542853093,True
0.06999999999999995,0.42100000000000004,0.0006677620204963653,True
0.06999999999999995,0.42200000000000004,0.0006791749226816357,True
0.06999999999999995,0.42300000000000004,0.0006906893103526768,True
0.06999999999999995,0.42400000000000004,0.0007023050326931069,True
0.06999999999999995,0.42500000000000004,0.0007140219385605607,True
0.06999999999999995,0.42600000000000005,0.0007258398764886209,True
0.06999999999999995,0.42700000000000005,0.0007377586946892833,True
0.06999999999999995,0.42800000000000005,0.0007497782410543996,True
0.06999999999999995,0.42900000000000005,0.0007618983631579645,True
0.06999999999999995,0.43000000000000005,0.0007741189082582478,True
0.06999999999999995,0.43100000000000005,0.00078643972329977,True
0.06999999999999995,0.43200000000000005,0.000798860654915301,True
0.06999999999999995,0.43300000000000005,0.0008113815494277699,True
0.06999999999999995,0.43400000000000005,0.0008240022528525736,True
0.06999999999999995,0.43500000000000005,0.0008367226108992653,True
0.06999999999999995,0.43600000000000005,0.0008495424689740183,True
0.06999999999999995,0.43700000000000006,0.0008624616721811806,True
0.06999999999999995,0.43800000000000006,0.0008754800653256956,True
0.06999999999999995,0.43899999999999995,0.0008885974929147666,True
0.06999999999999995,0.43999999999999995,0.0009018137991602781,True
0.06999999999999995,0.44099999999999995,0.0009151288279804825,True
0.06999999999999995,0.44199999999999995,0.0009285424230021322,True
0.06999999999999995,0.44299999999999995,0.0009420544275627885,True
0.06999999999999995,0.44399999999999995,0.0009556646847121763,True
0.06999999999999995,0.44499999999999995,0.0009693730372149379,True
0.06999999999999995,0.44599999999999995,0.0009831793275522083,True
0.06999999999999995,0.44699999999999995,0.0009970833979237926,True
0.06999999999999995,0.44799999999999995,0.0010110850902500744,True
0.06999999999999995,0.44899999999999995,0.0010251842461741934,True
0.06999999999999995,0.44999999999999996,0.0010393807070639082,True
0.06999999999999995,0.45099999999999996,0.0010536743140137305,True
0.06999999999999995,0.45199999999999996,0.001068064907846855,True
0.06999999999999995,0.45299999999999996,0.0010825523291172257,True
0.06999999999999995,0.45399999999999996,0.0010971364181114663,True
0.06999999999999995,0.45499999999999996,0.0011118170148509909,True
0.06999999999999995,0.45599999999999996,0.00112659395909398,True
0.06999999999999995,0.45699999999999996,0.001141467090337378,True
0.06999999999999995,0.45799999999999996,0.001156436247818804,True
0.06999999999999995,0.45899999999999996,0.0011715012705187488,True
0.06999999999999995,0.45999999999999996,0.0011866619971625304,True
0.06999999999999995,0.46099999999999997,0.0012019182662219795,True
0.06999999999999995,0.46199999999999997,0.00121726991591804,True
0.06999999999999995,0.46299999999999997,0.0012327167842222098,True
0.06999999999999995,0.46399999999999997,0.001248258708858896,True
0.06999999999999995,0.46499999999999997,0.0012638955273070352,True
0.06999999999999995,0.46599999999999997,0.0012796270768025808,True
0.06999999999999995,0.46699999999999997,0.0012954531943401015,True
0.06999999999999995,0.46799999999999997,0.0013113737166749128,True
0.06999999999999995,0.469,0.001327388480325098,True
0.06999999999999995,0.47,0.0013434973215733725,True
0.06999999999999995,0.471,0.001359700076469239,True
0.06999999999999995,0.472,0.001375996580830896,True
0.06999999999999995,0.473,0.0013923866702469701,True
0.06999999999999995,0.474,0.0014088701800790248,True
0.06999999999999995,0.475,0.0014254469454630715,True
0.06999999999999995,0.476,0.001442116801311699,True
0.06999999999999995,0.477,0.0014588795823161859,True
0.06999999999999995,0.478,0.001475735122948163,True
0.06999999999999995,0.479,0.0014926832574618353,True
0.06999999999999995,0.48,0.0015097238198958918,True
0.06999999999999995,0.481,0.0015268566440755026,True
0.06999999999999995,0.482,0.0015440815636139638,True
0.06999999999999995,0.483,0.0015613984119153157,True
0.06999999999999995,0.484,0.0015788070221755656,True
0.06999999999999995,0.485,0.0015963072273851519,True
0.06999999999999995,0.486,0.001613898860330676,True
0.06999999999999995,0.487,0.0016315817535969002,True
0.06999999999999995,0.488,0.0016493557395686586,True
0.06999999999999995,0.489,0.001667220650432877,True
0.06999999999999995,0.49,0.0016851763181805924,True
0.06999999999999995,0.491,0.0017032225746085538,True
0.06999999999999995,0.492,0.001721359251321486,True
0.06999999999999995,0.493,0.0017395861797339985,True
0.06999999999999995,0.494,0.0017579031910723408,True
0.06999999999999995,0.495,0.001776310116376445,True
0.06999999999999995,0.496,0.0017948067865019234,True
0.06999999999999995,0.497,0.0018133930321218683,True
0.06999999999999995,0.498,0.0018320686837287603,True
0.06999999999999995,0.499,0.0018508335716364455,True
0.06999999999999995,0.5,0.0018696875259822886,True
0.1399999999999999,0.15,0.001963943094101439,True
0.1399999999999999,0.151,0.0019427825306474133,True
0.1399999999999999,0.152,0.0019217445965669544,True
0.1399999999999999,0.153,0.0019008292992112486,True
0.1399999999999999,0.154,0.0018800366451938943,True
0.1399999999999999,0.155,0.0018593666403916354,True
0.1399999999999999,0.156,0.0018388192899448264,True
0.1399999999999999,0.157,0.0018183945982579663,True
0.1399999999999999,0.158,0.0017980925690001426,True
0.1399999999999999,0.159,0.001777913205105608,True
0.1399999999999999,0.16,0.0017578565087744246,True
0.1399999999999999,0.161,0.0017379224814728866,True
0.1399999999999999,0.162,0.001718111123934074,True
0.1399999999999999,0.163,0.001698422436158653,True
0.1399999999999999,0.164,0.0016788564174150978,True
0.1399999999999999,0.16499999999999998,0.0016594130662407115,True
0.1399999999999999,0.16599999999999998,0.0016400923804418266,True
0.1399999999999999,0.16699999999999998,0.00162089435709476,True
0.1399999999999999,0.16799999999999998,0.0016018189925462779,True
0.1399999999999999,0.16899999999999998,0.0015828662824141303,True
0.1399999999999999,0.16999999999999998,0.0015640362215880055,True
0.1399999999999999,0.17099999999999999,0.0015453288042299284,True
0.1399999999999999,0.172,0.001526744023774973,True
0.1399999999999999,0.173,0.0015082818729321046,True
0.1399999999999999,0.174,0.0014899423436846692,True
0.1399999999999999,0.175,0.0014717254272910818,True
0.1399999999999999,0.176,0.001453631114285936,True
0.1399999999999999,0.177,0.0014356593944800933,True
0.1399999999999999,0.178,0.00141781025696186,True
0.1399999999999999,0.179,0.0014000836900976755,True
0.1399999999999999,0.18,0.0013824796815327556,True
0.1399999999999999,0.181,0.001364998218191893,True
0.1399999999999999,0.182,0.0013476392862802333,True
0.1399999999999999,0.183,0.0013304028712840088,True
0.1399999999999999,0.184,0.0013132889579714035,True
0.1399999999999999,0.185,0.0012962975303933311,True
0.1399999999999999,0.186,0.0012794285718843,True
0.1399999999999999,0.187,0.0012626820650630589,True
0.1399999999999999,0.188,0.0012460579918335268,True
0.1399999999999999,0.189,0.0012295563333858174,True
0.1399999999999999,0.19,0.0012131770701966805,True
0.1399999999999999,0.191,0.0011969201820307917,True
0.1399999999999999,0.192,0.0011807856479413071,True
0.1399999999999999,0.193,0.0011647734462708614,True
0.1399999999999999,0.194,0.0011488835546525466,True
0.1399999999999999,0.195,0.0011331159500105326,True
0.1399999999999999,0.196,0.0011174706085612883,True
0.1399999999999999,0.197,0.0011019475058144045,True
0.1399999999999999,0.198,0.001086546616573325,True
0.1399999999999999,0.199,0.0010712679149366133,True
0.1399999999999999,0.2,0.0010561113742984184,True
0.1399999999999999,0.201,0.0010410769673500964,True
0.1399999999999999,0.202,0.0010261646660806312,True
0.1399999999999999,0.20299999999999999,0.0010113744417776128,True
0.1399999999999999,0.204,0.0009967062650286574,True
0.1399999999999999,0.205,0.0009821601057220298,True
0.1399999999999999,0.206,0.0009677359330476643,True
0.1399999999999999,0.207,0.0009534337154982087,True
0.1399999999999999,0.208,0.0009392534208703341,True
0.1399999999999999,0.209,0.000925195016265179,True
0.1399999999999999,0.21,0.0009112584680899705,True
0.1399999999999999,0.211,0.000897443742058579,True
0.1399999999999999,0.212,0.0008837508031930063,True
0.1399999999999999,0.213,0.0008701796158241404,True
0.1399999999999999,0.214,0.0008567301435929986,True
0.1399999999999999,0.215,0.0008434023494515941,True
0.1399999999999999,0.216,0.0008301961956642901,True
0.1399999999999999,0.217,0.0008171116438088655,True
0.1399999999999999,0.218,0.0008041486547772925,True
0.1399999999999999,0.219,0.0007913071887772239,True
0.1399999999999999,0.22,0.0007785872053330811,True
0.1399999999999999,0.221,0.0007659886632869651,True
0.1399999999999999,0.222,0.0007535115207998766,True
0.1399999999999999,0.22299999999999998,0.0007411557353531384,True
0.1399999999999999,0.22399999999999998,0.0007289212637490383,True
0.1399999999999999,0.22499999999999998,0.0007168080621125395,True
0.1399999999999999,0.22599999999999998,0.0007048160858920793,True
0.1399999999999999,0.22699999999999998,0.0006929452898608135,True
0.1399999999999999,0.22799999999999998,0.0006811956281180143,True
0.1399999999999999,0.22899999999999998,0.0006695670540900478,True
0.1399999999999999,0.22999999999999998,0.0006580595205317952,True
0.1399999999999999,0.23099999999999998,0.0006466729795274074,True
0.1399999999999999,0.23199999999999998,0.0006354073824922146,True
0.1399999999999999,0.23299999999999998,0.0006242626801735041,True
0.1399999999999999,0.23399999999999999,0.0006132388226517627,True
0.1399999999999999,0.235,0.0006023357593420986,True
0.1399999999999999,0.236,0.000591553438995418,True
0.1399999999999999,0.237,0.0005808918096997573,True
0.1399999999999999,0.238,0.0005703508188812823,True
0.1399999999999999,0.239,0.0005599304133061311,True
0.1399999999999999,0.24,0.0005496305390810807,True
0.1399999999999999,0.241,0.0005394511416552117,True
0.1399999999999999,0.242,0.0005293921658212408,True
0.1399999999999999,0.243,0.0005194535557165203,True
0.1399999999999999,0.244,0.0005096352548246141,True
0.1399999999999999,0.245,0.0004999372059767193,True
0.1399999999999999,0.246,0.0004903593513526427,True
0.1399999999999999,0.247,0.0004809016324825555,True
0.1399999999999999,0.248,0.00047156399024792515,True
0.1399999999999999,0.249,0.0004623463648832038,True
0.1399999999999999,0.25,0.0004532486959772486,True
0.1399999999999999,0.251,0.0004442709224741437,True
0.1399999999999999,0.252,0.0004354129826754427,True
0.1399999999999999,0.253,0.00042667481424067953,True
0.1399999999999999,0.254,0.0004180563541893445,True
0.1399999999999999,0.255,0.00040955753890212774,True
0.1399999999999999,0.256,0.00040117830412229606,True
0.1399999999999999,0.257,0.0003929185849571359,True
0.1399999999999999,0.258,0.00038477831587935274,True
0.1399999999999999,0.259,0.00037675743072846936,True
0.1399999999999999,0.26,0.0003688558627124472,True
0.1399999999999999,0.261,0.0003610735444089519,True
0.1399999999999999,0.262,0.00035341040776681876,True
0.1399999999999999,0.263,0.00034586638410758483,True
0.1399999999999999,0.264,0.00033844140412688797,True
0.1399999999999999,0.265,0.000331135397896154,True
0.1399999999999999,0.266,0.00032394829486368513,True
0.1399999999999999,0.267,0.00031688002385645844,True
0.1399999999999999,0.268,0.0003099305130815244,True
0.1399999999999999,0.269,0.00030309969012747294,True
0.1399999999999999,0.27,0.00029638748196614273,True
0.1399999999999999,0.271,0.00028979381495373155,True
0.1399999999999999,0.272,0.00028331861483277265,True
0.1399999999999999,0.273,0.0002769618067333113,True
0.1399999999999999,0.274,0.0002707233151747035,True
0.1399999999999999,0.275,0.00026460306406690394,True
0.1399999999999999,0.276,0.0002586009767121977,True
0.1399999999999999,0.277,0.0002527169758067549,True
0.1399999999999999,0.278,0.00024695098344207356,True
0.1399999999999999,0.279,0.0002413029211065787,True
0.1399999999999999,0.28,0.00023577270968735408,True
0.1399999999999999,0.281,0.00023036026947143018,True
0.1399999999999999,0.28200000000000003,0.00022506552014764925,True
0.1399999999999999,0.28300000000000003,0.0002198883808080643,True
0.1399999999999999,0.28400000000000003,0.00021482876994960431,True
0.1399999999999999,0.28500000000000003,0.00020988660547573978,True
0.1399999999999999,0.28600000000000003,0.0002050618046980368,True
0.1399999999999999,0.28700000000000003,0.00020035428433771152,True
0.1399999999999999,0.28800000000000003,0.0001957639605273842,True
0.1399999999999999,0.28900000000000003,0.000191290748812567,True
0.1399999999999999,0.29000000000000004,0.00018693456415339594,True
0.1399999999999999,0.29100000000000004,0.0001826953209262072,True
0.1399999999999999,0.29200000000000004,0.00017857293292522503,True
0.1399999999999999,0.29300000000000004,0.00017456731336409347,True
0.1399999999999999,0.29400000000000004,0.00017067837487798608,True
0.1399999999999999,0.295,0.00016690602952433852,True
0.1399999999999999,0.296,0.00016325018878569076,True
0.1399999999999999,0.297,0.0001597107635704198,True
0.1399999999999999,0.298,0.00015628766421473816,True
0.1399999999999999,0.299,0.00015298080048453677,True
0.1399999999999999,0.3,0.00014979008157687269,True
0.1399999999999999,0.301,0.00014671541612174544,True
0.1399999999999999,0.302,0.0001437567121837402,True
0.1399999999999999,0.303,0.0001409138772638041,True
0.1399999999999999,0.304,0.00013818681830086722,True
0.1399999999999999,0.305,0.000135575441673641,True
0.1399999999999999,0.306,0.00013307965320219495,True
0.1399999999999999,0.307,0.00013069935815013256,True
0.1399999999999999,0.308,0.00012843446122552394,True
0.1399999999999999,0.309,0.00012628486658334827,True
0.1399999999999999,0.31,0.0001242504778269815,True
0.1399999999999999,0.311,0.0001223311980098174,True
0.1399999999999999,0.312,0.00012052692963726575,True
0.1399999999999999,0.313,0.0001188375746683068,True
0.1399999999999999,0.314,0.00011726303451735643,True
0.1399999999999999,0.315,0.00011580321005593142,True
0.1399999999999999,0.316,0.00011445800161455911,True
0.1399999999999999,0.317,0.00011322730898446486,True
0.1399999999999999,0.318,0.00011211103141925972,True
0.1399999999999999,0.319,0.00011110906763689421,True
0.1399999999999999,0.32,0.0001102213158213905,True
0.1399999999999999,0.321,0.00010944767362455198,True
0.1399999999999999,0.322,0.00010878803816787297,True
0.1399999999999999,0.323,0.00010824230604422613,True
0.1399999999999999,0.324,0.00010781037331968335,True
0.1399999999999999,0.325,0.00010749213553553627,True
0.1399999999999999,0.32599999999999996,0.000107287487709673,True
0.1399999999999999,0.32699999999999996,0.00010719632433890958,True
0.1399999999999999,0.32799999999999996,0.00010721853940043324,True
0.1399999999999999,0.32899999999999996,0.00010735402635366764,True
0.1399999999999999,0.32999999999999996,0.00010760267814238222,True
0.1399999999999999,0.33099999999999996,0.00010796438719611335,True
0.1399999999999999,0.33199999999999996,0.0001084390454323847,True
0.1399999999999999,0.33299999999999996,0.00010902654425826164,True
0.1399999999999999,0.33399999999999996,0.00010972677457223856,True
0.1399999999999999,0.33499999999999996,0.00011053962676641494,True
0.1399999999999999,0.33599999999999997,0.00011146499072780535,True
0.1399999999999999,0.33699999999999997,0.00011250275584058222,True
0.1399999999999999,0.33799999999999997,0.00011365281098780766,True
0.1399999999999999,0.33899999999999997,0.00011491504455347634,True
0.1399999999999999,0.33999999999999997,0.00011628934442395878,True
0.1399999999999999,0.34099999999999997,0.00011777559799022174,True
0.1399999999999999,0.34199999999999997,0.00011937369214969351,True
0.1399999999999999,0.34299999999999997,0.00012108351330801792,True
0.1399999999999999,0.344,0.0001229049473808974,True
0.1399999999999999,0.345,0.0001248378797960692,True
0.1399999999999999,0.346,0.00012688219549525926,True
0.1399999999999999,0.347,0.00012903777893591428,True
0.1399999999999999,0.348,0.0001313045140932001,True
0.1399999999999999,0.349,0.00013368228446175578,True
0.1399999999999999,0.35,0.00013617097305780313,True
0.1399999999999999,0.351,0.00013877046242092295,True
0.1399999999999999,0.352,0.00014148063461592031,True
0.1399999999999999,0.353,0.0001443013712348895,True
0.1399999999999999,0.354,0.00014723255339890162,True
0.1399999999999999,0.355,0.00015027406176026936,True
0.1399999999999999,0.356,0.00015342577650396817,True
0.1399999999999999,0.357,0.00015668757734990101,True
0.1399999999999999,0.358,0.0001600593435548081,True
0.1399999999999999,0.359,0.0001635409539140431,True
0.1399999999999999,0.36,0.00016713228676368264,True
0.1399999999999999,0.361,0.00017083321998230262,True
0.1399999999999999,0.362,0.00017464363099297663,True
0.1399999999999999,0.363,0.0001785633967650746,True
0.1399999999999999,0.364,0.0001825923938165275,True
0.1399999999999999,0.365,0.00018673049821535948,True
0.1399999999999999,0.366,0.0001909775855820195,True
0.1399999999999999,0.367,0.00019533353109100205,True
0.1399999999999999,0.368,0.0001997982094730677,True
0.1399999999999999,0.369,0.00020437149501684182,True
0.1399999999999999,0.37,0.0002090532615711904,True
0.1399999999999999,0.371,0.0002138433825467967,True
0.1399999999999999,0.372,0.00021874173091849248,True
0.1399999999999999,0.373,0.00022374817922674595,True
0.1399999999999999,0.374,0.0002288625995799487,True
0.1399999999999999,0.375,0.00023408486365648074,True
0.1399999999999999,0.376,0.0002394148427063758,True
0.1399999999999999,0.377,0.0002448524075533198,True
0.1399999999999999,0.378,0.0002503974285968935,True
0.1399999999999999,0.379,0.0002560497758142377,True
0.1399999999999999,0.38,0.0002618093187621628,True
0.1399999999999999,0.381,0.00026767592657914727,True
0.1399999999999999,0.382,0.0002736494679872026,True
0.1399999999999999,0.383,0.00027972981129391615,True
0.1399999999999999,0.384,0.0002859168243944943,True
0.1399999999999999,0.385,0.0002922103747736271,True
0.1399999999999999,0.386,0.00029861032950757594,True
0.1399999999999999,0.387,0.0003051165552659274,True
0.1399999999999999,0.388,0.0003117289183139027,True
0.1399999999999999,0.389,0.00031844728451422275,True
0.1399999999999999,0.39,0.0003252715193287514,True
0.1399999999999999,0.391,0.00033220148782113766,True
0.1399999999999999,0.392,0.0003392370546583479,True
0.1399999999999999,0.393,0.0003463780841125974,True
0.1399999999999999,0.394,0.0003536244400637489,True
0.1399999999999999,0.395,0.00036097598600093317,True
0.1399999999999999,0.396,0.00036843258502454733,True
0.1399999999999999,0.397,0.00037599409984854224,True
0.1399999999999999,0.398,0.0003836603928023097,True
0.1399999999999999,0.399,0.000391431325832392,True
0.1399999999999999,0.4,0.000399306760504925,True
0.1399999999999999,0.401,0.0004072865580071472,True
0.1399999999999999,0.402,0.000415370579149954,True
0.1399999999999999,0.403,0.00042355868436942944,True
0.1399999999999999,0.404,0.00043185073372897786,True
0.1399999999999999,0.405,0.0004402465869216332,True
0.1399999999999999,0.406,0.00044874610327141353,True
0.1399999999999999,0.40700000000000003,0.0004573491417361186,True
0.1399999999999999,0.40800000000000003,0.00046605556090872913,True
0.1399999999999999,0.40900000000000003,0.0004748652190193825,True
0.1399999999999999,0.41000000000000003,0.00048377797393803765,True
0.1399999999999999,0.41100000000000003,0.0004927936831756296,True
0.1399999999999999,0.41200000000000003,0.0005019122038869117,True
0.1399999999999999,0.41300000000000003,0.00051113339287161,True
0.1399999999999999,0.41400000000000003,0.0005204571065770657,True
0.1399999999999999,0.41500000000000004,0.0005298832011000121,True
0.1399999999999999,0.41600000000000004,0.0005394115321886384,True
0.1399999999999999,0.41700000000000004,0.000549041955244478,True
0.1399999999999999,0.41800000000000004,0.0005587743253244959,True
0.1399999999999999,0.41900000000000004,0.0005686084971431304,True
0.1399999999999999,0.42000000000000004,0.0005785443250742484,True
0.1399999999999999,0.42100000000000004,0.0005885816631532315,True
0.1399999999999999,0.42200000000000004,0.0005987203650786421,True
0.1399999999999999,0.42300000000000004,0.00060896028421491,True
0.1399999999999999,0.42400000000000004,0.0006193012735937087,True
0.1399999999999999,0.42500000000000004,0.0006297431859161762,True
0.1399999999999999,0.42600000000000005,0.0006402858735548688,True
0.1399999999999999,0.42700000000000005,0.0006509291885561152,True
0.1399999999999999,0.42800000000000005,0.000661672982641437,True
0.1399999999999999,0.42900000000000005,0.0006725171072100578,True
0.1399999999999999,0.43000000000000005,0.0006834614133405914,True
0.1399999999999999,0.43100000000000005,0.0006945057517931952,True
0.1399999999999999,0.43200000000000005,0.0007056499730115462,True
0.1399999999999999,0.43300000000000005,0.0007168939271248842,True
0.1399999999999999,0.43400000000000005,0.0007282374639499655,True
0.1399999999999999,0.43500000000000005,0.0007396804329929507,True
0.1399999999999999,0.43600000000000005,0.0007512226834517577,True
0.1399999999999999,0.43700000000000006,0.0007628640642177054,True
0.1399999999999999,0.43800000000000006,0.0007746044238776007,True
0.1399999999999999,0.43899999999999995,0.0007864436107159589,True
0.1399999999999999,0.43999999999999995,0.0007983814727166028,True
0.1399999999999999,0.44099999999999995,0.0008104178575652155,True
0.1399999999999999,0.44199999999999995,0.0008225526126506954,True
0.1399999999999999,0.44299999999999995,0.0008347855850677988,True
0.1399999999999999,0.44399999999999995,0.000847116621618449,True
0.1399999999999999,0.44499999999999995,0.0008595455688144016,True
0.1399999999999999,0.44599999999999995,0.0008720722728788432,True
0.1399999999999999,0.44699999999999995,0.0008846965797485896,True
0.1399999999999999,0.44799999999999995,0.0008974183350757726,True
0.1399999999999999,0.44899999999999995,0.0009102373842301726,True
0.1399999999999999,0.44999999999999996,0.0009231535723011053,True
0.1399999999999999,0.45099999999999996,0.0009361667440992427,True
0.1399999999999999,0.45199999999999996,0.0009492767441590333,True
0.1399999999999999,0.45299999999999996,0.0009624834167399898,True
0.1399999999999999,0.45399999999999996,0.0009757866058293762,True
0.1399999999999999,0.45499999999999996,0.0009891861551439619,True
0.1399999999999999,0.45599999999999996,0.0010026819081317751,True
0.1399999999999999,0.45699999999999996,0.0010162737079742802,True
0.1399999999999999,0.45799999999999996,0.0010299613975885524,True
0.1399999999999999,0.45899999999999996,0.0010437448196287447,True
0.1399999999999999,0.45999999999999996,0.001057623816488662,True
0.1399999999999999,0.46099999999999997,0.0010715982303032279,True
0.1399999999999999,0.46199999999999997,0.0010856679029509265,True
0.1399999999999999,0.46299999999999997,0.001099832676055379,True
0.1399999999999999,0.46399999999999997,0.0011140923909874535,True
0.1399999999999999,0.46499999999999997,0.0011284468888673959,True
0.1399999999999999,0.46599999999999997,0.0011428960105666075,True
0.1399999999999999,0.46699999999999997,0.0011574395967096861,True
0.1399999999999999,0.46799999999999997,0.0011720774876764263,True
0.1399999999999999,0.469,0.0011868095236036158,True
0.1399999999999999,0.47,0.0012016355443872806,True
0.1399999999999999,0.471,0.001216555389684526,True
0.1399999999999999,0.472,0.0012315688989152252,True
0.1399999999999999,0.473,0.0012466759112645276,True
0.1399999999999999,0.474,0.001261876265684392,True
0.1399999999999999,0.475,0.0012771698008955611,True
0.1399999999999999,0.476,0.0012925563553897624,True
0.1399999999999999,0.477,0.0013080357674314148,True
0.1399999999999999,0.478,0.0013236078750598513,True
0.1399999999999999,0.479,0.0013392725160908947,True
0.1399999999999999,0.48,0.001355029528119145,True
0.1399999999999999,0.481,0.001370878748519755,True
0.1399999999999999,0.482,0.001386820014450385,True
0.1399999999999999,0.483,0.0014028531628530682,True
0.1399999999999999,0.484,0.0014189780304563638,True
0.1399999999999999,0.485,0.0014351944537772,True
0.1399999999999999,0.486,0.001451502269122784,True
0.1399999999999999,0.487,0.0014679013125923346,True
0.1399999999999999,0.488,0.0014843914200794116,True
0.1399999999999999,0.489,0.0015009724272734282,True
0.1399999999999999,0.49,0.0015176441696621134,True
0.1399999999999999,0.491,0.0015344064825327352,True
0.1399999999999999,0.492,0.0015512592009746084,True
0.1399999999999999,0.493,0.0015682021598807604,True
0.1399999999999999,0.494,0.0015852351939497744,True
0.1399999999999999,0.495,0.001602358137687987,True
0.1399999999999999,0.496,0.001619570825411043,True
0.1399999999999999,0.497,0.0016368730912460939,True
0.1399999999999999,0.498,0.0016542647691334845,True
0.1399999999999999,0.499,0.0016717456928287745,True
0.1399999999999999,0.5,0.0016893156959047139,True
0.20999999999999996,0.15,0.0024923801590113204,True
0.20999999999999996,0.151,0.0024671545331541147,True
0.20999999999999996,0.152,0.0024420613209886087,True
0.20999999999999996,0.153,0.0024171005375557054,True
0.20999999999999996,0.154,0.002392272197095746,True
0.20999999999999996,0.155,0.002367576313049047,True
0.20999999999999996,0.156,0.0023430128980561848,True
0.20999999999999996,0.157,0.0023185819639586656,True
0.20999999999999996,0.158,0.0022942835217991896,True
0.20999999999999996,0.159,0.002270117581822584,True
0.20999999999999996,0.16,0.0022460841534759357,True
0.20999999999999996,0.161,0.0022221832454091704,True
0.20999999999999996,0.162,0.002198414865475873,True
0.20999999999999996,0.163,0.002174779020733508,True
0.20999999999999996,0.164,0.0021512757174441343,True
0.20999999999999996,0.16499999999999998,0.0021279049610750667,True
0.20999999999999996,0.16599999999999998,0.002104666756299478,True
0.20999999999999996,0.16699999999999998,0.0020815611069967322,True
0.20999999999999996,0.16799999999999998,0.002058588016253249,True
0.20999999999999996,0.16899999999999998,0.0020357474863631044,True
0.20999999999999996,0.16999999999999998,0.0020130395188285855,True
0.20999999999999996,0.17099999999999999,0.0019904641143607903,True
0.20999999999999996,0.172,0.0019680212728806048,True
0.20999999999999996,0.173,0.0019457109935189676,True
0.20999999999999996,0.174,0.0019235332746176947,True
0.20999999999999996,0.175,0.0019014881137302986,True
0.20999999999999996,0.176,0.0018795755076226107,True
0.20999999999999996,0.177,0.0018577954522734253,True
0.20999999999999996,0.178,0.0018361479428752546,True
0.20999999999999996,0.179,0.0018146329738351285,True
0.20999999999999996,0.18,0.001793250538775304,True
0.20999999999999996,0.181,0.001772000630533932,True
0.20999999999999996,0.182,0.001750883241166168,True
0.20999999999999996,0.183,0.0017298983619443487,True
0.20999999999999996,0.184,0.0017090459833594362,True
0.20999999999999996,0.185,0.001688326095121284,True
0.20999999999999996,0.186,0.001667738686159903,True
0.20999999999999996,0.187,0.0016472837446258382,True
0.20999999999999996,0.188,0.0016269612578913683,True
0.20999999999999996,0.189,0.001606771212551128,True
0.20999999999999996,0.19,0.0015867135944231281,True
0.20999999999999996,0.191,0.0015667883885494226,True
0.20999999999999996,0.192,0.0015469955791972412,True
0.20999999999999996,0.193,0.0015273351498594988,True
0.20999999999999996,0.194,0.001507807083256174,True
0.20999999999999996,0.195,0.001488411361334796,True
0.20999999999999996,0.196,0.0014691479652716,True
0.20999999999999996,0.197,0.0014500168754723486,True
0.20999999999999996,0.198,0.001431018071573331,True
0.20999999999999996,0.199,0.0014121515324422961,True
0.20999999999999996,0.2,0.0013934172361793396,True
0.20999999999999996,0.201,0.0013748151601180147,True
0.20999999999999996,0.202,0.0013563452808261988,True
0.20999999999999996,0.20299999999999999,0.001338007574107003,True
0.20999999999999996,0.204,0.0013198020150001267,True
0.20999999999999996,0.205,0.0013017285777823684,True
0.20999999999999996,0.206,0.001283787235969136,True
0.20999999999999996,0.207,0.0012659779623150457,True
0.20999999999999996,0.208,0.0012483007288151883,True
0.20999999999999996,0.209,0.0012307555067063048,True
0.20999999999999996,0.21,0.0012133422664675209,True
0.20999999999999996,0.211,0.0011960609778216779,True
0.20999999999999996,0.212,0.0011789116097362217,True
0.20999999999999996,0.213,0.0011618941304245346,True
0.20999999999999996,0.214,0.0011450085073466897,True
0.20999999999999996,0.215,0.001128254707210985,True
0.20999999999999996,0.216,0.0011116326959746293,True
0.20999999999999996,0.217,0.0010951424388451869,True
0.20999999999999996,0.218,0.0010787839002817101,True
0.20999999999999996,0.219,0.001062557043995538,True
0.20999999999999996,0.22,0.0010464618329518948,True
0.20999999999999996,0.221,0.0010304982293707354,True
0.20999999999999996,0.222,0.0010146661947281644,True
0.20999999999999996,0.22299999999999998,0.0009989656897573696,True
0.20999999999999996,0.22399999999999998,0.0009833966744499766,True
0.20999999999999996,0.22499999999999998,0.0009679591080573813,True
0.20999999999999996,0.22599999999999998,0.0009526529490915481,True
0.20999999999999996,0.22699999999999998,0.0009374781553267653,True
0.20999999999999996,0.22799999999999998,0.0009224346838003772,True
0.20999999999999996,0.22899999999999998,0.0009075224908144275,True
0.20999999999999996,0.22999999999999998,0.0008927415319365473,True
0.20999999999999996,0.23099999999999998,0.0008780917620015538,True
0.20999999999999996,0.23199999999999998,0.0008635731351125609,True
0.20999999999999996,0.23299999999999998,0.000849185604642222,True
0.20999999999999996,0.23399999999999999,0.0008349291232339739,True
0.20999999999999996,0.235,0.000820803642803547,True
0.20999999999999996,0.236,0.0008068091145400746,True
0.20999999999999996,0.237,0.0007929454889075815,True
0.20999999999999996,0.238,0.0007792127156460271,True
0.20999999999999996,0.239,0.0007656107437727933,True
0.20999999999999996,0.24,0.0007521395215842386,True
0.20999999999999996,0.241,0.0007387989966567199,True
0.20999999999999996,0.242,0.0007255891158480798,True
0.20999999999999996,0.243,0.0007125098252989571,True
0.20999999999999996,0.244,0.000699561070434318,True
0.20999999999999996,0.245,0.000686742795964701,True
0.20999999999999996,0.246,0.0006740549458875478,True
0.20999999999999996,0.247,0.0006614974634887805,True
0.20999999999999996,0.248,0.0006490702913442004,True
0.20999999999999996,0.249,0.0006367733713205758,True
0.20999999999999996,0.25,0.0006246066445776633,True
0.20999999999999996,0.251,0.0006125700515690724,True
0.20999999999999996,0.252,0.0006006635320438658,True
0.20999999999999996,0.253,0.0005888870250483125,True
0.20999999999999996,0.254,0.0005772404689269762,True
0.20999999999999996,0.255,0.000565723801324336,True
0.20999999999999996,0.256,0.0005543369591861858,True
0.20999999999999996,0.257,0.0005430798787613433,True
0.20999999999999996,0.258,0.00053195249560265,True
0.20999999999999996,0.259,0.0005209547445692575,True
0.20999999999999996,0.26,0.0005100865598271387,True
0.20999999999999996,0.261,0.0004993478748515301,True
0.20999999999999996,0.262,0.0004887386224279311,True
0.20999999999999996,0.263,0.0004782587346536138,True
0.20999999999999996,0.264,0.00046790814293951044,True
0.20999999999999996,0.265,0.00045768677801141246,True
0.20999999999999996,0.266,0.0004475945699117689,True
0.20999999999999996,0.267,0.00043763144800101905,True
0.20999999999999996,0.268,0.00042779734095925724,True
0.20999999999999996,0.269,0.00041809217678794307,True
0.20999999999999996,0.27,0.00040851588281138885,True
0.20999999999999996,0.271,0.0003990683856782251,True
0.20999999999999996,0.272,0.0003897496113631327,True
0.20999999999999996,0.273,0.0003805594851685301,True
0.20999999999999996,0.274,0.0003714979317258393,True
0.20999999999999996,0.275,0.00036256487499748414,True
0.20999999999999996,0.276,0.0003537602382784888,True
0.20999999999999996,0.277,0.0003450839441977438,True
0.20999999999999996,0.278,0.00033653591472007085,True
0.20999999999999996,0.279,0.00032811607114764386,True
0.20999999999999996,0.28,0.0003198243341217655,True
0.20999999999999996,0.281,0.000311660623624288,True
0.20999999999999996,0.28200000000000003,0.0003036248589796342,True
0.20999999999999996,0.28300000000000003,0.00029571695885615145,True
0.20999999999999996,0.28400000000000003,0.0002879368412681105,True
0.20999999999999996,0.28500000000000003,0.0002802844235769708,True
0.20999999999999996,0.28600000000000003,0.0002727596224935569,True
0.20999999999999996,0.28700000000000003,0.00026536235407947917,True
0.20999999999999996,0.28800000000000003,0.00025809253374868834,True
0.20999999999999996,0.28900000000000003,0.0002509500762696959,True
0.20999999999999996,0.29000000000000004,0.00024393489576679528,True
0.20999999999999996,0.29100000000000004,0.00023704690572199372,True
0.20999999999999996,0.29200000000000004,0.00023028601897678858,True
0.20999999999999996,0.29300000000000004,0.00022365214773398812,True
0.20999999999999996,0.29400000000000004,0.00021714520355897715,True
0.20999999999999996,0.295,0.00021076509738220394,True
0.20999999999999996,0.296,0.00020451173950033485,True
0.20999999999999996,0.297,0.00019838503957843036,True
0.20999999999999996,0.298,0.00019238490665129948,True
0.20999999999999996,0.299,0.00018651124912567597,True
0.20999999999999996,0.3,0.00018076397478179463,True
0.20999999999999996,0.301,0.00017514299077527883,True
0.20999999999999996,0.302,0.00016964820363869483,True
0.20999999999999996,0.303,0.00016427951928386087,True
0.20999999999999996,0.304,0.00015903684300297983,True
0.20999999999999996,0.305,0.00015392007947121478,True
0.20999999999999996,0.306,0.00014892913274759944,True
0.20999999999999996,0.307,0.00014406390627783595,True
0.20999999999999996,0.308,0.000139324302895405,True
0.20999999999999996,0.309,0.00013471022482374194,True
0.20999999999999996,0.31,0.00013022157367801324,True
0.20999999999999996,0.311,0.00012585825046673715,True
0.20999999999999996,0.312,0.00012162015559409322,True
0.20999999999999996,0.313,0.00011750718886152089,True
0.20999999999999996,0.314,0.00011351924946940705,True
0.20999999999999996,0.315,0.0001096562360192399,True
0.20999999999999996,0.316,0.00010591804651538528,True
0.20999999999999996,0.317,0.00010230457836708506,True
0.20999999999999996,0.318,9.88157283899227e-05,True
0.20999999999999996,0.319,9.545139280822123e-05,True
0.20999999999999996,0.32,9.221146725675311e-05,True
0.20999999999999996,0.321,8.909584678253867e-05,True
0.20999999999999996,0.322,8.610442584677802e-05,True
0.20999999999999996,0.323,8.323709832693815e-05,True
0.20999999999999996,0.324,8.049375751846277e-05,True
0.20999999999999996,0.325,7.787429613668185e-05,True
0.20999999999999996,0.32599999999999996,7.537860631900983e-05,True
0.20999999999999996,0.32699999999999996,7.300657962654445e-05,True
0.20999999999999996,0.32799999999999996,7.075810704622043e-05,True
0.20999999999999996,0.32899999999999996,6.863307899258597e-05,True
0.20999999999999996,0.32999999999999996,6.66313853099787e-05,True
0.20999999999999996,0.33099999999999996,6.475291527403559e-05,True
0.20999999999999996,0.33199999999999996,6.299755759420211e-05,True
0.20999999999999996,0.33299999999999996,6.136520041535309e-05,True
0.20999999999999996,0.33399999999999996,5.9855731319813364e-05,True
0.20999999999999996,0.33499999999999996,5.8469037329200724e-05,True
0.20999999999999996,0.33599999999999997,5.72050049067796e-05,True
0.20999999999999996,0.33699999999999997,5.6063519958815534e-05,True
0.20999999999999996,0.33799999999999997,5.5044467837284114e-05,True
0.20999999999999996,0.33899999999999997,5.414773334122547e-05,True
0.20999999999999996,0.33999999999999997,5.33732007190979e-05,True
0.20999999999999996,0.34099999999999997,5.27207536706431e-05,True
0.20999999999999996,0.34199999999999997,5.219027534884013e-05,True
0.20999999999999996,0.34299999999999997,5.1781648362081435e-05,True
0.20999999999999996,0.344,5.149475477579379e-05,True
0.20999999999999996,0.345,5.1329476114991836e-05,True
0.20999999999999996,0.346,5.1285693365898945e-05,True
0.20999999999999996,0.347,5.136328697785686e-05,True
0.20999999999999996,0.348,5.156213686576816e-05,True
0.20999999999999996,0.349,5.188212241187262e-05,True
0.20999999999999996,0.35,5.2323122467679004e-05,True
0.20999999999999996,0.351,5.2885015356185507e-05,True
0.20999999999999996,0.352,5.356767887370051e-05,True
0.20999999999999996,0.353,5.437099029219628e-05,True
0.20999999999999996,0.354,5.529482636095207e-05,True
0.20999999999999996,0.355,5.6339063308996626e-05,True
0.20999999999999996,0.356,5.7503576846706925e-05,True
0.20999999999999996,0.357,5.878824216827283e-05,True
0.20999999999999996,0.358,6.0192933953606695e-05,True
0.20999999999999996,0.359,6.171752637016415e-05,True
0.20999999999999996,0.36,6.336189307531992e-05,True
0.20999999999999996,0.361,6.512590721849954e-05,True
0.20999999999999996,0.362,6.700944144266696e-05,True
0.20999999999999996,0.363,6.901236788703358e-05,True
0.20999999999999996,0.364,7.11345581887457e-05,True
0.20999999999999996,0.365,7.337588348528268e-05,True
0.20999999999999996,0.366,7.57362144160556e-05,True
0.20999999999999996,0.367,7.821542112498303e-05,True
0.20999999999999996,0.368,8.081337326220073e-05,True
0.20999999999999996,0.369,8.352993998628211e-05,True
0.20999999999999996,0.37,8.63649899665253e-05,True
0.20999999999999996,0.371,8.93183913845741e-05,True
0.20999999999999996,0.372,9.2390011937038e-05,True
0.20999999999999996,0.373,9.557971883717986e-05,True
0.20999999999999996,0.374,9.888737881702525e-05,True
0.20999999999999996,0.375,0.00010231285812993818,True
0.20999999999999996,0.376,0.00010585602255221981,True
0.20999999999999996,0.377,0.00010951673738524015,True
0.20999999999999996,0.378,0.00011329486745779161,True
0.20999999999999996,0.379,0.0001171902771281541,True
0.20999999999999996,0.38,0.00012120283028593803,True
0.20999999999999996,0.381,0.00012533239035457112,True
0.20999999999999996,0.382,0.00012957882029305257,True
0.20999999999999996,0.383,0.00013394198259841783,True
0.20999999999999996,0.384,0.00013842173930749268,True
0.20999999999999996,0.385,0.00014301795199924693,True
0.20999999999999996,0.386,0.0001477304817971259,True
0.20999999999999996,0.387,0.00015255918937053802,True
0.20999999999999996,0.388,0.00015750393493754177,True
0.20999999999999996,0.389,0.0001625645782667773,True
0.20999999999999996,0.39,0.00016774097867953142,True
0.20999999999999996,0.391,0.00017303299505204705,True
0.20999999999999996,0.392,0.00017844048581752147,True
0.20999999999999996,0.393,0.0001839633089682824,True
0.20999999999999996,0.394,0.00018960132205767533,True
0.20999999999999996,0.395,0.00019535438220270597,True
0.20999999999999996,0.396,0.00020122234608588307,True
0.20999999999999996,0.397,0.0002072050699571726,True
0.20999999999999996,0.398,0.0002133024096365954,True
0.20999999999999996,0.399,0.00021951422051589287,True
0.20999999999999996,0.4,0.0002258403575609913,True
0.20999999999999996,0.401,0.00023228067531400054,True
0.20999999999999996,0.402,0.00023883502789550092,True
0.20999999999999996,0.403,0.0002455032690064529,True
0.20999999999999996,0.404,0.00025228525193050634,True
0.20999999999999996,0.405,0.0002591808295362874,True
0.20999999999999996,0.406,0.00026618985427915296,True
0.20999999999999996,0.40700000000000003,0.0002733121782036996,True
0.20999999999999996,0.40800000000000003,0.00028054765294580617,True
0.20999999999999996,0.40900000000000003,0.00028789612973463275,True
0.20999999999999996,0.41000000000000003,0.00029535745939504034,True
0.20999999999999996,0.41100000000000003,0.00030293149234947856,True
0.20999999999999996,0.41200000000000003,0.00031061807862042823,True
0.20999999999999996,0.41300000000000003,0.0003184170678322662,True
0.20999999999999996,0.41400000000000003,0.0003263283092135749,True
0.20999999999999996,0.41500000000000004,0.00033435165159938495,True
0.20999999999999996,0.41600000000000004,0.00034248694343310684,True
0.20999999999999996,0.41700000000000004,0.00035073403276870697,True
0.20999999999999996,0.41800000000000004,0.0003590927672731503,True
0.20999999999999996,0.41900000000000004,0.00036756299422833203,True
0.20999999999999996,0.42000000000000004,0.0003761445605330982,True
0.20999999999999996,0.42100000000000004,0.00038483731270579915,True
0.20999999999999996,0.42200000000000004,0.000393641096886066,True
0.20999999999999996,0.42300000000000004,0.0004025557588372752,True
0.20999999999999996,0.42400000000000004,0.00041158114394834744,True
0.20999999999999996,0.42500000000000004,0.00042071709723632276,True
0.20999999999999996,0.42600000000000005,0.0004299634633481153,True
0.20999999999999996,0.42700000000000005,0.00043932008656315523,True
0.20999999999999996,0.42800000000000005,0.00044878681079498774,True
0.20999999999999996,0.42900000000000005,0.00045836347959380406,True
0.20999999999999996,0.43000000000000005,0.00046804993614846246,True
0.20999999999999996,0.43100000000000005,0.00047784602328884154,True
0.20999999999999996,0.43200000000000005,0.0004877515834876833,True
0.20999999999999996,0.43300000000000005,0.0004977664588630137,True
0.20999999999999996,0.43400000000000005,0.0005078904911800741,True
0.20999999999999996,0.43500000000000005,0.0005181235218537861,True
0.20999999999999996,0.43600000000000005,0.0005284653919505944,True
0.20999999999999996,0.43700000000000006,0.0005389159421907763,True
0.20999999999999996,0.43800000000000006,0.0005494750129506176,True
0.20999999999999996,0.43899999999999995,0.0005601424442645886,True
0.20999999999999996,0.43999999999999995,0.0005709180758273202,True
0.20999999999999996,0.44099999999999995,0.0005818017469958692,True
0.20999999999999996,0.44199999999999995,0.0005927932967921157,True
0.20999999999999996,0.44299999999999995,0.0006038925639044069,True
0.20999999999999996,0.44399999999999995,0.0006150993866901544,True
0.20999999999999996,0.44499999999999995,0.0006264136031777889,True
0.20999999999999996,0.44599999999999995,0.0006378350510689579,True
0.20999999999999996,0.44699999999999995,0.0006493635677406129,True
0.20999999999999996,0.44799999999999995,0.000660998990247319,True
0.20999999999999996,0.44899999999999995,0.0006727411553232532,True
0.20999999999999996,0.44999999999999996,0.0006845898993842914,True
0.20999999999999996,0.45099999999999996,0.0006965450585304733,True
0.20999999999999996,0.45199999999999996,0.0007086064685478011,True
0.20999999999999996,0.45299999999999996,0.0007207739649104372,True
0.20999999999999996,0.45399999999999996,0.0007330473827832807,True
0.20999999999999996,0.45499999999999996,0.0007454265570233876,True
0.20999999999999996,0.45599999999999996,0.0007579113221827027,True
0.20999999999999996,0.45699999999999996,0.0007705015125099912,True
0.20999999999999996,0.45799999999999996,0.0007831969619528812,True
0.20999999999999996,0.45899999999999996,0.0007959975041601508,True
0.20999999999999996,0.45999999999999996,0.0008089029724838825,True
0.20999999999999996,0.46099999999999997,0.000821913199981461,True
0.20999999999999996,0.46199999999999997,0.0008350280194177717,True
0.20999999999999996,0.46299999999999997,0.000848247263267421,True
0.20999999999999996,0.46399999999999997,0.0008615707637167791,True
0.20999999999999996,0.46499999999999997,0.0008749983526659566,True
0.20999999999999996,0.46599999999999997,0.0008885298617314019,True
0.20999999999999996,0.46699999999999997,0.0009021651222475447,True
0.20999999999999996,0.46799999999999997,0.0009159039652691714,True
0.20999999999999996,0.469,0.0009297462215733798,True
0.20999999999999996,0.47,0.0009436917216619322,True
0.20999999999999996,0.471,0.0009577402957631875,True
0.20999999999999996,0.472,0.0009718917738343657,True
0.20999999999999996,0.473,0.000986145985563547,True
0.20999999999999996,0.474,0.0010005027603718242,True
0.20999999999999996,0.475,0.001014961927415392,True
0.20999999999999996,0.476,0.0010295233155877437,True
0.20999999999999996,0.477,0.001044186753521692,True
0.20999999999999996,0.478,0.0010589520695916566,True
0.20999999999999996,0.479,0.0010738190919153956,True
0.20999999999999996,0.48,0.0010887876483564485,True
0.20999999999999996,0.481,0.0011038575665263338,True
0.20999999999999996,0.482,0.0011190286737860378,True
0.20999999999999996,0.483,0.0011343007972490105,True
0.20999999999999996,0.484,0.0011496737637823884,True
0.20999999999999996,0.485,0.0011651474000097472,True
0.20999999999999996,0.486,0.001180721532312723,True
0.20999999999999996,0.487,0.001196395986833454,True
0.20999999999999996,0.488,0.001212170589476491,True
0.20999999999999996,0.489,0.0012280451659109292,True
0.20999999999999996,0.49,0.0012440195415724942,True
0.20999999999999996,0.491,0.0012600935416654524,True
0.20999999999999996,0.492,0.0012762669911650982,True
0.20999999999999996,0.493,0.0012925397148193518,True
0.20999999999999996,0.494,0.0013089115371512472,True
0.20999999999999996,0.495,0.0013253822824606854,True
0.20999999999999996,0.496,0.0013419517748266996,True
0.20999999999999996,0.497,0.0013586198381094095,True
0.20999999999999996,0.498,0.0013753862959522412,True
0.20999999999999996,0.499,0.001392250971783704,True
0.20999999999999996,0.5,0.0014092136888198326,True
0.2799999999999999,0.15,0.0023203467438533075,True
0.2799999999999999,0.151,0.0022958374645361433,True
0.2799999999999999,0.152,0.0022714629260432327,True
0.2799999999999999,0.153,0.002247223140213861,True
0.2799999999999999,0.154,0.0022231181180748295,True
0.2799999999999999,0.155,0.0021991478698408563,True
0.2799999999999999,0.156,0.0021753124049151973,True
0.2799999999999999,0.157,0.002151611731890135,True
0.2799999999999999,0.158,0.002128045858547578,True
0.2799999999999999,0.159,0.0021046147918593492,True
0.2799999999999999,0.16,0.0020813185379882524,True
0.2799999999999999,0.161,0.0020581571022882496,True
0.2799999999999999,0.162,0.002035130489304948,True
0.2799999999999999,0.163,0.0020122387027767586,True
0.2799999999999999,0.164,0.0019894817456349136,True
0.2799999999999999,0.16499999999999998,0.0019668596200043574,True
0.2799999999999999,0.16599999999999998,0.0019443723272045243,True
0.2799999999999999,0.16699999999999998,0.0019220198677496025,True
0.2799999999999999,0.16799999999999998,0.001899802241349602,True
0.2799999999999999,0.16899999999999998,0.0018777194469106417,True
0.2799999999999999,0.16999999999999998,0.0018557714825359728,True
0.2799999999999999,0.17099999999999999,0.0018339583455263542,True
0.2799999999999999,0.172,0.0018122800323810751,True
0.2799999999999999,0.173,0.0017907365387984653,True
0.2799999999999999,0.174,0.0017693278596765394,True
0.2799999999999999,0.175,0.001748053989113929,True
0.2799999999999999,0.176,0.0017269149204105938,True
0.2799999999999999,0.177,0.0017059106460685313,True
0.2799999999999999,0.178,0.001685041157792533,True
0.2799999999999999,0.179,0.0016643064464908707,True
0.2799999999999999,0.18,0.0016437065022764541,True
0.2799999999999999,0.181,0.001623241314467161,True
0.2799999999999999,0.182,0.0016029108715869711,True
0.2799999999999999,0.183,0.0015827151613666325,True
0.2799999999999999,0.184,0.0015626541707446594,True
0.2799999999999999,0.185,0.001542727885867934,True
0.2799999999999999,0.186,0.0015229362920927692,True
0.2799999999999999,0.187,0.0015032793739857108,True
0.2799999999999999,0.188,0.0014837571153245132,True
0.2799999999999999,0.189,0.00146436949909865,True
0.2799999999999999,0.19,0.0014451165075107576,True
0.2799999999999999,0.191,0.0014259981219771679,True
0.2799999999999999,0.192,0.0014070143231291298,True
0.2799999999999999,0.193,0.0013881650908130316,True
0.2799999999999999,0.194,0.001369450404092598,True
0.2799999999999999,0.195,0.0013508702412484252,True
0.2799999999999999,0.196,0.0013324245797801336,True
0.2799999999999999,0.197,0.001314113396406591,True
0.2799999999999999,0.198,0.0012959366670671324,True
0.2799999999999999,0.199,0.0012778943669226716,True
0.2799999999999999,0.2,0.0012599864703565667,True
0.2799999999999999,0.201,0.0012422129509755964,True
0.2799999999999999,0.202,0.0012245737816111157,True
0.2799999999999999,0.20299999999999999,0.001207068934320099,True
0.2799999999999999,0.204,0.0011896983803859839,True
0.2799999999999999,0.205,0.0011724620903200255,True
0.2799999999999999,0.206,0.001155360033861963,True
0.2799999999999999,0.207,0.0011383921799815733,True
0.2799999999999999,0.208,0.0011215584968794934,True
0.2799999999999999,0.209,0.001104858951988108,True
0.2799999999999999,0.21,0.0010882935119732374,True
0.2799999999999999,0.211,0.0010718621427346254,True
0.2799999999999999,0.212,0.0010555648094075164,True
0.2799999999999999,0.213,0.001039401476363544,True
0.2799999999999999,0.214,0.0010233721072120394,True
0.2799999999999999,0.215,0.0010074766648009658,True
0.2799999999999999,0.216,0.000991715111218361,True
0.2799999999999999,0.217,0.0009760874077934023,True
0.2799999999999999,0.218,0.0009605935150973855,True
0.2799999999999999,0.219,0.000945233392945255,True
0.2799999999999999,0.22,0.0009300070003965821,True
0.2799999999999999,0.221,0.0009149142957570078,True
0.2799999999999999,0.222,0.0008999552365791308,True
0.2799999999999999,0.22299999999999998,0.0008851297796639735,True
0.2799999999999999,0.22399999999999998,0.0008704378810622249,True
0.2799999999999999,0.22499999999999998,0.0008558794960753513,True
0.2799999999999999,0.22599999999999998,0.0008414545792570615,True
0.2799999999999999,0.22699999999999998,0.0008271630844144618,True
0.2799999999999999,0.22799999999999998,0.0008130049646091653,True
0.2799999999999999,0.22899999999999998,0.000798980172159025,True
0.2799999999999999,0.22999999999999998,0.0007850886586389993,True
0.2799999999999999,0.23099999999999998,0.000771330374882595,True
0.2799999999999999,0.23199999999999998,0.0007577052709833553,True
0.2799999999999999,0.23299999999999998,0.0007442132962959036,True
0.2799999999999999,0.23399999999999999,0.0007308543994376304,True
0.2799999999999999,0.235,0.0007176285282895379,True
0.2799999999999999,0.236,0.0007045356299981486,True
0.2799999999999999,0.237,0.0006915756509764837,True
0.2799999999999999,0.238,0.0006787485369054824,True
0.2799999999999999,0.239,0.0006660542327356911,True
0.2799999999999999,0.24,0.0006534926826881948,True
0.2799999999999999,0.241,0.0006410638302563942,True
0.2799999999999999,0.242,0.0006287676182071377,True
0.2799999999999999,0.243,0.0006166039885822982,True
0.2799999999999999,0.244,0.0006045728827001496,True
0.2799999999999999,0.245,0.0005926742411568764,True
0.2799999999999999,0.246,0.0005809080038277736,True
0.2799999999999999,0.247,0.0005692741098690668,True
0.2799999999999999,0.248,0.000557772497719089,True
0.2799999999999999,0.249,0.0005464031050997686,True
0.2799999999999999,0.25,0.0005351658690182059,True
0.2799999999999999,0.251,0.0005240607257680941,True
0.2799999999999999,0.252,0.0005130876109313176,True
0.2799999999999999,0.253,0.0005022464593792186,True
0.2799999999999999,0.254,0.0004915372052743284,True
0.2799999999999999,0.255,0.00048095978207189914,True
0.2799999999999999,0.256,0.00047051412252119285,True
0.2799999999999999,0.257,0.0004602001586672566,True
0.2799999999999999,0.258,0.00045001782185210003,True
0.2799999999999999,0.259,0.00043996704271698217,True
0.2799999999999999,0.26,0.0004300477512030554,True
0.2799999999999999,0.261,0.0004202598765536525,True
0.2799999999999999,0.262,0.00041060334731530813,True
0.2799999999999999,0.263,0.00040107809133982375,True
0.2799999999999999,0.264,0.00039168403578553334,True
0.2799999999999999,0.265,0.0003824211071189909,True
0.2799999999999999,0.266,0.0003732892311167246,True
0.2799999999999999,0.267,0.00036428833286645813,True
0.2799999999999999,0.268,0.0003554183367690422,True
0.2799999999999999,0.269,0.0003466791665401647,True
0.2799999999999999,0.27,0.0003380707452117715,True
0.2799999999999999,0.271,0.0003295929951335541,True
0.2799999999999999,0.272,0.00032124583797519255,True
0.2799999999999999,0.273,0.00031302919472724343,True
0.2799999999999999,0.274,0.0003049429857034269,True
0.2799999999999999,0.275,0.00029698713054193693,True
0.2799999999999999,0.276,0.000289161548207284,True
0.2799999999999999,0.277,0.00028146615699193857,True
0.2799999999999999,0.278,0.00027390087451795164,True
0.2799999999999999,0.279,0.0002664656177388203,True
0.2799999999999999,0.28,0.0002591603029410194,True
0.2799999999999999,0.281,0.0002519848457457341,True
0.2799999999999999,0.28200000000000003,0.0002449391611106799,True
0.2799999999999999,0.28300000000000003,0.00023802316333183527,True
0.2799999999999999,0.28400000000000003,0.0002312367660449066,True
0.2799999999999999,0.28500000000000003,0.0002245798822276157,True
0.2799999999999999,0.28600000000000003,0.0002180524242006987,True
0.2799999999999999,0.28700000000000003,0.00021165430363041527,True
0.2799999999999999,0.28800000000000003,0.00020538543152970323,True
0.2799999999999999,0.28900000000000003,0.00019924571826042127,True
0.2799999999999999,0.29000000000000004,0.00019323507353465885,True
0.2799999999999999,0.29100000000000004,0.00018735340641682364,True
0.2799999999999999,0.29200000000000004,0.00018160062532555088,True
0.2799999999999999,0.29300000000000004,0.00017597663803505803,True
0.2799999999999999,0.29400000000000004,0.0001704813516773207,True
0.2799999999999999,0.295,0.0001651146727435826,True
0.2799999999999999,0.296,0.00015987650708655378,True
0.2799999999999999,0.297,0.00015476675992178723,True
0.2799999999999999,0.298,0.0001497853358298551,True
0.2799999999999999,0.299,0.00014493213875788058,True
0.2799999999999999,0.3,0.0001402070720217141,True
0.2799999999999999,0.301,0.00013561003830744322,True
0.2799999999999999,0.302,0.0001311409396733909,True
0.2799999999999999,0.303,0.00012679967755198086,True
0.2799999999999999,0.304,0.0001225861527517136,True
0.2799999999999999,0.305,0.00011850026545865422,True
0.2799999999999999,0.306,0.00011454191523849744,True
0.2799999999999999,0.307,0.00011071100103881016,True
0.2799999999999999,0.308,0.00010700742119034157,True
0.2799999999999999,0.309,0.0001034310734091326,True
0.2799999999999999,0.31,9.99818547986031e-05,True
0.2799999999999999,0.311,9.665966185106179e-05,True
0.2799999999999999,0.312,9.34643904499488e-05,True
0.2799999999999999,0.313,9.039593587163441e-05,True
0.2799999999999999,0.314,8.745419278726186e-05,True
0.2799999999999999,0.315,8.463905526463477e-05,True
0.2799999999999999,0.316,8.195041677045989e-05,True
0.2799999999999999,0.317,7.938817017176803e-05,True
0.2799999999999999,0.318,7.695220773833445e-05,True
0.2799999999999999,0.319,7.464242114427755e-05,True
0.2799999999999999,0.32,7.245870147019052e-05,True
0.2799999999999999,0.321,7.040093920505087e-05,True
0.2799999999999999,0.322,6.846902424810786e-05,True
0.2799999999999999,0.323,6.666284591085869e-05,True
0.2799999999999999,0.324,6.498229291915792e-05,True
0.2799999999999999,0.325,6.342725341492716e-05,True
0.2799999999999999,0.32599999999999996,6.199761495835343e-05,True
0.2799999999999999,0.32699999999999996,6.0693264529931844e-05,True
0.2799999999999999,0.32799999999999996,5.9514088531975594e-05,True
0.2799999999999999,0.32899999999999996,5.8459972791280455e-05,True
0.2799999999999999,0.32999999999999996,5.753080256045706e-05,True
0.2799999999999999,0.33099999999999996,5.6726462520506614e-05,True
0.2799999999999999,0.33199999999999996,5.60468367823308e-05,True
0.2799999999999999,0.33299999999999996,5.549180888919647e-05,True
0.2799999999999999,0.33399999999999996,5.506126181824556e-05,True
0.2799999999999999,0.33499999999999996,5.475507798295976e-05,True
0.2799999999999999,0.33599999999999997,5.4573139234936895e-05,True
0.2799999999999999,0.33699999999999997,5.4515326865978154e-05,True
0.2799999999999999,0.33799999999999997,5.458152161013086e-05,True
0.2799999999999999,0.33899999999999997,5.4771603645575875e-05,True
0.2799999999999999,0.33999999999999997,5.5085452596914664e-05,True
0.2799999999999999,0.34099999999999997,5.552294753703446e-05,True
0.2799999999999999,0.34199999999999997,5.608396698912888e-05,True
0.2799999999999999,0.34299999999999997,5.676838892885172e-05,True
0.2799999999999999,0.344,5.757609078644865e-05,True
0.2799999999999999,0.345,5.8506949448355885e-05,True
0.2799999999999999,0.346,5.956084125988692e-05,True
0.2799999999999999,0.347,6.073764202689791e-05,True
0.2799999999999999,0.348,6.203722701787484e-05,True
0.2799999999999999,0.349,6.345947096619842e-05,True
0.2799999999999999,0.35,6.500424807203143e-05,True
0.2799999999999999,0.351,6.667143200436154e-05,True
0.2799999999999999,0.352,6.846089590337723e-05,True
0.2799999999999999,0.353,7.037251238204423e-05,True
0.2799999999999999,0.354,7.240615352894774e-05,True
0.2799999999999999,0.355,7.456169090938047e-05,True
0.2799999999999999,0.356,7.683899556845119e-05,True
0.2799999999999999,0.357,7.923793803243928e-05,True
0.2799999999999999,0.358,8.175838831121496e-05,True
0.2799999999999999,0.359,8.440021590041535e-05,True
0.2799999999999999,0.36,8.716328978328747e-05,True
0.2799999999999999,0.361,9.00474784329086e-05,True
0.2799999999999999,0.362,9.305264981447347e-05,True
0.2799999999999999,0.363,9.617867138711489e-05,True
0.2799999999999999,0.364,9.942541010623528e-05,True
0.2799999999999999,0.365,0.00010279273242548292,True
0.2799999999999999,0.366,0.0001062805042990833,True
0.2799999999999999,0.367,0.00010988859118370442,True
0.2799999999999999,0.368,0.00011361685804069931,True
0.2799999999999999,0.369,0.00011746516933830442,True
0.2799999999999999,0.37,0.00012143338905368228,True
0.2799999999999999,0.371,0.00012552138067496444,True
0.2799999999999999,0.372,0.00012972900720369384,True
0.2799999999999999,0.373,0.00013405613115680115,True
0.2799999999999999,0.374,0.0001385026145684476,True
0.2799999999999999,0.375,0.00014306831899273397,True
0.2799999999999999,0.376,0.00014775310550538823,True
0.2799999999999999,0.377,0.00015255683470618563,True
0.2799999999999999,0.378,0.0001574793667207919,True
0.2799999999999999,0.379,0.0001625205612035163,True
0.2799999999999999,0.38,0.0001676802773386443,True
0.2799999999999999,0.381,0.0001729583738433904,True
0.2799999999999999,0.382,0.00017835470896936377,True
0.2799999999999999,0.383,0.00018386914050534388,True
0.2799999999999999,0.384,0.00018950152577887903,True
0.2799999999999999,0.385,0.00019525172165906212,True
0.2799999999999999,0.386,0.00020111958455804047,True
0.2799999999999999,0.387,0.00020710497043376907,True
0.2799999999999999,0.388,0.0002132077347916761,True
0.2799999999999999,0.389,0.0002194277326873717,True
0.2799999999999999,0.39,0.00022576481872811361,True
0.2799999999999999,0.391,0.00023221884707584904,True
0.2799999999999999,0.392,0.00023878967144870257,True
0.2799999999999999,0.393,0.0002454771451233961,True
0.2799999999999999,0.394,0.0002522811209375364,True
0.2799999999999999,0.395,0.00025920145129150197,True
0.2799999999999999,0.396,0.0002662379881509747,True
0.2799999999999999,0.397,0.00027339058304882703,True
0.2799999999999999,0.398,0.0002806590870875203,True
0.2799999999999999,0.399,0.0002880433509412361,True
0.2799999999999999,0.4,0.00029554322485789706,True
0.2799999999999999,0.401,0.00030315855866160926,True
0.2799999999999999,0.402,0.0003108892017546383,True
0.2799999999999999,0.403,0.00031873500311985214,True
0.2799999999999999,0.404,0.00032669581132256377,True
0.2799999999999999,0.405,0.00033477147451304033,True
0.2799999999999999,0.406,0.00034296184042843515,True
0.2799999999999999,0.40700000000000003,0.0003512667563952965,True
0.2799999999999999,0.40800000000000003,0.0003596860693314552,True
0.2799999999999999,0.40900000000000003,0.0003682196257483783,True
0.2799999999999999,0.41000000000000003,0.0003768672717532784,True
0.2799999999999999,0.41100000000000003,0.0003856288530514673,True
0.2799999999999999,0.41200000000000003,0.00039450421494835464,True
0.2799999999999999,0.41300000000000003,0.0004034932023518012,True
0.2799999999999999,0.41400000000000003,0.00041259565977420644,True
0.2799999999999999,0.41500000000000004,0.00042181143133479537,True
0.2799999999999999,0.41600000000000004,0.00043114036076175033,True
0.2799999999999999,0.41700000000000004,0.00044058229139440905,True
0.2799999999999999,0.41800000000000004,0.0004501370661855519,True
0.2799999999999999,0.41900000000000004,0.0004598045277034668,True
0.2799999999999999,0.42000000000000004,0.000469584518134436,True
0.2799999999999999,0.42100000000000004,0.0004794768792843351,True
0.2799999999999999,0.42200000000000004,0.0004894814525816971,True
0.2799999999999999,0.42300000000000004,0.0004995980790790222,True
0.2799999999999999,0.42400000000000004,0.0005098265994556428,True
0.2799999999999999,0.42500000000000004,0.0005201668540195881,True
0.2799999999999999,0.42600000000000005,0.0005306186827099379,True
0.2799999999999999,0.42700000000000005,0.0005411819250988215,True
0.2799999999999999,0.42800000000000005,0.0005518564203939036,True
0.2799999999999999,0.42900000000000005,0.000562642007440406,True
0.2799999999999999,0.43000000000000005,0.0005735385247233494,True
0.2799999999999999,0.43100000000000005,0.0005845458103696411,True
0.2799999999999999,0.43200000000000005,0.0005956637021505174,True
0.2799999999999999,0.43300000000000005,0.0006068920374834308,True
0.2799999999999999,0.43400000000000005,0.0006182306534345594,True
0.2799999999999999,0.43500000000000005,0.0006296793867209161,True
0.2799999999999999,0.43600000000000005,0.0006412380737123469,True
0.2799999999999999,0.43700000000000006,0.0006529065504339293,True
0.2799999999999999,0.43800000000000006,0.0006646846525681926,True
0.2799999999999999,0.43899999999999995,0.000676572215457183,True
0.2799999999999999,0.43999999999999995,0.0006885690741046391,True
0.2799999999999999,0.44099999999999995,0.0007006750631785019,True
0.2799999999999999,0.44199999999999995,0.0007128900170125796,True
0.2799999999999999,0.44299999999999995,0.000725213769609323,True
0.2799999999999999,0.44399999999999995,0.0007376461546414692,True
0.2799999999999999,0.44499999999999995,0.0007501870054547055,True
0.2799999999999999,0.44599999999999995,0.0007628361550695795,True
0.2799999999999999,0.44699999999999995,0.0007755934361836303,True
0.2799999999999999,0.44799999999999995,0.0007884586811739425,True
0.2799999999999999,0.44899999999999995,0.0008014317220989886,True
0.2799999999999999,0.44999999999999996,0.0008145123907009388,True
0.2799999999999999,0.45099999999999996,0.0008277005184078145,True
0.2799999999999999,0.45199999999999996,0.0008409959363357977,True
0.2799999999999999,0.45299999999999996,0.0008543984752911405,True
0.2799999999999999,0.45399999999999996,0.0008679079657727184,True
0.2799999999999999,0.45499999999999996,0.0008815242379739407,True
0.2799999999999999,0.45599999999999996,0.0008952471217850366,True
0.2799999999999999,0.45699999999999996,0.0009090764467950985,True
0.2799999999999999,0.45799999999999996,0.0009230120422945021,True
0.2799999999999999,0.45899999999999996,0.0009370537372769272,True
0.2799999999999999,0.45999999999999996,0.0009512013604415781,True
0.2799999999999999,0.46099999999999997,0.0009654547401951819,True
0.2799999999999999,0.46199999999999997,0.000979813704654653,True
0.2799999999999999,0.46299999999999997,0.0009942780816485808,True
0.2799999999999999,0.46399999999999997,0.0010088476987199168,True
0.2799999999999999,0.46499999999999997,0.0010235223831279727,True
0.2799999999999999,0.46599999999999997,0.0010383019618505518,True
0.2799999999999999,0.46699999999999997,0.001053186261586081,True
0.2799999999999999,0.46799999999999997,0.0010681751087561419,True
0.2799999999999999,0.469,0.0010832683295070255,True
0.2799999999999999,0.47,0.001098465749712374,True
0.2799999999999999,0.471,0.0011137671949749573,True
0.2799999999999999,0.472,0.001129172490629271,True
0.2799999999999999,0.473,0.0011446814617434241,True
0.2799999999999999,0.474,0.0011602939331211814,True
0.2799999999999999,0.475,0.0011760097293044502,True
0.2799999999999999,0.476,0.001191828674575035,True
0.2799999999999999,0.477,0.0012077505929571908,True
0.2799999999999999,0.478,0.001223775308219399,True
0.2799999999999999,0.479,0.001239902643876789,True
0.2799999999999999,0.48,0.0012561324231931126,True
0.2799999999999999,0.481,0.0012724644691829879,True
0.2799999999999999,0.482,0.0012888986046138752,True
0.2799999999999999,0.483,0.0013054346520084304,True
0.2799999999999999,0.484,0.0013220724336464595,True
0.2799999999999999,0.485,0.001338811771567161,True
0.2799999999999999,0.486,0.0013556524875710575,True
0.2799999999999999,0.487,0.0013725944032224602,True
0.2799999999999999,0.488,0.0013896373398512908,True
0.2799999999999999,0.489,0.0014067811185554113,True
0.2799999999999999,0.49,0.0014240255602024688,True
0.2799999999999999,0.491,0.0014413704854323805,True
0.2799999999999999,0.492,0.0014588157146591119,True
0.2799999999999999,0.493,0.00147636106807294,True
0.2799999999999999,0.494,0.0014940063656425195,True
0.2799999999999999,0.495,0.0015117514271171472,True
0.2799999999999999,0.496,0.001529596072028494,True
0.2799999999999999,0.497,0.0015475401196931137,True
0.2799999999999999,0.498,0.0015655833892144644,True
0.2799999999999999,0.499,0.0015837256994846172,True
0.2799999999999999,0.5,0.0016019668691868328,True
0.34999999999999987,0.15,0.003097918510750386,True
0.34999999999999987,0.151,0.003069978378718985,True
0.34999999999999987,0.152,0.0030421724647764713,True
0.34999999999999987,0.153,0.0030145007912545153,True
0.34999999999999987,0.154,0.002986963379668661,True
0.34999999999999987,0.155,0.002959560250719151,True
0.34999999999999987,0.156,0.0029322914242912333,True
0.34999999999999987,0.157,0.002905156919455543,True
0.34999999999999987,0.158,0.002878156754468719,True
0.34999999999999987,0.159,0.0028512909467735214,True
0.34999999999999987,0.16,0.0028245595129996913,True
0.34999999999999987,0.161,0.0027979624689641546,True
0.34999999999999987,0.162,0.0027714998296714645,True
0.34999999999999987,0.163,0.002745171609314578,True
0.34999999999999987,0.164,0.002718977821275237,True
0.34999999999999987,0.16499999999999998,0.002692918478124362,True
0.34999999999999987,0.16599999999999998,0.0026669935916226795,True
0.34999999999999987,0.16699999999999998,0.002641203172721407,True
0.34999999999999987,0.16799999999999998,0.0026155472315625428,True
0.34999999999999987,0.16899999999999998,0.0025900257774797986,True
0.34999999999999987,0.16999999999999998,0.002564638818998488,True
0.34999999999999987,0.17099999999999999,0.002539386363837104,True
0.34999999999999987,0.172,0.0025142684189071174,True
0.34999999999999987,0.173,0.002489284990313956,True
0.34999999999999987,0.174,0.0024644360833575795,True
0.34999999999999987,0.175,0.0024397217025328597,True
0.34999999999999987,0.176,0.002415141851530822,True
0.34999999999999987,0.177,0.0023906965332387785,True
0.34999999999999987,0.178,0.002366385749740951,True
0.34999999999999987,0.179,0.0023422095023197366,True
0.34999999999999987,0.18,0.0023181677914557277,True
0.34999999999999987,0.181,0.0022942606168287806,True
0.34999999999999987,0.182,0.002270487977318858,True
0.34999999999999987,0.183,0.00224684987100634,True
0.34999999999999987,0.184,0.0022233462951729787,True
0.34999999999999987,0.185,0.002199977246302853,True
0.34999999999999987,0.186,0.002176742720082747,True
0.34999999999999987,0.187,0.002153642711403192,True
0.34999999999999987,0.188,0.0021306772143591555,True
0.34999999999999987,0.189,0.0021078462222507977,True
0.34999999999999987,0.19,0.0020851497275843787,True
0.34999999999999987,0.191,0.002062587722072906,True
0.34999999999999987,0.192,0.0020401601966371975,True
0.34999999999999987,0.193,0.0020178671414065484,True
0.34999999999999987,0.194,0.001995708545719466,True
0.34999999999999987,0.195,0.001973684398124953,True
0.34999999999999987,0.196,0.0019517946863828461,True
0.34999999999999987,0.197,0.0019300393974650998,True
0.34999999999999987,0.198,0.0019084185175565205,True
0.34999999999999987,0.199,0.0018869320320556327,True
0.34999999999999987,0.2,0.0018655799255755002,True
0.34999999999999987,0.201,0.0018443621819451473,True
0.34999999999999987,0.202,0.0018232787842097809,True
0.34999999999999987,0.20299999999999999,0.0018023297146322116,True
0.34999999999999987,0.204,0.001781514954693586,True
0.34999999999999987,0.205,0.0017608344850945866,True
0.34999999999999987,0.206,0.0017402882857561863,True
0.34999999999999987,0.207,0.0017198763358207358,True
0.34999999999999987,0.208,0.001699598613652742,True
0.34999999999999987,0.209,0.00167945509684031,True
0.34999999999999987,0.21,0.001659445762195766,True
0.34999999999999987,0.211,0.0016395705857568555,True
0.34999999999999987,0.212,0.0016198295427878096,True
0.34999999999999987,0.213,0.001600222607780255,True
0.34999999999999987,0.214,0.0015807497544542358,True
0.34999999999999987,0.215,0.0015614109557595234,True
0.34999999999999987,0.216,0.0015422061838767486,True
0.34999999999999987,0.217,0.0015231354102178685,True
0.34999999999999987,0.218,0.0015041986054280753,True
0.34999999999999987,0.219,0.0014853957393862194,True
0.34999999999999987,0.22,0.0014667267812064956,True
0.34999999999999987,0.221,0.001448191699239021,True
0.34999999999999987,0.222,0.0014297904610714562,True
0.34999999999999987,0.22299999999999998,0.0014115230335299156,True
0.34999999999999987,0.22399999999999998,0.0013933893826801214,True
0.34999999999999987,0.22499999999999998,0.001375389473828581,True
0.34999999999999987,0.22599999999999998,0.001357523271523675,True
0.34999999999999987,0.22699999999999998,0.0013397907395571896,True
0.34999999999999987,0.22799999999999998,0.0013221918409650035,True
0.34999999999999987,0.22899999999999998,0.0013047265380287999,True
0.34999999999999987,0.22999999999999998,0.0012873947922768859,True
0.34999999999999987,0.23099999999999998,0.001270196564485504,True
0.34999999999999987,0.23199999999999998,0.0012531318146802972,True
0.34999999999999987,0.23299999999999998,0.0012362005021372634,True
0.34999999999999987,0.23399999999999999,0.0012194025853840217,True
0.34999999999999987,0.235,0.0012027380222014105,True
0.34999999999999987,0.236,0.0011862067696243761,True
0.34999999999999987,0.237,0.001169808783943327,True
0.34999999999999987,0.238,0.0011535440207055547,True
0.34999999999999987,0.239,0.0011374124347165449,True
0.34999999999999987,0.24,0.0011214139800408863,True
0.34999999999999987,0.241,0.001105548610004381,True
0.34999999999999987,0.242,0.001089816277194422,True
0.34999999999999987,0.243,0.0010742169334620577,True
0.34999999999999987,0.244,0.0010587505299229695,True
0.34999999999999987,0.245,0.0010434170169589363,True
0.34999999999999987,0.246,0.0010282163442191683,True
0.34999999999999987,0.247,0.0010131484606216157,True
0.34999999999999987,0.248,0.00099821331435459,True
0.34999999999999987,0.249,0.0009834108528776753,True
0.34999999999999987,0.25,0.000968741022923747,True
0.34999999999999987,0.251,0.0009542037704999062,True
0.34999999999999987,0.252,0.0009397990408889001,True
0.34999999999999987,0.253,0.000925526778650787,True
0.34999999999999987,0.254,0.000911386927624247,True
0.34999999999999987,0.255,0.0008973794309280692,True
0.34999999999999987,0.256,0.0008835042309625729,True
0.34999999999999987,0.257,0.0008697612694108292,True
0.34999999999999987,0.258,0.0008561504872404812,True
0.34999999999999987,0.259,0.0008426718247051656,True
0.34999999999999987,0.26,0.0008293252213456226,True
0.34999999999999987,0.261,0.0008161106159917164,True
0.34999999999999987,0.262,0.0008030279467635459,True
0.34999999999999987,0.263,0.0007900771510730431,True
0.34999999999999987,0.264,0.0007772581656254607,True
0.34999999999999987,0.265,0.000764570926421193,True
0.34999999999999987,0.266,0.0007520153687567532,True
0.34999999999999987,0.267,0.0007395914272267489,True
0.34999999999999987,0.268,0.0007272990357251929,True
0.34999999999999987,0.269,0.0007151381274473012,True
0.34999999999999987,0.27,0.0007031086348906479,True
0.34999999999999987,0.271,0.000691210489857319,True
0.34999999999999987,0.272,0.0006794436234547341,True
0.34999999999999987,0.273,0.0006678079660979774,True
0.34999999999999987,0.274,0.0006563034475108642,True
0.34999999999999987,0.275,0.0006449299967276722,True
0.34999999999999987,0.276,0.0006336875420950294,True
0.34999999999999987,0.277,0.0006225760112729794,True
0.34999999999999987,0.278,0.0006115953312372024,True
0.34999999999999987,0.279,0.0006007454282800806,True
0.34999999999999987,0.28,0.0005900262280129631,True
0.34999999999999987,0.281,0.0005794376553669211,True
0.34999999999999987,0.28200000000000003,0.0005689796345952792,True
0.34999999999999987,0.28300000000000003,0.0005586520892750357,True
0.34999999999999987,0.28400000000000003,0.0005484549423079744,True
0.34999999999999987,0.28500000000000003,0.0005383881159230386,True
0.34999999999999987,0.28600000000000003,0.000528451531677776,True
0.34999999999999987,0.28700000000000003,0.0005186451104597812,True
0.34999999999999987,0.28800000000000003,0.0005089687724886049,True
0.34999999999999987,0.28900000000000003,0.0004994224373177536,True
0.34999999999999987,0.29000000000000004,0.0004900060238354431,True
0.34999999999999987,0.29100000000000004,0.0004807194502675749,True
0.34999999999999987,0.29200000000000004,0.0004715626341784018,True
0.34999999999999987,0.29300000000000004,0.00046253549247283755,True
0.34999999999999987,0.29400000000000004,0.0004536379413978775,True
0.34999999999999987,0.295,0.00044486989654470845,True
0.34999999999999987,0.296,0.0004362312728499296,True
0.34999999999999987,0.297,0.0004277219845977509,True
0.34999999999999987,0.298,0.00041934194542156964,True
0.34999999999999987,0.299,0.0004110910683058133,True
0.34999999999999987,0.3,0.0004029692655875161,True
0.34999999999999987,0.301,0.0003949764489583174,True
0.34999999999999987,0.302,0.00038711252946599384,True
0.34999999999999987,0.303,0.000379377417516813,True
0.34999999999999987,0.304,0.00037177102287646593,True
0.34999999999999987,0.305,0.00036429325467259856,True
0.34999999999999987,0.306,0.0003569440213961883,True
0.34999999999999987,0.307,0.00034972323090369794,True
0.34999999999999987,0.308,0.00034263079041851885,True
0.34999999999999987,0.309,0.00033566660653321366,True
0.34999999999999987,0.31,0.0003288305852108708,True
0.34999999999999987,0.311,0.00032212263178739154,True
0.34999999999999987,0.312,0.00031554265097302194,True
0.34999999999999987,0.313,0.00030909054685435144,True
0.34999999999999987,0.314,0.00030276622289620024,True
0.34999999999999987,0.315,0.0002965695819432179,True
0.34999999999999987,0.316,0.0002905005262221705,True
0.34999999999999987,0.317,0.00028455895734340596,True
0.34999999999999987,0.318,0.00027874477630294157,True
0.34999999999999987,0.319,0.00027305788348448435,True
0.34999999999999987,0.32,0.00026749817866080774,True
0.34999999999999987,0.321,0.00026206556099626075,True
0.34999999999999987,0.322,0.0002567599290482114,True
0.34999999999999987,0.323,0.00025158118076928915,True
0.34999999999999987,0.324,0.000246529213508917,True
0.34999999999999987,0.325,0.00024160392401564312,True
0.34999999999999987,0.32599999999999996,0.0002368052084385841,True
0.34999999999999987,0.32699999999999996,0.00023213296232991177,True
0.34999999999999987,0.32799999999999996,0.00022758708064625212,True
0.34999999999999987,0.32899999999999996,0.00022316745775092796,True
0.34999999999999987,0.32999999999999996,0.0002188739874158241,True
0.34999999999999987,0.33099999999999996,0.00021470656282334132,True
0.34999999999999987,0.33199999999999996,0.0002106650765682394,True
0.34999999999999987,0.33299999999999996,0.00020674942065976865,True
0.34999999999999987,0.33399999999999996,0.00020295948652346852,True
0.34999999999999987,0.33499999999999996,0.00019929516500323264,True
0.34999999999999987,0.33599999999999997,0.00019575634636324058,True
0.34999999999999987,0.33699999999999997,0.0001923429202897342,True
0.34999999999999987,0.33799999999999997,0.00018905477589359343,True
0.34999999999999987,0.33899999999999997,0.00018589180171144637,True
0.34999999999999987,0.33999999999999997,0.00018285388570846717,True
0.34999999999999987,0.34099999999999997,0.00017994091527975264,True
0.34999999999999987,0.34199999999999997,0.00017715277725269818,True
0.34999999999999987,0.34299999999999997,0.00017448935788892949,True
0.34999999999999987,0.344,0.000171950542885968,True
0.34999999999999987,0.345,0.00016953621737991753,True
0.34999999999999987,0.346,0.0001672462659467522,True
0.34999999999999987,0.347,0.00016508057260462562,True
0.34999999999999987,0.348,0.00016303902081615806,True
0.34999999999999987,0.349,0.0001611214934899463,True
0.34999999999999987,0.35,0.00015932787298313932,True
0.34999999999999987,0.351,0.0001576580411027928,True
0.34999999999999987,0.352,0.00015611187910855585,True
0.34999999999999987,0.353,0.00015468926771435853,True
0.34999999999999987,0.354,0.000153390087090588,True
0.34999999999999987,0.355,0.0001522142168659535,True
0.34999999999999987,0.356,0.00015116153612977358,True
0.34999999999999987,0.357,0.00015023192343377456,True
0.34999999999999987,0.358,0.0001494252567943777,True
0.34999999999999987,0.359,0.0001487414136947196,True
0.34999999999999987,0.36,0.00014818027108642884,True
0.34999999999999987,0.361,0.00014774170539215702,True
0.34999999999999987,0.362,0.0001474255925072443,True
0.34999999999999987,0.363,0.0001472318078020285,True
0.34999999999999987,0.364,0.000147160226123777,True
0.34999999999999987,0.365,0.00014721072179890715,True
0.34999999999999987,0.366,0.00014738316863487365,True
0.34999999999999987,0.367,0.00014767743992245564,True
0.34999999999999987,0.368,0.00014809340843773277,True
0.34999999999999987,0.369,0.00014863094644421704,True
0.34999999999999987,0.37,0.000149289925694851,True
0.34999999999999987,0.371,0.00015007021743418392,True
0.34999999999999987,0.372,0.00015097169240063657,True
0.34999999999999987,0.373,0.00015199422082818882,True
0.34999999999999987,0.374,0.00015313767244879984,True
0.34999999999999987,0.375,0.00015440191649447322,True
0.34999999999999987,0.376,0.00015578682169952173,True
0.34999999999999987,0.377,0.00015729225630198851,True
0.34999999999999987,0.378,0.00015891808804664455,True
0.34999999999999987,0.379,0.00016066418418674288,True
0.34999999999999987,0.38,0.0001625304114859061,True
0.34999999999999987,0.381,0.00016451663622052415,True
0.34999999999999987,0.382,0.00016662272418190848,True
0.34999999999999987,0.383,0.00016884854067824583,True
0.34999999999999987,0.384,0.00017119395053677433,True
0.34999999999999987,0.385,0.00017365881810600393,True
0.34999999999999987,0.386,0.00017624300725778143,True
0.34999999999999987,0.387,0.00017894638138933329,True
0.34999999999999987,0.388,0.0001817688034255971,True
0.34999999999999987,0.389,0.0001847101358213088,True
0.34999999999999987,0.39,0.00018777024056291225,True
0.34999999999999987,0.391,0.00019094897917102394,True
0.34999999999999987,0.392,0.00019424621270252017,True
0.34999999999999987,0.393,0.00019766180175235793,True
0.34999999999999987,0.394,0.00020119560645621705,True
0.34999999999999987,0.395,0.00020484748649223227,True
0.34999999999999987,0.396,0.0002086173010834136,True
0.34999999999999987,0.397,0.00021250490899964446,True
0.34999999999999987,0.398,0.00021651016855983585,True
0.34999999999999987,0.399,0.00022063293763432412,True
0.34999999999999987,0.4,0.00022487307364669196,True
0.34999999999999987,0.401,0.00022923043357609975,True
0.34999999999999987,0.402,0.0002337048739594394,True
0.34999999999999987,0.403,0.00023829625089355488,True
0.34999999999999987,0.404,0.00024300442003712952,True
0.34999999999999987,0.405,0.00024782923661332835,True
0.34999999999999987,0.406,0.00025277055541146344,True
0.34999999999999987,0.40700000000000003,0.0002578282307894142,True
0.34999999999999987,0.40800000000000003,0.0002630021166759366,True
0.34999999999999987,0.40900000000000003,0.0002682920665724398,True
0.34999999999999987,0.41000000000000003,0.00027369793355558336,True
0.34999999999999987,0.41100000000000003,0.00027921957027909894,True
0.34999999999999987,0.41200000000000003,0.00028485682897605447,True
0.34999999999999987,0.41300000000000003,0.00029060956146143013,True
0.34999999999999987,0.41400000000000003,0.0002964776191335172,True
0.34999999999999987,0.41500000000000004,0.0003024608529766493,True
0.34999999999999987,0.41600000000000004,0.00030855911356340025,True
0.34999999999999987,0.41700000000000004,0.0003147722510564721,True
0.34999999999999987,0.41800000000000004,0.000321100115211026,True
0.34999999999999987,0.41900000000000004,0.0003275425553767697,True
0.34999999999999987,0.42000000000000004,0.00033409942050037776,True
0.34999999999999987,0.42100000000000004,0.00034077055912733466,True
0.34999999999999987,0.42200000000000004,0.0003475558194043327,True
0.34999999999999987,0.42300000000000004,0.000354455049081448,True
0.34999999999999987,0.42400000000000004,0.0003614680955141392,True
0.34999999999999987,0.42500000000000004,0.0003685948056657562,True
0.34999999999999987,0.42600000000000005,0.00037583502610931684,True
0.34999999999999987,0.42700000000000005,0.0003831886030299492,True
0.34999999999999987,0.42800000000000005,0.0003906553822270897,True
0.34999999999999987,0.42900000000000005,0.00039823520911652643,True
0.34999999999999987,0.43000000000000005,0.0004059279287326412,True
0.34999999999999987,0.43100000000000005,0.00041373338573060805,True
0.34999999999999987,0.43200000000000005,0.0004216514243885916,True
0.34999999999999987,0.43300000000000005,0.00042968188860985633,True
0.34999999999999987,0.43400000000000005,0.00043782462192492043,True
0.34999999999999987,0.43500000000000005,0.0004460794674939317,True
0.34999999999999987,0.43600000000000005,0.00045444626810875466,True
0.34999999999999987,0.43700000000000006,0.000462924866194947,True
0.34999999999999987,0.43800000000000006,0.000471515103814113,True
0.34999999999999987,0.43899999999999995,0.0004802168226663905,True
0.34999999999999987,0.43999999999999995,0.0004890298640920498,True
0.34999999999999987,0.44099999999999995,0.0004979540690738471,True
0.34999999999999987,0.44199999999999995,0.0005069892782397112,True
0.34999999999999987,0.44299999999999995,0.000516135331864076,True
0.34999999999999987,0.44399999999999995,0.0005253920698708337,True
0.34999999999999987,0.44499999999999995,0.0005347593318350441,True
0.34999999999999987,0.44599999999999995,0.0005442369569852668,True
0.34999999999999987,0.44699999999999995,0.0005538247842057364,True
0.34999999999999987,0.44799999999999995,0.000563522652038384,True
0.34999999999999987,0.44899999999999995,0.0005733303986854565,True
0.34999999999999987,0.44999999999999996,0.0005832478620111381,True
0.34999999999999987,0.45099999999999996,0.0005932748795440812,True
0.34999999999999987,0.45199999999999996,0.0006034112884794052,True
0.34999999999999987,0.45299999999999996,0.0006136569256810276,True
0.34999999999999987,0.45399999999999996,0.0006240116276838403,True
0.34999999999999987,0.45499999999999996,0.0006344752306955304,True
0.34999999999999987,0.45599999999999996,0.0006450475705991998,True
0.34999999999999987,0.45699999999999996,0.0006557284829552312,True
0.34999999999999987,0.45799999999999996,0.0006665178030037744,True
0.34999999999999987,0.45899999999999996,0.0006774153656665449,True
0.34999999999999987,0.45999999999999996,0.0006884210055492224,True
0.34999999999999987,0.46099999999999997,0.0006995345569434708,True
0.34999999999999987,0.46199999999999997,0.000710755853829359,True
0.34999999999999987,0.46299999999999997,0.0007220847298771149,True
0.34999999999999987,0.46399999999999997,0.0007335210184497454,True
0.34999999999999987,0.46499999999999997,0.000745064552604946,True
0.34999999999999987,0.46599999999999997,0.0007567151650971438,True
0.34999999999999987,0.46699999999999997,0.0007684726883798066,True
0.34999999999999987,0.46799999999999997,0.0007803369546078188,True
0.34999999999999987,0.469,0.0007923077956392133,True
0.34999999999999987,0.47,0.0008043850430376143,True
0.34999999999999987,0.471,0.0008165685280742574,True
0.34999999999999987,0.472,0.0008288580817302105,True
0.34999999999999987,0.473,0.0008412535346984607,True
0.34999999999999987,0.474,0.0008537547173860683,True
0.34999999999999987,0.475,0.0008663614599164537,True
0.34999999999999987,0.476,0.000879073592131463,True
0.34999999999999987,0.477,0.0008918909435932987,True
0.34999999999999987,0.478,0.0009048133435869188,True
0.34999999999999987,0.479,0.0009178406211222345,True
0.34999999999999987,0.48,0.0009309726049358203,True
0.34999999999999987,0.481,0.0009442091234937334,True
0.34999999999999987,0.482,0.0009575500049928465,True
0.34999999999999987,0.483,0.0009709950773637566,True
0.34999999999999987,0.484,0.0009845441682722056,True
0.34999999999999987,0.485,0.000998197105121701,True
0.34999999999999987,0.486,0.0010119537150557578,True
0.34999999999999987,0.487,0.001025813824959343,True
0.34999999999999987,0.488,0.0010397772614615607,True
0.34999999999999987,0.489,0.0010538438509376969,True
0.34999999999999987,0.49,0.0010680134195112157,True
0.34999999999999987,0.491,0.0010822857930557594,True
0.34999999999999987,0.492,0.001096660797197857,True
0.34999999999999987,0.493,0.0011111382573181228,True
0.34999999999999987,0.494,0.0011257179985540322,True
0.34999999999999987,0.495,0.001140399845801987,True
0.34999999999999987,0.496,0.0011551836237189805,True
0.34999999999999987,0.497,0.0011700691567253507,True
0.34999999999999987,0.498,0.0011850562690061128,True
0.34999999999999987,0.499,0.0012001447845138014,True
0.34999999999999987,0.5,0.0012153345269700466,True
0.41999999999999993,0.15,0.002297915403078865,True
0.41999999999999993,0.151,0.0022724941127636013,True
0.41999999999999993,0.152,0.002247216120884921,True
0.41999999999999993,0.153,0.0022220814381074703,True
0.41999999999999993,0.154,0.0021970900742330325,True
0.41999999999999993,0.155,0.0021722420382008336,True
0.41999999999999993,0.156,0.00214753733808839,True
0.41999999999999993,0.157,0.0021229759811118853,True
0.41999999999999993,0.158,0.002098557973626969,True
0.41999999999999993,0.159,0.0020742833211290445,True
0.41999999999999993,0.16,0.002050152028254382,True
0.41999999999999993,0.161,0.0020261640987802474,True
0.41999999999999993,0.162,0.002002319535625752,True
0.41999999999999993,0.163,0.001978618340852689,True
0.41999999999999993,0.164,0.0019550605156658076,True
0.41999999999999993,0.16499999999999998,0.0019316460604138941,True
0.41999999999999993,0.16599999999999998,0.001908374974590199,True
0.41999999999999993,0.16699999999999998,0.0018852472568331668,True
0.41999999999999993,0.16799999999999998,0.0018622629049273697,True
0.41999999999999993,0.16899999999999998,0.001839421915804018,True
0.41999999999999993,0.16999999999999998,0.0018167242855416487,True
0.41999999999999993,0.17099999999999999,0.0017941700093670355,True
0.41999999999999993,0.172,0.0017717590816560991,True
0.41999999999999993,0.173,0.0017494914959343077,True
0.41999999999999993,0.174,0.0017273672448775423,True
0.41999999999999993,0.175,0.0017053863203132958,True
0.41999999999999993,0.176,0.0016835487132209614,True
0.41999999999999993,0.177,0.0016618544137329439,True
0.41999999999999993,0.178,0.0016403034111355686,True
0.41999999999999993,0.179,0.0016188956938696596,True
0.41999999999999993,0.18,0.0015976312495315393,True
0.41999999999999993,0.181,0.0015765100648738929,True
0.41999999999999993,0.182,0.001555532125806769,True
0.41999999999999993,0.183,0.0015346974173982009,True
0.41999999999999993,0.184,0.0015140059238754945,True
0.41999999999999993,0.185,0.001493457628625583,True
0.41999999999999993,0.186,0.00147305251419656,True
0.41999999999999993,0.187,0.0014527905622983895,True
0.41999999999999993,0.188,0.0014326717538035495,True
0.41999999999999993,0.189,0.0014126960687484535,True
0.41999999999999993,0.19,0.0013928634863342947,True
0.41999999999999993,0.191,0.0013731739849277337,True
0.41999999999999993,0.192,0.0013536275420624078,True
0.41999999999999993,0.193,0.0013342241344394656,True
0.41999999999999993,0.194,0.0013149637379289204,True
0.41999999999999993,0.195,0.0012958463275702715,True
0.41999999999999993,0.196,0.0012768718775742372,True
0.41999999999999993,0.197,0.001258040361323065,True
0.41999999999999993,0.198,0.0012393517513720643,True
0.41999999999999993,0.199,0.001220806019450449,True
0.41999999999999993,0.2,0.0012024031364624489,True
0.41999999999999993,0.201,0.0011841430724888191,True
0.41999999999999993,0.202,0.0011660257967871068,True
0.41999999999999993,0.20299999999999999,0.0011480512777935381,True
0.41999999999999993,0.204,0.0011302194831238621,True
0.41999999999999993,0.205,0.0011125303795743058,True
0.41999999999999993,0.206,0.0010949839331231726,True
0.41999999999999993,0.207,0.0010775801089315308,True
0.41999999999999993,0.208,0.0010603188713446342,True
0.41999999999999993,0.209,0.0010432001838932114,True
0.41999999999999993,0.21,0.0010262240092943965,True
0.41999999999999993,0.211,0.0010093903094529732,True
0.41999999999999993,0.212,0.000992699045462797,True
0.41999999999999993,0.213,0.0009761501776079484,True
0.41999999999999993,0.214,0.0009597436653635327,True
0.41999999999999993,0.215,0.000943479467397812,True
0.41999999999999993,0.216,0.0009273575415726043,True
0.41999999999999993,0.217,0.0009113778449450826,True
0.41999999999999993,0.218,0.0008955403337687296,True
0.41999999999999993,0.219,0.0008798449634948469,True
0.41999999999999993,0.22,0.000864291688773644,True
0.41999999999999993,0.221,0.0008488804634558811,True
0.41999999999999993,0.222,0.0008336112405936902,True
0.41999999999999993,0.22299999999999998,0.0008184839724424186,True
0.41999999999999993,0.22399999999999998,0.0008034986104615838,True
0.41999999999999993,0.22499999999999998,0.0007886551053164714,True
0.41999999999999993,0.22599999999999998,0.0007739534068793352,True
0.41999999999999993,0.22699999999999998,0.0007593934642309063,True
0.41999999999999993,0.22799999999999998,0.0007449752256613928,True
0.41999999999999993,0.22899999999999998,0.0007306986386726111,True
0.41999999999999993,0.22999999999999998,0.00071656364997843,True
0.41999999999999993,0.23099999999999998,0.0007025702055070582,True
0.41999999999999993,0.23199999999999998,0.0006887182504018874,True
0.41999999999999993,0.23299999999999998,0.000675007729023136,True
0.41999999999999993,0.23399999999999999,0.0006614385849492921,True
0.41999999999999993,0.235,0.000648010760978468,True
0.41999999999999993,0.236,0.0006347241991299546,True
0.41999999999999993,0.237,0.000621578840645598,True
0.41999999999999993,0.238,0.000608574625991265,True
0.41999999999999993,0.239,0.0005957114948584641,True
0.41999999999999993,0.24,0.0005829893861656998,True
0.41999999999999993,0.241,0.0005704082380600494,True
0.41999999999999993,0.242,0.0005579679879186061,True
0.41999999999999993,0.243,0.0005456685723498999,True
0.41999999999999993,0.244,0.0005335099271958965,True
0.41999999999999993,0.245,0.0005214919875329516,True
0.41999999999999993,0.246,0.0005096146876734986,True
0.41999999999999993,0.247,0.0004978779611680695,True
0.41999999999999993,0.248,0.0004862817408061382,True
0.41999999999999993,0.249,0.00047482595861818576,True
0.41999999999999993,0.25,0.00046351054587725484,True
0.41999999999999993,0.251,0.000452335433100326,True
0.41999999999999993,0.252,0.0004413005500501388,True
0.41999999999999993,0.253,0.00043040582573634635,True
0.41999999999999993,0.254,0.0004196511884180465,True
0.41999999999999993,0.255,0.00040903656560429267,True
0.41999999999999993,0.256,0.00039856188405660296,True
0.41999999999999993,0.257,0.0003882270697901591,True
0.41999999999999993,0.258,0.0003780320480755384,True
0.41999999999999993,0.259,0.00036797674344057896,True
0.41999999999999993,0.26,0.00035806107967157886,True
0.41999999999999993,0.261,0.0003482849798154941,True
0.41999999999999993,0.262,0.00033864836618133773,True
0.41999999999999993,0.263,0.00032915116034208934,True
0.41999999999999993,0.264,0.00031979328313584964,True
0.41999999999999993,0.265,0.0003105746546683497,True
0.41999999999999993,0.266,0.0003014951943139499,True
0.41999999999999993,0.267,0.00029255482071797176,True
0.41999999999999993,0.268,0.00028375345179780797,True
0.41999999999999993,0.269,0.0002750910047452537,True
0.41999999999999993,0.27,0.0002665673960278614,True
0.41999999999999993,0.271,0.00025818254139078347,True
0.41999999999999993,0.272,0.00024993635585874864,True
0.41999999999999993,0.273,0.00024182875373754965,True
0.41999999999999993,0.274,0.00023385964861593055,True
0.41999999999999993,0.275,0.00022602895336734096,True
0.41999999999999993,0.276,0.00021833658015195655,True
0.41999999999999993,0.277,0.00021078244041814465,True
0.41999999999999993,0.278,0.00020336644490446255,True
0.41999999999999993,0.279,0.00019608850364138952,True
0.41999999999999993,0.28,0.00018894852595336965,True
0.41999999999999993,0.281,0.0001819464204602994,True
0.41999999999999993,0.28200000000000003,0.00017508209507963724,True
0.41999999999999993,0.28300000000000003,0.00016835545702820198,True
0.41999999999999993,0.28400000000000003,0.00016176641282370508,True
0.41999999999999993,0.28500000000000003,0.00015531486828737062,True
0.41999999999999993,0.28600000000000003,0.0001490007285448902,True
0.41999999999999993,0.28700000000000003,0.00014282389802897644,True
0.41999999999999993,0.28800000000000003,0.00013678428048082835,True
0.41999999999999993,0.28900000000000003,0.000130881778952463,True
0.41999999999999993,0.29000000000000004,0.0001251162958080254,True
0.41999999999999993,0.29100000000000004,0.00011948773272612012,True
0.41999999999999993,0.29200000000000004,0.00011399599070178734,True
0.41999999999999993,0.29300000000000004,0.00010864097004794626,True
0.41999999999999993,0.29400000000000004,0.00010342257039777091,True
0.41999999999999993,0.295,9.834069070642215e-05,True
0.41999999999999993,0.296,9.339522925315702e-05,True
0.41999999999999993,0.297,8.858608364288312e-05,True
0.41999999999999993,0.298,8.391315080851225e-05,True
0.41999999999999993,0.299,7.937632701278119e-05,True
0.41999999999999993,0.3,7.497550785016128e-05,True
0.41999999999999993,0.301,7.071058824870136e-05,True
0.41999999999999993,0.302,6.658146247249253e-05,True
0.41999999999999993,0.303,6.258802412308916e-05,True
0.41999999999999993,0.304,5.873016614170723e-05,True
0.41999999999999993,0.305,5.500778081128921e-05,True
0.41999999999999993,0.306,5.142075975841376e-05,True
0.41999999999999993,0.307,4.796899395553833e-05,True
0.41999999999999993,0.308,4.465237372246467e-05,True
0.41999999999999993,0.309,4.147078872884791e-05,True
0.41999999999999993,0.31,3.842412799615058e-05,True
0.41999999999999993,0.311,3.551227989946337e-05,True
0.41999999999999993,0.312,3.273513216959234e-05,True
0.41999999999999993,0.313,3.0092571895545815e-05,True
0.41999999999999993,0.314,2.7584485525622425e-05,True
0.41999999999999993,0.315,2.5210758870497506e-05,True
0.41999999999999993,0.316,2.2971277104599785e-05,True
0.41999999999999993,0.317,2.0865924768509458e-05,True
0.41999999999999993,0.318,1.8894585770712347e-05,True
0.41999999999999993,0.319,1.7057143390153405e-05,True
0.41999999999999993,0.32,1.535348027776884e-05,True
0.41999999999999993,0.321,1.3783478458950782e-05,True
0.41999999999999993,0.322,1.2347019335479104e-05,True
0.41999999999999993,0.323,1.1043983687608615e-05,True
0.41999999999999993,0.324,9.874251676356138e-06,True
0.41999999999999993,0.325,8.837702845232442e-06,True
0.41999999999999993,0.32599999999999996,7.934216122729155e-06,True
0.41999999999999993,0.32699999999999996,7.163669824161723e-06,True
0.41999999999999993,0.32799999999999996,6.525941654045298e-06,True
0.41999999999999993,0.32899999999999996,6.020908707893291e-06,True
0.41999999999999993,0.32999999999999996,5.648447474548845e-06,True
0.41999999999999993,0.33099999999999996,5.40843383840528e-06,True
0.41999999999999993,0.33199999999999996,5.300743081404491e-06,True
0.41999999999999993,0.33299999999999996,5.32524988501315e-06,True
0.41999999999999993,0.33399999999999996,5.481828332731808e-06,True
0.41999999999999993,0.33499999999999996,5.770351912004479e-06,True
0.41999999999999993,0.33599999999999997,6.190693516527901e-06,True
0.41999999999999993,0.33699999999999997,6.742725448072307e-06,True
0.41999999999999993,0.33799999999999997,7.426319419190364e-06,True
0.41999999999999993,0.33899999999999997,8.241346554860307e-06,True
0.41999999999999993,0.33999999999999997,9.187677394972838e-06,True
0.41999999999999993,0.34099999999999997,1.0265181896351728e-05,True
0.41999999999999993,0.34199999999999997,1.1473729435129698e-05,True
0.41999999999999993,0.34299999999999997,1.2813188808702414e-05,True
0.41999999999999993,0.344,1.4283428237904517e-05,True
0.41999999999999993,0.345,1.588431536951873e-05,True
0.41999999999999993,0.346,1.7615717278163246e-05,True
0.41999999999999993,0.347,1.9477500468578766e-05,True
0.41999999999999993,0.348,2.1469530877893384e-05,True
0.41999999999999993,0.349,2.3591673877620956e-05,True
0.41999999999999993,0.35,2.584379427632566e-05,True
0.41999999999999993,0.351,2.8225756321353936e-05,True
0.41999999999999993,0.352,3.073742370109933e-05,True
0.41999999999999993,0.353,3.3378659547600445e-05,True
0.41999999999999993,0.354,3.6149326438517096e-05,True
0.41999999999999993,0.355,3.9049286399217566e-05,True
0.41999999999999993,0.356,4.2078400905443127e-05,True
0.41999999999999993,0.357,4.523653088484014e-05,True
0.41999999999999993,0.358,4.8523536720024296e-05,True
0.41999999999999993,0.359,5.19392782501793e-05,True
0.41999999999999993,0.36,5.548361477365482e-05,True
0.41999999999999993,0.361,5.915640505016473e-05,True
0.41999999999999993,0.362,6.295750730278549e-05,True
0.41999999999999993,0.363,6.688677922048747e-05,True
0.41999999999999993,0.364,7.094407796046643e-05,True
0.41999999999999993,0.365,7.512926014991983e-05,True
0.41999999999999993,0.366,7.94421818889779e-05,True
0.41999999999999993,0.367,8.388269875247989e-05,True
0.41999999999999993,0.368,8.845066579219463e-05,True
0.41999999999999993,0.369,9.31459375396182e-05,True
0.41999999999999993,0.37,9.796836800779474e-05,True
0.41999999999999993,0.371,0.0001029178106936035,True
0.41999999999999993,0.372,0.00010799411858015695,True
0.41999999999999993,0.373,0.00011319714413933201,True
0.41999999999999993,0.374,0.00011852673933339108,True
0.41999999999999993,0.375,0.00012398275561800176,True
0.41999999999999993,0.376,0.00012956504394403545,True
0.41999999999999993,0.377,0.00013527345476014308,True
0.41999999999999993,0.378,0.00014110783801473125,True
0.41999999999999993,0.379,0.00014706804315853806,True
0.41999999999999993,0.38,0.0001531539191468978,True
0.41999999999999993,0.381,0.00015936531444193935,True
0.41999999999999993,0.382,0.00016570207701489538,True
0.41999999999999993,0.383,0.00017216405434858917,True
0.41999999999999993,0.384,0.00017875109343932217,True
0.41999999999999993,0.385,0.00018546304079967158,True
0.41999999999999993,0.386,0.00019229974246064429,True
0.41999999999999993,0.387,0.00019926104397365306,True
0.41999999999999993,0.388,0.00020634679041326988,True
0.41999999999999993,0.389,0.00021355682637935747,True
0.41999999999999993,0.39,0.00022089099599948981,True
0.41999999999999993,0.391,0.0002283491429308171,True
0.41999999999999993,0.392,0.00023593111036335213,True
0.41999999999999993,0.393,0.00024363674102096945,True
0.41999999999999993,0.394,0.0002514658771650691,True
0.41999999999999993,0.395,0.000259418360595931,True
0.41999999999999993,0.396,0.00026749403265540205,True
0.41999999999999993,0.397,0.00027569273422940467,True
0.41999999999999993,0.398,0.00028401430574982457,True
0.41999999999999993,0.399,0.0002924585871972196,True
0.41999999999999993,0.4,0.0003010254181028627,True
0.41999999999999993,0.401,0.0003097146375514503,True
0.41999999999999993,0.402,0.0003185260841829018,True
0.41999999999999993,0.403,0.0003274595961952675,True
0.41999999999999993,0.404,0.0003365150113466164,True
0.41999999999999993,0.405,0.00034569216695761184,True
0.41999999999999993,0.406,0.00035499089991373187,True
0.41999999999999993,0.40700000000000003,0.00036441104666768976,True
0.41999999999999993,0.40800000000000003,0.0003739524432417651,True
0.41999999999999993,0.40900000000000003,0.0003836149252297805,True
0.41999999999999993,0.41000000000000003,0.0003933983278004538,True
0.41999999999999993,0.41100000000000003,0.0004033024856982204,True
0.41999999999999993,0.41200000000000003,0.0004133272332470739,True
0.41999999999999993,0.41300000000000003,0.00042347240435187673,True
0.41999999999999993,0.41400000000000003,0.0004337378325010688,True
0.41999999999999993,0.41500000000000004,0.00044412335076917666,True
0.41999999999999993,0.41600000000000004,0.0004546287918188785,True
0.41999999999999993,0.41700000000000004,0.0004652539879033579,True
0.41999999999999993,0.41800000000000004,0.00047599877086890174,True
0.41999999999999993,0.41900000000000004,0.0004868629721569206,True
0.41999999999999993,0.42000000000000004,0.0004978464228065471,True
0.41999999999999993,0.42100000000000004,0.0005089489534567226,True
0.41999999999999993,0.42200000000000004,0.0005201703943488623,True
0.41999999999999993,0.42300000000000004,0.0005315105753289862,True
0.41999999999999993,0.42400000000000004,0.0005429693258500956,True
0.41999999999999993,0.42500000000000004,0.000554546474974349,True
0.41999999999999993,0.42600000000000005,0.000566241851375926,True
0.41999999999999993,0.42700000000000005,0.0005780552833426933,True
0.41999999999999993,0.42800000000000005,0.0005899865987790021,True
0.41999999999999993,0.42900000000000005,0.0006020356252079307,True
0.41999999999999993,0.43000000000000005,0.0006142021897735716,True
0.41999999999999993,0.43100000000000005,0.0006264861192434967,True
0.41999999999999993,0.43200000000000005,0.000638887240010777,True
0.41999999999999993,0.43300000000000005,0.0006514053780967366,True
0.41999999999999993,0.43400000000000005,0.0006640403591530397,True
0.41999999999999993,0.43500000000000005,0.0006767920084641332,True
0.41999999999999993,0.43600000000000005,0.0006896601509494449,True
0.41999999999999993,0.43700000000000006,0.0007026446111660034,True
0.41999999999999993,0.43800000000000006,0.0007157452133104813,True
0.41999999999999993,0.43899999999999995,0.0007289617812215931,True
0.41999999999999993,0.43999999999999995,0.0007422941383826931,True
0.41999999999999993,0.44099999999999995,0.0007557421079236182,True
0.41999999999999993,0.44199999999999995,0.0007693055126235971,True
0.41999999999999993,0.44299999999999995,0.0007829841749131816,True
0.41999999999999993,0.44399999999999995,0.0007967779168766009,True
0.41999999999999993,0.44499999999999995,0.0008106865602544033,True
0.41999999999999993,0.44599999999999995,0.0008247099264453884,True
0.41999999999999993,0.44699999999999995,0.0008388478365092711,True
0.41999999999999993,0.44799999999999995,0.0008531001111686587,True
0.41999999999999993,0.44899999999999995,0.0008674665708118922,True
0.41999999999999993,0.44999999999999996,0.0008819470354948233,True
0.41999999999999993,0.45099999999999996,0.0008965413249434117,True
0.41999999999999993,0.45199999999999996,0.0009112492585563236,True
0.41999999999999993,0.45299999999999996,0.0009260706554064191,True
0.41999999999999993,0.45399999999999996,0.0009410053342440383,True
0.41999999999999993,0.45499999999999996,0.0009560531134988448,True
0.41999999999999993,0.45599999999999996,0.0009712138112820013,True
0.41999999999999993,0.45699999999999996,0.0009864872453889673,True
0.41999999999999993,0.45799999999999996,0.0010018732333012092,True
0.41999999999999993,0.45899999999999996,0.0010173715921890868,True
0.41999999999999993,0.45999999999999996,0.001032982138913896,True
0.41999999999999993,0.46099999999999997,0.00104870469003,True
0.41999999999999993,0.46199999999999997,0.0010645390617877615,True
0.41999999999999993,0.46299999999999997,0.0010804850701348512,True
0.41999999999999993,0.46399999999999997,0.0010965425307197575,True
0.41999999999999993,0.46499999999999997,0.0011127112588930066,True
0.41999999999999993,0.46599999999999997,0.0011289910697101836,True
0.41999999999999993,0.46699999999999997,0.001145381777933907,True
0.41999999999999993,0.46799999999999997,0.0011618831980362066,True
0.41999999999999993,0.469,0.0011784951442009195,True
0.41999999999999993,0.47,0.0011952174303257567,True
0.41999999999999993,0.471,0.0012120498700248117,True
0.41999999999999993,0.472,0.0012289922766307803,True
0.41999999999999993,0.473,0.0012460444631971824,True
0.41999999999999993,0.474,0.001263206242500714,True
0.41999999999999993,0.475,0.0012804774270436692,True
0.41999999999999993,0.476,0.0012978578290558707,True
0.41999999999999993,0.477,0.0013153472604974458,True
0.41999999999999993,0.478,0.0013329455330604923,True
0.41999999999999993,0.479,0.0013506524581720525,True
0.41999999999999993,0.48,0.0013684678469957356,True
0.41999999999999993,0.481,0.0013863915104344482,True
0.41999999999999993,0.482,0.0014044232591324812,True
0.41999999999999993,0.483,0.0014225629034777753,True
0.41999999999999993,0.484,0.0014408102536042078,True
0.41999999999999993,0.485,0.0014591651193937905,True
0.41999999999999993,0.486,0.0014776273104792014,True
0.41999999999999993,0.487,0.001496196636245517,True
0.41999999999999993,0.488,0.0015148729058332311,True
0.41999999999999993,0.489,0.0015336559281396767,True
0.41999999999999993,0.49,0.0015525455118218013,True
0.41999999999999993,0.491,0.001571541465298343,True
0.41999999999999993,0.492,0.0015906435967519839,True
0.41999999999999993,0.493,0.0016098517141315937,True
0.41999999999999993,0.494,0.0016291656251543828,True
0.41999999999999993,0.495,0.001648585137308567,True
0.41999999999999993,0.496,0.0016681100578549656,True
0.41999999999999993,0.497,0.0016877401938298008,True
0.41999999999999993,0.498,0.001707475352046517,True
0.41999999999999993,0.499,0.0017273153390981344,True
0.41999999999999993,0.5,0.0017472599613597595,True
0.49,0.15,0.0029050829349569042,False
0.49,0.151,0.002876149303354114,False
0.49,0.152,0.0028473637830429776,False
0.49,0.153,0.002818726392992121,False
0.49,0.154,0.002790237151273178,False
0.49,0.155,0.0027618960750615427,False
0.49,0.156,0.002733703180636882,False
0.49,0.157,0.002705658483383577,False
0.49,0.158,0.0026777619977912392,False
0.49,0.159,0.00265001373745537,False
0.49,0.16,0.0026224137150779427,False
0.49,0.161,0.002594961942467666,False
0.49,0.162,0.0025676584305412307,False
0.49,0.163,0.0025405031893230845,False
0.49,0.164,0.00251349622794661,False
0.49,0.16499999999999998,0.002486637554654836,False
0.49,0.16599999999999998,0.002459927176800458,False
0.49,0.16699999999999998,0.002433365100847196,False
0.49,0.16799999999999998,0.002406951332370011,False
0.49,0.16899999999999998,0.0023806858760560433,False
0.49,0.16999999999999998,0.002354568735704987,False
0.49,0.17099999999999999,0.0023285999142302225,False
0.49,0.172,0.0023027794136591282,False
0.49,0.173,0.002277107235134168,False
0.49,0.174,0.002251583378913358,False
0.49,0.175,0.0022262078443710197,False
0.49,0.176,0.00220098062999885,False
0.49,0.177,0.0021759017334063158,False
0.49,0.178,0.002150971151321768,False
0.49,0.179,0.002126188879592994,False
0.49,0.18,0.0021015549131882193,False
0.49,0.181,0.002077069246196861,False
0.49,0.182,0.0020527318718302602,False
0.49,0.183,0.002028542782422904,False
0.49,0.184,0.0020045019694326037,True
0.49,0.185,0.0019806094234422478,True
0.49,0.186,0.0019568651341599352,True
0.49,0.187,0.0019332690904202642,True
0.49,0.188,0.0019098212801852642,True
0.49,0.189,0.0018865216905451065,True
0.49,0.19,0.0018633703077191699,True
0.49,0.191,0.0018403671170569512,True
0.49,0.192,0.001817512103039154,True
0.49,0.193,0.0017948052492784417,True
0.49,0.194,0.0017722465385205943,True
0.49,0.195,0.0017498359526454178,True
0.49,0.196,0.001727573472667765,True
0.49,0.197,0.0017054590787386691,True
0.49,0.198,0.0016834927501461871,True
0.49,0.199,0.0016616744653164873,True
0.49,0.2,0.0016400042018150929,True
0.49,0.201,0.0016184819363475266,True
0.49,0.202,0.0015971076447610644,True
0.49,0.20299999999999999,0.0015758813020450902,True
0.49,0.204,0.0015548028823326287,True
0.49,0.205,0.0015338723589014337,True
0.49,0.206,0.0015130897041749857,True
0.49,0.207,0.001492454889723427,True
0.49,0.208,0.0014719678862655128,True
0.49,0.209,0.0014516286636685693,True
0.49,0.21,0.0014314371909508016,True
0.49,0.211,0.0014113934362816715,True
0.49,0.212,0.0013914973669835184,True
0.49,0.213,0.0013717489495326252,True
0.49,0.214,0.001352148149560306,True
0.49,0.215,0.001332694931854328,True
0.49,0.216,0.0013133892603602426,True
0.49,0.217,0.0012942310981821858,True
0.49,0.218,0.0012752204075845875,True
0.49,0.219,0.0012563571499931258,True
0.49,0.22,0.0012376412859962382,True
0.49,0.221,0.0012190727753463193,True
0.49,0.222,0.0012006515769609426,True
0.49,0.22299999999999998,0.0011823776489242378,True
0.49,0.22399999999999998,0.0011642509484882657,True
0.49,0.22499999999999998,0.0011462714320741529,True
0.49,0.22599999999999998,0.0011284390552737333,True
0.49,0.22699999999999998,0.0011107537728507033,True
0.49,0.22799999999999998,0.0010932155387418652,True
0.49,0.22899999999999998,0.0010758243060588369,True
0.49,0.22999999999999998,0.0010585800270890954,True
0.49,0.23099999999999998,0.0010414826532976873,True
0.49,0.23199999999999998,0.0010245321353282045,True
0.49,0.23299999999999998,0.0010077284230047834,True
0.49,0.23399999999999999,0.0009910714653329489,True
0.49,0.235,0.0009745612105013235,True
0.49,0.236,0.000958197605883293,True
0.49,0.237,0.0009419805980377838,True
0.49,0.238,0.0009259101327115715,True
0.49,0.239,0.0009099861548400145,True
0.49,0.24,0.0008942086085491407,True
0.49,0.241,0.0008785774371566247,True
0.49,0.242,0.0008630925831736747,True
0.49,0.243,0.0008477539883062323,True
0.49,0.244,0.0008325615934569042,True
0.49,0.245,0.0008175153387260936,True
0.49,0.246,0.0008026151634135337,True
0.49,0.247,0.0007878610060203517,True
0.49,0.248,0.0007732528042499798,True
0.49,0.249,0.0007587904950102864,True
0.49,0.25,0.0007444740144145978,True
0.49,0.251,0.0007303032977836521,True
0.49,0.252,0.000716278279647442,True
0.49,0.253,0.0007023988937459702,True
0.49,0.254,0.00068866507303178,True
0.49,0.255,0.0006750767496711774,True
0.49,0.256,0.0006616338550456957,True
0.49,0.257,0.000648336319754117,True
0.49,0.258,0.0006351840736136705,True
0.49,0.259,0.0006221770456623643,True
0.49,0.26,0.0006093151641599403,True
0.49,0.261,0.0005965983565898947,True
0.49,0.262,0.000584026549661254,True
0.49,0.263,0.0005715996693101078,True
0.49,0.264,0.0005593176407012069,True
0.49,0.265,0.000547180388230184,True
0.49,0.266,0.0005351878355245087,True
0.49,0.267,0.000523339905445952,True
0.49,0.268,0.0005116365200918294,True
0.49,0.269,0.0005000776007969999,True
0.49,0.27,0.0004886630681353976,True
0.49,0.271,0.0004773928419222528,True
0.49,0.272,0.00046626684121524596,True
0.49,0.273,0.000455284984316795,True
0.49,0.274,0.00044444718877558744,True
0.49,0.275,0.0004337533713884456,True
0.49,0.276,0.0004232034482020364,True
0.49,0.277,0.0004127973345150027,True
0.49,0.278,0.00040253494487938466,True
0.49,0.279,0.0003924161931025516,True
0.49,0.28,0.0003824409922493999,True
0.49,0.281,0.00037260925464368546,True
0.49,0.28200000000000003,0.0003629208918700888,True
0.49,0.28300000000000003,0.0003533758147762578,True
0.49,0.28400000000000003,0.00034397393347427305,True
0.49,0.28500000000000003,0.00033471515734302405,True
0.49,0.28600000000000003,0.0003255993950296521,True
0.49,0.28700000000000003,0.0003166265544517044,True
0.49,0.28800000000000003,0.00030779654279884384,True
0.49,0.28900000000000003,0.0002991092665349804,True
0.49,0.29000000000000004,0.0002905646313999366,True
0.49,0.29100000000000004,0.00028216254241164584,True
0.49,0.29200000000000004,0.00027390290386783975,True
0.49,0.29300000000000004,0.0002657856193479802,True
0.49,0.29400000000000004,0.0002578105917154794,True
0.49,0.295,0.0002499777231193212,True
0.49,0.296,0.00024228691499637023,True
0.49,0.297,0.00023473806807270404,True
0.49,0.298,0.000227331082366522,True
0.49,0.299,0.0002200658571891667,True
0.49,0.3,0.00021294229114787733,True
0.49,0.301,0.00020596028214721064,True
0.49,0.302,0.00019911972739137252,True
0.49,0.303,0.00019242052338626082,True
0.49,0.304,0.0001858625659411084,True
0.49,0.305,0.00017944575017077026,True
0.49,0.306,0.00017316997049794393,True
0.49,0.307,0.00016703512065472382,True
0.49,0.308,0.0001610410936849327,True
0.49,0.309,0.00015518778194620886,True
0.49,0.31,0.00014947507711191577,True
0.49,0.311,0.00014390287017316262,True
0.49,0.312,0.0001384710514410248,True
0.49,0.313,0.00013317951054856448,True
0.49,0.314,0.00012802813645287347,True
0.49,0.315,0.00012301681743693839,True
0.49,0.316,0.00011814544111230508,True
0.49,0.317,0.00011341389442052208,True
0.49,0.318,0.00010882206363564962,True
0.49,0.319,0.00010436983436612479,True
0.49,0.32,0.00010005709155715969,True
0.49,0.321,9.588371949258434e-05,True
0.49,0.322,9.184960179702273e-05,True
0.49,0.323,8.795462143809107e-05,True
0.49,0.324,8.419866072850724e-05,True
0.49,0.325,8.058160132826676e-05,True
0.49,0.32599999999999996,7.710332424655242e-05,True
0.49,0.32699999999999996,7.376370984431002e-05,True
0.49,0.32799999999999996,7.056263783602467e-05,True
0.49,0.32899999999999996,6.749998729191909e-05,True
0.49,0.32999999999999996,6.457563664048482e-05,True
0.49,0.33099999999999996,6.178946367005889e-05,True
0.49,0.33199999999999996,5.914134553159922e-05,True
0.49,0.33299999999999996,5.663115874032787e-05,True
0.49,0.33399999999999996,5.425877917824007e-05,True
0.49,0.33499999999999996,5.202408209641352e-05,True
0.49,0.33599999999999997,4.9926942116629294e-05,True
0.49,0.33699999999999997,4.796723323439167e-05,True
0.49,0.33799999999999997,4.6144828820260386e-05,True
0.49,0.33899999999999997,4.4459601622848235e-05,True
0.49,0.33999999999999997,4.291142377033097e-05,True
0.49,0.34099999999999997,4.150016677328949e-05,True
0.49,0.34199999999999997,4.02257015265306e-05,True
0.49,0.34299999999999997,3.9087898311374045e-05,True
0.49,0.344,3.808662679791741e-05,True
0.49,0.345,3.7221756047589594e-05,True
0.49,0.346,3.649315451457191e-05,True
0.49,0.347,3.590069004895113e-05,True
0.49,0.348,3.544422989858465e-05,True
0.49,0.349,3.512364071109886e-05,True
0.49,0.35,3.4938788536487134e-05,True
0.49,0.351,3.4889538829374624e-05,True
0.49,0.352,3.497575645101669e-05,True
0.49,0.353,3.519730567191903e-05,True
0.49,0.354,3.555405017368063e-05,True
0.49,0.355,3.6045853051747125e-05,True
0.49,0.356,3.667257681732039e-05,True
0.49,0.357,3.74340833996234e-05,True
0.49,0.358,3.833023414872017e-05,True
0.49,0.359,3.93608898371145e-05,True
0.49,0.36,4.052591066230349e-05,True
0.49,0.361,4.182515624937544e-05,True
0.49,0.362,4.3258485652986066e-05,True
0.49,0.363,4.4825757359467924e-05,True
0.49,0.364,4.652682928978358e-05,True
0.49,0.365,4.836155880114656e-05,True
0.49,0.366,5.0329802689885736e-05,True
0.49,0.367,5.243141719335487e-05,True
0.49,0.368,5.4666257992397324e-05,True
0.49,0.369,5.70341802138552e-05,True
0.49,0.37,5.9535038432501076e-05,True
0.49,0.371,6.216868667394682e-05,True
0.49,0.372,6.493497841617569e-05,True
0.49,0.373,6.783376659262874e-05,True
0.49,0.374,7.086490359422548e-05,True
0.49,0.375,7.402824127156205e-05,True
0.49,0.376,7.732363093764239e-05,True
0.49,0.377,8.0750923369588e-05,True
0.49,0.378,8.430996881201303e-05,True
0.49,0.379,8.800061697820106e-05,True
0.49,0.38,9.182271705312494e-05,True
0.49,0.381,9.577611769593375e-05,True
0.49,0.382,9.986066704184004e-05,True
0.49,0.383,0.0001040762127047623,True
0.49,0.384,0.00010842260177970075,True
0.49,0.385,0.00011289968084498004,True
0.49,0.386,0.00011750729596458065,True
0.49,0.387,0.0001222452926906703,True
0.49,0.388,0.00012711351606602416,True
0.49,0.389,0.0001321118106260899,True
0.49,0.39,0.00013724002040160777,True
0.49,0.391,0.00014249798892105315,True
0.49,0.392,0.00014788555921272373,True
0.49,0.393,0.00015340257380733747,True
0.49,0.394,0.0001590488747404084,True
0.49,0.395,0.00016482430355455602,True
0.49,0.396,0.00017072870130192542,True
0.49,0.397,0.00017676190854662988,True
0.49,0.398,0.00018292376536706013,True
0.49,0.399,0.00018921411135821575,True
0.49,0.4,0.0001956327856343254,True
0.49,0.401,0.00020217962683100055,True
0.49,0.402,0.00020885447310765582,True
0.49,0.403,0.00021565716215015128,True
0.49,0.404,0.0002225875311729908,True
0.49,0.405,0.0002296454169216311,True
0.49,0.406,0.00023683065567501327,True
0.49,0.40700000000000003,0.0002441430832480718,True
0.49,0.40800000000000003,0.0002515825349938217,True
0.49,0.40900000000000003,0.00025914884580606755,True
0.49,0.41000000000000003,0.00026684185012182393,True
0.49,0.41100000000000003,0.00027466138192329127,True
0.49,0.41200000000000003,0.00028260727474080925,True
0.49,0.41300000000000003,0.0002906793616548775,True
0.49,0.41400000000000003,0.0002988774752986201,True
0.49,0.41500000000000004,0.00030720144786051674,True
0.49,0.41600000000000004,0.0003156511110864235,True
0.49,0.41700000000000004,0.00032422629628201525,True
0.49,0.41800000000000004,0.0003329268343156055,True
0.49,0.41900000000000004,0.00034175255561987863,True
0.49,0.42000000000000004,0.0003507032901949092,True
0.49,0.42100000000000004,0.00035977886761040523,True
0.49,0.42200000000000004,0.00036897911700792816,True
0.49,0.42300000000000004,0.0003783038671032912,True
0.49,0.42400000000000004,0.00038775294618940135,True
0.49,0.42500000000000004,0.00039732618213821346,True
0.49,0.42600000000000005,0.00040702340240343914,True
0.49,0.42700000000000005,0.00041684443402261183,True
0.49,0.42800000000000005,0.00042678910361999557,True
0.49,0.42900000000000005,0.00043685723740838345,True
0.49,0.43000000000000005,0.0004470486611922508,True
0.49,0.43100000000000005,0.00045736320036946496,True
0.49,0.43200000000000005,0.0004678006799340828,True
0.49,0.43300000000000005,0.0004783609244787268,True
0.49,0.43400000000000005,0.0004890437581968943,True
0.49,0.43500000000000005,0.0004998490048854665,True
0.49,0.43600000000000005,0.0005107764879470178,True
0.49,0.43700000000000006,0.0005218260303924138,True
0.49,0.43800000000000006,0.000532997454842854,True
0.49,0.43899999999999995,0.0005442905835328693,True
0.49,0.43999999999999995,0.0005557052383120764,True
0.49,0.44099999999999995,0.0005672412406481087,True
0.49,0.44199999999999995,0.0005788984116286589,True
0.49,0.44299999999999995,0.0005906765719642104,True
0.49,0.44399999999999995,0.0006025755419899915,True
0.49,0.44499999999999995,0.0006145951416689721,True
0.49,0.44599999999999995,0.0006267351905939079,True
0.49,0.44699999999999995,0.0006389955079897591,True
0.49,0.44799999999999995,0.0006513759127159569,True
0.49,0.44899999999999995,0.0006638762232693996,True
0.49,0.44999999999999996,0.0006764962577860301,True
0.49,0.45099999999999996,0.0006892358340440108,True
0.49,0.45199999999999996,0.0007020947694655443,True
0.49,0.45299999999999996,0.0007150728811194717,True
0.49,0.45399999999999996,0.0007281699857237589,True
0.49,0.45499999999999996,0.0007413858996480505,True
0.49,0.45599999999999996,0.0007547204389154683,True
0.49,0.45699999999999996,0.0007681734192056088,True
0.49,0.45799999999999996,0.0007817446558567864,True
0.49,0.45899999999999996,0.0007954339638681418,True
0.49,0.45999999999999996,0.0008092411579024184,True
0.49,0.46099999999999997,0.0008231660522880935,True
0.49,0.46199999999999997,0.000837208461021799,True
0.49,0.46299999999999997,0.0008513681977708742,True
0.49,0.46399999999999997,0.000865645075875765,True
0.49,0.46499999999999997,0.0008800389083518656,True
0.49,0.46599999999999997,0.0008945495078927391,True
0.49,0.46699999999999997,0.0009091766868719597,True
0.49,0.46799999999999997,0.0009239202573453565,True
0.49,0.469,0.0009387800310540761,True
0.49,0.47,0.0009537558194261609,True
0.49,0.471,0.0009688474335795005,True
0.49,0.472,0.000984054684323965,True
0.49,0.473,0.000999377382163713,True
0.49,0.474,0.001014815337299635,True
0.49,0.475,0.001030368359631817,True
0.49,0.476,0.0010460362587619177,True
0.49,0.477,0.0010618188439952547,True
0.49,0.478,0.0010777159243432922,True
0.49,0.479,0.0010937273085263489,True
0.49,0.48,0.0011098528049752864,True
0.49,0.481,0.0011260922218346181,True
0.49,0.482,0.0011424453669640843,True
0.49,0.483,0.001158912047941696,True
0.49,0.484,0.001175492072065709,True
0.49,0.485,0.0011921852463568472,True
0.49,0.486,0.0012089913775611637,True
0.49,0.487,0.0012259102721516202,True
0.49,0.488,0.001242941736331371,True
0.49,0.489,0.0012600855760351414,True
0.49,0.49,0.0012773415969322688,True
0.49,0.491,0.0012947096044286122,True
0.49,0.492,0.0013121894036692173,True
0.49,0.493,0.0013297807995402478,True
0.49,0.494,0.0013474835966716058,True
0.49,0.495,0.0013652975994391525,True
0.49,0.496,0.001383222611967061,True
0.49,0.497,0.0014012584381301262,True
0.49,0.498,0.0014194048815559857,True
0.49,0.499,0.0014376617456275387,True
0.49,0.5,0.0014560288334851234,True
0.5599999999999998,0.15,0.0025722754556286366,False
0.5599999999999998,0.151,0.0025452495342701774,False
0.5599999999999998,0.152,0.002518368609873689,False
0.5599999999999998,0.153,0.002491632697125401,False
0.5599999999999998,0.154,0.002465041809836044,False
0.5599999999999998,0.155,0.0024385959609413586,False
0.5599999999999998,0.156,0.002412295162502476,False
0.5599999999999998,0.157,0.002386139425706779,False
0.5599999999999998,0.158,0.0023601287608681965,False
0.5599999999999998,0.159,0.00233426317742762,False
0.5599999999999998,0.16,0.002308542683954018,False
0.5599999999999998,0.161,0.0022829672881447215,False
0.5599999999999998,0.162,0.0022575369968259595,False
0.5599999999999998,0.163,0.002232251815953501,False
0.5599999999999998,0.164,0.002207111750613655,False
0.5599999999999998,0.16499999999999998,0.0021821168050234927,True
0.5599999999999998,0.16599999999999998,0.0021572669825316694,True
0.5599999999999998,0.16699999999999998,0.0021325622856191327,True
0.5599999999999998,0.16799999999999998,0.002108002715899748,True
0.5599999999999998,0.16899999999999998,0.0020835882741211398,True
0.5599999999999998,0.16999999999999998,0.0020593189601651797,True
0.5599999999999998,0.17099999999999999,0.002035194773048854,True
0.5599999999999998,0.172,0.0020112157109250404,True
0.5599999999999998,0.173,0.001987381771083219,True
0.5599999999999998,0.174,0.001963692949950091,True
0.5599999999999998,0.175,0.0019401492430905609,True
0.5599999999999998,0.176,0.0019167506452084427,True
0.5599999999999998,0.177,0.0018934971501471942,True
0.5599999999999998,0.178,0.0018703887508908722,True
0.5599999999999998,0.179,0.001847425439564776,True
0.5599999999999998,0.18,0.001824607207436446,True
0.5599999999999998,0.181,0.0018019340449163313,True
0.5599999999999998,0.182,0.0017794059415588536,True
0.5599999999999998,0.183,0.0017570228860632753,True
0.5599999999999998,0.184,0.0017347848662741861,True
0.5599999999999998,0.185,0.0017126918691829696,True
0.5599999999999998,0.186,0.0016907438809282028,True
0.5599999999999998,0.187,0.0016689408867969658,True
0.5599999999999998,0.188,0.0016472828712255749,True
0.5599999999999998,0.189,0.0016257698178004931,True
0.5599999999999998,0.19,0.0016044017092593954,True
0.5599999999999998,0.191,0.0015831785274920795,True
0.5599999999999998,0.192,0.0015621002535413542,True
0.5599999999999998,0.193,0.001541166867604149,True
0.5599999999999998,0.194,0.0015203783490324474,True
0.5599999999999998,0.195,0.0014997346763344632,True
0.5599999999999998,0.196,0.0014792358271752404,True
0.5599999999999998,0.197,0.0014588817783782293,True
0.5599999999999998,0.198,0.0014386725059258644,True
0.5599999999999998,0.199,0.0014186079849609402,True
0.5599999999999998,0.2,0.0013986881897874782,True
0.5599999999999998,0.201,0.0013789130938718142,True
0.5599999999999998,0.202,0.0013592826698439753,True
0.5599999999999998,0.20299999999999999,0.0013397968894981905,True
0.5599999999999998,0.204,0.0013204557237947111,True
0.5599999999999998,0.205,0.0013012591428603003,True
0.5599999999999998,0.206,0.001282207115989875,True
0.5599999999999998,0.207,0.0012632996116471729,True
0.5599999999999998,0.208,0.001244536597466306,True
0.5599999999999998,0.209,0.0012259180402527602,True
0.5599999999999998,0.21,0.0012074439059845733,True
0.5599999999999998,0.211,0.0011891141598134424,True
0.5599999999999998,0.212,0.0011709287660659484,True
0.5599999999999998,0.213,0.0011528876882451523,True
0.5599999999999998,0.214,0.0011349908890310623,True
0.5599999999999998,0.215,0.001117238330282566,True
0.5599999999999998,0.216,0.001099629973038141,True
0.5599999999999998,0.217,0.0010821657775176075,True
0.5599999999999998,0.218,0.0010648457031229297,True
0.5599999999999998,0.219,0.0010476697084397912,True
0.5599999999999998,0.22,0.0010306377512387277,True
0.5599999999999998,0.221,0.0010137497884763925,True
0.5599999999999998,0.222,0.0009970057762969998,True
0.5599999999999998,0.22299999999999998,0.0009804056700335906,True
0.5599999999999998,0.22399999999999998,0.0009639494242092317,True
0.5599999999999998,0.22499999999999998,0.0009476369925385031,True
0.5599999999999998,0.22599999999999998,0.0009314683279288527,True
0.5599999999999998,0.22699999999999998,0.0009154433824816177,True
0.5599999999999998,0.22799999999999998,0.0008995621074939786,True
0.5599999999999998,0.22899999999999998,0.0008838244534597583,True
0.5599999999999998,0.22999999999999998,0.0008682303700712213,True
0.5599999999999998,0.23099999999999998,0.000852779806220072,True
0.5599999999999998,0.23199999999999998,0.0008374727099992318,True
0.5599999999999998,0.23299999999999998,0.0008223090287041046,True
0.5599999999999998,0.23399999999999999,0.0008072887088340863,True
0.5599999999999998,0.235,0.0007924116960934757,True
0.5599999999999998,0.236,0.0007776779353939167,True
0.5599999999999998,0.237,0.0007630873708548647,True
0.5599999999999998,0.238,0.0007486399458056514,True
0.5599999999999998,0.239,0.0007343356027866843,True
0.5599999999999998,0.24,0.0007201742835509561,True
0.5599999999999998,0.241,0.0007061559290658437,True
0.5599999999999998,0.242,0.0006922804795140402,True
0.5599999999999998,0.243,0.0006785478742955986,True
0.5599999999999998,0.244,0.0006649580520289522,True
0.5599999999999998,0.245,0.0006515109505530914,True
0.5599999999999998,0.246,0.0006382065069284292,True
0.5599999999999998,0.247,0.0006250446574387114,True
0.5599999999999998,0.248,0.00061202533759257,True
0.5599999999999998,0.249,0.0005991484821249449,True
0.5599999999999998,0.25,0.0005864140249988381,True
0.5599999999999998,0.251,0.0005738218994066679,True
0.5599999999999998,0.252,0.0005613720377719789,True
0.5599999999999998,0.253,0.0005490643717511734,True
0.5599999999999998,0.254,0.0005368988322348445,True
0.5599999999999998,0.255,0.000524875349349685,True
0.5599999999999998,0.256,0.0005129938524598421,True
0.5599999999999998,0.257,0.0005012542701688272,True
0.5599999999999998,0.258,0.000489656530320759,True
0.5599999999999998,0.259,0.00047820056000253964,True
0.5599999999999998,0.26,0.000466886285545165,True
0.5599999999999998,0.261,0.00045571363252547845,True
0.5599999999999998,0.262,0.0004446825257677034,True
0.5599999999999998,0.263,0.00043379288934557446,True
0.5599999999999998,0.264,0.0004230446465834481,True
0.5599999999999998,0.265,0.00041243772005841175,True
0.5599999999999998,0.266,0.0004019720316019937,True
0.5599999999999998,0.267,0.00039164750230151756,True
0.5599999999999998,0.268,0.00038146405250218953,True
0.5599999999999998,0.269,0.0003714216018088967,True
0.5599999999999998,0.27,0.00036152006908747315,True
0.5599999999999998,0.271,0.0003517593724670087,True
0.5599999999999998,0.272,0.0003421394293412039,True
0.5599999999999998,0.273,0.00033266015637036796,True
0.5599999999999998,0.274,0.0003233214694831288,True
0.5599999999999998,0.275,0.0003141232838781205,True
0.5599999999999998,0.276,0.0003050655140260261,True
0.5599999999999998,0.277,0.0002961480736710431,True
0.5599999999999998,0.278,0.0002873708758330151,True
0.5599999999999998,0.279,0.0002787338328089639,True
0.5599999999999998,0.28,0.00027023685617519886,True
0.5599999999999998,0.281,0.0002618798567887382,True
0.5599999999999998,0.28200000000000003,0.00025366274478981764,True
0.5599999999999998,0.28300000000000003,0.0002455854296028459,True
0.5599999999999998,0.28400000000000003,0.00023764781993897976,True
0.5599999999999998,0.28500000000000003,0.00022984982379776754,True
0.5599999999999998,0.28600000000000003,0.0002221913484689031,True
0.5599999999999998,0.28700000000000003,0.00021467230053429098,True
0.5599999999999998,0.28800000000000003,0.00020729258586948962,True
0.5599999999999998,0.28900000000000003,0.0002000521096465091,True
0.5599999999999998,0.29000000000000004,0.00019295077633456613,True
0.5599999999999998,0.29100000000000004,0.00018598848970279301,True
0.5599999999999998,0.29200000000000004,0.00017916515282190293,True
0.5599999999999998,0.29300000000000004,0.0001724806680660995,True
0.5599999999999998,0.29400000000000004,0.0001659349371149643,True
0.5599999999999998,0.295,0.00015952786095543292,True
0.5599999999999998,0.296,0.00015325933988370456,True
0.5599999999999998,0.297,0.00014712927350746252,True
0.5599999999999998,0.298,0.0001411375607471399,True
0.5599999999999998,0.299,0.00013528409983858402,True
0.5599999999999998,0.3,0.00012956878833476627,True
0.5599999999999998,0.301,0.00012399152310755835,True
0.5599999999999998,0.302,0.00011855220035006386,True
0.5599999999999998,0.303,0.00011325071557828359,True
0.5599999999999998,0.304,0.00010808696363331371,True
0.5599999999999998,0.305,0.00010306083868323323,True
0.5599999999999998,0.306,9.817223422508015e-05,True
0.5599999999999998,0.307,9.342104308716071e-05,True
0.5599999999999998,0.308,8.880715743049272e-05,True
0.5599999999999998,0.309,8.433046875133687e-05,True
0.5599999999999998,0.31,7.999086788308407e-05,True
0.5599999999999998,0.311,7.578824499800962e-05,True
0.5599999999999998,0.312,7.172248960991556e-05,True
0.5599999999999998,0.313,6.779349057550732e-05,True
0.5599999999999998,0.314,6.40011360967474e-05,True
0.5599999999999998,0.315,6.034531372314245e-05,True
0.5599999999999998,0.316,5.682591035329754e-05,True
0.5599999999999998,0.317,5.3442812237447515e-05,True
0.5599999999999998,0.318,5.01959049791445e-05,True
0.5599999999999998,0.319,4.708507353770042e-05,True
0.5599999999999998,0.32,4.411020223000772e-05,True
0.5599999999999998,0.321,4.127117473273767e-05,True
0.5599999999999998,0.322,3.856787408438311e-05,True
0.5599999999999998,0.323,3.600018268734573e-05,True
0.5599999999999998,0.324,3.356798231028968e-05,True
0.5599999999999998,0.325,3.127115408980696e-05,True
0.5599999999999998,0.32599999999999996,2.9109578532793278e-05,True
0.5599999999999998,0.32699999999999996,2.7083135518646274e-05,True
0.5599999999999998,0.32799999999999996,2.519170430126394e-05,True
0.5599999999999998,0.32899999999999996,2.3435163511154044e-05,True
0.5599999999999998,0.32999999999999996,2.181339115769898e-05,True
0.5599999999999998,0.33099999999999996,2.0326264631020942e-05,True
0.5599999999999998,0.33199999999999996,1.8973660704535434e-05,True
0.5599999999999998,0.33299999999999996,1.7755455536794252e-05,True
0.5599999999999998,0.33399999999999996,1.6671524673683714e-05,True
0.5599999999999998,0.33499999999999996,1.57217430506007e-05,True
0.5599999999999998,0.33599999999999997,1.4905984994850741e-05,True
0.5599999999999998,0.33699999999999997,1.4224124227357748e-05,True
0.5599999999999998,0.33799999999999997,1.3676033865239745e-05,True
0.5599999999999998,0.33899999999999997,1.3261586423674032e-05,True
0.5599999999999998,0.33999999999999997,1.2980653818495114e-05,True
0.5599999999999998,0.34099999999999997,1.2833107367948849e-05,True
0.5599999999999998,0.34199999999999997,1.2818817795001714e-05,True
0.5599999999999998,0.34299999999999997,1.2937655229783296e-05,True
0.5599999999999998,0.344,1.3189489211340444e-05,True
0.5599999999999998,0.345,1.3574188690390621e-05,True
0.5599999999999998,0.346,1.4091622031009443e-05,True
0.5599999999999998,0.347,1.4741657013028763e-05,True
0.5599999999999998,0.348,1.552416083456798e-05,True
0.5599999999999998,0.349,1.6439000113632753e-05,True
0.5599999999999998,0.35,1.748604089091277e-05,True
0.5599999999999998,0.351,1.8665148631624717e-05,True
0.5599999999999998,0.352,1.997618822804359e-05,True
0.5599999999999998,0.353,2.1419024001345656e-05,True
0.5599999999999998,0.354,2.29935197043174e-05,True
0.5599999999999998,0.355,2.469953852330953e-05,True
0.5599999999999998,0.356,2.6536943080390783e-05,True
0.5599999999999998,0.357,2.8505595435901478e-05,True
0.5599999999999998,0.358,3.060535709040746e-05,True
0.5599999999999998,0.359,3.283608898729806e-05,True
0.5599999999999998,0.36,3.519765151454024e-05,True
0.5599999999999998,0.361,3.7689904507476335e-05,True
0.5599999999999998,0.362,4.031270725082248e-05,True
0.5599999999999998,0.363,4.3065918480800214e-05,True
0.5599999999999998,0.364,4.594939638766782e-05,True
0.5599999999999998,0.365,4.896299861807396e-05,True
0.5599999999999998,0.366,5.210658227687848e-05,True
0.5599999999999998,0.367,5.5380003929927925e-05,True
0.5599999999999998,0.368,5.8783119605898546e-05,True
0.5599999999999998,0.369,6.231578479898303e-05,True
0.5599999999999998,0.37,6.597785447108873e-05,True
0.5599999999999998,0.371,6.976918305376945e-05,True
0.5599999999999998,0.372,7.368962445104543e-05,True
0.5599999999999998,0.373,7.773903204126853e-05,True
0.5599999999999998,0.374,8.19172586796757e-05,True
0.5599999999999998,0.375,8.622415670078709e-05,True
0.5599999999999998,0.376,9.065957792022682e-05,True
0.5599999999999998,0.377,9.522337363758737e-05,True
0.5599999999999998,0.378,9.99153946383613e-05,True
0.5599999999999998,0.379,0.00010473549119662806,True
0.5599999999999998,0.38,0.00010968351307671931,True
0.5599999999999998,0.381,0.00011475930953637192,True
0.5599999999999998,0.382,0.00011996272932823793,True
0.5599999999999998,0.383,0.0001252936207030597,True
0.5599999999999998,0.384,0.00013075183141104675,True
0.5599999999999998,0.385,0.0001363372087049175,True
0.5599999999999998,0.386,0.0001420495993419646,True
0.5599999999999998,0.387,0.00014788884958640835,True
0.5599999999999998,0.388,0.0001538548052115951,True
0.5599999999999998,0.389,0.00015994731150268394,True
0.5599999999999998,0.39,0.0001661662132586228,True
0.5599999999999998,0.391,0.00017251135479456892,True
0.5599999999999998,0.392,0.00017898257994453104,True
0.5599999999999998,0.393,0.0001855797320629904,True
0.5599999999999998,0.394,0.0001923026540281203,True
0.5599999999999998,0.395,0.0001991511882435848,True
0.5599999999999998,0.396,0.0002061251766410477,True
0.5599999999999998,0.397,0.00021322446068228196,True
0.5599999999999998,0.398,0.00022044888136190098,True
0.5599999999999998,0.399,0.00022779827920964556,True
0.5599999999999998,0.4,0.00023527249429224905,True
0.5599999999999998,0.401,0.00024287136621647942,True
0.5599999999999998,0.402,0.0002505947341309156,True
0.5599999999999998,0.403,0.00025844243672881186,True
0.5599999999999998,0.404,0.00026641431225000735,True
0.5599999999999998,0.405,0.0002745101984835019,True
0.5599999999999998,0.406,0.0002827299327695876,True
0.5599999999999998,0.40700000000000003,0.00029107335200280194,True
0.5599999999999998,0.40800000000000003,0.00029954029263350445,True
0.5599999999999998,0.40900000000000003,0.000308130590670741,True
0.5599999999999998,0.41000000000000003,0.0003168440816844642,True
0.5599999999999998,0.41100000000000003,0.00032568060080797603,True
0.5599999999999998,0.41200000000000003,0.00033463998273999265,True
0.5599999999999998,0.41300000000000003,0.0003437220617475534,True
0.5599999999999998,0.41400000000000003,0.00035292667166761935,True
0.5599999999999998,0.41500000000000004,0.00036225364591022655,True
0.5599999999999998,0.41600000000000004,0.00037170281746041757,True
0.5599999999999998,0.41700000000000004,0.000381274018880573,True
0.5599999999999998,0.41800000000000004,0.00039096708231294296,True
0.5599999999999998,0.41900000000000004,0.00040078183948202286,True
0.5599999999999998,0.42000000000000004,0.0004107181216967515,True
0.5599999999999998,0.42100000000000004,0.0004207757598528872,True
0.5599999999999998,0.42200000000000004,0.00043095458443584975,True
0.5599999999999998,0.42300000000000004,0.0004412544255222306,True
0.5599999999999998,0.42400000000000004,0.00045167511278287886,True
0.5599999999999998,0.42500000000000004,0.00046221647548487786,True
0.5599999999999998,0.42600000000000005,0.00047287834249425397,True
0.5599999999999998,0.42700000000000005,0.00048366054227793053,True
0.5599999999999998,0.42800000000000005,0.0004945629029063037,True
0.5599999999999998,0.42900000000000005,0.0005055852520558402,True
0.5599999999999998,0.43000000000000005,0.0005167274170109204,True
0.5599999999999998,0.43100000000000005,0.0005279892246667029,True
0.5599999999999998,0.43200000000000005,0.0005393705015310335,True
0.5599999999999998,0.43300000000000005,0.0005508710737272881,True
0.5599999999999998,0.43400000000000005,0.0005624907669964819,True
0.5599999999999998,0.43500000000000005,0.0005742294066995113,True
0.5599999999999998,0.43600000000000005,0.0005860868178196865,True
0.5599999999999998,0.43700000000000006,0.0005980628249652841,True
0.5599999999999998,0.43800000000000006,0.0006101572523713017,True
0.5599999999999998,0.43899999999999995,0.0006223699239027214,True
0.5599999999999998,0.43999999999999995,0.0006347006630559093,True
0.5599999999999998,0.44099999999999995,0.0006471492929616795,True
0.5599999999999998,0.44199999999999995,0.0006597156363873813,True
0.5599999999999998,0.44299999999999995,0.0006723995157392082,True
0.5599999999999998,0.44399999999999995,0.0006852007530646853,True
0.5599999999999998,0.44499999999999995,0.0006981191700550004,True
0.5599999999999998,0.44599999999999995,0.0007111545880471804,True
0.5599999999999998,0.44699999999999995,0.0007243068280269327,True
0.5599999999999998,0.44799999999999995,0.000737575710630356,True
0.5599999999999998,0.44899999999999995,0.0007509610561467151,True
0.5599999999999998,0.44999999999999996,0.0007644626845208169,True
0.5599999999999998,0.45099999999999996,0.0007780804153550535,True
0.5599999999999998,0.45199999999999996,0.0007918140679120444,True
0.5599999999999998,0.45299999999999996,0.0008056634611168345,True
0.5599999999999998,0.45399999999999996,0.0008196284135593368,True
0.5599999999999998,0.45499999999999996,0.0008337087434966639,True
0.5599999999999998,0.45599999999999996,0.0008479042688552152,True
0.5599999999999998,0.45699999999999996,0.0008622148072336966,True
0.5599999999999998,0.45799999999999996,0.0008766401759045861,True
0.5599999999999998,0.45899999999999996,0.0008911801918170426,True
0.5599999999999998,0.45999999999999996,0.000905834671599326,True
0.5599999999999998,0.46099999999999997,0.0009206034315605738,True
0.5599999999999998,0.46199999999999997,0.0009354862876937764,True
0.5599999999999998,0.46299999999999997,0.0009504830556777089,True
0.5599999999999998,0.46399999999999997,0.0009655935508794178,True
0.5599999999999998,0.46499999999999997,0.0009808175883563753,True
0.5599999999999998,0.46599999999999997,0.0009961549828592987,True
0.5599999999999998,0.46699999999999997,0.0010116055488337938,True
0.5599999999999998,0.46799999999999997,0.0010271691004232863,True
0.5599999999999998,0.469,0.0010428454514707975,True
0.5599999999999998,0.47,0.0010586344155219195,True
0.5599999999999998,0.471,0.0010745358058265708,True
0.5599999999999998,0.472,0.0010905494353414813,True
0.5599999999999998,0.473,0.0011066751167328136,True
0.5599999999999998,0.474,0.0011229126623778286,True
0.5599999999999998,0.475,0.0011392618843680813,True
0.5599999999999998,0.476,0.0011557225945107775,True
0.5599999999999998,0.477,0.001172294604331925,True
0.5599999999999998,0.478,0.0011889777250780442,True
0.5599999999999998,0.479,0.001205771767718855,True
0.5599999999999998,0.48,0.0012226765429492747,True
0.5599999999999998,0.481,0.0012396918611920383,True
0.5599999999999998,0.482,0.0012568175325997188,True
0.5599999999999998,0.483,0.0012740533670572152,True
0.5599999999999998,0.484,0.001291399174184038,True
0.5599999999999998,0.485,0.0013088547633362646,True
0.5599999999999998,0.486,0.0013264199436094914,True
0.5599999999999998,0.487,0.0013440945238403224,True
0.5599999999999998,0.488,0.0013618783126093438,True
0.5599999999999998,0.489,0.0013797711182432116,True
0.5599999999999998,0.49,0.001397772748816517,True
0.5599999999999998,0.491,0.0014158830121547617,True
0.5599999999999998,0.492,0.0014341017158358005,True
0.5599999999999998,0.493,0.001452428667193173,True
0.5599999999999998,0.494,0.0014708636733173242,True
0.5599999999999998,0.495,0.0014894065410584467,True
0.5599999999999998,0.496,0.0015080570770288127,True
0.5599999999999998,0.497,0.0015268150876045494,True
0.5599999999999998,0.498,0.0015456803789283713,True
0.5599999999999998,0.499,0.001564652756911733,True
0.5599999999999998,0.5,0.0015837320272367838,True
0.6299999999999999,0.15,0.003503258514830665,False
0.6299999999999999,0.151,0.0034707413471692706,False
0.6299999999999999,0.152,0.0034383782705492472,False
0.6299999999999999,0.153,0.0034061693119240566,False
0.6299999999999999,0.154,0.0033741144973093553,False
0.6299999999999999,0.155,0.003342213851784126,False
0.6299999999999999,0.156,0.003310467399490857,False
0.6299999999999999,0.157,0.003278875163635808,False
0.6299999999999999,0.158,0.003247437166489964,False
0.6299999999999999,0.159,0.0032161534293891013,False
0.6299999999999999,0.16,0.003185023972734502,False
0.6299999999999999,0.161,0.0031540488159936377,False
0.6299999999999999,0.162,0.0031232279777004155,False
0.6299999999999999,0.163,0.0030925614754558906,False
0.6299999999999999,0.164,0.003062049325928973,False
0.6299999999999999,0.16499999999999998,0.0030316915448566294,False
0.6299999999999999,0.16599999999999998,0.0030014881470450836,False
0.6299999999999999,0.16699999999999998,0.002971439146369681,False
0.6299999999999999,0.16799999999999998,0.002941544555776221,False
0.6299999999999999,0.16899999999999998,0.002911804387281158,False
0.6299999999999999,0.16999999999999998,0.002882218651972401,False
0.6299999999999999,0.17099999999999999,0.002852787360010001,False
0.6299999999999999,0.172,0.00282351052062666,False
0.6299999999999999,0.173,0.002794388142128801,False
0.6299999999999999,0.174,0.0027654202318967867,False
0.6299999999999999,0.175,0.0027366067963860764,False
0.6299999999999999,0.176,0.0027079478411277335,False
0.6299999999999999,0.177,0.0026794433707290734,False
0.6299999999999999,0.178,0.0026510933888746367,False
0.6299999999999999,0.179,0.00262289789832697,False
0.6299999999999999,0.18,0.0025948569009271783,False
0.6299999999999999,0.181,0.0025669703975958803,False
0.6299999999999999,0.182,0.002539238388334253,False
0.6299999999999999,0.183,0.0025116608722241195,False
0.6299999999999999,0.184,0.002484237847429571,False
0.6299999999999999,0.185,0.0024569693111976543,False
0.6299999999999999,0.186,0.0024298552598587485,False
0.6299999999999999,0.187,0.0024028956888280106,False
0.6299999999999999,0.188,0.0023760905926060393,False
0.6299999999999999,0.189,0.002349439964779476,False
0.6299999999999999,0.19,0.0023229437980225587,False
0.6299999999999999,0.191,0.002296602084097521,False
0.6299999999999999,0.192,0.0022704148138557477,False
0.6299999999999999,0.193,0.0022443819772387076,False
0.6299999999999999,0.194,0.0022185035632787953,False
0.6299999999999999,0.195,0.002192779560100355,False
0.6299999999999999,0.196,0.002167209954920879,False
0.6299999999999999,0.197,0.0021417947340516942,False
0.6299999999999999,0.198,0.0021165338828991855,False
0.6299999999999999,0.199,0.0020914273859656608,False
0.6299999999999999,0.2,0.0020664752268505725,True
0.6299999999999999,0.201,0.0020416773882513616,True
0.6299999999999999,0.202,0.0020170338519647445,True
0.6299999999999999,0.20299999999999999,0.0019925445988875357,True
0.6299999999999999,0.204,0.001968209609017868,True
0.6299999999999999,0.205,0.0019440288614563483,True
0.6299999999999999,0.206,0.0019200023344070338,True
0.6299999999999999,0.207,0.001896130005178609,True
0.6299999999999999,0.208,0.001872411850185518,True
0.6299999999999999,0.209,0.0018488478449491196,True
0.6299999999999999,0.21,0.0018254379640989526,True
0.6299999999999999,0.211,0.0018021821813734463,True
0.6299999999999999,0.212,0.0017790804696216967,True
0.6299999999999999,0.213,0.0017561328008043997,True
0.6299999999999999,0.214,0.0017333391459949388,True
0.6299999999999999,0.215,0.001710699475380739,True
0.6299999999999999,0.216,0.0016882137582643786,True
0.6299999999999999,0.217,0.0016658819630651855,True
0.6299999999999999,0.218,0.0016437040573198392,True
0.6299999999999999,0.219,0.0016216800076842342,True
0.6299999999999999,0.22,0.0015998097799343914,True
0.6299999999999999,0.221,0.0015780933389679009,True
0.6299999999999999,0.222,0.0015565306488052987,True
0.6299999999999999,0.22299999999999998,0.0015351216725910221,True
0.6299999999999999,0.22399999999999998,0.0015138663725950963,True
0.6299999999999999,0.22499999999999998,0.0014927647102142894,True
0.6299999999999999,0.22599999999999998,0.001471816645973445,True
0.6299999999999999,0.22699999999999998,0.0014510221395269917,True
0.6299999999999999,0.22799999999999998,0.001430381149659965,True
0.6299999999999999,0.22899999999999998,0.0014098936342897606,True
0.6299999999999999,0.22999999999999998,0.0013895595504672454,True
0.6299999999999999,0.23099999999999998,0.0013693788543784446,True
0.6299999999999999,0.23199999999999998,0.0013493515013454083,True
0.6299999999999999,0.23299999999999998,0.0013294774458283642,True
0.6299999999999999,0.23399999999999999,0.0013097566414265404,True
0.6299999999999999,0.235,0.0012901890408796523,True
0.6299999999999999,0.236,0.0012707745960698791,True
0.6299999999999999,0.237,0.0012515132580226851,True
0.6299999999999999,0.238,0.0012324049769086409,True
0.6299999999999999,0.239,0.0012134497020447777,True
0.6299999999999999,0.24,0.001194647381896141,True
0.6299999999999999,0.241,0.001175997964077391,True
0.6299999999999999,0.242,0.0011575013953539549,True
0.6299999999999999,0.243,0.0011391576216439824,True
0.6299999999999999,0.244,0.001120966588019523,True
0.6299999999999999,0.245,0.0011029282387081895,True
0.6299999999999999,0.246,0.0010850425170949806,True
0.6299999999999999,0.247,0.0010673093657233234,True
0.6299999999999999,0.248,0.0010497287262970945,True
0.6299999999999999,0.249,0.0010323005396817742,True
0.6299999999999999,0.25,0.0010150247459068229,True
0.6299999999999999,0.251,0.0009979012841662138,True
0.6299999999999999,0.252,0.000980930092820853,True
0.6299999999999999,0.253,0.0009641111093997123,True
0.6299999999999999,0.254,0.0009474442706018493,True
0.6299999999999999,0.255,0.000930929512298051,True
0.6299999999999999,0.256,0.0009145667695317882,True
0.6299999999999999,0.257,0.0008983559765219029,True
0.6299999999999999,0.258,0.0008822970666634955,True
0.6299999999999999,0.259,0.0008663899725299462,True
0.6299999999999999,0.26,0.0008506346258746467,True
0.6299999999999999,0.261,0.0008350309576322879,True
0.6299999999999999,0.262,0.0008195788979212138,True
0.6299999999999999,0.263,0.0008042783760446204,True
0.6299999999999999,0.264,0.0007891293204923989,True
0.6299999999999999,0.265,0.0007741316589430447,True
0.6299999999999999,0.266,0.0007592853182653014,True
0.6299999999999999,0.267,0.0007445902245197145,True
0.6299999999999999,0.268,0.0007300463029606963,True
0.6299999999999999,0.269,0.0007156534780382584,True
0.6299999999999999,0.27,0.0007014116733995657,True
0.6299999999999999,0.271,0.0006873208118908014,True
0.6299999999999999,0.272,0.0006733808155593213,True
0.6299999999999999,0.273,0.0006595916056550966,True
0.6299999999999999,0.274,0.0006459531026322685,True
0.6299999999999999,0.275,0.0006324652261516794,True
0.6299999999999999,0.276,0.0006191278950822942,True
0.6299999999999999,0.277,0.0006059410275029542,True
0.6299999999999999,0.278,0.0005929045407043976,True
0.6299999999999999,0.279,0.000580018351191125,True
0.6299999999999999,0.28,0.0005672823746832645,True
0.6299999999999999,0.281,0.000554696526118259,True
0.6299999999999999,0.28200000000000003,0.0005422607196530427,True
0.6299999999999999,0.28300000000000003,0.0005299748686657058,True
0.6299999999999999,0.28400000000000003,0.0005178388857576266,True
0.6299999999999999,0.28500000000000003,0.0005058526827550036,True
0.6299999999999999,0.28600000000000003,0.0004940161707110535,True
0.6299999999999999,0.28700000000000003,0.00048232925990812083,True
0.6299999999999999,0.28800000000000003,0.00047079185985898775,True
0.6299999999999999,0.28900000000000003,0.00045940387930965,True
0.6299999999999999,0.29000000000000004,0.0004481652262403379,True
0.6299999999999999,0.29100000000000004,0.000437075807868359,True
0.6299999999999999,0.29200000000000004,0.0004261355306495629,True
0.6299999999999999,0.29300000000000004,0.00041534430028007386,True
0.6299999999999999,0.29400000000000004,0.00040470202169904377,True
0.6299999999999999,0.295,0.00039420859909000683,True
0.6299999999999999,0.296,0.00038386393588307754,True
0.6299999999999999,0.297,0.00037366793475690496,True
0.6299999999999999,0.298,0.0003636204976408486,True
0.6299999999999999,0.299,0.00035372152571671033,True
0.6299999999999999,0.3,0.0003439709194210883,True
0.6299999999999999,0.301,0.0003343685784470418,True
0.6299999999999999,0.302,0.00032491440174655664,True
0.6299999999999999,0.303,0.0003156082875321431,True
0.6299999999999999,0.304,0.0003064501332792569,True
0.6299999999999999,0.305,0.000297439835728075,True
0.6299999999999999,0.306,0.00028857729088589413,True
0.6299999999999999,0.307,0.00027986239402886246,True
0.6299999999999999,0.308,0.00027129503970431125,True
0.6299999999999999,0.309,0.00026287512173257533,True
0.6299999999999999,0.31,0.00025460253320943595,True
0.6299999999999999,0.311,0.0002464771665080745,True
0.6299999999999999,0.312,0.00023849891328082685,True
0.6299999999999999,0.313,0.00023066766446198095,True
0.6299999999999999,0.314,0.00022298331026939788,True
0.6299999999999999,0.315,0.00021544574020673223,True
0.6299999999999999,0.316,0.0002080548430657636,True
0.6299999999999999,0.317,0.00020081050692835056,True
0.6299999999999999,0.318,0.00019371261916836246,True
0.6299999999999999,0.319,0.00018676106645429958,True
0.6299999999999999,0.32,0.00017995573475138027,True
0.6299999999999999,0.321,0.00017329650932338403,True
0.6299999999999999,0.322,0.0001667832747350495,True
0.6299999999999999,0.323,0.00016041591485418393,True
0.6299999999999999,0.324,0.0001541943128538392,True
0.6299999999999999,0.325,0.00014811835121466554,True
0.6299999999999999,0.32599999999999996,0.00014218791172695421,True
0.6299999999999999,0.32699999999999996,0.0001364028754927471,True
0.6299999999999999,0.32799999999999996,0.0001307631229283235,True
0.6299999999999999,0.32899999999999996,0.00012526853376608748,True
0.6299999999999999,0.32999999999999996,0.00011991898705709936,True
0.6299999999999999,0.33099999999999996,0.00011471436117294065,True
0.6299999999999999,0.33199999999999996,0.00010965453380848978,True
0.6299999999999999,0.33299999999999996,0.00010473938198349853,True
0.6299999999999999,0.33399999999999996,9.996878204547866e-05,True
0.6299999999999999,0.33499999999999996,9.534260967125618e-05,True
0.6299999999999999,0.33599999999999997,9.086073986994681e-05,True
0.6299999999999999,0.33699999999999997,8.652304698453239e-05,True
0.6299999999999999,0.33799999999999997,8.23294046948364e-05,True
0.6299999999999999,0.33899999999999997,7.827968601892277e-05,True
0.6299999999999999,0.33999999999999997,7.437376331640433e-05,True
0.6299999999999999,0.34099999999999997,7.061150828975293e-05,True
0.6299999999999999,0.34199999999999997,6.69927919871638e-05,True
0.6299999999999999,0.34299999999999997,6.35174848046427e-05,True
0.6299999999999999,0.344,6.01854564882709e-05,True
0.6299999999999999,0.345,5.699657613673636e-05,True
0.6299999999999999,0.346,5.3950712203398866e-05,True
0.6299999999999999,0.347,5.1047732498443744e-05,True
0.6299999999999999,0.348,4.828750419176853e-05,True
0.6299999999999999,0.349,4.5669893814603846e-05,True
0.6299999999999999,0.35,4.319476726244442e-05,True
0.6299999999999999,0.351,4.086198979693645e-05,True
0.6299999999999999,0.352,3.8671426048342286e-05,True
0.6299999999999999,0.353,3.662294001796074e-05,True
0.6299999999999999,0.354,3.471639508050295e-05,True
0.6299999999999999,0.355,3.295165398626842e-05,True
0.6299999999999999,0.356,3.1328578863454304e-05,True
0.6299999999999999,0.357,2.984703122057564e-05,True
0.6299999999999999,0.358,2.8506871949152134e-05,True
0.6299999999999999,0.359,2.7307961325528927e-05,True
0.6299999999999999,0.36,2.6250159013474494e-05,True
0.6299999999999999,0.361,2.5333324066556528e-05,True
0.6299999999999999,0.362,2.4557314930606643e-05,True
0.6299999999999999,0.363,2.3921989445940816e-05,True
0.6299999999999999,0.364,2.3427204849735263e-05,True
0.6299999999999999,0.365,2.307281777855774e-05,True
0.6299999999999999,0.366,2.285868427056581e-05,True
0.6299999999999999,0.367,2.278465976803812e-05,True
0.6299999999999999,0.368,2.2850599119572658e-05,True
0.6299999999999999,0.369,2.3056356582906724e-05,True
0.6299999999999999,0.37,2.3401785826693276e-05,True
0.6299999999999999,0.371,2.3886739933454136e-05,True
0.6299999999999999,0.372,2.451107140175601e-05,True
0.6299999999999999,0.373,2.5274632148653e-05,True
0.6299999999999999,0.374,2.6177273511840404e-05,True
0.6299999999999999,0.375,2.7218846252696773e-05,True
0.6299999999999999,0.376,2.8399200557882588e-05,True
0.6299999999999999,0.377,2.9718186042559934e-05,True
0.6299999999999999,0.378,3.1175651752235466e-05,True
0.6299999999999999,0.379,3.277144616538052e-05,True
0.6299999999999999,0.38,3.4505417196184496e-05,True
0.6299999999999999,0.381,3.637741219608692e-05,True
0.6299999999999999,0.382,3.838727795750785e-05,True
0.6299999999999999,0.383,4.0534860715069064e-05,True
0.6299999999999999,0.384,4.2820006148702736e-05,True
0.6299999999999999,0.385,4.524255938598287e-05,True
0.6299999999999999,0.386,4.780236500450119e-05,True
0.6299999999999999,0.387,5.049926703433183e-05,True
0.6299999999999999,0.388,5.3333108960562645e-05,True
0.6299999999999999,0.389,5.630373372542685e-05,True
0.6299999999999999,0.39,5.941098373138942e-05,True
0.6299999999999999,0.391,6.265470084287905e-05,True
0.6299999999999999,0.392,6.603472638926356e-05,True
0.6299999999999999,0.393,6.955090116711471e-05,True
0.6299999999999999,0.394,7.320306544262855e-05,True
0.6299999999999999,0.395,7.699105895422331e-05,True
0.6299999999999999,0.396,8.091472091500406e-05,True
0.6299999999999999,0.397,8.497389001485e-05,True
0.6299999999999999,0.398,8.916840442374507e-05,True
0.6299999999999999,0.399,9.349810179313245e-05,True
0.6299999999999999,0.4,9.796281925933403e-05,True
0.6299999999999999,0.401,0.00010256239344557106,True
0.6299999999999999,0.402,0.00010729666046440655,True
0.6299999999999999,0.403,0.00011216545592052096,True
0.6299999999999999,0.404,0.00011716861491286589,True
0.6299999999999999,0.405,0.00012230597203746196,True
0.6299999999999999,0.406,0.00012757736138957476,True
0.6299999999999999,0.40700000000000003,0.00013298261656651266,True
0.6299999999999999,0.40800000000000003,0.00013852157066969185,True
0.6299999999999999,0.40900000000000003,0.000144194056307545,True
0.6299999999999999,0.41000000000000003,0.00014999990559800836,True
0.6299999999999999,0.41100000000000003,0.0001559389501702979,True
0.6299999999999999,0.41200000000000003,0.00016201102116868426,True
0.6299999999999999,0.41300000000000003,0.00016821594925369164,True
0.6299999999999999,0.41400000000000003,0.00017455356460536198,True
0.6299999999999999,0.41500000000000004,0.0001810236969256085,True
0.6299999999999999,0.41600000000000004,0.00018762617544041405,True
0.6299999999999999,0.41700000000000004,0.00019436082890282868,True
0.6299999999999999,0.41800000000000004,0.00020122748559499027,True
0.6299999999999999,0.41900000000000004,0.00020822597333096659,True
0.6299999999999999,0.42000000000000004,0.00021535611945906475,True
0.6299999999999999,0.42100000000000004,0.00022261775086422907,True
0.6299999999999999,0.42200000000000004,0.00023001069397092787,True
0.6299999999999999,0.42300000000000004,0.00023753477474528495,True
0.6299999999999999,0.42400000000000004,0.00024518981869781076,True
0.6299999999999999,0.42500000000000004,0.00025297565088568954,True
0.6299999999999999,0.42600000000000005,0.0002608920959153771,True
0.6299999999999999,0.42700000000000005,0.00026893897794528777,True
0.6299999999999999,0.42800000000000005,0.0002771161206879924,True
0.6299999999999999,0.42900000000000005,0.00028542334741294973,True
0.6299999999999999,0.43000000000000005,0.00029386048094885985,True
0.6299999999999999,0.43100000000000005,0.00030242734368628453,True
0.6299999999999999,0.43200000000000005,0.000311123757580023,True
0.6299999999999999,0.43300000000000005,0.00031994954415173196,True
0.6299999999999999,0.43400000000000005,0.0003289045244924571,True
0.6299999999999999,0.43500000000000005,0.00033798851926483133,True
0.6299999999999999,0.43600000000000005,0.0003472013487061831,True
0.6299999999999999,0.43700000000000006,0.0003565428326302245,True
0.6299999999999999,0.43800000000000006,0.00036601279043042557,True
0.6299999999999999,0.43899999999999995,0.00037561104108176926,True
0.6299999999999999,0.43999999999999995,0.0003853374031437262,True
0.6299999999999999,0.44099999999999995,0.0003951916947627199,True
0.6299999999999999,0.44199999999999995,0.00040517373367419116,True
0.6299999999999999,0.44299999999999995,0.00041528333720570744,True
0.6299999999999999,0.44399999999999995,0.00042552032227900495,True
0.6299999999999999,0.44499999999999995,0.0004358845054128091,True
0.6299999999999999,0.44599999999999995,0.00044637570272494377,True
0.6299999999999999,0.44699999999999995,0.00045699372993546206,True
0.6299999999999999,0.44799999999999995,0.0004677384023684228,True
0.6299999999999999,0.44899999999999995,0.0004786095349549324,True
0.6299999999999999,0.44999999999999996,0.0004896069422351878,True
0.6299999999999999,0.45099999999999996,0.0005007304383615185,True
0.6299999999999999,0.45199999999999996,0.0005119798371003625,True
0.6299999999999999,0.45299999999999996,0.0005233549518350422,True
0.6299999999999999,0.45399999999999996,0.0005348555955682954,True
0.6299999999999999,0.45499999999999996,0.0005464815809245183,True
0.6299999999999999,0.45599999999999996,0.0005582327201525406,True
0.6299999999999999,0.45699999999999996,0.0005701088251279351,True
0.6299999999999999,0.45799999999999996,0.0005821097073554604,True
0.6299999999999999,0.45899999999999996,0.000594235177971858,True
0.6299999999999999,0.45999999999999996,0.0006064850477478512,True
0.6299999999999999,0.46099999999999997,0.0006188591270912091,True
0.6299999999999999,0.46199999999999997,0.0006313572260488121,True
0.6299999999999999,0.46299999999999997,0.0006439791543090933,True
0.6299999999999999,0.46399999999999997,0.000656724721204971,True
0.6299999999999999,0.46499999999999997,0.0006695937357157789,True
0.6299999999999999,0.46599999999999997,0.0006825860064701761,True
0.6299999999999999,0.46699999999999997,0.0006957013417483893,True
0.6299999999999999,0.46799999999999997,0.000708939549484744,True
0.6299999999999999,0.469,0.0007223004372702624,True
0.6299999999999999,0.47,0.0007357838123549065,True
0.6299999999999999,0.471,0.0007493894816502422,True
0.6299999999999999,0.472,0.0007631172517317264,True
0.6299999999999999,0.473,0.0007769669288414827,True
0.6299999999999999,0.474,0.0007909383188903218,True
0.6299999999999999,0.475,0.0008050312274606952,True
0.6299999999999999,0.476,0.0008192454598086929,True
0.6299999999999999,0.477,0.000833580820866997,True
0.6299999999999999,0.478,0.0008480371152468358,True
0.6299999999999999,0.479,0.0008626141472407811,True
0.6299999999999999,0.48,0.000877311720825058,True
0.6299999999999999,0.481,0.0008921296396620981,True
0.6299999999999999,0.482,0.000907067707102871,True
0.6299999999999999,0.483,0.0009221257261893933,True
0.6299999999999999,0.484,0.0009373034996573937,True
0.6299999999999999,0.485,0.0009526008299381328,True
0.6299999999999999,0.486,0.0009680175191615126,True
0.6299999999999999,0.487,0.0009835533691581633,True
0.6299999999999999,0.488,0.0009992081814621302,True
0.6299999999999999,0.489,0.0010149817573129605,True
0.6299999999999999,0.49,0.0010308738976583908,True
0.6299999999999999,0.491,0.0010468844031567225,True
0.6299999999999999,0.492,0.0010630130741792864,True
0.6299999999999999,0.493,0.0010792597108125967,True
0.6299999999999999,0.494,0.0010956241128613042,True
0.6299999999999999,0.495,0.001112106079850128,True
0.6299999999999999,0.496,0.0011287054110264317,True
0.6299999999999999,0.497,0.001145421905362598,True
0.6299999999999999,0.498,0.0011622553615589393,True
0.6299999999999999,0.499,0.0011792055780450506,True
0.6299999999999999,0.5,0.0011962723529831188,True
0.7,0.15,0.0029325992989826634,True
0.7,0.151,0.0029035929176585594,True
0.7,0.152,0.002874732563503035,True
0.7,0.153,0.002846018256651939,True
0.7,0.154,0.0028174500163561157,True
0.7,0.155,0.0027890278609816743,True
0.7,0.156,0.002760751808010875,True
0.7,0.157,0.0027326218740421292,True
0.7,0.158,0.0027046380747910216,True
0.7,0.159,0.002676800425090531,True
0.7,0.16,0.0026491089388915646,True
0.7,0.161,0.0026215636292638454,True
0.7,0.162,0.002594164508395935,True
0.7,0.163,0.0025669115875962545,True
0.7,0.164,0.002539804877293594,True
0.7,0.16499999999999998,0.0025128443870376716,True
0.7,0.16599999999999998,0.0024860301254996608,True
0.7,0.16699999999999998,0.002459362100472995,True
0.7,0.16799999999999998,0.00243284031887383,True
0.7,0.16899999999999998,0.002406464786742046,True
0.7,0.16999999999999998,0.0023802355092412686,True
0.7,0.17099999999999999,0.0023541524906603773,True
0.7,0.172,0.0023282157344134856,True
0.7,0.173,0.0023024252430410286,True
0.7,0.174,0.00227678101821045,True
0.7,0.175,0.0022512830607168246,True
0.7,0.176,0.002225931370483658,True
0.7,0.177,0.0022007259465635755,True
0.7,0.178,0.0021756667871391856,True
0.7,0.179,0.0021507538895239042,True
0.7,0.18,0.002125987250162642,True
0.7,0.181,0.00210136686463247,True
0.7,0.182,0.0020768927276438643,True
0.7,0.183,0.0020525648330409927,True
0.7,0.184,0.002028383173802961,True
0.7,0.185,0.002004347742044743,True
0.7,0.186,0.001980458529017337,True
0.7,0.187,0.001956715525109609,True
0.7,0.188,0.001933118719848448,True
0.7,0.189,0.001909668101900097,True
0.7,0.19,0.0018863636590707778,True
0.7,0.191,0.001863205378307664,True
0.7,0.192,0.001840193245700017,True
0.7,0.193,0.0018173272464800717,True
0.7,0.194,0.0017946073650236816,True
0.7,0.195,0.0017720335848516733,True
0.7,0.196,0.001749605888630712,True
0.7,0.197,0.0017273242581741012,True
0.7,0.198,0.0017051886744432255,True
0.7,0.199,0.0016831991175480176,True
0.7,0.2,0.0016613555667484015,True
0.7,0.201,0.0016396580004551353,True
0.7,0.202,0.0016181063962309005,True
0.7,0.20299999999999999,0.0015967007307915004,True
0.7,0.204,0.0015754409800065928,True
0.7,0.205,0.0015543271189011997,True
0.7,0.206,0.001533359121656397,True
0.7,0.207,0.0015125369616107776,True
0.7,0.208,0.0014918606112614308,True
0.7,0.209,0.001471330042264829,True
0.7,0.21,0.0014509452254383604,True
0.7,0.211,0.001430706130761239,True
0.7,0.212,0.0014106127273757485,True
0.7,0.213,0.001390664983588441,True
0.7,0.214,0.0013708628668711142,True
0.7,0.215,0.00135120634386241,True
0.7,0.216,0.0013316953803684806,True
0.7,0.217,0.001312329941364787,True
0.7,0.218,0.0012931099909968325,True
0.7,0.219,0.0012740354925817377,True
0.7,0.22,0.0012551064086092634,True
0.7,0.221,0.0012363227007430976,True
0.7,0.222,0.0012176843298224327,True
0.7,0.22299999999999998,0.0011991912558626749,True
0.7,0.22399999999999998,0.001180843438057333,True
0.7,0.22499999999999998,0.0011626408347788831,True
0.7,0.22599999999999998,0.0011445834035802792,True
0.7,0.22699999999999998,0.0011266711011963526,True
0.7,0.22799999999999998,0.0011089038835446318,True
0.7,0.22899999999999998,0.001091281705727587,True
0.7,0.22999999999999998,0.0010738045220331839,True
0.7,0.23099999999999998,0.0010564722859365272,True
0.7,0.23199999999999998,0.0010392849501014156,True
0.7,0.23299999999999998,0.001022242466381207,True
0.7,0.23399999999999999,0.001005344785820972,True
0.7,0.235,0.0009885918586581167,True
0.7,0.236,0.000971983634324447,True
0.7,0.237,0.0009555200614470571,True
0.7,0.238,0.0009392010878500612,True
0.7,0.239,0.0009230266605560367,True
0.7,0.24,0.0009069967257872679,True
0.7,0.241,0.0008911112289677004,True
0.7,0.242,0.0008753701147236725,True
0.7,0.243,0.0008597733268858931,True
0.7,0.244,0.0008443208084908616,True
0.7,0.245,0.000829012501782489,True
0.7,0.246,0.0008138483482130309,True
0.7,0.247,0.0007988282884456189,True
0.7,0.248,0.0007839522623545259,True
0.7,0.249,0.0007692202090278322,True
0.7,0.25,0.0007546320667684237,True
0.7,0.251,0.000740187773095613,True
0.7,0.252,0.0007258872647466719,True
0.7,0.253,0.0007117304776783406,True
0.7,0.254,0.0006977173470688047,True
0.7,0.255,0.0006838478073188936,True
0.7,0.256,0.0006701217920537684,True
0.7,0.257,0.0006565392341246756,True
0.7,0.258,0.0006431000656101471,True
0.7,0.259,0.000629804217818375,True
0.7,0.26,0.0006166516212880779,True
0.7,0.261,0.0006036422057906554,True
0.7,0.262,0.0005907759003314528,True
0.7,0.263,0.0005780526331520041,True
0.7,0.264,0.0005654723317310095,True
0.7,0.265,0.0005530349227863996,True
0.7,0.266,0.0005407403322770455,True
0.7,0.267,0.0005285884854044909,True
0.7,0.268,0.0005165793066141955,True
0.7,0.269,0.0005047127195980438,True
0.7,0.27,0.0004929886472951894,True
0.7,0.271,0.0004814070118944969,True
0.7,0.272,0.0004699677348359188,True
0.7,0.273,0.00045867073681233884,True
0.7,0.274,0.0004475159377713922,True
0.7,0.275,0.00043650325691686477,True
0.7,0.276,0.0004256326127111798,True
0.7,0.277,0.00041490392287641954,True
0.7,0.278,0.00040431710439656763,True
0.7,0.279,0.00039387207351917477,True
0.7,0.28,0.0003835687457571568,True
0.7,0.281,0.0003734070358905273,True
0.7,0.28200000000000003,0.00036338685796855064,True
0.7,0.28300000000000003,0.0003535081253110306,True
0.7,0.28400000000000003,0.0003437707505105747,True
0.7,0.28500000000000003,0.000334174645434282,True
0.7,0.28600000000000003,0.0003247197212255859,True
0.7,0.28700000000000003,0.00031540588830627494,True
0.7,0.28800000000000003,0.0003062330563778692,True
0.7,0.28900000000000003,0.0002972011344242631,True
0.7,0.29000000000000004,0.0002883100307128128,True
0.7,0.29100000000000004,0.00027955965279677917,True
0.7,0.29200000000000004,0.00027094990751694856,True
0.7,0.29300000000000004,0.00026248070100363117,True
0.7,0.29400000000000004,0.0002541519386784818,True
0.7,0.295,0.0002459635252566983,True
0.7,0.296,0.0002379153647483534,True
0.7,0.297,0.00023000736046108194,True
0.7,0.298,0.00022223941500136845,True
0.7,0.299,0.00021461143027676766,True
0.7,0.3,0.00020712330749792507,True
0.7,0.301,0.00019977494718039778,True
0.7,0.302,0.00019256624914663068,True
0.7,0.303,0.00018549711252786595,True
0.7,0.304,0.00017856743576643018,True
0.7,0.305,0.00017177711661735539,True
0.7,0.306,0.00016512605215039943,True
0.7,0.307,0.000158614138752311,True
0.7,0.308,0.00015224127212858373,True
0.7,0.309,0.0001460073473054324,True
0.7,0.31,0.00013991225863223543,True
0.7,0.311,0.00013395589978277834,True
0.7,0.312,0.00012813816375816244,True
0.7,0.313,0.0001224589428880485,True
0.7,0.314,0.00011691812883334319,True
0.7,0.315,0.00011151561258775367,True
0.7,0.316,0.0001062512844801411,True
0.7,0.317,0.00010112503417629704,True
0.7,0.318,9.613675068154137e-05,True
0.7,0.319,9.128632234201017e-05,True
0.7,0.32,8.657363684740904e-05,True
0.7,0.321,8.199858123272285e-05,True
0.7,0.322,7.756104188039181e-05,True
0.7,0.323,7.326090452248746e-05,True
0.7,0.324,6.909805424273329e-05,True
0.7,0.325,6.507237547841438e-05,True
0.7,0.32599999999999996,6.118375202286419e-05,True
0.7,0.32699999999999996,5.743206702741865e-05,True
0.7,0.32799999999999996,5.38172030033035e-05,True
0.7,0.32899999999999996,5.0339041824187804e-05,True
0.7,0.32999999999999996,4.699746472780486e-05,True
0.7,0.33099999999999996,4.379235231857237e-05,True
0.7,0.33199999999999996,4.072358456939096e-05,True
0.7,0.33299999999999996,3.7791040823931256e-05,True
0.7,0.33399999999999996,3.4994599798765516e-05,True
0.7,0.33499999999999996,3.2334139585565856e-05,True
0.7,0.33599999999999997,2.9809537653080476e-05,True
0.7,0.33699999999999997,2.742067084946509e-05,True
0.7,0.33799999999999997,2.516741540443679e-05,True
0.7,0.33899999999999997,2.3049646931361246e-05,True
0.7,0.33999999999999997,2.106724042953978e-05,True
0.7,0.34099999999999997,1.9220070286229964e-05,True
0.7,0.34199999999999997,1.75080102790659e-05,True
0.7,0.34299999999999997,1.5930933577879003e-05,True
0.7,0.344,1.4488712747340315e-05,True
0.7,0.345,1.3181219748914508e-05,True
0.7,0.346,1.2008325942947096e-05,True
0.7,0.347,1.0969902091084726e-05,True
0.7,0.348,1.0065818358406808e-05,True
0.7,0.349,9.295944315645954e-06,True
0.7,0.35,8.660148941452838e-06,True
0.7,0.351,8.158300624461213e-06,True
0.7,0.352,7.790267165752596e-06,True
0.7,0.353,7.555915780810274e-06,True
0.7,0.354,7.4551131019617856e-06,True
0.7,0.355,7.48772518059937e-06,True
0.7,0.356,7.653617489467024e-06,True
0.7,0.357,7.95265492437025e-06,True
0.7,0.358,8.384701807573335e-06,True
0.7,0.359,8.949621888754145e-06,True
0.7,0.36,9.647278348112742e-06,True
0.7,0.361,1.047753379832539e-05,True
0.7,0.362,1.1440250286942622e-05,True
0.7,0.363,1.2535289298587493e-05,True
0.7,0.364,1.3762511756887363e-05,True
0.7,0.365,1.5121778027560317e-05,True
0.7,0.366,1.6612947919902866e-05,True
0.7,0.367,1.8235880689410068e-05,True
0.7,0.368,1.999043503990716e-05,True
0.7,0.369,2.1876469126347332e-05,True
0.7,0.37,2.389384055623278e-05,True
0.7,0.371,2.604240639265676e-05,True
0.7,0.372,2.8322023156257535e-05,True
0.7,0.373,3.073254682750548e-05,True
0.7,0.374,3.327383284907892e-05,True
0.7,0.375,3.594573612828444e-05,True
0.7,0.376,3.874811103925513e-05,True
0.7,0.377,4.1680811425015565e-05,True
0.7,0.378,4.4743690600168585e-05,True
0.7,0.379,4.793660135324895e-05,True
0.7,0.38,5.125939594836648e-05,True
0.7,0.381,5.471192612858111e-05,True
0.7,0.382,5.829404311736841e-05,True
0.7,0.383,6.200559762115088e-05,True
0.7,0.384,6.584643983185146e-05,True
0.7,0.385,6.981641942909178e-05,True
0.7,0.386,7.391538558241262e-05,True
0.7,0.387,7.814318695376077e-05,True
0.7,0.388,8.249967169975392e-05,True
0.7,0.389,8.69846874739233e-05,True
0.7,0.39,9.159808142935599e-05,True
0.7,0.391,9.633970022073778e-05,True
0.7,0.392,0.00010120939000675122,True
0.7,0.393,0.00010620699645249587,True
0.7,0.394,0.00011133236473181984,True
0.7,0.395,0.00011658533952962902,True
0.7,0.396,0.00012196576504428514,True
0.7,0.397,0.00012747348498975963,True
0.7,0.398,0.00013310834259856464,True
0.7,0.399,0.00013887018062321843,True
0.7,0.4,0.0001447588413392875,True
0.7,0.401,0.0001507741665476514,True
0.7,0.402,0.00015691599757663432,True
0.7,0.403,0.0001631841752843588,True
0.7,0.404,0.0001695785400615879,True
0.7,0.405,0.0001760989318331907,True
0.7,0.406,0.00018274519006145074,True
0.7,0.40700000000000003,0.0001895171537478868,True
0.7,0.40800000000000003,0.00019641466143585084,True
0.7,0.40900000000000003,0.0002034375512126596,True
0.7,0.41000000000000003,0.00021058566071219254,True
0.7,0.41100000000000003,0.0002178588271169346,True
0.7,0.41200000000000003,0.00022525688716099613,True
0.7,0.41300000000000003,0.00023277967713168922,True
0.7,0.41400000000000003,0.00024042703287248114,True
0.7,0.41500000000000004,0.00024819878978514786,True
0.7,0.41600000000000004,0.00025609478283201704,True
0.7,0.41700000000000004,0.00026411484653861007,True
0.7,0.41800000000000004,0.0002722588149958849,True
0.7,0.41900000000000004,0.0002805265218625452,True
0.7,0.42000000000000004,0.00028891780036752743,True
0.7,0.42100000000000004,0.0002974324833123321,True
0.7,0.42200000000000004,0.00030607040307351063,True
0.7,0.42300000000000004,0.0003148313916046863,True
0.7,0.42400000000000004,0.0003237152804393517,True
0.7,0.42500000000000004,0.0003327219006929782,True
0.7,0.42600000000000005,0.00034185108306565847,True
0.7,0.42700000000000005,0.0003511026578441268,True
0.7,0.42800000000000005,0.00036047645490431266,True
0.7,0.42900000000000005,0.00036997230371391685,True
0.7,0.43000000000000005,0.00037959003333438713,True
0.7,0.43100000000000005,0.0003893294724236718,True
0.7,0.43200000000000005,0.0003991904492382847,True
0.7,0.43300000000000005,0.00040917279163588116,True
0.7,0.43400000000000005,0.00041927632707774445,True
0.7,0.43500000000000005,0.0004295008826306512,True
0.7,0.43600000000000005,0.0004398462849699358,True
0.7,0.43700000000000006,0.0004503123603814219,True
0.7,0.43800000000000006,0.00046089893476368714,True
0.7,0.43899999999999995,0.00047160583363110576,True
0.7,0.43999999999999995,0.00048243288211535784,True
0.7,0.44099999999999995,0.0004933799049683163,True
0.7,0.44199999999999995,0.0005044467265645558,True
0.7,0.44299999999999995,0.0005156331709032846,True
0.7,0.44399999999999995,0.000526939061610876,True
0.7,0.44499999999999995,0.000538364221943488,True
0.7,0.44599999999999995,0.0005499084747891513,True
0.7,0.44699999999999995,0.0005615716426702777,True
0.7,0.44799999999999995,0.0005733535477456808,True
0.7,0.44899999999999995,0.0005852540118137739,True
0.7,0.44999999999999996,0.000597272856314035,True
0.7,0.45099999999999996,0.0006094099023297827,True
0.7,0.45199999999999996,0.000621664970590774,True
0.7,0.45299999999999996,0.0006340378814748693,True
0.7,0.45399999999999996,0.0006465284550112082,True
0.7,0.45499999999999996,0.000659136510882119,True
0.7,0.45599999999999996,0.000671861868425494,True
0.7,0.45699999999999996,0.0006847043466372104,True
0.7,0.45799999999999996,0.0006976637641735506,True
0.7,0.45899999999999996,0.0007107399393535552,True
0.7,0.45999999999999996,0.0007239326901611554,True
0.7,0.46099999999999997,0.0007372418342478593,True
0.7,0.46199999999999997,0.0007506671889350169,True
0.7,0.46299999999999997,0.0007642085712159296,True
0.7,0.46399999999999997,0.0007778657977586256,True
0.7,0.46499999999999997,0.0007916386849076585,True
0.7,0.46599999999999997,0.0008055270486871269,True
0.7,0.46699999999999997,0.0008195307048021405,True
0.7,0.46799999999999997,0.0008336494686424168,True
0.7,0.469,0.0008478831552832577,True
0.7,0.47,0.0008622315794889257,True
0.7,0.471,0.0008766945557143301,True
0.7,0.472,0.0008912718981078482,True
0.7,0.473,0.0009059634205133005,True
0.7,0.474,0.0009207689364724824,True
0.7,0.475,0.0009356882592274296,True
0.7,0.476,0.000950721201722704,True
0.7,0.477,0.0009658675766078817,True
0.7,0.478,0.0009811271962398172,True
0.7,0.479,0.0009964998726846863,True
0.7,0.48,0.0010119854177208954,True
0.7,0.481,0.0010275836428408347,True
0.7,0.482,0.0010432943592534772,True
0.7,0.483,0.0010591173778867092,True
0.7,0.484,0.0010750525093894848,True
0.7,0.485,0.0010910995641342015,True
0.7,0.486,0.0011072583522192757,True
0.7,0.487,0.0011235286834708979,True
0.7,0.488,0.0011399103674460064,True
0.7,0.489,0.0011564032134339542,True
0.7,0.49,0.0011730070304591278,True
0.7,0.491,0.0011897216272835688,True
0.7,0.492,0.0012065468124083044,True
0.7,0.493,0.0012234823940768357,True
0.7,0.494,0.0012405281802766233,True
0.7,0.495,0.0012576839787413973,True
0.7,0.496,0.001274949596953867,True
0.7,0.497,0.0012923248421477852,True
0.7,0.498,0.0013098095213102345,True
0.7,0.499,0.0013274034411837165,True
0.7,0.5,0.001345106408268748,True
