config_id,label,model_class,seed,state,learned_delay,true_delay,profile_minimizer,interval_lower,interval_upper,interval_width,geometry_verdict,candidate_profile_value,empirical_profile_threshold,candidate_in_interval,candidate_in_empirical_set,certificate_eligible,candidate_accepted,candidate_abstained,candidate_verdict_reason,absolute_delay_error,mechanistic_tolerance,false_confidence_event
P0,Oracle restricted,oracle_restricted,20260719,-0.7,0.24230943620204926,0.242309419673864,0.22299999999999998,0.180875,0.25717499999999993,0.07629999999999992,identifiable,1.8729607960959072e-05,0.0023009945213233185,True,True,True,True,False,accepted,1.652818526487465e-08,0.034999999999999996,False
P0,Oracle restricted,oracle_restricted,20260719,-0.63,0.24603798985481262,0.24603798186555936,0.255,0.186975,0.275075,0.08810000000000001,identifiable,0.00015520942146987523,0.002814067601410951,True,True,True,True,False,accepted,7.989253258955387e-09,0.034999999999999996,False
P0,Oracle restricted,oracle_restricted,20260719,-0.5599999999999999,0.25025278329849243,0.2502527803659503,0.316,0.209925,0.37342499999999984,0.16349999999999984,weakly identifiable / abstain,0.0005281047315366114,0.004015197362055056,True,True,True,False,True,resampling interval exceeds resolution threshold,2.9325421535553176e-09,0.034999999999999996,False
P0,Oracle restricted,oracle_restricted,20260719,-0.49,0.2549717426300049,0.25497172592556155,0.214,0.17195,0.2633249999999999,0.09137499999999993,weakly identifiable / abstain,9.411910134702113e-05,0.002652867876827601,True,True,True,False,True,resampling interval exceeds resolution threshold,1.670444332857457e-08,0.034999999999999996,False
P0,Oracle restricted,oracle_restricted,20260719,-0.42,0.260198712348938,0.2601986963955687,0.252,0.19490000000000002,0.28427499999999994,0.08937499999999993,identifiable,1.4286379798054668e-05,0.002699311391056441,True,True,True,True,False,accepted,1.595336929227642e-08,0.034999999999999996,False
P0,Oracle restricted,oracle_restricted,20260719,-0.35,0.2659199833869934,0.2659199739596349,0.22699999999999998,0.189975,0.27005,0.08007500000000001,identifiable,0.00010107470679921399,0.0021571610748129114,True,True,True,True,False,accepted,9.427358504954242e-09,0.034999999999999996,False
P0,Oracle restricted,oracle_restricted,20260719,-0.28,0.27210140228271484,0.27210140271960986,0.27,0.22497499999999998,0.303025,0.07805000000000001,identifiable,2.1479334427474458e-06,0.0021537188063661494,True,True,True,True,False,accepted,4.3689502016164283e-10,0.034999999999999996,False
P0,Oracle restricted,oracle_restricted,20260719,-0.21000000000000002,0.27868688106536865,0.27868686984294644,0.254,0.222,0.28902500000000003,0.06702500000000003,identifiable,6.380884504731496e-05,0.002018085504264781,True,True,True,True,False,accepted,1.1222422213741368e-08,0.034999999999999996,False
P0,Oracle restricted,oracle_restricted,20260719,-0.14,0.28559866547584534,0.2855986599633792,0.29400000000000004,0.246975,0.33199999999999996,0.08502499999999996,identifiable,0.00012013340679098455,0.0021366897362879063,True,True,True,True,False,accepted,5.512466150214834e-09,0.034999999999999996,False
P0,Oracle restricted,oracle_restricted,20260719,-0.07000000000000006,0.2927400469779968,0.2927400288856012,0.299,0.24795,0.32904999999999995,0.08109999999999995,identifiable,4.084223751924073e-05,0.0025689161595566514,True,True,True,True,False,accepted,1.8092395637214764e-08,0.034999999999999996,False
P0,Oracle restricted,oracle_restricted,20260719,0.0,0.30000001192092896,0.3,0.318,0.26695,0.3482249999999999,0.08127499999999988,identifiable,6.493158727444651e-05,0.002499066004878754,True,True,True,True,False,accepted,1.1920928966180355e-08,0.034999999999999996,False
P0,Oracle restricted,oracle_restricted,20260719,0.06999999999999995,0.3072599768638611,0.3072599711143988,0.317,0.26495,0.352,0.08704999999999996,identifiable,6.711110724448706e-05,0.0026136155540043117,True,True,True,True,False,accepted,5.749462295145946e-09,0.034999999999999996,False
P0,Oracle restricted,oracle_restricted,20260719,0.1399999999999999,0.3144013583660126,0.3144013400366208,0.32699999999999996,0.274975,0.349025,0.07404999999999995,identifiable,0.0001166771217568537,0.002472965365203452,True,True,True,True,False,accepted,1.8329391782145876e-08,0.034999999999999996,False
P0,Oracle restricted,oracle_restricted,20260719,0.20999999999999996,0.32131314277648926,0.32131313015705354,0.346,0.27387500000000004,0.358075,0.08419999999999994,identifiable,8.815910492506651e-05,0.00314043673721036,True,True,True,True,False,accepted,1.2619435718619343e-08,0.034999999999999996,False
P0,Oracle restricted,oracle_restricted,20260719,0.2799999999999999,0.32789862155914307,0.3278985972803901,0.33699999999999997,0.28400000000000003,0.366075,0.08207499999999995,identifiable,5.9633631556144265e-05,0.0023783118517428994,True,True,True,True,False,accepted,2.4278752952522353e-08,0.034999999999999996,False
P0,Oracle restricted,oracle_restricted,20260719,0.34999999999999987,0.3340800404548645,0.334080026040365,0.364,0.2998,0.40705,0.10725000000000001,weakly identifiable / abstain,0.0002026661925622189,0.0031366871338458524,True,True,True,False,True,resampling interval exceeds resolution threshold,1.441449948291762e-08,0.034999999999999996,False
P0,Oracle restricted,oracle_restricted,20260719,0.41999999999999993,0.3398013114929199,0.3398013036044313,0.33199999999999996,0.313,0.3721,0.059099999999999986,identifiable,8.999652333147072e-06,0.002378467450285317,True,True,True,True,False,accepted,7.88848864008429e-09,0.034999999999999996,False
P0,Oracle restricted,oracle_restricted,20260719,0.49,0.345028281211853,0.3450282740744384,0.351,0.308975,0.3681499999999999,0.05917499999999992,identifiable,3.720115031327786e-05,0.0020095030725731282,True,True,True,True,False,accepted,7.137414603786141e-09,0.034999999999999996,False
P0,Oracle restricted,oracle_restricted,20260719,0.5599999999999998,0.3497472405433655,0.3497472196340497,0.34199999999999997,0.316,0.380025,0.064025,identifiable,1.7221391432973308e-05,0.002193630490840619,True,True,True,True,False,accepted,2.0909315778805393e-08,0.034999999999999996,False
P0,Oracle restricted,oracle_restricted,20260719,0.6299999999999999,0.3539620339870453,0.3539620181344406,0.367,0.3439,0.396025,0.05212500000000003,identifiable,3.478877899029718e-05,0.0020858117281550305,True,True,True,True,False,accepted,1.5852604673405324e-08,0.034999999999999996,False
P0,Oracle restricted,oracle_restricted,20260719,0.7,0.35769057273864746,0.357690580326136,0.354,0.33797499999999997,0.428175,0.0902,weakly identifiable / abstain,8.251014723727911e-06,0.0041758638305439385,True,True,True,False,True,resampling interval exceeds resolution threshold,7.587488526361597e-09,0.034999999999999996,False
P0,Oracle restricted,oracle_restricted,20260720,-0.7,0.24230943620204926,0.242309419673864,0.22299999999999998,0.180875,0.25717499999999993,0.07629999999999992,identifiable,1.8729607960959072e-05,0.0023009945213233185,True,True,True,True,False,accepted,1.652818526487465e-08,0.034999999999999996,False
P0,Oracle restricted,oracle_restricted,20260720,-0.63,0.24603798985481262,0.24603798186555936,0.255,0.186975,0.275075,0.08810000000000001,identifiable,0.00015520942146987523,0.002814067601410951,True,True,True,True,False,accepted,7.989253258955387e-09,0.034999999999999996,False
P0,Oracle restricted,oracle_restricted,20260720,-0.5599999999999999,0.25025278329849243,0.2502527803659503,0.316,0.209925,0.37342499999999984,0.16349999999999984,weakly identifiable / abstain,0.0005281047315366114,0.004015197362055056,True,True,True,False,True,resampling interval exceeds resolution threshold,2.9325421535553176e-09,0.034999999999999996,False
P0,Oracle restricted,oracle_restricted,20260720,-0.49,0.2549717426300049,0.25497172592556155,0.214,0.17195,0.2633249999999999,0.09137499999999993,weakly identifiable / abstain,9.411910134702113e-05,0.002652867876827601,True,True,True,False,True,resampling interval exceeds resolution threshold,1.670444332857457e-08,0.034999999999999996,False
P0,Oracle restricted,oracle_restricted,20260720,-0.42,0.260198712348938,0.2601986963955687,0.252,0.19490000000000002,0.28427499999999994,0.08937499999999993,identifiable,1.4286379798054668e-05,0.002699311391056441,True,True,True,True,False,accepted,1.595336929227642e-08,0.034999999999999996,False
P0,Oracle restricted,oracle_restricted,20260720,-0.35,0.2659199833869934,0.2659199739596349,0.22699999999999998,0.189975,0.27005,0.08007500000000001,identifiable,0.00010107470679921399,0.0021571610748129114,True,True,True,True,False,accepted,9.427358504954242e-09,0.034999999999999996,False
P0,Oracle restricted,oracle_restricted,20260720,-0.28,0.27210140228271484,0.27210140271960986,0.27,0.22497499999999998,0.303025,0.07805000000000001,identifiable,2.1479334427474458e-06,0.0021537188063661494,True,True,True,True,False,accepted,4.3689502016164283e-10,0.034999999999999996,False
P0,Oracle restricted,oracle_restricted,20260720,-0.21000000000000002,0.27868688106536865,0.27868686984294644,0.254,0.222,0.28902500000000003,0.06702500000000003,identifiable,6.380884504731496e-05,0.002018085504264781,True,True,True,True,False,accepted,1.1222422213741368e-08,0.034999999999999996,False
P0,Oracle restricted,oracle_restricted,20260720,-0.14,0.28559866547584534,0.2855986599633792,0.29400000000000004,0.246975,0.33199999999999996,0.08502499999999996,identifiable,0.00012013340679098455,0.0021366897362879063,True,True,True,True,False,accepted,5.512466150214834e-09,0.034999999999999996,False
P0,Oracle restricted,oracle_restricted,20260720,-0.07000000000000006,0.2927400469779968,0.2927400288856012,0.299,0.24795,0.32904999999999995,0.08109999999999995,identifiable,4.084223751924073e-05,0.0025689161595566514,True,True,True,True,False,accepted,1.8092395637214764e-08,0.034999999999999996,False
P0,Oracle restricted,oracle_restricted,20260720,0.0,0.30000001192092896,0.3,0.318,0.26695,0.3482249999999999,0.08127499999999988,identifiable,6.493158727444651e-05,0.002499066004878754,True,True,True,True,False,accepted,1.1920928966180355e-08,0.034999999999999996,False
P0,Oracle restricted,oracle_restricted,20260720,0.06999999999999995,0.3072599768638611,0.3072599711143988,0.317,0.26495,0.352,0.08704999999999996,identifiable,6.711110724448706e-05,0.0026136155540043117,True,True,True,True,False,accepted,5.749462295145946e-09,0.034999999999999996,False
P0,Oracle restricted,oracle_restricted,20260720,0.1399999999999999,0.3144013583660126,0.3144013400366208,0.32699999999999996,0.274975,0.349025,0.07404999999999995,identifiable,0.0001166771217568537,0.002472965365203452,True,True,True,True,False,accepted,1.8329391782145876e-08,0.034999999999999996,False
P0,Oracle restricted,oracle_restricted,20260720,0.20999999999999996,0.32131314277648926,0.32131313015705354,0.346,0.27387500000000004,0.358075,0.08419999999999994,identifiable,8.815910492506651e-05,0.00314043673721036,True,True,True,True,False,accepted,1.2619435718619343e-08,0.034999999999999996,False
P0,Oracle restricted,oracle_restricted,20260720,0.2799999999999999,0.32789862155914307,0.3278985972803901,0.33699999999999997,0.28400000000000003,0.366075,0.08207499999999995,identifiable,5.9633631556144265e-05,0.0023783118517428994,True,True,True,True,False,accepted,2.4278752952522353e-08,0.034999999999999996,False
P0,Oracle restricted,oracle_restricted,20260720,0.34999999999999987,0.3340800404548645,0.334080026040365,0.364,0.2998,0.40705,0.10725000000000001,weakly identifiable / abstain,0.0002026661925622189,0.0031366871338458524,True,True,True,False,True,resampling interval exceeds resolution threshold,1.441449948291762e-08,0.034999999999999996,False
P0,Oracle restricted,oracle_restricted,20260720,0.41999999999999993,0.3398013114929199,0.3398013036044313,0.33199999999999996,0.313,0.3721,0.059099999999999986,identifiable,8.999652333147072e-06,0.002378467450285317,True,True,True,True,False,accepted,7.88848864008429e-09,0.034999999999999996,False
P0,Oracle restricted,oracle_restricted,20260720,0.49,0.345028281211853,0.3450282740744384,0.351,0.308975,0.3681499999999999,0.05917499999999992,identifiable,3.720115031327786e-05,0.0020095030725731282,True,True,True,True,False,accepted,7.137414603786141e-09,0.034999999999999996,False
P0,Oracle restricted,oracle_restricted,20260720,0.5599999999999998,0.3497472405433655,0.3497472196340497,0.34199999999999997,0.316,0.380025,0.064025,identifiable,1.7221391432973308e-05,0.002193630490840619,True,True,True,True,False,accepted,2.0909315778805393e-08,0.034999999999999996,False
P0,Oracle restricted,oracle_restricted,20260720,0.6299999999999999,0.3539620339870453,0.3539620181344406,0.367,0.3439,0.396025,0.05212500000000003,identifiable,3.478877899029718e-05,0.0020858117281550305,True,True,True,True,False,accepted,1.5852604673405324e-08,0.034999999999999996,False
P0,Oracle restricted,oracle_restricted,20260720,0.7,0.35769057273864746,0.357690580326136,0.354,0.33797499999999997,0.428175,0.0902,weakly identifiable / abstain,8.251014723727911e-06,0.0041758638305439385,True,True,True,False,True,resampling interval exceeds resolution threshold,7.587488526361597e-09,0.034999999999999996,False
P0,Oracle restricted,oracle_restricted,20260721,-0.7,0.24230943620204926,0.242309419673864,0.22299999999999998,0.180875,0.25717499999999993,0.07629999999999992,identifiable,1.8729607960959072e-05,0.0023009945213233185,True,True,True,True,False,accepted,1.652818526487465e-08,0.034999999999999996,False
P0,Oracle restricted,oracle_restricted,20260721,-0.63,0.24603798985481262,0.24603798186555936,0.255,0.186975,0.275075,0.08810000000000001,identifiable,0.00015520942146987523,0.002814067601410951,True,True,True,True,False,accepted,7.989253258955387e-09,0.034999999999999996,False
P0,Oracle restricted,oracle_restricted,20260721,-0.5599999999999999,0.25025278329849243,0.2502527803659503,0.316,0.209925,0.37342499999999984,0.16349999999999984,weakly identifiable / abstain,0.0005281047315366114,0.004015197362055056,True,True,True,False,True,resampling interval exceeds resolution threshold,2.9325421535553176e-09,0.034999999999999996,False
P0,Oracle restricted,oracle_restricted,20260721,-0.49,0.2549717426300049,0.25497172592556155,0.214,0.17195,0.2633249999999999,0.09137499999999993,weakly identifiable / abstain,9.411910134702113e-05,0.002652867876827601,True,True,True,False,True,resampling interval exceeds resolution threshold,1.670444332857457e-08,0.034999999999999996,False
P0,Oracle restricted,oracle_restricted,20260721,-0.42,0.260198712348938,0.2601986963955687,0.252,0.19490000000000002,0.28427499999999994,0.08937499999999993,identifiable,1.4286379798054668e-05,0.002699311391056441,True,True,True,True,False,accepted,1.595336929227642e-08,0.034999999999999996,False
P0,Oracle restricted,oracle_restricted,20260721,-0.35,0.2659199833869934,0.2659199739596349,0.22699999999999998,0.189975,0.27005,0.08007500000000001,identifiable,0.00010107470679921399,0.0021571610748129114,True,True,True,True,False,accepted,9.427358504954242e-09,0.034999999999999996,False
P0,Oracle restricted,oracle_restricted,20260721,-0.28,0.27210140228271484,0.27210140271960986,0.27,0.22497499999999998,0.303025,0.07805000000000001,identifiable,2.1479334427474458e-06,0.0021537188063661494,True,True,True,True,False,accepted,4.3689502016164283e-10,0.034999999999999996,False
P0,Oracle restricted,oracle_restricted,20260721,-0.21000000000000002,0.27868688106536865,0.27868686984294644,0.254,0.222,0.28902500000000003,0.06702500000000003,identifiable,6.380884504731496e-05,0.002018085504264781,True,True,True,True,False,accepted,1.1222422213741368e-08,0.034999999999999996,False
P0,Oracle restricted,oracle_restricted,20260721,-0.14,0.28559866547584534,0.2855986599633792,0.29400000000000004,0.246975,0.33199999999999996,0.08502499999999996,identifiable,0.00012013340679098455,0.0021366897362879063,True,True,True,True,False,accepted,5.512466150214834e-09,0.034999999999999996,False
P0,Oracle restricted,oracle_restricted,20260721,-0.07000000000000006,0.2927400469779968,0.2927400288856012,0.299,0.24795,0.32904999999999995,0.08109999999999995,identifiable,4.084223751924073e-05,0.0025689161595566514,True,True,True,True,False,accepted,1.8092395637214764e-08,0.034999999999999996,False
P0,Oracle restricted,oracle_restricted,20260721,0.0,0.30000001192092896,0.3,0.318,0.26695,0.3482249999999999,0.08127499999999988,identifiable,6.493158727444651e-05,0.002499066004878754,True,True,True,True,False,accepted,1.1920928966180355e-08,0.034999999999999996,False
P0,Oracle restricted,oracle_restricted,20260721,0.06999999999999995,0.3072599768638611,0.3072599711143988,0.317,0.26495,0.352,0.08704999999999996,identifiable,6.711110724448706e-05,0.0026136155540043117,True,True,True,True,False,accepted,5.749462295145946e-09,0.034999999999999996,False
P0,Oracle restricted,oracle_restricted,20260721,0.1399999999999999,0.3144013583660126,0.3144013400366208,0.32699999999999996,0.274975,0.349025,0.07404999999999995,identifiable,0.0001166771217568537,0.002472965365203452,True,True,True,True,False,accepted,1.8329391782145876e-08,0.034999999999999996,False
P0,Oracle restricted,oracle_restricted,20260721,0.20999999999999996,0.32131314277648926,0.32131313015705354,0.346,0.27387500000000004,0.358075,0.08419999999999994,identifiable,8.815910492506651e-05,0.00314043673721036,True,True,True,True,False,accepted,1.2619435718619343e-08,0.034999999999999996,False
P0,Oracle restricted,oracle_restricted,20260721,0.2799999999999999,0.32789862155914307,0.3278985972803901,0.33699999999999997,0.28400000000000003,0.366075,0.08207499999999995,identifiable,5.9633631556144265e-05,0.0023783118517428994,True,True,True,True,False,accepted,2.4278752952522353e-08,0.034999999999999996,False
P0,Oracle restricted,oracle_restricted,20260721,0.34999999999999987,0.3340800404548645,0.334080026040365,0.364,0.2998,0.40705,0.10725000000000001,weakly identifiable / abstain,0.0002026661925622189,0.0031366871338458524,True,True,True,False,True,resampling interval exceeds resolution threshold,1.441449948291762e-08,0.034999999999999996,False
P0,Oracle restricted,oracle_restricted,20260721,0.41999999999999993,0.3398013114929199,0.3398013036044313,0.33199999999999996,0.313,0.3721,0.059099999999999986,identifiable,8.999652333147072e-06,0.002378467450285317,True,True,True,True,False,accepted,7.88848864008429e-09,0.034999999999999996,False
P0,Oracle restricted,oracle_restricted,20260721,0.49,0.345028281211853,0.3450282740744384,0.351,0.308975,0.3681499999999999,0.05917499999999992,identifiable,3.720115031327786e-05,0.0020095030725731282,True,True,True,True,False,accepted,7.137414603786141e-09,0.034999999999999996,False
P0,Oracle restricted,oracle_restricted,20260721,0.5599999999999998,0.3497472405433655,0.3497472196340497,0.34199999999999997,0.316,0.380025,0.064025,identifiable,1.7221391432973308e-05,0.002193630490840619,True,True,True,True,False,accepted,2.0909315778805393e-08,0.034999999999999996,False
P0,Oracle restricted,oracle_restricted,20260721,0.6299999999999999,0.3539620339870453,0.3539620181344406,0.367,0.3439,0.396025,0.05212500000000003,identifiable,3.478877899029718e-05,0.0020858117281550305,True,True,True,True,False,accepted,1.5852604673405324e-08,0.034999999999999996,False
P0,Oracle restricted,oracle_restricted,20260721,0.7,0.35769057273864746,0.357690580326136,0.354,0.33797499999999997,0.428175,0.0902,weakly identifiable / abstain,8.251014723727911e-06,0.0041758638305439385,True,True,True,False,True,resampling interval exceeds resolution threshold,7.587488526361597e-09,0.034999999999999996,False
P0,Oracle restricted,oracle_restricted,20260722,-0.7,0.24230943620204926,0.242309419673864,0.22299999999999998,0.180875,0.25717499999999993,0.07629999999999992,identifiable,1.8729607960959072e-05,0.0023009945213233185,True,True,True,True,False,accepted,1.652818526487465e-08,0.034999999999999996,False
P0,Oracle restricted,oracle_restricted,20260722,-0.63,0.24603798985481262,0.24603798186555936,0.255,0.186975,0.275075,0.08810000000000001,identifiable,0.00015520942146987523,0.002814067601410951,True,True,True,True,False,accepted,7.989253258955387e-09,0.034999999999999996,False
P0,Oracle restricted,oracle_restricted,20260722,-0.5599999999999999,0.25025278329849243,0.2502527803659503,0.316,0.209925,0.37342499999999984,0.16349999999999984,weakly identifiable / abstain,0.0005281047315366114,0.004015197362055056,True,True,True,False,True,resampling interval exceeds resolution threshold,2.9325421535553176e-09,0.034999999999999996,False
P0,Oracle restricted,oracle_restricted,20260722,-0.49,0.2549717426300049,0.25497172592556155,0.214,0.17195,0.2633249999999999,0.09137499999999993,weakly identifiable / abstain,9.411910134702113e-05,0.002652867876827601,True,True,True,False,True,resampling interval exceeds resolution threshold,1.670444332857457e-08,0.034999999999999996,False
P0,Oracle restricted,oracle_restricted,20260722,-0.42,0.260198712348938,0.2601986963955687,0.252,0.19490000000000002,0.28427499999999994,0.08937499999999993,identifiable,1.4286379798054668e-05,0.002699311391056441,True,True,True,True,False,accepted,1.595336929227642e-08,0.034999999999999996,False
P0,Oracle restricted,oracle_restricted,20260722,-0.35,0.2659199833869934,0.2659199739596349,0.22699999999999998,0.189975,0.27005,0.08007500000000001,identifiable,0.00010107470679921399,0.0021571610748129114,True,True,True,True,False,accepted,9.427358504954242e-09,0.034999999999999996,False
P0,Oracle restricted,oracle_restricted,20260722,-0.28,0.27210140228271484,0.27210140271960986,0.27,0.22497499999999998,0.303025,0.07805000000000001,identifiable,2.1479334427474458e-06,0.0021537188063661494,True,True,True,True,False,accepted,4.3689502016164283e-10,0.034999999999999996,False
P0,Oracle restricted,oracle_restricted,20260722,-0.21000000000000002,0.27868688106536865,0.27868686984294644,0.254,0.222,0.28902500000000003,0.06702500000000003,identifiable,6.380884504731496e-05,0.002018085504264781,True,True,True,True,False,accepted,1.1222422213741368e-08,0.034999999999999996,False
P0,Oracle restricted,oracle_restricted,20260722,-0.14,0.28559866547584534,0.2855986599633792,0.29400000000000004,0.246975,0.33199999999999996,0.08502499999999996,identifiable,0.00012013340679098455,0.0021366897362879063,True,True,True,True,False,accepted,5.512466150214834e-09,0.034999999999999996,False
P0,Oracle restricted,oracle_restricted,20260722,-0.07000000000000006,0.2927400469779968,0.2927400288856012,0.299,0.24795,0.32904999999999995,0.08109999999999995,identifiable,4.084223751924073e-05,0.0025689161595566514,True,True,True,True,False,accepted,1.8092395637214764e-08,0.034999999999999996,False
P0,Oracle restricted,oracle_restricted,20260722,0.0,0.30000001192092896,0.3,0.318,0.26695,0.3482249999999999,0.08127499999999988,identifiable,6.493158727444651e-05,0.002499066004878754,True,True,True,True,False,accepted,1.1920928966180355e-08,0.034999999999999996,False
P0,Oracle restricted,oracle_restricted,20260722,0.06999999999999995,0.3072599768638611,0.3072599711143988,0.317,0.26495,0.352,0.08704999999999996,identifiable,6.711110724448706e-05,0.0026136155540043117,True,True,True,True,False,accepted,5.749462295145946e-09,0.034999999999999996,False
P0,Oracle restricted,oracle_restricted,20260722,0.1399999999999999,0.3144013583660126,0.3144013400366208,0.32699999999999996,0.274975,0.349025,0.07404999999999995,identifiable,0.0001166771217568537,0.002472965365203452,True,True,True,True,False,accepted,1.8329391782145876e-08,0.034999999999999996,False
P0,Oracle restricted,oracle_restricted,20260722,0.20999999999999996,0.32131314277648926,0.32131313015705354,0.346,0.27387500000000004,0.358075,0.08419999999999994,identifiable,8.815910492506651e-05,0.00314043673721036,True,True,True,True,False,accepted,1.2619435718619343e-08,0.034999999999999996,False
P0,Oracle restricted,oracle_restricted,20260722,0.2799999999999999,0.32789862155914307,0.3278985972803901,0.33699999999999997,0.28400000000000003,0.366075,0.08207499999999995,identifiable,5.9633631556144265e-05,0.0023783118517428994,True,True,True,True,False,accepted,2.4278752952522353e-08,0.034999999999999996,False
P0,Oracle restricted,oracle_restricted,20260722,0.34999999999999987,0.3340800404548645,0.334080026040365,0.364,0.2998,0.40705,0.10725000000000001,weakly identifiable / abstain,0.0002026661925622189,0.0031366871338458524,True,True,True,False,True,resampling interval exceeds resolution threshold,1.441449948291762e-08,0.034999999999999996,False
P0,Oracle restricted,oracle_restricted,20260722,0.41999999999999993,0.3398013114929199,0.3398013036044313,0.33199999999999996,0.313,0.3721,0.059099999999999986,identifiable,8.999652333147072e-06,0.002378467450285317,True,True,True,True,False,accepted,7.88848864008429e-09,0.034999999999999996,False
P0,Oracle restricted,oracle_restricted,20260722,0.49,0.345028281211853,0.3450282740744384,0.351,0.308975,0.3681499999999999,0.05917499999999992,identifiable,3.720115031327786e-05,0.0020095030725731282,True,True,True,True,False,accepted,7.137414603786141e-09,0.034999999999999996,False
P0,Oracle restricted,oracle_restricted,20260722,0.5599999999999998,0.3497472405433655,0.3497472196340497,0.34199999999999997,0.316,0.380025,0.064025,identifiable,1.7221391432973308e-05,0.002193630490840619,True,True,True,True,False,accepted,2.0909315778805393e-08,0.034999999999999996,False
P0,Oracle restricted,oracle_restricted,20260722,0.6299999999999999,0.3539620339870453,0.3539620181344406,0.367,0.3439,0.396025,0.05212500000000003,identifiable,3.478877899029718e-05,0.0020858117281550305,True,True,True,True,False,accepted,1.5852604673405324e-08,0.034999999999999996,False
P0,Oracle restricted,oracle_restricted,20260722,0.7,0.35769057273864746,0.357690580326136,0.354,0.33797499999999997,0.428175,0.0902,weakly identifiable / abstain,8.251014723727911e-06,0.0041758638305439385,True,True,True,False,True,resampling interval exceeds resolution threshold,7.587488526361597e-09,0.034999999999999996,False
P0,Oracle restricted,oracle_restricted,20260723,-0.7,0.24230943620204926,0.242309419673864,0.22299999999999998,0.180875,0.25717499999999993,0.07629999999999992,identifiable,1.8729607960959072e-05,0.0023009945213233185,True,True,True,True,False,accepted,1.652818526487465e-08,0.034999999999999996,False
P0,Oracle restricted,oracle_restricted,20260723,-0.63,0.24603798985481262,0.24603798186555936,0.255,0.186975,0.275075,0.08810000000000001,identifiable,0.00015520942146987523,0.002814067601410951,True,True,True,True,False,accepted,7.989253258955387e-09,0.034999999999999996,False
P0,Oracle restricted,oracle_restricted,20260723,-0.5599999999999999,0.25025278329849243,0.2502527803659503,0.316,0.209925,0.37342499999999984,0.16349999999999984,weakly identifiable / abstain,0.0005281047315366114,0.004015197362055056,True,True,True,False,True,resampling interval exceeds resolution threshold,2.9325421535553176e-09,0.034999999999999996,False
P0,Oracle restricted,oracle_restricted,20260723,-0.49,0.2549717426300049,0.25497172592556155,0.214,0.17195,0.2633249999999999,0.09137499999999993,weakly identifiable / abstain,9.411910134702113e-05,0.002652867876827601,True,True,True,False,True,resampling interval exceeds resolution threshold,1.670444332857457e-08,0.034999999999999996,False
P0,Oracle restricted,oracle_restricted,20260723,-0.42,0.260198712348938,0.2601986963955687,0.252,0.19490000000000002,0.28427499999999994,0.08937499999999993,identifiable,1.4286379798054668e-05,0.002699311391056441,True,True,True,True,False,accepted,1.595336929227642e-08,0.034999999999999996,False
P0,Oracle restricted,oracle_restricted,20260723,-0.35,0.2659199833869934,0.2659199739596349,0.22699999999999998,0.189975,0.27005,0.08007500000000001,identifiable,0.00010107470679921399,0.0021571610748129114,True,True,True,True,False,accepted,9.427358504954242e-09,0.034999999999999996,False
P0,Oracle restricted,oracle_restricted,20260723,-0.28,0.27210140228271484,0.27210140271960986,0.27,0.22497499999999998,0.303025,0.07805000000000001,identifiable,2.1479334427474458e-06,0.0021537188063661494,True,True,True,True,False,accepted,4.3689502016164283e-10,0.034999999999999996,False
P0,Oracle restricted,oracle_restricted,20260723,-0.21000000000000002,0.27868688106536865,0.27868686984294644,0.254,0.222,0.28902500000000003,0.06702500000000003,identifiable,6.380884504731496e-05,0.002018085504264781,True,True,True,True,False,accepted,1.1222422213741368e-08,0.034999999999999996,False
P0,Oracle restricted,oracle_restricted,20260723,-0.14,0.28559866547584534,0.2855986599633792,0.29400000000000004,0.246975,0.33199999999999996,0.08502499999999996,identifiable,0.00012013340679098455,0.0021366897362879063,True,True,True,True,False,accepted,5.512466150214834e-09,0.034999999999999996,False
P0,Oracle restricted,oracle_restricted,20260723,-0.07000000000000006,0.2927400469779968,0.2927400288856012,0.299,0.24795,0.32904999999999995,0.08109999999999995,identifiable,4.084223751924073e-05,0.0025689161595566514,True,True,True,True,False,accepted,1.8092395637214764e-08,0.034999999999999996,False
P0,Oracle restricted,oracle_restricted,20260723,0.0,0.30000001192092896,0.3,0.318,0.26695,0.3482249999999999,0.08127499999999988,identifiable,6.493158727444651e-05,0.002499066004878754,True,True,True,True,False,accepted,1.1920928966180355e-08,0.034999999999999996,False
P0,Oracle restricted,oracle_restricted,20260723,0.06999999999999995,0.3072599768638611,0.3072599711143988,0.317,0.26495,0.352,0.08704999999999996,identifiable,6.711110724448706e-05,0.0026136155540043117,True,True,True,True,False,accepted,5.749462295145946e-09,0.034999999999999996,False
P0,Oracle restricted,oracle_restricted,20260723,0.1399999999999999,0.3144013583660126,0.3144013400366208,0.32699999999999996,0.274975,0.349025,0.07404999999999995,identifiable,0.0001166771217568537,0.002472965365203452,True,True,True,True,False,accepted,1.8329391782145876e-08,0.034999999999999996,False
P0,Oracle restricted,oracle_restricted,20260723,0.20999999999999996,0.32131314277648926,0.32131313015705354,0.346,0.27387500000000004,0.358075,0.08419999999999994,identifiable,8.815910492506651e-05,0.00314043673721036,True,True,True,True,False,accepted,1.2619435718619343e-08,0.034999999999999996,False
P0,Oracle restricted,oracle_restricted,20260723,0.2799999999999999,0.32789862155914307,0.3278985972803901,0.33699999999999997,0.28400000000000003,0.366075,0.08207499999999995,identifiable,5.9633631556144265e-05,0.0023783118517428994,True,True,True,True,False,accepted,2.4278752952522353e-08,0.034999999999999996,False
P0,Oracle restricted,oracle_restricted,20260723,0.34999999999999987,0.3340800404548645,0.334080026040365,0.364,0.2998,0.40705,0.10725000000000001,weakly identifiable / abstain,0.0002026661925622189,0.0031366871338458524,True,True,True,False,True,resampling interval exceeds resolution threshold,1.441449948291762e-08,0.034999999999999996,False
P0,Oracle restricted,oracle_restricted,20260723,0.41999999999999993,0.3398013114929199,0.3398013036044313,0.33199999999999996,0.313,0.3721,0.059099999999999986,identifiable,8.999652333147072e-06,0.002378467450285317,True,True,True,True,False,accepted,7.88848864008429e-09,0.034999999999999996,False
P0,Oracle restricted,oracle_restricted,20260723,0.49,0.345028281211853,0.3450282740744384,0.351,0.308975,0.3681499999999999,0.05917499999999992,identifiable,3.720115031327786e-05,0.0020095030725731282,True,True,True,True,False,accepted,7.137414603786141e-09,0.034999999999999996,False
P0,Oracle restricted,oracle_restricted,20260723,0.5599999999999998,0.3497472405433655,0.3497472196340497,0.34199999999999997,0.316,0.380025,0.064025,identifiable,1.7221391432973308e-05,0.002193630490840619,True,True,True,True,False,accepted,2.0909315778805393e-08,0.034999999999999996,False
P0,Oracle restricted,oracle_restricted,20260723,0.6299999999999999,0.3539620339870453,0.3539620181344406,0.367,0.3439,0.396025,0.05212500000000003,identifiable,3.478877899029718e-05,0.0020858117281550305,True,True,True,True,False,accepted,1.5852604673405324e-08,0.034999999999999996,False
P0,Oracle restricted,oracle_restricted,20260723,0.7,0.35769057273864746,0.357690580326136,0.354,0.33797499999999997,0.428175,0.0902,weakly identifiable / abstain,8.251014723727911e-06,0.0041758638305439385,True,True,True,False,True,resampling interval exceeds resolution threshold,7.587488526361597e-09,0.034999999999999996,False
P1,Full identifiability-aware,restricted_learned,20260719,-0.7,0.22976776957511902,0.242309419673864,0.22299999999999998,0.180875,0.25717499999999993,0.07629999999999992,identifiable,5.686495355521326e-06,0.0023009945213233185,True,True,True,True,False,accepted,0.012541650098744972,0.034999999999999996,False
P1,Full identifiability-aware,restricted_learned,20260719,-0.63,0.2431308925151825,0.24603798186555936,0.255,0.186975,0.275075,0.08810000000000001,identifiable,0.00015766120823620312,0.002814067601410951,True,True,True,True,False,accepted,0.002907089350376868,0.034999999999999996,False
P1,Full identifiability-aware,restricted_learned,20260719,-0.5599999999999999,0.2571665644645691,0.2502527803659503,0.316,0.209925,0.37342499999999984,0.16349999999999984,weakly identifiable / abstain,0.0004974782125123416,0.004015197362055056,True,True,True,False,True,resampling interval exceeds resolution threshold,0.006913784098618814,0.034999999999999996,False
P1,Full identifiability-aware,restricted_learned,20260719,-0.49,0.27065202593803406,0.25497172592556155,0.214,0.17195,0.2633249999999999,0.09137499999999993,weakly identifiable / abstain,0.00015777156633521328,0.002652867876827601,False,True,True,False,True,resampling interval exceeds resolution threshold,0.015680300012472503,0.034999999999999996,False
P1,Full identifiability-aware,restricted_learned,20260719,-0.42,0.28266969323158264,0.2601986963955687,0.252,0.19490000000000002,0.28427499999999994,0.08937499999999993,identifiable,5.324146113410161e-05,0.002699311391056441,True,True,True,True,False,accepted,0.022470996836013946,0.034999999999999996,False
P1,Full identifiability-aware,restricted_learned,20260719,-0.35,0.29285508394241333,0.2659199739596349,0.22699999999999998,0.189975,0.27005,0.08007500000000001,identifiable,0.00022762366525050864,0.0021571610748129114,False,True,True,False,True,neural delay outside resampling minimizer interval,0.026935109982778427,0.034999999999999996,False
P1,Full identifiability-aware,restricted_learned,20260719,-0.28,0.3012814223766327,0.27210140271960986,0.27,0.22497499999999998,0.303025,0.07805000000000001,identifiable,5.209952237415285e-05,0.0021537188063661494,True,True,True,True,False,accepted,0.029180019657022827,0.034999999999999996,False
P1,Full identifiability-aware,restricted_learned,20260719,-0.21000000000000002,0.3082315921783447,0.27868686984294644,0.254,0.222,0.28902500000000003,0.06702500000000003,identifiable,0.00017869868165326308,0.002018085504264781,False,True,True,False,True,neural delay outside resampling minimizer interval,0.029544722335398288,0.034999999999999996,False
P1,Full identifiability-aware,restricted_learned,20260719,-0.14,0.3140348196029663,0.2855986599633792,0.29400000000000004,0.246975,0.33199999999999996,0.08502499999999996,identifiable,0.00013450692241604345,0.0021366897362879063,True,True,True,True,False,accepted,0.028436159639587122,0.034999999999999996,False
P1,Full identifiability-aware,restricted_learned,20260719,-0.07000000000000006,0.3189908266067505,0.2927400288856012,0.299,0.24795,0.32904999999999995,0.08109999999999995,identifiable,6.063752266704109e-05,0.0025689161595566514,True,True,True,True,False,accepted,0.0262507977211493,0.034999999999999996,False
P1,Full identifiability-aware,restricted_learned,20260719,0.0,0.32334691286087036,0.3,0.318,0.26695,0.3482249999999999,0.08127499999999988,identifiable,5.017964814101039e-05,0.002499066004878754,True,True,True,True,False,accepted,0.023346912860870372,0.034999999999999996,False
P1,Full identifiability-aware,restricted_learned,20260719,0.06999999999999995,0.3272981643676758,0.3072599711143988,0.317,0.26495,0.352,0.08704999999999996,identifiable,6.873707856099358e-05,0.0026136155540043117,True,True,True,True,False,accepted,0.020038193253276992,0.034999999999999996,False
P1,Full identifiability-aware,restricted_learned,20260719,0.1399999999999999,0.3309950828552246,0.3144013400366208,0.32699999999999996,0.274975,0.349025,0.07404999999999995,identifiable,0.0001079626086203296,0.002472965365203452,True,True,True,True,False,accepted,0.01659374281860382,0.034999999999999996,False
P1,Full identifiability-aware,restricted_learned,20260719,0.20999999999999996,0.3345516324043274,0.32131313015705354,0.346,0.27387500000000004,0.358075,0.08419999999999994,identifiable,5.9090785979705316e-05,0.00314043673721036,True,True,True,True,False,accepted,0.013238502247273853,0.034999999999999996,False
P1,Full identifiability-aware,restricted_learned,20260719,0.2799999999999999,0.3380521237850189,0.3278985972803901,0.33699999999999997,0.28400000000000003,0.366075,0.08207499999999995,identifiable,5.459142940528236e-05,0.0023783118517428994,True,True,True,True,False,accepted,0.010153526504628807,0.034999999999999996,False
P1,Full identifiability-aware,restricted_learned,20260719,0.34999999999999987,0.34155645966529846,0.334080026040365,0.364,0.2998,0.40705,0.10725000000000001,weakly identifiable / abstain,0.00017838942892641193,0.0031366871338458524,True,True,True,False,True,resampling interval exceeds resolution threshold,0.007476433624933443,0.034999999999999996,False
P1,Full identifiability-aware,restricted_learned,20260719,0.41999999999999993,0.34510424733161926,0.3398013036044313,0.33199999999999996,0.313,0.3721,0.059099999999999986,identifiable,1.6064809398455466e-05,0.002378467450285317,True,True,True,True,False,accepted,0.005302943727187981,0.034999999999999996,False
P1,Full identifiability-aware,restricted_learned,20260719,0.49,0.34871798753738403,0.3450282740744384,0.351,0.308975,0.3681499999999999,0.05917499999999992,identifiable,3.521405085734977e-05,0.0020095030725731282,True,True,True,True,False,accepted,0.0036897134629456096,0.034999999999999996,False
P1,Full identifiability-aware,restricted_learned,20260719,0.5599999999999998,0.3524060845375061,0.3497472196340497,0.34199999999999997,0.316,0.380025,0.064025,identifiable,2.056210152574225e-05,0.002193630490840619,True,True,True,True,False,accepted,0.002658864903456404,0.034999999999999996,False
P1,Full identifiability-aware,restricted_learned,20260719,0.6299999999999999,0.35616549849510193,0.3539620181344406,0.367,0.3439,0.396025,0.05212500000000003,identifiable,3.108338495813605e-05,0.0020858117281550305,True,True,True,True,False,accepted,0.002203480360661314,0.034999999999999996,False
P1,Full identifiability-aware,restricted_learned,20260719,0.7,0.35998430848121643,0.357690580326136,0.354,0.33797499999999997,0.428175,0.0902,weakly identifiable / abstain,9.636331058676247e-06,0.0041758638305439385,True,True,True,False,True,resampling interval exceeds resolution threshold,0.0022937281550804434,0.034999999999999996,False
P1,Full identifiability-aware,restricted_learned,20260720,-0.7,0.23054096102714539,0.242309419673864,0.22299999999999998,0.180875,0.25717499999999993,0.07629999999999992,identifiable,6.137717722731512e-06,0.0023009945213233185,True,True,True,True,False,accepted,0.011768458646718605,0.034999999999999996,False
P1,Full identifiability-aware,restricted_learned,20260720,-0.63,0.2429564893245697,0.24603798186555936,0.255,0.186975,0.275075,0.08810000000000001,identifiable,0.0001578278573001581,0.002814067601410951,True,True,True,True,False,accepted,0.003081492540989661,0.034999999999999996,False
P1,Full identifiability-aware,restricted_learned,20260720,-0.5599999999999999,0.2549944221973419,0.2502527803659503,0.316,0.209925,0.37342499999999984,0.16349999999999984,weakly identifiable / abstain,0.0005067184365489251,0.004015197362055056,True,True,True,False,True,resampling interval exceeds resolution threshold,0.004741641831391641,0.034999999999999996,False
P1,Full identifiability-aware,restricted_learned,20260720,-0.49,0.2660132944583893,0.25497172592556155,0.214,0.17195,0.2633249999999999,0.09137499999999993,weakly identifiable / abstain,0.00013686042885992906,0.002652867876827601,False,True,True,False,True,resampling interval exceeds resolution threshold,0.011041568532827728,0.034999999999999996,False
P1,Full identifiability-aware,restricted_learned,20260720,-0.42,0.2757182717323303,0.2601986963955687,0.252,0.19490000000000002,0.28427499999999994,0.08937499999999993,identifiable,3.629636706686877e-05,0.002699311391056441,True,True,True,True,False,accepted,0.015519575336761626,0.034999999999999996,False
P1,Full identifiability-aware,restricted_learned,20260720,-0.35,0.28410786390304565,0.2659199739596349,0.22699999999999998,0.189975,0.27005,0.08007500000000001,identifiable,0.0001796198386670932,0.0021571610748129114,False,True,True,False,True,neural delay outside resampling minimizer interval,0.01818788994341075,0.034999999999999996,False
P1,Full identifiability-aware,restricted_learned,20260720,-0.28,0.2913509011268616,0.27210140271960986,0.27,0.22497499999999998,0.303025,0.07805000000000001,identifiable,2.5542363060343908e-05,0.0021537188063661494,True,True,True,True,False,accepted,0.01924949840725171,0.034999999999999996,False
P1,Full identifiability-aware,restricted_learned,20260720,-0.21000000000000002,0.29767903685569763,0.27868686984294644,0.254,0.222,0.28902500000000003,0.06702500000000003,identifiable,0.0001278501244632132,0.002018085504264781,False,True,True,False,True,neural delay outside resampling minimizer interval,0.018992167012751193,0.034999999999999996,False
P1,Full identifiability-aware,restricted_learned,20260720,-0.14,0.30332237482070923,0.2855986599633792,0.29400000000000004,0.246975,0.33199999999999996,0.08502499999999996,identifiable,0.00012020375580562227,0.0021366897362879063,True,True,True,True,False,accepted,0.017723714857330042,0.034999999999999996,False
P1,Full identifiability-aware,restricted_learned,20260720,-0.07000000000000006,0.30848056077957153,0.2927400288856012,0.299,0.24795,0.32904999999999995,0.08109999999999995,identifiable,4.3945626500016084e-05,0.0025689161595566514,True,True,True,True,False,accepted,0.015740531893970344,0.034999999999999996,False
P1,Full identifiability-aware,restricted_learned,20260720,0.0,0.3133154511451721,0.3,0.318,0.26695,0.3482249999999999,0.08127499999999988,identifiable,4.9541460519685366e-05,0.002499066004878754,True,True,True,True,False,accepted,0.01331545114517213,0.034999999999999996,False
P1,Full identifiability-aware,restricted_learned,20260720,0.06999999999999995,0.31795287132263184,0.3072599711143988,0.317,0.26495,0.352,0.08704999999999996,identifiable,6.222144117730805e-05,0.0026136155540043117,True,True,True,True,False,accepted,0.010692900208233047,0.034999999999999996,False
P1,Full identifiability-aware,restricted_learned,20260720,0.1399999999999999,0.322488009929657,0.3144013400366208,0.32699999999999996,0.274975,0.349025,0.07404999999999995,identifiable,0.00010852171547260053,0.002472965365203452,True,True,True,True,False,accepted,0.008086669893036191,0.034999999999999996,False
P1,Full identifiability-aware,restricted_learned,20260720,0.20999999999999996,0.3269908130168915,0.32131313015705354,0.346,0.27387500000000004,0.358075,0.08419999999999994,identifiable,7.302837139570098e-05,0.00314043673721036,True,True,True,True,False,accepted,0.00567768285983794,0.034999999999999996,False
P1,Full identifiability-aware,restricted_learned,20260720,0.2799999999999999,0.33151066303253174,0.3278985972803901,0.33699999999999997,0.28400000000000003,0.366075,0.08207499999999995,identifiable,5.6379402780063104e-05,0.0023783118517428994,True,True,True,True,False,accepted,0.0036120657521416244,0.034999999999999996,False
P1,Full identifiability-aware,restricted_learned,20260720,0.34999999999999987,0.3360802233219147,0.334080026040365,0.364,0.2998,0.40705,0.10725000000000001,weakly identifiable / abstain,0.00019548250998451363,0.0031366871338458524,True,True,True,False,True,resampling interval exceeds resolution threshold,0.002000197281549654,0.034999999999999996,False
P1,Full identifiability-aware,restricted_learned,20260720,0.41999999999999993,0.34071797132492065,0.3398013036044313,0.33199999999999996,0.313,0.3721,0.059099999999999986,identifiable,9.96129472943584e-06,0.002378467450285317,True,True,True,True,False,accepted,0.0009166677204893725,0.034999999999999996,False
P1,Full identifiability-aware,restricted_learned,20260720,0.49,0.3454306125640869,0.3450282740744384,0.351,0.308975,0.3681499999999999,0.05917499999999992,identifiable,3.690801107325917e-05,0.0020095030725731282,True,True,True,True,False,accepted,0.0004023384896484905,0.034999999999999996,False
P1,Full identifiability-aware,restricted_learned,20260720,0.5599999999999998,0.3502146601676941,0.3497472196340497,0.34199999999999997,0.316,0.380025,0.064025,identifiable,1.7739148356263422e-05,0.002193630490840619,True,True,True,True,False,accepted,0.0004674405336443921,0.034999999999999996,False
P1,Full identifiability-aware,restricted_learned,20260720,0.6299999999999999,0.355057954788208,0.3539620181344406,0.367,0.3439,0.396025,0.05212500000000003,identifiable,3.285758901128002e-05,0.0020858117281550305,True,True,True,True,False,accepted,0.0010959366537673931,0.034999999999999996,False
P1,Full identifiability-aware,restricted_learned,20260720,0.7,0.35994115471839905,0.357690580326136,0.354,0.33797499999999997,0.428175,0.0902,weakly identifiable / abstain,9.60622455730107e-06,0.0041758638305439385,True,True,True,False,True,resampling interval exceeds resolution threshold,0.0022505743922630606,0.034999999999999996,False
P1,Full identifiability-aware,restricted_learned,20260721,-0.7,0.22909918427467346,0.242309419673864,0.22299999999999998,0.180875,0.25717499999999993,0.07629999999999992,identifiable,5.3329848719974544e-06,0.0023009945213233185,True,True,True,True,False,accepted,0.013210235399190529,0.034999999999999996,False
P1,Full identifiability-aware,restricted_learned,20260721,-0.63,0.24397602677345276,0.24603798186555936,0.255,0.186975,0.275075,0.08810000000000001,identifiable,0.00015687156968072742,0.002814067601410951,True,True,True,True,False,accepted,0.0020619550921066043,0.034999999999999996,False
P1,Full identifiability-aware,restricted_learned,20260721,-0.5599999999999999,0.2587587535381317,0.2502527803659503,0.316,0.209925,0.37342499999999984,0.16349999999999984,weakly identifiable / abstain,0.0004909218391350694,0.004015197362055056,True,True,True,False,True,resampling interval exceeds resolution threshold,0.008505973172181436,0.034999999999999996,False
P1,Full identifiability-aware,restricted_learned,20260721,-0.49,0.2718076705932617,0.25497172592556155,0.214,0.17195,0.2633249999999999,0.09137499999999993,weakly identifiable / abstain,0.00016324591265958982,0.002652867876827601,False,True,True,False,True,resampling interval exceeds resolution threshold,0.016835944667700165,0.034999999999999996,False
P1,Full identifiability-aware,restricted_learned,20260721,-0.42,0.28242528438568115,0.2601986963955687,0.252,0.19490000000000002,0.28427499999999994,0.08937499999999993,identifiable,5.2572861705748386e-05,0.002699311391056441,True,True,True,True,False,accepted,0.022226587990112456,0.034999999999999996,False
P1,Full identifiability-aware,restricted_learned,20260721,-0.35,0.2907658815383911,0.2659199739596349,0.22699999999999998,0.189975,0.27005,0.08007500000000001,identifiable,0.00021556212322139073,0.0021571610748129114,False,True,True,False,True,neural delay outside resampling minimizer interval,0.02484590757875621,0.034999999999999996,False
P1,Full identifiability-aware,restricted_learned,20260721,-0.28,0.2973790168762207,0.27210140271960986,0.27,0.22497499999999998,0.303025,0.07805000000000001,identifiable,4.0496839969080544e-05,0.0021537188063661494,True,True,True,True,False,accepted,0.02527761415661084,0.034999999999999996,False
P1,Full identifiability-aware,restricted_learned,20260721,-0.21000000000000002,0.3028746247291565,0.27868686984294644,0.254,0.222,0.28902500000000003,0.06702500000000003,identifiable,0.00015152911725704773,0.002018085504264781,False,True,True,False,True,neural delay outside resampling minimizer interval,0.024187754886210056,0.034999999999999996,False
P1,Full identifiability-aware,restricted_learned,20260721,-0.14,0.3077858090400696,0.2855986599633792,0.29400000000000004,0.246975,0.33199999999999996,0.08502499999999996,identifiable,0.00012486672377161158,0.0021366897362879063,True,True,True,True,False,accepted,0.022187149076690393,0.034999999999999996,False
P1,Full identifiability-aware,restricted_learned,20260721,-0.07000000000000006,0.3125362992286682,0.2927400288856012,0.299,0.24795,0.32904999999999995,0.08109999999999995,identifiable,4.901143900927965e-05,0.0025689161595566514,True,True,True,True,False,accepted,0.019796270343067024,0.034999999999999996,False
P1,Full identifiability-aware,restricted_learned,20260721,0.0,0.3174336552619934,0.3,0.318,0.26695,0.3482249999999999,0.08127499999999988,identifiable,4.853859427164294e-05,0.002499066004878754,True,True,True,True,False,accepted,0.01743365526199342,0.034999999999999996,False
P1,Full identifiability-aware,restricted_learned,20260721,0.06999999999999995,0.3226546347141266,0.3072599711143988,0.317,0.26495,0.352,0.08704999999999996,identifiable,6.425524330777313e-05,0.0026136155540043117,True,True,True,True,False,accepted,0.015394663599727798,0.034999999999999996,False
P1,Full identifiability-aware,restricted_learned,20260721,0.1399999999999999,0.3282250165939331,0.3144013400366208,0.32699999999999996,0.274975,0.349025,0.07404999999999995,identifiable,0.00010724902621317242,0.002472965365203452,True,True,True,True,False,accepted,0.013823676557312314,0.034999999999999996,False
P1,Full identifiability-aware,restricted_learned,20260721,0.20999999999999996,0.33401668071746826,0.32131313015705354,0.346,0.27387500000000004,0.358075,0.08419999999999994,identifiable,5.9832600269140965e-05,0.00314043673721036,True,True,True,True,False,accepted,0.012703550560414723,0.034999999999999996,False
P1,Full identifiability-aware,restricted_learned,20260721,0.2799999999999999,0.3397870659828186,0.3278985972803901,0.33699999999999997,0.28400000000000003,0.366075,0.08207499999999995,identifiable,5.5018623478917936e-05,0.0023783118517428994,True,True,True,True,False,accepted,0.01188846870242849,0.034999999999999996,False
P1,Full identifiability-aware,restricted_learned,20260721,0.34999999999999987,0.34525948762893677,0.334080026040365,0.364,0.2998,0.40705,0.10725000000000001,weakly identifiable / abstain,0.00016894200331214504,0.0031366871338458524,True,True,True,False,True,resampling interval exceeds resolution threshold,0.011179461588571749,0.034999999999999996,False
P1,Full identifiability-aware,restricted_learned,20260721,0.41999999999999993,0.3502098321914673,0.3398013036044313,0.33199999999999996,0.313,0.3721,0.059099999999999986,identifiable,2.634360659222589e-05,0.002378467450285317,True,True,True,True,False,accepted,0.010408528587036003,0.034999999999999996,False
P1,Full identifiability-aware,restricted_learned,20260721,0.49,0.3545178771018982,0.3450282740744384,0.351,0.308975,0.3681499999999999,0.05917499999999992,identifiable,3.5808743622878904e-05,0.0020095030725731282,True,True,True,True,False,accepted,0.00948960302745977,0.034999999999999996,False
P1,Full identifiability-aware,restricted_learned,20260721,0.5599999999999998,0.35816890001296997,0.3497472196340497,0.34199999999999997,0.316,0.380025,0.064025,identifiable,3.098212773672484e-05,0.002193630490840619,True,True,True,True,False,accepted,0.008421680378920271,0.034999999999999996,False
P1,Full identifiability-aware,restricted_learned,20260721,0.6299999999999999,0.36122313141822815,0.3539620181344406,0.367,0.3439,0.396025,0.05212500000000003,identifiable,2.516017204749402e-05,0.0020858117281550305,True,True,True,True,False,accepted,0.007261113283787535,0.034999999999999996,False
P1,Full identifiability-aware,restricted_learned,20260721,0.7,0.36377763748168945,0.357690580326136,0.354,0.33797499999999997,0.428175,0.0902,weakly identifiable / abstain,1.3489623480532557e-05,0.0041758638305439385,True,True,True,False,True,resampling interval exceeds resolution threshold,0.006087057155553466,0.034999999999999996,False
P1,Full identifiability-aware,restricted_learned,20260722,-0.7,0.23205676674842834,0.242309419673864,0.22299999999999998,0.180875,0.25717499999999993,0.07629999999999992,identifiable,7.145221380944139e-06,0.0023009945213233185,True,True,True,True,False,accepted,0.010252652925435646,0.034999999999999996,False
P1,Full identifiability-aware,restricted_learned,20260722,-0.63,0.244357168674469,0.24603798186555936,0.255,0.186975,0.275075,0.08810000000000001,identifiable,0.00015654579113974723,0.002814067601410951,True,True,True,True,False,accepted,0.001680813191090369,0.034999999999999996,False
P1,Full identifiability-aware,restricted_learned,20260722,-0.5599999999999999,0.25702527165412903,0.2502527803659503,0.316,0.209925,0.37342499999999984,0.16349999999999984,weakly identifiable / abstain,0.0004980649440969047,0.004015197362055056,True,True,True,False,True,resampling interval exceeds resolution threshold,0.00677249128817875,0.034999999999999996,False
P1,Full identifiability-aware,restricted_learned,20260722,-0.49,0.26921942830085754,0.25497172592556155,0.214,0.17195,0.2633249999999999,0.09137499999999993,weakly identifiable / abstain,0.00015112871307041152,0.002652867876827601,False,True,True,False,True,resampling interval exceeds resolution threshold,0.01424770237529599,0.034999999999999996,False
P1,Full identifiability-aware,restricted_learned,20260722,-0.42,0.28031742572784424,0.2601986963955687,0.252,0.19490000000000002,0.28427499999999994,0.08937499999999993,identifiable,4.7019595992182776e-05,0.002699311391056441,True,True,True,True,False,accepted,0.020118729332275542,0.034999999999999996,False
P1,Full identifiability-aware,restricted_learned,20260722,-0.35,0.29002833366394043,0.2659199739596349,0.22699999999999998,0.189975,0.27005,0.08007500000000001,identifiable,0.0002113862665930768,0.0021571610748129114,False,True,True,False,True,neural delay outside resampling minimizer interval,0.024108359704305526,0.034999999999999996,False
P1,Full identifiability-aware,restricted_learned,20260722,-0.28,0.2983449101448059,0.27210140271960986,0.27,0.22497499999999998,0.303025,0.07805000000000001,identifiable,4.322810910456102e-05,0.0021537188063661494,True,True,True,True,False,accepted,0.026243507425196044,0.034999999999999996,False
P1,Full identifiability-aware,restricted_learned,20260722,-0.21000000000000002,0.3054295778274536,0.27868686984294644,0.254,0.222,0.28902500000000003,0.06702500000000003,identifiable,0.00016414547868902622,0.002018085504264781,False,True,True,False,True,neural delay outside resampling minimizer interval,0.026742707984507175,0.034999999999999996,False
P1,Full identifiability-aware,restricted_learned,20260722,-0.14,0.31151169538497925,0.2855986599633792,0.29400000000000004,0.246975,0.33199999999999996,0.08502499999999996,identifiable,0.0001301857564541281,0.0021366897362879063,True,True,True,True,False,accepted,0.02591303542160006,0.034999999999999996,False
P1,Full identifiability-aware,restricted_learned,20260722,-0.07000000000000006,0.3168226480484009,0.2927400288856012,0.299,0.24795,0.32904999999999995,0.08109999999999995,identifiable,5.624640313233723e-05,0.0025689161595566514,True,True,True,True,False,accepted,0.02408261916279969,0.034999999999999996,False
P1,Full identifiability-aware,restricted_learned,20260722,0.0,0.3215641379356384,0.3,0.318,0.26695,0.3482249999999999,0.08127499999999988,identifiable,4.9303687804386876e-05,0.002499066004878754,True,True,True,True,False,accepted,0.02156413793563844,0.034999999999999996,False
P1,Full identifiability-aware,restricted_learned,20260722,0.06999999999999995,0.3258979916572571,0.3072599711143988,0.317,0.26495,0.352,0.08704999999999996,identifiable,6.711931308690158e-05,0.0026136155540043117,True,True,True,True,False,accepted,0.01863802054285829,0.034999999999999996,False
P1,Full identifiability-aware,restricted_learned,20260722,0.1399999999999999,0.3299468755722046,0.3144013400366208,0.32699999999999996,0.274975,0.349025,0.07404999999999995,identifiable,0.00010758946865838646,0.002472965365203452,True,True,True,True,False,accepted,0.015545535535583799,0.034999999999999996,False
P1,Full identifiability-aware,restricted_learned,20260722,0.20999999999999996,0.3337997496128082,0.32131313015705354,0.346,0.27387500000000004,0.358075,0.08419999999999994,identifiable,6.015800309064915e-05,0.00314043673721036,True,True,True,True,False,accepted,0.012486619455754688,0.034999999999999996,False
P1,Full identifiability-aware,restricted_learned,20260722,0.2799999999999999,0.3375189006328583,0.3278985972803901,0.33699999999999997,0.28400000000000003,0.366075,0.08207499999999995,identifiable,5.454967536061089e-05,0.0023783118517428994,True,True,True,True,False,accepted,0.009620303352468162,0.034999999999999996,False
P1,Full identifiability-aware,restricted_learned,20260722,0.34999999999999987,0.3411458730697632,0.334080026040365,0.364,0.2998,0.40705,0.10725000000000001,weakly identifiable / abstain,0.00017953420102682265,0.0031366871338458524,True,True,True,False,True,resampling interval exceeds resolution threshold,0.0070658470293981646,0.034999999999999996,False
P1,Full identifiability-aware,restricted_learned,20260722,0.41999999999999993,0.34470734000205994,0.3398013036044313,0.33199999999999996,0.313,0.3721,0.059099999999999986,identifiable,1.5415799744878283e-05,0.002378467450285317,True,True,True,True,False,accepted,0.004906036397628655,0.034999999999999996,False
P1,Full identifiability-aware,restricted_learned,20260722,0.49,0.3482188284397125,0.3450282740744384,0.351,0.308975,0.3681499999999999,0.05917499999999992,identifiable,3.537407586689842e-05,0.0020095030725731282,True,True,True,True,False,accepted,0.003190554365274101,0.034999999999999996,False
P1,Full identifiability-aware,restricted_learned,20260722,0.5599999999999998,0.35168805718421936,0.3497472196340497,0.34199999999999997,0.316,0.380025,0.064025,identifiable,1.95672188447368e-05,0.002193630490840619,True,True,True,True,False,accepted,0.0019408375501696606,0.034999999999999996,False
P1,Full identifiability-aware,restricted_learned,20260722,0.6299999999999999,0.35511720180511475,0.3539620181344406,0.367,0.3439,0.396025,0.05212500000000003,identifiable,3.276142665203774e-05,0.0020858117281550305,True,True,True,True,False,accepted,0.0011551836706741314,0.034999999999999996,False
P1,Full identifiability-aware,restricted_learned,20260722,0.7,0.35850441455841064,0.357690580326136,0.354,0.33797499999999997,0.428175,0.0902,weakly identifiable / abstain,8.669655720859468e-06,0.0041758638305439385,True,True,True,False,True,resampling interval exceeds resolution threshold,0.0008138342322746572,0.034999999999999996,False
P1,Full identifiability-aware,restricted_learned,20260723,-0.7,0.22459667921066284,0.242309419673864,0.22299999999999998,0.180875,0.25717499999999993,0.07629999999999992,identifiable,3.895618453442973e-06,0.0023009945213233185,True,True,True,True,False,accepted,0.01771274046320115,0.034999999999999996,False
P1,Full identifiability-aware,restricted_learned,20260723,-0.63,0.24011948704719543,0.24603798186555936,0.255,0.186975,0.275075,0.08810000000000001,identifiable,0.00016095456369619453,0.002814067601410951,True,True,True,True,False,accepted,0.0059184948183639285,0.034999999999999996,False
P1,Full identifiability-aware,restricted_learned,20260723,-0.5599999999999999,0.2558501660823822,0.2502527803659503,0.316,0.209925,0.37342499999999984,0.16349999999999984,weakly identifiable / abstain,0.0005030395341386603,0.004015197362055056,True,True,True,False,True,resampling interval exceeds resolution threshold,0.005597385716431924,0.034999999999999996,False
P1,Full identifiability-aware,restricted_learned,20260723,-0.49,0.2701765298843384,0.25497172592556155,0.214,0.17195,0.2633249999999999,0.09137499999999993,weakly identifiable / abstain,0.0001555458580172971,0.002652867876827601,False,True,True,False,True,resampling interval exceeds resolution threshold,0.015204803958776825,0.034999999999999996,False
P1,Full identifiability-aware,restricted_learned,20260723,-0.42,0.2822173237800598,0.2601986963955687,0.252,0.19490000000000002,0.28427499999999994,0.08937499999999993,identifiable,5.200396927664842e-05,0.002699311391056441,True,True,True,True,False,accepted,0.02201862738449112,0.034999999999999996,False
P1,Full identifiability-aware,restricted_learned,20260723,-0.35,0.29188695549964905,0.2659199739596349,0.22699999999999998,0.189975,0.27005,0.08007500000000001,identifiable,0.00022198566927734113,0.0021571610748129114,False,True,True,False,True,neural delay outside resampling minimizer interval,0.025966981540014145,0.034999999999999996,False
P1,Full identifiability-aware,restricted_learned,20260723,-0.28,0.2995622158050537,0.27210140271960986,0.27,0.22497499999999998,0.303025,0.07805000000000001,identifiable,4.6803585223465126e-05,0.0021537188063661494,True,True,True,True,False,accepted,0.027460813085443847,0.034999999999999996,False
P1,Full identifiability-aware,restricted_learned,20260723,-0.21000000000000002,0.3057529330253601,0.27868686984294644,0.254,0.222,0.28902500000000003,0.06702500000000003,identifiable,0.00016578365339689052,0.002018085504264781,False,True,True,False,True,neural delay outside resampling minimizer interval,0.02706606318241367,0.034999999999999996,False
P1,Full identifiability-aware,restricted_learned,20260723,-0.14,0.31092584133148193,0.2855986599633792,0.29400000000000004,0.246975,0.33199999999999996,0.08502499999999996,identifiable,0.0001292561229288854,0.0021366897362879063,True,True,True,True,False,accepted,0.025327181368102747,0.034999999999999996,False
P1,Full identifiability-aware,restricted_learned,20260723,-0.07000000000000006,0.31544893980026245,0.2927400288856012,0.299,0.24795,0.32904999999999995,0.08109999999999995,identifiable,5.3720684035225944e-05,0.0025689161595566514,True,True,True,True,False,accepted,0.022708910914661262,0.034999999999999996,False
P1,Full identifiability-aware,restricted_learned,20260723,0.0,0.3195926547050476,0.3,0.318,0.26695,0.3482249999999999,0.08127499999999988,identifiable,4.87172742247369e-05,0.002499066004878754,True,True,True,True,False,accepted,0.01959265470504762,0.034999999999999996,False
P1,Full identifiability-aware,restricted_learned,20260723,0.06999999999999995,0.32354915142059326,0.3072599711143988,0.317,0.26495,0.352,0.08704999999999996,identifiable,6.49283654948272e-05,0.0026136155540043117,True,True,True,True,False,accepted,0.016289180306194473,0.034999999999999996,False
P1,Full identifiability-aware,restricted_learned,20260723,0.1399999999999999,0.32745206356048584,0.3144013400366208,0.32699999999999996,0.274975,0.349025,0.07404999999999995,identifiable,0.00010720636695871838,0.002472965365203452,True,True,True,True,False,accepted,0.013050723523865049,0.034999999999999996,False
P1,Full identifiability-aware,restricted_learned,20260723,0.20999999999999996,0.3313925862312317,0.32131313015705354,0.346,0.27387500000000004,0.358075,0.08419999999999994,identifiable,6.40637860180461e-05,0.00314043673721036,True,True,True,True,False,accepted,0.01007945607417815,0.034999999999999996,False
P1,Full identifiability-aware,restricted_learned,20260723,0.2799999999999999,0.3354302644729614,0.3278985972803901,0.33699999999999997,0.28400000000000003,0.366075,0.08207499999999995,identifiable,5.467679620343043e-05,0.0023783118517428994,True,True,True,True,False,accepted,0.007531667192571312,0.034999999999999996,False
P1,Full identifiability-aware,restricted_learned,20260723,0.34999999999999987,0.3396005630493164,0.334080026040365,0.364,0.2998,0.40705,0.10725000000000001,weakly identifiable / abstain,0.00018406734161312998,0.0031366871338458524,True,True,True,False,True,resampling interval exceeds resolution threshold,0.005520537008951387,0.034999999999999996,False
P1,Full identifiability-aware,restricted_learned,20260723,0.41999999999999993,0.3439195156097412,0.3398013036044313,0.33199999999999996,0.313,0.3721,0.059099999999999986,identifiable,1.4165096913910796e-05,0.002378467450285317,True,True,True,True,False,accepted,0.004118212005309929,0.034999999999999996,False
P1,Full identifiability-aware,restricted_learned,20260723,0.49,0.3483870029449463,0.3450282740744384,0.351,0.308975,0.3681499999999999,0.05917499999999992,identifiable,3.53201609389097e-05,0.0020095030725731282,True,True,True,True,False,accepted,0.0033587288705078655,0.034999999999999996,False
P1,Full identifiability-aware,restricted_learned,20260723,0.5599999999999998,0.35298866033554077,0.3497472196340497,0.34199999999999997,0.316,0.380025,0.064025,identifiable,2.1402662727806667e-05,0.002193630490840619,True,True,True,True,False,accepted,0.0032414407014910718,0.034999999999999996,False
P1,Full identifiability-aware,restricted_learned,20260723,0.6299999999999999,0.3576982617378235,0.3539620181344406,0.367,0.3439,0.396025,0.05212500000000003,identifiable,2.8911249278751183e-05,0.0020858117281550305,True,True,True,True,False,accepted,0.0037362436033828716,0.034999999999999996,False
P1,Full identifiability-aware,restricted_learned,20260723,0.7,0.36247992515563965,0.357690580326136,0.354,0.33797499999999997,0.428175,0.0902,weakly identifiable / abstain,1.1965787055037786e-05,0.0041758638305439385,True,True,True,False,True,resampling interval exceeds resolution threshold,0.004789344829503661,0.034999999999999996,False
P2,Profile initialization only,restricted_learned,20260719,-0.7,0.25748640298843384,0.242309419673864,0.22299999999999998,0.180875,0.25717499999999993,0.07629999999999992,identifiable,5.0839561484238734e-05,0.0023009945213233185,False,True,True,False,True,neural delay outside resampling minimizer interval,0.015176983314569847,0.034999999999999996,False
P2,Profile initialization only,restricted_learned,20260719,-0.63,0.2704434394836426,0.24603798186555936,0.255,0.186975,0.275075,0.08810000000000001,identifiable,0.00016278252203902243,0.002814067601410951,True,True,True,True,False,accepted,0.024405457618083215,0.034999999999999996,False
P2,Profile initialization only,restricted_learned,20260719,-0.5599999999999999,0.2830495834350586,0.2502527803659503,0.316,0.209925,0.37342499999999984,0.16349999999999984,weakly identifiable / abstain,0.00041367601804827894,0.004015197362055056,True,True,True,False,True,resampling interval exceeds resolution threshold,0.032796803069108316,0.034999999999999996,False
P2,Profile initialization only,restricted_learned,20260719,-0.49,0.29463040828704834,0.25497172592556155,0.214,0.17195,0.2633249999999999,0.09137499999999993,weakly identifiable / abstain,0.000293260700201428,0.002652867876827601,False,True,True,False,True,resampling interval exceeds resolution threshold,0.039658682361486786,0.034999999999999996,False
P2,Profile initialization only,restricted_learned,20260719,-0.42,0.30480340123176575,0.2601986963955687,0.252,0.19490000000000002,0.28427499999999994,0.08937499999999993,identifiable,0.00013600753329771225,0.002699311391056441,False,True,True,False,True,neural delay outside resampling minimizer interval,0.04460470483619705,0.034999999999999996,False
P2,Profile initialization only,restricted_learned,20260719,-0.35,0.313483327627182,0.2659199739596349,0.22699999999999998,0.189975,0.27005,0.08007500000000001,identifiable,0.0003667129953445139,0.0021571610748129114,False,True,True,False,True,neural delay outside resampling minimizer interval,0.047563353667547104,0.034999999999999996,False
P2,Profile initialization only,restricted_learned,20260719,-0.28,0.3207870125770569,0.27210140271960986,0.27,0.22497499999999998,0.303025,0.07805000000000001,identifiable,0.00013254849500249764,0.0021537188063661494,False,True,True,False,True,neural delay outside resampling minimizer interval,0.04868560985744702,0.034999999999999996,False
P2,Profile initialization only,restricted_learned,20260719,-0.21000000000000002,0.3269259035587311,0.27868686984294644,0.254,0.222,0.28902500000000003,0.06702500000000003,identifiable,0.000295116939778967,0.002018085504264781,False,True,True,False,True,neural delay outside resampling minimizer interval,0.04823903371578464,0.034999999999999996,False
P2,Profile initialization only,restricted_learned,20260719,-0.14,0.33213186264038086,0.2855986599633792,0.29400000000000004,0.246975,0.33199999999999996,0.08502499999999996,identifiable,0.00018275862983479458,0.0021366897362879063,False,True,True,False,True,neural delay outside resampling minimizer interval,0.04653320267700167,0.034999999999999996,False
P2,Profile initialization only,restricted_learned,20260719,-0.07000000000000006,0.3366186022758484,0.2927400288856012,0.299,0.24795,0.32904999999999995,0.08109999999999995,identifiable,0.00011461258058404803,0.0025689161595566514,False,True,True,False,True,neural delay outside resampling minimizer interval,0.0438785733902472,0.034999999999999996,False
P2,Profile initialization only,restricted_learned,20260719,0.0,0.3405677080154419,0.3,0.318,0.26695,0.3482249999999999,0.08127499999999988,identifiable,7.549948974954368e-05,0.002499066004878754,True,True,True,True,False,accepted,0.040567708015441906,0.034999999999999996,True
P2,Profile initialization only,restricted_learned,20260719,0.06999999999999995,0.34412670135498047,0.3072599711143988,0.317,0.26495,0.352,0.08704999999999996,identifiable,0.00010549051505827046,0.0026136155540043117,True,True,True,True,False,accepted,0.03686673024058168,0.034999999999999996,True
P2,Profile initialization only,restricted_learned,20260719,0.1399999999999999,0.34741196036338806,0.3144013400366208,0.32699999999999996,0.274975,0.349025,0.07404999999999995,identifiable,0.00012997158397501428,0.002472965365203452,True,True,True,True,False,accepted,0.03301062032676727,0.034999999999999996,False
P2,Profile initialization only,restricted_learned,20260719,0.20999999999999996,0.3505135476589203,0.32131313015705354,0.346,0.27387500000000004,0.358075,0.08419999999999994,identifiable,5.2611681245135487e-05,0.00314043673721036,True,True,True,True,False,accepted,0.02920041750186675,0.034999999999999996,False
P2,Profile initialization only,restricted_learned,20260719,0.2799999999999999,0.3534993529319763,0.3278985972803901,0.33699999999999997,0.28400000000000003,0.366075,0.08207499999999995,identifiable,7.138801705133822e-05,0.0023783118517428994,True,True,True,True,False,accepted,0.025600755651586204,0.034999999999999996,False
P2,Profile initialization only,restricted_learned,20260719,0.34999999999999987,0.3564187288284302,0.334080026040365,0.364,0.2998,0.40705,0.10725000000000001,weakly identifiable / abstain,0.00015077228049468407,0.0031366871338458524,True,True,True,False,True,resampling interval exceeds resolution threshold,0.022338702788065157,0.034999999999999996,False
P2,Profile initialization only,restricted_learned,20260719,0.41999999999999993,0.3593059182167053,0.3398013036044313,0.33199999999999996,0.313,0.3721,0.059099999999999986,identifiable,5.302355535884452e-05,0.002378467450285317,True,True,True,True,False,accepted,0.01950461461227404,0.034999999999999996,False
P2,Profile initialization only,restricted_learned,20260719,0.49,0.36218246817588806,0.3450282740744384,0.351,0.308975,0.3681499999999999,0.05917499999999992,identifiable,4.35444628623888e-05,0.0020095030725731282,True,True,True,True,False,accepted,0.017154194101449638,0.034999999999999996,False
P2,Profile initialization only,restricted_learned,20260719,0.5599999999999998,0.3650597631931305,0.3497472196340497,0.34199999999999997,0.316,0.380025,0.064025,identifiable,4.915086921539698e-05,0.002193630490840619,True,True,True,True,False,accepted,0.015312543559080793,0.034999999999999996,False
P2,Profile initialization only,restricted_learned,20260719,0.6299999999999999,0.3679411709308624,0.3539620181344406,0.367,0.3439,0.396025,0.05212500000000003,identifiable,2.2846719968902345e-05,0.0020858117281550305,True,True,True,True,False,accepted,0.013979152796421812,0.034999999999999996,False
P2,Profile initialization only,restricted_learned,20260719,0.7,0.37082409858703613,0.357690580326136,0.354,0.33797499999999997,0.428175,0.0902,weakly identifiable / abstain,2.5664470626183895e-05,0.0041758638305439385,True,True,True,False,True,resampling interval exceeds resolution threshold,0.013133518260900146,0.034999999999999996,False
P2,Profile initialization only,restricted_learned,20260720,-0.7,0.2524814009666443,0.242309419673864,0.22299999999999998,0.180875,0.25717499999999993,0.07629999999999992,identifiable,3.828687687030794e-05,0.0023009945213233185,True,True,True,True,False,accepted,0.010171981292780297,0.034999999999999996,False
P2,Profile initialization only,restricted_learned,20260720,-0.63,0.26197826862335205,0.24603798186555936,0.255,0.186975,0.275075,0.08810000000000001,identifiable,0.00015448376926975428,0.002814067601410951,True,True,True,True,False,accepted,0.015940286757792688,0.034999999999999996,False
P2,Profile initialization only,restricted_learned,20260720,-0.5599999999999999,0.2708378732204437,0.2502527803659503,0.316,0.209925,0.37342499999999984,0.16349999999999984,weakly identifiable / abstain,0.000447174726982088,0.004015197362055056,True,True,True,False,True,resampling interval exceeds resolution threshold,0.020585092854493448,0.034999999999999996,False
P2,Profile initialization only,restricted_learned,20260720,-0.49,0.2789335250854492,0.25497172592556155,0.214,0.17195,0.2633249999999999,0.09137499999999993,weakly identifiable / abstain,0.00019938325420936756,0.002652867876827601,False,True,True,False,True,resampling interval exceeds resolution threshold,0.023961799159887665,0.034999999999999996,False
P2,Profile initialization only,restricted_learned,20260720,-0.42,0.286262571811676,0.2601986963955687,0.252,0.19490000000000002,0.28427499999999994,0.08937499999999993,identifiable,6.370362949319644e-05,0.002699311391056441,False,True,True,False,True,neural delay outside resampling minimizer interval,0.02606387541610733,0.034999999999999996,False
P2,Profile initialization only,restricted_learned,20260720,-0.35,0.2929035723209381,0.2659199739596349,0.22699999999999998,0.189975,0.27005,0.08007500000000001,identifiable,0.00022790652847813066,0.0021571610748129114,False,True,True,False,True,neural delay outside resampling minimizer interval,0.026983598361303207,0.034999999999999996,False
P2,Profile initialization only,restricted_learned,20260720,-0.28,0.29897540807724,0.27210140271960986,0.27,0.22497499999999998,0.303025,0.07805000000000001,identifiable,4.505116645525193e-05,0.0021537188063661494,True,True,True,True,False,accepted,0.026874005357630126,0.034999999999999996,False
P2,Profile initialization only,restricted_learned,20260720,-0.21000000000000002,0.3046075701713562,0.27868686984294644,0.254,0.222,0.28902500000000003,0.06702500000000003,identifiable,0.00016001909197596614,0.002018085504264781,False,True,True,False,True,neural delay outside resampling minimizer interval,0.025920700328409763,0.034999999999999996,False
P2,Profile initialization only,restricted_learned,20260720,-0.14,0.30992335081100464,0.2855986599633792,0.29400000000000004,0.246975,0.33199999999999996,0.08502499999999996,identifiable,0.00012775377560995634,0.0021366897362879063,True,True,True,True,False,accepted,0.024324690847625452,0.034999999999999996,False
P2,Profile initialization only,restricted_learned,20260720,-0.07000000000000006,0.31503117084503174,0.2927400288856012,0.299,0.24795,0.32904999999999995,0.08109999999999995,identifiable,5.2978881504440785e-05,0.0025689161595566514,True,True,True,True,False,accepted,0.02229114195943055,0.034999999999999996,False
P2,Profile initialization only,restricted_learned,20260720,0.0,0.3200221061706543,0.3,0.318,0.26695,0.3482249999999999,0.08127499999999988,identifiable,4.8799196821784644e-05,0.002499066004878754,True,True,True,True,False,accepted,0.020022106170654308,0.034999999999999996,False
P2,Profile initialization only,restricted_learned,20260720,0.06999999999999995,0.32496941089630127,0.3072599711143988,0.317,0.26495,0.352,0.08704999999999996,identifiable,6.617073521741089e-05,0.0026136155540043117,True,True,True,True,False,accepted,0.01770943978190248,0.034999999999999996,False
P2,Profile initialization only,restricted_learned,20260720,0.1399999999999999,0.3299298882484436,0.3144013400366208,0.32699999999999996,0.274975,0.349025,0.07404999999999995,identifiable,0.00010758524472994782,0.002472965365203452,True,True,True,True,False,accepted,0.015528548211822812,0.034999999999999996,False
P2,Profile initialization only,restricted_learned,20260720,0.20999999999999996,0.3349449038505554,0.32131313015705354,0.346,0.27387500000000004,0.358075,0.08419999999999994,identifiable,5.854543882854137e-05,0.00314043673721036,True,True,True,True,False,accepted,0.01363177369350188,0.034999999999999996,False
P2,Profile initialization only,restricted_learned,20260720,0.2799999999999999,0.3400418758392334,0.3278985972803901,0.33699999999999997,0.28400000000000003,0.366075,0.08207499999999995,identifiable,5.510377306469256e-05,0.0023783118517428994,True,True,True,True,False,accepted,0.012143278558843285,0.034999999999999996,False
P2,Profile initialization only,restricted_learned,20260720,0.34999999999999987,0.3452349901199341,0.334080026040365,0.364,0.2998,0.40705,0.10725000000000001,weakly identifiable / abstain,0.00016899810141799473,0.0031366871338458524,True,True,True,False,True,resampling interval exceeds resolution threshold,0.011154964079569063,0.034999999999999996,False
P2,Profile initialization only,restricted_learned,20260720,0.41999999999999993,0.35052645206451416,0.3398013036044313,0.33199999999999996,0.313,0.3721,0.059099999999999986,identifiable,2.7097783112525217e-05,0.002378467450285317,True,True,True,True,False,accepted,0.010725148460082878,0.034999999999999996,False
P2,Profile initialization only,restricted_learned,20260720,0.49,0.355907142162323,0.3450282740744384,0.351,0.308975,0.3681499999999999,0.05917499999999992,identifiable,3.661438060362848e-05,0.0020095030725731282,True,True,True,True,False,accepted,0.010878868087884574,0.034999999999999996,False
P2,Profile initialization only,restricted_learned,20260720,0.5599999999999998,0.3613579273223877,0.3497472196340497,0.34199999999999997,0.316,0.380025,0.064025,identifiable,3.862867727055335e-05,0.002193630490840619,True,True,True,True,False,accepted,0.011610707688337996,0.034999999999999996,False
P2,Profile initialization only,restricted_learned,20260720,0.6299999999999999,0.3668510913848877,0.3539620181344406,0.367,0.3439,0.396025,0.05212500000000003,identifiable,2.2795682654193896e-05,0.0020858117281550305,True,True,True,True,False,accepted,0.01288907325044708,0.034999999999999996,False
P2,Profile initialization only,restricted_learned,20260720,0.7,0.37235182523727417,0.357690580326136,0.354,0.33797499999999997,0.428175,0.0902,weakly identifiable / abstain,2.9170106218849353e-05,0.0041758638305439385,True,True,True,False,True,resampling interval exceeds resolution threshold,0.014661244911138183,0.034999999999999996,False
P2,Profile initialization only,restricted_learned,20260721,-0.7,0.25740325450897217,0.242309419673864,0.22299999999999998,0.180875,0.25717499999999993,0.07629999999999992,identifiable,5.061494816162939e-05,0.0023009945213233185,False,True,True,False,True,neural delay outside resampling minimizer interval,0.015093834835108177,0.034999999999999996,False
P2,Profile initialization only,restricted_learned,20260721,-0.63,0.2712332010269165,0.24603798186555936,0.255,0.186975,0.275075,0.08810000000000001,identifiable,0.00016385790756791513,0.002814067601410951,True,True,True,True,False,accepted,0.02519521916135714,0.034999999999999996,False
P2,Profile initialization only,restricted_learned,20260721,-0.5599999999999999,0.2835904061794281,0.2502527803659503,0.316,0.209925,0.37342499999999984,0.16349999999999984,weakly identifiable / abstain,0.00041244765682987275,0.004015197362055056,True,True,True,False,True,resampling interval exceeds resolution threshold,0.03333762581347782,0.034999999999999996,False
P2,Profile initialization only,restricted_learned,20260721,-0.49,0.2940571904182434,0.25497172592556155,0.214,0.17195,0.2633249999999999,0.09137499999999993,weakly identifiable / abstain,0.00028948330694004114,0.002652867876827601,False,True,True,False,True,resampling interval exceeds resolution threshold,0.039085464492681854,0.034999999999999996,False
P2,Profile initialization only,restricted_learned,20260721,-0.42,0.30275410413742065,0.2601986963955687,0.252,0.19490000000000002,0.28427499999999994,0.08937499999999993,identifiable,0.0001265188475913335,0.002699311391056441,False,True,True,False,True,neural delay outside resampling minimizer interval,0.04255540774185196,0.034999999999999996,False
P2,Profile initialization only,restricted_learned,20260721,-0.35,0.3100863993167877,0.2659199739596349,0.22699999999999998,0.189975,0.27005,0.08007500000000001,identifiable,0.0003413258080347009,0.0021571610748129114,False,True,True,False,True,neural delay outside resampling minimizer interval,0.044166425357152816,0.034999999999999996,False
P2,Profile initialization only,restricted_learned,20260721,-0.28,0.3165448009967804,0.27210140271960986,0.27,0.22497499999999998,0.303025,0.07805000000000001,identifiable,0.00011189239076000224,0.0021537188063661494,False,True,True,False,True,neural delay outside resampling minimizer interval,0.04444339827717053,0.034999999999999996,False
P2,Profile initialization only,restricted_learned,20260721,-0.21000000000000002,0.32260167598724365,0.27868686984294644,0.254,0.222,0.28902500000000003,0.06702500000000003,identifiable,0.00026522808380401565,0.002018085504264781,False,True,True,False,True,neural delay outside resampling minimizer interval,0.043914806144297214,0.034999999999999996,False
P2,Profile initialization only,restricted_learned,20260721,-0.14,0.3286592960357666,0.2855986599633792,0.29400000000000004,0.246975,0.33199999999999996,0.08502499999999996,identifiable,0.00017118052470729129,0.0021366897362879063,True,True,True,True,False,accepted,0.043060636072387415,0.034999999999999996,True
P2,Profile initialization only,restricted_learned,20260721,-0.07000000000000006,0.3350038230419159,0.2927400288856012,0.299,0.24795,0.32904999999999995,0.08109999999999995,identifiable,0.00010831675603358407,0.0025689161595566514,False,True,True,False,True,neural delay outside resampling minimizer interval,0.042263794156314705,0.034999999999999996,False
P2,Profile initialization only,restricted_learned,20260721,0.0,0.34175020456314087,0.3,0.318,0.26695,0.3482249999999999,0.08127499999999988,identifiable,7.834800255898307e-05,0.002499066004878754,True,True,True,True,False,accepted,0.04175020456314088,0.034999999999999996,True
P2,Profile initialization only,restricted_learned,20260721,0.06999999999999995,0.3488005995750427,0.3072599711143988,0.317,0.26495,0.352,0.08704999999999996,identifiable,0.00012135753436237695,0.0026136155540043117,True,True,True,True,False,accepted,0.041540628460643936,0.034999999999999996,True
P2,Profile initialization only,restricted_learned,20260721,0.1399999999999999,0.35586434602737427,0.3144013400366208,0.32699999999999996,0.274975,0.349025,0.07404999999999995,identifiable,0.00015299823387840238,0.002472965365203452,False,True,True,False,True,neural delay outside resampling minimizer interval,0.041463005990753476,0.034999999999999996,False
P2,Profile initialization only,restricted_learned,20260721,0.20999999999999996,0.3625617027282715,0.32131313015705354,0.346,0.27387500000000004,0.358075,0.08419999999999994,identifiable,6.813449069099482e-05,0.00314043673721036,False,True,True,False,True,neural delay outside resampling minimizer interval,0.041248572571217945,0.034999999999999996,False
P2,Profile initialization only,restricted_learned,20260721,0.2799999999999999,0.36856526136398315,0.3278985972803901,0.33699999999999997,0.28400000000000003,0.366075,0.08207499999999995,identifiable,0.00011579215973381539,0.0023783118517428994,False,True,True,False,True,neural delay outside resampling minimizer interval,0.04066666408359304,0.034999999999999996,False
P2,Profile initialization only,restricted_learned,20260721,0.34999999999999987,0.3736972212791443,0.334080026040365,0.364,0.2998,0.40705,0.10725000000000001,weakly identifiable / abstain,0.00015279145962975084,0.0031366871338458524,True,True,True,False,True,resampling interval exceeds resolution threshold,0.03961719523877927,0.034999999999999996,False
P2,Profile initialization only,restricted_learned,20260721,0.41999999999999993,0.37794050574302673,0.3398013036044313,0.33199999999999996,0.313,0.3721,0.059099999999999986,identifiable,0.00014076072571810223,0.002378467450285317,False,True,True,False,True,neural delay outside resampling minimizer interval,0.03813920213859545,0.034999999999999996,False
P2,Profile initialization only,restricted_learned,20260721,0.49,0.38138940930366516,0.3450282740744384,0.351,0.308975,0.3681499999999999,0.05917499999999992,identifiable,9.736667921250909e-05,0.0020095030725731282,False,True,True,False,True,neural delay outside resampling minimizer interval,0.03636113522922674,0.034999999999999996,False
P2,Profile initialization only,restricted_learned,20260721,0.5599999999999998,0.3841876983642578,0.3497472196340497,0.34199999999999997,0.316,0.380025,0.064025,identifiable,0.00013180019759286897,0.002193630490840619,False,True,True,False,True,neural delay outside resampling minimizer interval,0.03444047873020811,0.034999999999999996,False
P2,Profile initialization only,restricted_learned,20260721,0.6299999999999999,0.38648322224617004,0.3539620181344406,0.367,0.3439,0.396025,0.05212500000000003,identifiable,4.910556806105648e-05,0.0020858117281550305,True,True,True,True,False,accepted,0.03252120411172943,0.034999999999999996,False
P2,Profile initialization only,restricted_learned,20260721,0.7,0.38840463757514954,0.357690580326136,0.354,0.33797499999999997,0.428175,0.0902,weakly identifiable / abstain,8.431447760712118e-05,0.0041758638305439385,True,True,True,False,True,resampling interval exceeds resolution threshold,0.03071405724901355,0.034999999999999996,False
P2,Profile initialization only,restricted_learned,20260722,-0.7,0.28223979473114014,0.242309419673864,0.22299999999999998,0.180875,0.25717499999999993,0.07629999999999992,identifiable,0.00014101256559133818,0.0023009945213233185,False,True,True,False,True,neural delay outside resampling minimizer interval,0.039930375057276146,0.034999999999999996,False
P2,Profile initialization only,restricted_learned,20260722,-0.63,0.29381436109542847,0.24603798186555936,0.255,0.186975,0.275075,0.08810000000000001,identifiable,0.00021649805335394382,0.002814067601410951,False,True,True,False,True,neural delay outside resampling minimizer interval,0.047776379229869104,0.034999999999999996,False
P2,Profile initialization only,restricted_learned,20260722,-0.5599999999999999,0.3045986592769623,0.2502527803659503,0.316,0.209925,0.37342499999999984,0.16349999999999984,weakly identifiable / abstain,0.000380608966583308,0.004015197362055056,True,True,True,False,True,resampling interval exceeds resolution threshold,0.054345878911012,0.034999999999999996,False
P2,Profile initialization only,restricted_learned,20260722,-0.49,0.3143705725669861,0.25497172592556155,0.214,0.17195,0.2633249999999999,0.09137499999999993,weakly identifiable / abstain,0.00043873477217446557,0.002652867876827601,False,True,True,False,True,resampling interval exceeds resolution threshold,0.05939884664142453,0.034999999999999996,False
P2,Profile initialization only,restricted_learned,20260722,-0.42,0.3230593800544739,0.2601986963955687,0.252,0.19490000000000002,0.28427499999999994,0.08937499999999993,identifiable,0.00023676780022654787,0.002699311391056441,False,True,True,False,True,neural delay outside resampling minimizer interval,0.06286068365890518,0.034999999999999996,False
P2,Profile initialization only,restricted_learned,20260722,-0.35,0.33070552349090576,0.2659199739596349,0.22699999999999998,0.189975,0.27005,0.08007500000000001,identifiable,0.0005101932434360991,0.0021571610748129114,False,True,True,False,True,neural delay outside resampling minimizer interval,0.06478554953127086,0.034999999999999996,False
P2,Profile initialization only,restricted_learned,20260722,-0.28,0.33741453289985657,0.27210140271960986,0.27,0.22497499999999998,0.303025,0.07805000000000001,identifiable,0.0002302656705282497,0.0021537188063661494,False,True,True,False,True,neural delay outside resampling minimizer interval,0.0653131301802467,0.034999999999999996,False
P2,Profile initialization only,restricted_learned,20260722,-0.21000000000000002,0.3433195948600769,0.27868686984294644,0.254,0.222,0.28902500000000003,0.06702500000000003,identifiable,0.0004244673888711508,0.002018085504264781,False,True,True,False,True,neural delay outside resampling minimizer interval,0.06463272501713047,0.034999999999999996,False
P2,Profile initialization only,restricted_learned,20260722,-0.14,0.348556786775589,0.2855986599633792,0.29400000000000004,0.246975,0.33199999999999996,0.08502499999999996,identifiable,0.0002523336085314086,0.0021366897362879063,False,True,True,False,True,neural delay outside resampling minimizer interval,0.0629581268122098,0.034999999999999996,False
P2,Profile initialization only,restricted_learned,20260722,-0.07000000000000006,0.3532511591911316,0.2927400288856012,0.299,0.24795,0.32904999999999995,0.08109999999999995,identifiable,0.00019487917672416836,0.0025689161595566514,False,True,True,False,True,neural delay outside resampling minimizer interval,0.0605111303055304,0.034999999999999996,False
P2,Profile initialization only,restricted_learned,20260722,0.0,0.3575103282928467,0.3,0.318,0.26695,0.3482249999999999,0.08127499999999988,identifiable,0.00012984936715360512,0.002499066004878754,False,True,True,False,True,neural delay outside resampling minimizer interval,0.05751032829284669,0.034999999999999996,False
P2,Profile initialization only,restricted_learned,20260722,0.06999999999999995,0.3614227771759033,0.3072599711143988,0.317,0.26495,0.352,0.08704999999999996,identifiable,0.00017634034614719506,0.0026136155540043117,False,True,True,False,True,neural delay outside resampling minimizer interval,0.05416280606150453,0.034999999999999996,False
P2,Profile initialization only,restricted_learned,20260722,0.1399999999999999,0.36505889892578125,0.3144013400366208,0.32699999999999996,0.274975,0.349025,0.07404999999999995,identifiable,0.0001869806470989549,0.002472965365203452,False,True,True,False,True,neural delay outside resampling minimizer interval,0.05065755888916046,0.034999999999999996,False
P2,Profile initialization only,restricted_learned,20260722,0.20999999999999996,0.3684729337692261,0.32131313015705354,0.346,0.27387500000000004,0.358075,0.08419999999999994,identifiable,8.209812940237468e-05,0.00314043673721036,False,True,True,False,True,neural delay outside resampling minimizer interval,0.047159803612172535,0.034999999999999996,False
P2,Profile initialization only,restricted_learned,20260722,0.2799999999999999,0.3717058002948761,0.3278985972803901,0.33699999999999997,0.28400000000000003,0.366075,0.08207499999999995,identifiable,0.00012849112471967017,0.0023783118517428994,False,True,True,False,True,neural delay outside resampling minimizer interval,0.043807203014485985,0.034999999999999996,False
P2,Profile initialization only,restricted_learned,20260722,0.34999999999999987,0.3747875392436981,0.334080026040365,0.364,0.2998,0.40705,0.10725000000000001,weakly identifiable / abstain,0.0001541333142483793,0.0031366871338458524,True,True,True,False,True,resampling interval exceeds resolution threshold,0.0407075132033331,0.034999999999999996,False
P2,Profile initialization only,restricted_learned,20260722,0.41999999999999993,0.37773966789245605,0.3398013036044313,0.33199999999999996,0.313,0.3721,0.059099999999999986,identifiable,0.00013958896072584518,0.002378467450285317,False,True,True,False,True,neural delay outside resampling minimizer interval,0.03793836428802477,0.034999999999999996,False
P2,Profile initialization only,restricted_learned,20260722,0.49,0.3805772066116333,0.3450282740744384,0.351,0.308975,0.3681499999999999,0.05917499999999992,identifiable,9.410464604258951e-05,0.0020095030725731282,False,True,True,False,True,neural delay outside resampling minimizer interval,0.03554893253719488,0.034999999999999996,False
P2,Profile initialization only,restricted_learned,20260722,0.5599999999999998,0.38331031799316406,0.3497472196340497,0.34199999999999997,0.316,0.380025,0.064025,identifiable,0.0001269874016962288,0.002193630490840619,False,True,True,False,True,neural delay outside resampling minimizer interval,0.03356309835911436,0.034999999999999996,False
P2,Profile initialization only,restricted_learned,20260722,0.6299999999999999,0.3859456777572632,0.3539620181344406,0.367,0.3439,0.396025,0.05212500000000003,identifiable,4.766331062233295e-05,0.0020858117281550305,True,True,True,True,False,accepted,0.03198365962282257,0.034999999999999996,False
P2,Profile initialization only,restricted_learned,20260722,0.7,0.3884873390197754,0.357690580326136,0.354,0.33797499999999997,0.428175,0.0902,weakly identifiable / abstain,8.468539489081473e-05,0.0041758638305439385,True,True,True,False,True,resampling interval exceeds resolution threshold,0.030796758693639403,0.034999999999999996,False
P2,Profile initialization only,restricted_learned,20260723,-0.7,0.22041761875152588,0.242309419673864,0.22299999999999998,0.180875,0.25717499999999993,0.07629999999999992,identifiable,3.983137345710752e-06,0.0023009945213233185,True,True,True,True,False,accepted,0.02189180092233811,0.034999999999999996,False
P2,Profile initialization only,restricted_learned,20260723,-0.63,0.23472338914871216,0.24603798186555936,0.255,0.186975,0.275075,0.08810000000000001,identifiable,0.0001687932667385808,0.002814067601410951,True,True,True,True,False,accepted,0.011314592716847205,0.034999999999999996,False
P2,Profile initialization only,restricted_learned,20260723,-0.5599999999999999,0.24923506379127502,0.2502527803659503,0.316,0.209925,0.37342499999999984,0.16349999999999984,weakly identifiable / abstain,0.0005329077482243367,0.004015197362055056,True,True,True,False,True,resampling interval exceeds resolution threshold,0.0010177165746752537,0.034999999999999996,False
P2,Profile initialization only,restricted_learned,20260723,-0.49,0.2626250684261322,0.25497172592556155,0.214,0.17195,0.2633249999999999,0.09137499999999993,weakly identifiable / abstain,0.00012270071117591685,0.002652867876827601,True,True,True,False,True,resampling interval exceeds resolution threshold,0.007653342500570648,0.034999999999999996,False
P2,Profile initialization only,restricted_learned,20260723,-0.42,0.27414482831954956,0.2601986963955687,0.252,0.19490000000000002,0.28427499999999994,0.08937499999999993,identifiable,3.306360480334876e-05,0.002699311391056441,True,True,True,True,False,accepted,0.013946131923980865,0.034999999999999996,False
P2,Profile initialization only,restricted_learned,20260723,-0.35,0.2836764454841614,0.2659199739596349,0.22699999999999998,0.189975,0.27005,0.08007500000000001,identifiable,0.00017742853014779771,0.0021571610748129114,False,True,True,False,True,neural delay outside resampling minimizer interval,0.017756471524526474,0.034999999999999996,False
P2,Profile initialization only,restricted_learned,20260723,-0.28,0.29148751497268677,0.27210140271960986,0.27,0.22497499999999998,0.303025,0.07805000000000001,identifiable,2.5842295082118727e-05,0.0021537188063661494,True,True,True,True,False,accepted,0.019386112253076904,0.034999999999999996,False
P2,Profile initialization only,restricted_learned,20260723,-0.21000000000000002,0.29797694087028503,0.27868686984294644,0.254,0.222,0.28902500000000003,0.06702500000000003,identifiable,0.00012912745860574887,0.002018085504264781,False,True,True,False,True,neural delay outside resampling minimizer interval,0.019290071027338596,0.034999999999999996,False
P2,Profile initialization only,restricted_learned,20260723,-0.14,0.3035275936126709,0.2855986599633792,0.29400000000000004,0.246975,0.33199999999999996,0.08502499999999996,identifiable,0.00012037890393892101,0.0021366897362879063,True,True,True,True,False,accepted,0.017928933649291712,0.034999999999999996,False
P2,Profile initialization only,restricted_learned,20260723,-0.07000000000000006,0.30845239758491516,0.2927400288856012,0.299,0.24795,0.32904999999999995,0.08109999999999995,identifiable,4.391643254566161e-05,0.0025689161595566514,True,True,True,True,False,accepted,0.015712368699313972,0.034999999999999996,False
P2,Profile initialization only,restricted_learned,20260723,0.0,0.3129881024360657,0.3,0.318,0.26695,0.3482249999999999,0.08127499999999988,identifiable,4.968653861723809e-05,0.002499066004878754,True,True,True,True,False,accepted,0.012988102436065685,0.034999999999999996,False
P2,Profile initialization only,restricted_learned,20260723,0.06999999999999995,0.31730735301971436,0.3072599711143988,0.317,0.26495,0.352,0.08704999999999996,identifiable,6.215154144956392e-05,0.0026136155540043117,True,True,True,True,False,accepted,0.010047381905315567,0.034999999999999996,False
P2,Profile initialization only,restricted_learned,20260723,0.1399999999999999,0.3215330243110657,0.3144013400366208,0.32699999999999996,0.274975,0.349025,0.07404999999999995,identifiable,0.00010909607188970117,0.002472965365203452,True,True,True,True,False,accepted,0.007131684274444883,0.034999999999999996,False
P2,Profile initialization only,restricted_learned,20260723,0.20999999999999996,0.3257511258125305,0.32131313015705354,0.346,0.27387500000000004,0.358075,0.08419999999999994,identifiable,7.599971909455874e-05,0.00314043673721036,True,True,True,True,False,accepted,0.004437995655476978,0.034999999999999996,False
P2,Profile initialization only,restricted_learned,20260723,0.2799999999999999,0.33001959323883057,0.3278985972803901,0.33699999999999997,0.28400000000000003,0.366075,0.08207499999999995,identifiable,5.7515042933953295e-05,0.0023783118517428994,True,True,True,True,False,accepted,0.0021209959584404525,0.034999999999999996,False
P2,Profile initialization only,restricted_learned,20260723,0.34999999999999987,0.33437496423721313,0.334080026040365,0.364,0.2998,0.40705,0.10725000000000001,weakly identifiable / abstain,0.00020158549699972946,0.0031366871338458524,True,True,True,False,True,resampling interval exceeds resolution threshold,0.00029493819684811573,0.034999999999999996,False
P2,Profile initialization only,restricted_learned,20260723,0.41999999999999993,0.3388361930847168,0.3398013036044313,0.33199999999999996,0.313,0.3721,0.059099999999999986,identifiable,8.107839473894135e-06,0.002378467450285317,True,True,True,True,False,accepted,0.0009651105197144849,0.034999999999999996,False
P2,Profile initialization only,restricted_learned,20260723,0.49,0.34340769052505493,0.3450282740744384,0.351,0.308975,0.3681499999999999,0.05917499999999992,identifiable,3.8679689402330335e-05,0.0020095030725731282,True,True,True,True,False,accepted,0.001620583549383492,0.034999999999999996,False
P2,Profile initialization only,restricted_learned,20260723,0.5599999999999998,0.34808123111724854,0.3497472196340497,0.34199999999999997,0.316,0.380025,0.064025,identifiable,1.5598474251309277e-05,0.002193630490840619,True,True,True,True,False,accepted,0.0016659885168011646,0.034999999999999996,False
P2,Profile initialization only,restricted_learned,20260723,0.6299999999999999,0.3528375029563904,0.3539620181344406,0.367,0.3439,0.396025,0.05212500000000003,identifiable,3.695581294177331e-05,0.0020858117281550305,True,True,True,True,False,accepted,0.0011245151780502338,0.034999999999999996,False
P2,Profile initialization only,restricted_learned,20260723,0.7,0.35764822363853455,0.357690580326136,0.354,0.33797499999999997,0.428175,0.0902,weakly identifiable / abstain,8.23271792701767e-06,0.0041758638305439385,True,True,True,False,True,resampling interval exceeds resolution threshold,4.23566876014414e-05,0.034999999999999996,False
P3,Anchor loss only,restricted_learned,20260719,-0.7,0.23187363147735596,0.242309419673864,0.22299999999999998,0.180875,0.25717499999999993,0.07629999999999992,identifiable,7.015247213812181e-06,0.0023009945213233185,True,True,True,True,False,accepted,0.010435788196508033,0.034999999999999996,False
P3,Anchor loss only,restricted_learned,20260719,-0.63,0.24082031846046448,0.24603798186555936,0.255,0.186975,0.275075,0.08810000000000001,identifiable,0.00016012093685508324,0.002814067601410951,True,True,True,True,False,accepted,0.005217663405094886,0.034999999999999996,False
P3,Anchor loss only,restricted_learned,20260719,-0.5599999999999999,0.2507004141807556,0.2502527803659503,0.316,0.209925,0.37342499999999984,0.16349999999999984,weakly identifiable / abstain,0.0005260168369167024,0.004015197362055056,True,True,True,False,True,resampling interval exceeds resolution threshold,0.00044763381480533715,0.034999999999999996,False
P3,Anchor loss only,restricted_learned,20260719,-0.49,0.2611929774284363,0.25497172592556155,0.214,0.17195,0.2633249999999999,0.09137499999999993,weakly identifiable / abstain,0.00011698864431809507,0.002652867876827601,True,True,True,False,True,resampling interval exceeds resolution threshold,0.006221251502874725,0.034999999999999996,False
P3,Anchor loss only,restricted_learned,20260719,-0.42,0.2718952000141144,0.2601986963955687,0.252,0.19490000000000002,0.28427499999999994,0.08937499999999993,identifiable,2.8835134386823265e-05,0.002699311391056441,True,True,True,True,False,accepted,0.011696503618545684,0.034999999999999996,False
P3,Anchor loss only,restricted_learned,20260719,-0.35,0.2824018895626068,0.2659199739596349,0.22699999999999998,0.189975,0.27005,0.08007500000000001,identifiable,0.0001710340783058776,0.0021571610748129114,False,True,True,False,True,neural delay outside resampling minimizer interval,0.01648191560297191,0.034999999999999996,False
P3,Anchor loss only,restricted_learned,20260719,-0.28,0.292378306388855,0.27210140271960986,0.27,0.22497499999999998,0.303025,0.07805000000000001,identifiable,2.7835721580433097e-05,0.0021537188063661494,True,True,True,True,False,accepted,0.020276903669245117,0.034999999999999996,False
P3,Anchor loss only,restricted_learned,20260719,-0.21000000000000002,0.30159908533096313,0.27868686984294644,0.254,0.222,0.28902500000000003,0.06702500000000003,identifiable,0.00014547740713882946,0.002018085504264781,False,True,True,False,True,neural delay outside resampling minimizer interval,0.022912215488016696,0.034999999999999996,False
P3,Anchor loss only,restricted_learned,20260719,-0.14,0.30995070934295654,0.2855986599633792,0.29400000000000004,0.246975,0.33199999999999996,0.08502499999999996,identifiable,0.00012779242774604694,0.0021366897362879063,True,True,True,True,False,accepted,0.024352049379577356,0.034999999999999996,False
P3,Anchor loss only,restricted_learned,20260719,-0.07000000000000006,0.31741034984588623,0.2927400288856012,0.299,0.24795,0.32904999999999995,0.08109999999999995,identifiable,5.739487348364669e-05,0.0025689161595566514,True,True,True,True,False,accepted,0.02467032096028504,0.034999999999999996,False
P3,Anchor loss only,restricted_learned,20260719,0.0,0.32401686906814575,0.3,0.318,0.26695,0.3482249999999999,0.08127499999999988,identifiable,5.0583397533883165e-05,0.002499066004878754,True,True,True,True,False,accepted,0.024016869068145763,0.034999999999999996,False
P3,Anchor loss only,restricted_learned,20260719,0.06999999999999995,0.3298444151878357,0.3072599711143988,0.317,0.26495,0.352,0.08704999999999996,identifiable,7.223493005262367e-05,0.0026136155540043117,True,True,True,True,False,accepted,0.022584444073436905,0.034999999999999996,False
P3,Anchor loss only,restricted_learned,20260719,0.1399999999999999,0.3349825143814087,0.3144013400366208,0.32699999999999996,0.274975,0.349025,0.07404999999999995,identifiable,0.00011052541354297649,0.002472965365203452,True,True,True,True,False,accepted,0.0205811743447879,0.034999999999999996,False
P3,Anchor loss only,restricted_learned,20260719,0.20999999999999996,0.33952343463897705,0.32131313015705354,0.346,0.27387500000000004,0.358075,0.08419999999999994,identifiable,5.374231613778615e-05,0.00314043673721036,True,True,True,True,False,accepted,0.01821030448192351,0.034999999999999996,False
P3,Anchor loss only,restricted_learned,20260719,0.2799999999999999,0.3435545563697815,0.3278985972803901,0.33699999999999997,0.28400000000000003,0.366075,0.08207499999999995,identifiable,5.721630513886647e-05,0.0023783118517428994,True,True,True,True,False,accepted,0.01565595908939138,0.034999999999999996,False
P3,Anchor loss only,restricted_learned,20260719,0.34999999999999987,0.3471549153327942,0.334080026040365,0.364,0.2998,0.40705,0.10725000000000001,weakly identifiable / abstain,0.00016476430492989855,0.0031366871338458524,True,True,True,False,True,resampling interval exceeds resolution threshold,0.01307488929242917,0.034999999999999996,False
P3,Anchor loss only,restricted_learned,20260719,0.41999999999999993,0.35039371252059937,0.3398013036044313,0.33199999999999996,0.313,0.3721,0.059099999999999986,identifiable,2.6781602557045814e-05,0.002378467450285317,True,True,True,True,False,accepted,0.010592408916168083,0.034999999999999996,False
P3,Anchor loss only,restricted_learned,20260719,0.49,0.3533303737640381,0.3450282740744384,0.351,0.308975,0.3681499999999999,0.05917499999999992,identifiable,3.531516469576591e-05,0.0020095030725731282,True,True,True,True,False,accepted,0.008302099689599662,0.034999999999999996,False
P3,Anchor loss only,restricted_learned,20260719,0.5599999999999998,0.35601532459259033,0.3497472196340497,0.34199999999999997,0.316,0.380025,0.064025,identifiable,2.6567111875691015e-05,0.002193630490840619,True,True,True,True,False,accepted,0.006268104958540632,0.034999999999999996,False
P3,Anchor loss only,restricted_learned,20260719,0.6299999999999999,0.35849085450172424,0.3539620181344406,0.367,0.3439,0.396025,0.05212500000000003,identifiable,2.7918381272381647e-05,0.0020858117281550305,True,True,True,True,False,accepted,0.0045288363672836285,0.034999999999999996,False
P3,Anchor loss only,restricted_learned,20260719,0.7,0.3607923090457916,0.357690580326136,0.354,0.33797499999999997,0.428175,0.0902,weakly identifiable / abstain,1.0305097251634031e-05,0.0041758638305439385,True,True,True,False,True,resampling interval exceeds resolution threshold,0.0031017287196556387,0.034999999999999996,False
P3,Anchor loss only,restricted_learned,20260720,-0.7,0.23341698944568634,0.242309419673864,0.22299999999999998,0.180875,0.25717499999999993,0.07629999999999992,identifiable,8.216675508798956e-06,0.0023009945213233185,True,True,True,True,False,accepted,0.00889243022817765,0.034999999999999996,False
P3,Anchor loss only,restricted_learned,20260720,-0.63,0.2405320256948471,0.24603798186555936,0.255,0.186975,0.275075,0.08810000000000001,identifiable,0.00016046385611207805,0.002814067601410951,True,True,True,True,False,accepted,0.005505956170712256,0.034999999999999996,False
P3,Anchor loss only,restricted_learned,20260720,-0.5599999999999999,0.24822095036506653,0.2502527803659503,0.316,0.209925,0.37342499999999984,0.16349999999999984,weakly identifiable / abstain,0.0005377693117166869,0.004015197362055056,True,True,True,False,True,resampling interval exceeds resolution threshold,0.0020318300008837498,0.034999999999999996,False
P3,Anchor loss only,restricted_learned,20260720,-0.49,0.2563573122024536,0.25497172592556155,0.214,0.17195,0.2633249999999999,0.09137499999999993,weakly identifiable / abstain,9.894666246537815e-05,0.002652867876827601,True,True,True,False,True,resampling interval exceeds resolution threshold,0.001385586276892059,0.034999999999999996,False
P3,Anchor loss only,restricted_learned,20260720,-0.42,0.2647831439971924,0.2601986963955687,0.252,0.19490000000000002,0.28427499999999994,0.08937499999999993,identifiable,1.85022058397283e-05,0.002699311391056441,True,True,True,True,False,accepted,0.004584447601623687,0.034999999999999996,False
P3,Anchor loss only,restricted_learned,20260720,-0.35,0.27332577109336853,0.2659199739596349,0.22699999999999998,0.189975,0.27005,0.08007500000000001,identifiable,0.0001295746745156781,0.0021571610748129114,False,True,True,False,True,neural delay outside resampling minimizer interval,0.007405797133733627,0.034999999999999996,False
P3,Anchor loss only,restricted_learned,20260720,-0.28,0.28181642293930054,0.27210140271960986,0.27,0.22497499999999998,0.303025,0.07805000000000001,identifiable,9.295000125674561e-06,0.0021537188063661494,True,True,True,True,False,accepted,0.009715020219690673,0.034999999999999996,False
P3,Anchor loss only,restricted_learned,20260720,-0.21000000000000002,0.2901065945625305,0.27868686984294644,0.254,0.222,0.28902500000000003,0.06702500000000003,identifiable,9.805052198722018e-05,0.002018085504264781,False,True,True,False,True,neural delay outside resampling minimizer interval,0.011419724719584079,0.034999999999999996,False
P3,Anchor loss only,restricted_learned,20260720,-0.14,0.29807835817337036,0.2855986599633792,0.29400000000000004,0.246975,0.33199999999999996,0.08502499999999996,identifiable,0.00011709590824037522,0.0021366897362879063,True,True,True,True,False,accepted,0.012479698209991175,0.034999999999999996,False
P3,Anchor loss only,restricted_learned,20260720,-0.07000000000000006,0.3056490123271942,0.2927400288856012,0.299,0.24795,0.32904999999999995,0.08109999999999995,identifiable,4.144013028159501e-05,0.0025689161595566514,True,True,True,True,False,accepted,0.012908983441593025,0.034999999999999996,False
P3,Anchor loss only,restricted_learned,20260720,0.0,0.31276923418045044,0.3,0.318,0.26695,0.3482249999999999,0.08127499999999988,identifiable,4.9805571963600283e-05,0.002499066004878754,True,True,True,True,False,accepted,0.01276923418045045,0.034999999999999996,False
P3,Anchor loss only,restricted_learned,20260720,0.06999999999999995,0.3194182217121124,0.3072599711143988,0.317,0.26495,0.352,0.08704999999999996,identifiable,6.259126528726084e-05,0.0026136155540043117,True,True,True,True,False,accepted,0.012158250597713638,0.034999999999999996,False
P3,Anchor loss only,restricted_learned,20260720,0.1399999999999999,0.32559734582901,0.3144013400366208,0.32699999999999996,0.274975,0.349025,0.07404999999999995,identifiable,0.00010736989001034087,0.002472965365203452,True,True,True,True,False,accepted,0.011196005792389219,0.034999999999999996,False
P3,Anchor loss only,restricted_learned,20260720,0.20999999999999996,0.3313232660293579,0.32131313015705354,0.346,0.27387500000000004,0.358075,0.08419999999999994,identifiable,6.418546776677284e-05,0.00314043673721036,True,True,True,True,False,accepted,0.010010135872304371,0.034999999999999996,False
P3,Anchor loss only,restricted_learned,20260720,0.2799999999999999,0.33662253618240356,0.3278985972803901,0.33699999999999997,0.28400000000000003,0.366075,0.08207499999999995,identifiable,5.4537148943469615e-05,0.0023783118517428994,True,True,True,True,False,accepted,0.00872393890201345,0.034999999999999996,False
P3,Anchor loss only,restricted_learned,20260720,0.34999999999999987,0.3415268063545227,0.334080026040365,0.364,0.2998,0.40705,0.10725000000000001,weakly identifiable / abstain,0.00017847210644981388,0.0031366871338458524,True,True,True,False,True,resampling interval exceeds resolution threshold,0.007446780314157686,0.034999999999999996,False
P3,Anchor loss only,restricted_learned,20260720,0.41999999999999993,0.34606969356536865,0.3398013036044313,0.33199999999999996,0.313,0.3721,0.059099999999999986,identifiable,1.7745471586646775e-05,0.002378467450285317,True,True,True,True,False,accepted,0.0062683899609373706,0.034999999999999996,False
P3,Anchor loss only,restricted_learned,20260720,0.49,0.3502845764160156,0.3450282740744384,0.351,0.308975,0.3681499999999999,0.05917499999999992,identifiable,3.492477323134724e-05,0.0020095030725731282,True,True,True,True,False,accepted,0.0052563023415772014,0.034999999999999996,False
P3,Anchor loss only,restricted_learned,20260720,0.5599999999999998,0.3542030453681946,0.3497472196340497,0.34199999999999997,0.316,0.380025,0.064025,identifiable,2.333991892356657e-05,0.002193630490840619,True,True,True,True,False,accepted,0.00445582573414488,0.034999999999999996,False
P3,Anchor loss only,restricted_learned,20260720,0.6299999999999999,0.3578542470932007,0.3539620181344406,0.367,0.3439,0.396025,0.05212500000000003,identifiable,2.8702204058536145e-05,0.0020858117281550305,True,True,True,True,False,accepted,0.003892228958760069,0.034999999999999996,False
P3,Anchor loss only,restricted_learned,20260720,0.7,0.3612644672393799,0.357690580326136,0.354,0.33797499999999997,0.428175,0.0902,weakly identifiable / abstain,1.0732140770375494e-05,0.0041758638305439385,True,True,True,False,True,resampling interval exceeds resolution threshold,0.0035738869132438955,0.034999999999999996,False
P3,Anchor loss only,restricted_learned,20260721,-0.7,0.23659971356391907,0.242309419673864,0.22299999999999998,0.180875,0.25717499999999993,0.07629999999999992,identifiable,1.1271293047985124e-05,0.0023009945213233185,True,True,True,True,False,accepted,0.005709706109944923,0.034999999999999996,False
P3,Anchor loss only,restricted_learned,20260721,-0.63,0.2432803213596344,0.24603798186555936,0.255,0.186975,0.275075,0.08810000000000001,identifiable,0.00015752159163005477,0.002814067601410951,True,True,True,True,False,accepted,0.0027576605059249637,0.034999999999999996,False
P3,Anchor loss only,restricted_learned,20260721,-0.5599999999999999,0.25056764483451843,0.2502527803659503,0.316,0.209925,0.37342499999999984,0.16349999999999984,weakly identifiable / abstain,0.0005266361159134863,0.004015197362055056,True,True,True,False,True,resampling interval exceeds resolution threshold,0.00031486446856815453,0.034999999999999996,False
P3,Anchor loss only,restricted_learned,20260721,-0.49,0.25837719440460205,0.25497172592556155,0.214,0.17195,0.2633249999999999,0.09137499999999993,weakly identifiable / abstain,0.0001062529023450189,0.002652867876827601,True,True,True,False,True,resampling interval exceeds resolution threshold,0.0034054684790404965,0.034999999999999996,False
P3,Anchor loss only,restricted_learned,20260721,-0.42,0.26658761501312256,0.2601986963955687,0.252,0.19490000000000002,0.28427499999999994,0.08937499999999993,identifiable,2.069167034932959e-05,0.002699311391056441,True,True,True,True,False,accepted,0.006388918617553863,0.034999999999999996,False
P3,Anchor loss only,restricted_learned,20260721,-0.35,0.2750510573387146,0.2659199739596349,0.22699999999999998,0.189975,0.27005,0.08007500000000001,identifiable,0.00013689534226328566,0.0021571610748129114,False,True,True,False,True,neural delay outside resampling minimizer interval,0.009131083379079696,0.034999999999999996,False
P3,Anchor loss only,restricted_learned,20260721,-0.28,0.28360792994499207,0.27210140271960986,0.27,0.22497499999999998,0.303025,0.07805000000000001,identifiable,1.1656077943904096e-05,0.0021537188063661494,True,True,True,True,False,accepted,0.011506527225382202,0.034999999999999996,False
P3,Anchor loss only,restricted_learned,20260721,-0.21000000000000002,0.29210323095321655,0.27868686984294644,0.254,0.222,0.28902500000000003,0.06702500000000003,identifiable,0.00010536006194955702,0.002018085504264781,False,True,True,False,True,neural delay outside resampling minimizer interval,0.013416361110270114,0.034999999999999996,False
P3,Anchor loss only,restricted_learned,20260721,-0.14,0.30040013790130615,0.2855986599633792,0.29400000000000004,0.246975,0.33199999999999996,0.08502499999999996,identifiable,0.00011815880473923994,0.0021366897362879063,True,True,True,True,False,accepted,0.014801477937926966,0.034999999999999996,False
P3,Anchor loss only,restricted_learned,20260721,-0.07000000000000006,0.3083885908126831,0.2927400288856012,0.299,0.24795,0.32904999999999995,0.08109999999999995,identifiable,4.3850290475531536e-05,0.0025689161595566514,True,True,True,True,False,accepted,0.015648561927081917,0.034999999999999996,False
P3,Anchor loss only,restricted_learned,20260721,0.0,0.31598877906799316,0.3,0.318,0.26695,0.3482249999999999,0.08127499999999988,identifiable,4.8677492646796426e-05,0.002499066004878754,True,True,True,True,False,accepted,0.015988779067993175,0.034999999999999996,False
P3,Anchor loss only,restricted_learned,20260721,0.06999999999999995,0.3231496810913086,0.3072599711143988,0.317,0.26495,0.352,0.08704999999999996,identifiable,6.461011043900676e-05,0.0026136155540043117,True,True,True,True,False,accepted,0.015889709976909805,0.034999999999999996,False
P3,Anchor loss only,restricted_learned,20260721,0.1399999999999999,0.3298453688621521,0.3144013400366208,0.32699999999999996,0.274975,0.349025,0.07404999999999995,identifiable,0.00010756422883336537,0.002472965365203452,True,True,True,True,False,accepted,0.015444028825531309,0.034999999999999996,False
P3,Anchor loss only,restricted_learned,20260721,0.20999999999999996,0.3360699415206909,0.32131313015705354,0.346,0.27387500000000004,0.358075,0.08419999999999994,identifiable,5.7125167713673156e-05,0.00314043673721036,True,True,True,True,False,accepted,0.014756811363637379,0.034999999999999996,False
P3,Anchor loss only,restricted_learned,20260721,0.2799999999999999,0.34183210134506226,0.3278985972803901,0.33699999999999997,0.28400000000000003,0.366075,0.08207499999999995,identifiable,5.598977257772833e-05,0.0023783118517428994,True,True,True,True,False,accepted,0.013933504064672142,0.034999999999999996,False
P3,Anchor loss only,restricted_learned,20260721,0.34999999999999987,0.3471508324146271,0.334080026040365,0.364,0.2998,0.40705,0.10725000000000001,weakly identifiable / abstain,0.00016477264041878478,0.0031366871338458524,True,True,True,False,True,resampling interval exceeds resolution threshold,0.013070806374262056,0.034999999999999996,False
P3,Anchor loss only,restricted_learned,20260721,0.41999999999999993,0.3520515263080597,0.3398013036044313,0.33199999999999996,0.313,0.3721,0.059099999999999986,identifiable,3.0873516832984505e-05,0.002378467450285317,True,True,True,True,False,accepted,0.01225022270362841,0.034999999999999996,False
P3,Anchor loss only,restricted_learned,20260721,0.49,0.3565632104873657,0.3450282740744384,0.351,0.308975,0.3681499999999999,0.05917499999999992,identifiable,3.7101465310671486e-05,0.0020095030725731282,True,True,True,True,False,accepted,0.011534936412927299,0.034999999999999996,False
P3,Anchor loss only,restricted_learned,20260721,0.5599999999999998,0.3607163429260254,0.3497472196340497,0.34199999999999997,0.316,0.380025,0.064025,identifiable,3.6982959315895655e-05,0.002193630490840619,True,True,True,True,False,accepted,0.010969123291975691,0.034999999999999996,False
P3,Anchor loss only,restricted_learned,20260721,0.6299999999999999,0.3645414412021637,0.3539620181344406,0.367,0.3439,0.396025,0.05212500000000003,identifiable,2.323532508788563e-05,0.0020858117281550305,True,True,True,True,False,accepted,0.010579423067723082,0.034999999999999996,False
P3,Anchor loss only,restricted_learned,20260721,0.7,0.36806800961494446,0.357690580326136,0.354,0.33797499999999997,0.428175,0.0902,weakly identifiable / abstain,2.011870349189809e-05,0.0041758638305439385,True,True,True,False,True,resampling interval exceeds resolution threshold,0.01037742928880847,0.034999999999999996,False
P3,Anchor loss only,restricted_learned,20260722,-0.7,0.23548343777656555,0.242309419673864,0.22299999999999998,0.180875,0.25717499999999993,0.07629999999999992,identifiable,1.0110212467911205e-05,0.0023009945213233185,True,True,True,True,False,accepted,0.006825981897298439,0.034999999999999996,False
P3,Anchor loss only,restricted_learned,20260722,-0.63,0.24327430129051208,0.24603798186555936,0.255,0.186975,0.275075,0.08810000000000001,identifiable,0.0001575272163916108,0.002814067601410951,True,True,True,True,False,accepted,0.002763680575047278,0.034999999999999996,False
P3,Anchor loss only,restricted_learned,20260722,-0.5599999999999999,0.25175565481185913,0.2502527803659503,0.316,0.209925,0.37342499999999984,0.16349999999999984,weakly identifiable / abstain,0.0005211501894669431,0.004015197362055056,True,True,True,False,True,resampling interval exceeds resolution threshold,0.0015028744459088528,0.034999999999999996,False
P3,Anchor loss only,restricted_learned,20260722,-0.49,0.26076123118400574,0.25497172592556155,0.214,0.17195,0.2633249999999999,0.09137499999999993,weakly identifiable / abstain,0.00011530125665150207,0.002652867876827601,True,True,True,False,True,resampling interval exceeds resolution threshold,0.005789505258444183,0.034999999999999996,False
P3,Anchor loss only,restricted_learned,20260722,-0.42,0.2700735032558441,0.2601986963955687,0.252,0.19490000000000002,0.28427499999999994,0.08937499999999993,identifiable,2.5747675283162256e-05,0.002699311391056441,True,True,True,True,False,accepted,0.00987480686027542,0.034999999999999996,False
P3,Anchor loss only,restricted_learned,20260722,-0.35,0.2794492840766907,0.2659199739596349,0.22699999999999998,0.189975,0.27005,0.08007500000000001,identifiable,0.00015676038500839342,0.0021571610748129114,False,True,True,False,True,neural delay outside resampling minimizer interval,0.01352931011705577,0.034999999999999996,False
P3,Anchor loss only,restricted_learned,20260722,-0.28,0.28865063190460205,0.27210140271960986,0.27,0.22497499999999998,0.303025,0.07805000000000001,identifiable,2.0018150581415234e-05,0.0021537188063661494,True,True,True,True,False,accepted,0.016549229184992187,0.034999999999999996,False
P3,Anchor loss only,restricted_learned,20260722,-0.21000000000000002,0.29747211933135986,0.27868686984294644,0.254,0.222,0.28902500000000003,0.06702500000000003,identifiable,0.00012696291648485933,0.002018085504264781,False,True,True,False,True,neural delay outside resampling minimizer interval,0.018785249488413425,0.034999999999999996,False
P3,Anchor loss only,restricted_learned,20260722,-0.14,0.30575796961784363,0.2855986599633792,0.29400000000000004,0.246975,0.33199999999999996,0.08502499999999996,identifiable,0.00012251747677265195,0.0021366897362879063,True,True,True,True,False,accepted,0.02015930965446444,0.034999999999999996,False
P3,Anchor loss only,restricted_learned,20260722,-0.07000000000000006,0.313407838344574,0.2927400288856012,0.299,0.24795,0.32904999999999995,0.08109999999999995,identifiable,5.032646491577345e-05,0.0025689161595566514,True,True,True,True,False,accepted,0.020667809458972786,0.034999999999999996,False
P3,Anchor loss only,restricted_learned,20260722,0.0,0.320372611284256,0.3,0.318,0.26695,0.3482249999999999,0.08127499999999988,identifiable,4.890056993974474e-05,0.002499066004878754,True,True,True,True,False,accepted,0.020372611284255993,0.034999999999999996,False
P3,Anchor loss only,restricted_learned,20260722,0.06999999999999995,0.326645165681839,0.3072599711143988,0.317,0.26495,0.352,0.08704999999999996,identifiable,6.795902808226071e-05,0.0026136155540043117,True,True,True,True,False,accepted,0.0193851945674402,0.034999999999999996,False
P3,Anchor loss only,restricted_learned,20260722,0.1399999999999999,0.3322490453720093,0.3144013400366208,0.32699999999999996,0.274975,0.349025,0.07404999999999995,identifiable,0.00010858535929603026,0.002472965365203452,True,True,True,True,False,accepted,0.017847705335388486,0.034999999999999996,False
P3,Anchor loss only,restricted_learned,20260722,0.20999999999999996,0.3372277617454529,0.32131313015705354,0.346,0.27387500000000004,0.358075,0.08419999999999994,identifiable,5.5831418868908045e-05,0.00314043673721036,True,True,True,True,False,accepted,0.01591463158839934,0.034999999999999996,False
P3,Anchor loss only,restricted_learned,20260722,0.2799999999999999,0.3416362404823303,0.3278985972803901,0.33699999999999997,0.28400000000000003,0.366075,0.08207499999999995,identifiable,5.5879890823831725e-05,0.0023783118517428994,True,True,True,True,False,accepted,0.013737643201940208,0.034999999999999996,False
P3,Anchor loss only,restricted_learned,20260722,0.34999999999999987,0.34553444385528564,0.334080026040365,0.364,0.2998,0.40705,0.10725000000000001,weakly identifiable / abstain,0.0001683123669075597,0.0031366871338458524,True,True,True,False,True,resampling interval exceeds resolution threshold,0.011454417814920625,0.034999999999999996,False
P3,Anchor loss only,restricted_learned,20260722,0.41999999999999993,0.3489827811717987,0.3398013036044313,0.33199999999999996,0.313,0.3721,0.059099999999999986,identifiable,2.3555133061890117e-05,0.002378467450285317,True,True,True,True,False,accepted,0.009181477567367424,0.034999999999999996,False
P3,Anchor loss only,restricted_learned,20260722,0.49,0.3520394265651703,0.3450282740744384,0.351,0.308975,0.3681499999999999,0.05917499999999992,identifiable,3.498449137581303e-05,0.0020095030725731282,True,True,True,True,False,accepted,0.0070111524907318645,0.034999999999999996,False
P3,Anchor loss only,restricted_learned,20260722,0.5599999999999998,0.35475850105285645,0.3497472196340497,0.34199999999999997,0.316,0.380025,0.064025,identifiable,2.428753677471587e-05,0.002193630490840619,True,True,True,True,False,accepted,0.005011281418806746,0.034999999999999996,False
P3,Anchor loss only,restricted_learned,20260722,0.6299999999999999,0.3571892976760864,0.3539620181344406,0.367,0.3439,0.396025,0.05212500000000003,identifiable,2.959334218490947e-05,0.0020858117281550305,True,True,True,True,False,accepted,0.003227279541645811,0.034999999999999996,False
P3,Anchor loss only,restricted_learned,20260722,0.7,0.3593757450580597,0.357690580326136,0.354,0.33797499999999997,0.428175,0.0902,weakly identifiable / abstain,9.21176285558157e-06,0.0041758638305439385,True,True,True,False,True,resampling interval exceeds resolution threshold,0.001685164731923705,0.034999999999999996,False
P3,Anchor loss only,restricted_learned,20260723,-0.7,0.23172596096992493,0.242309419673864,0.22299999999999998,0.180875,0.25717499999999993,0.07629999999999992,identifiable,6.914025796958996e-06,0.0023009945213233185,True,True,True,True,False,accepted,0.010583458703939064,0.034999999999999996,False
P3,Anchor loss only,restricted_learned,20260723,-0.63,0.2387244701385498,0.24603798186555936,0.255,0.186975,0.275075,0.08810000000000001,identifiable,0.00016274602079164417,0.002814067601410951,True,True,True,True,False,accepted,0.007313511727009558,0.034999999999999996,False
P3,Anchor loss only,restricted_learned,20260723,-0.5599999999999999,0.24660751223564148,0.2502527803659503,0.316,0.209925,0.37342499999999984,0.16349999999999984,weakly identifiable / abstain,0.0005456623340179186,0.004015197362055056,True,True,True,False,True,resampling interval exceeds resolution threshold,0.0036452681303087986,0.034999999999999996,False
P3,Anchor loss only,restricted_learned,20260723,-0.49,0.2552757263183594,0.25497172592556155,0.214,0.17195,0.2633249999999999,0.09137499999999993,weakly identifiable / abstain,9.517003609867605e-05,0.002652867876827601,True,True,True,False,True,resampling interval exceeds resolution threshold,0.00030400039279782076,0.034999999999999996,False
P3,Anchor loss only,restricted_learned,20260723,-0.42,0.26455482840538025,0.2601986963955687,0.252,0.19490000000000002,0.28427499999999994,0.08937499999999993,identifiable,1.825031025068595e-05,0.002699311391056441,True,True,True,True,False,accepted,0.004356132009811553,0.034999999999999996,False
P3,Anchor loss only,restricted_learned,20260723,-0.35,0.2742096483707428,0.2659199739596349,0.22699999999999998,0.189975,0.27005,0.08007500000000001,identifiable,0.00013329408240118765,0.0021571610748129114,False,True,True,False,True,neural delay outside resampling minimizer interval,0.008289674411107895,0.034999999999999996,False
P3,Anchor loss only,restricted_learned,20260723,-0.28,0.28397336602211,0.27210140271960986,0.27,0.22497499999999998,0.303025,0.07805000000000001,identifiable,1.2165726965698676e-05,0.0021537188063661494,True,True,True,True,False,accepted,0.011871963302500121,0.034999999999999996,False
P3,Anchor loss only,restricted_learned,20260723,-0.21000000000000002,0.29358357191085815,0.27868686984294644,0.254,0.222,0.28902500000000003,0.06702500000000003,identifiable,0.00011103974902779146,0.002018085504264781,False,True,True,False,True,neural delay outside resampling minimizer interval,0.014896702067911716,0.034999999999999996,False
P3,Anchor loss only,restricted_learned,20260723,-0.14,0.3028145730495453,0.2855986599633792,0.29400000000000004,0.246975,0.33199999999999996,0.08502499999999996,identifiable,0.00011978770319038527,0.0021366897362879063,True,True,True,True,False,accepted,0.0172159130861661,0.034999999999999996,False
P3,Anchor loss only,restricted_learned,20260723,-0.07000000000000006,0.31149768829345703,0.2927400288856012,0.299,0.24795,0.32904999999999995,0.08109999999999995,identifiable,4.75486224242663e-05,0.0025689161595566514,True,True,True,True,False,accepted,0.018757659407855842,0.034999999999999996,False
P3,Anchor loss only,restricted_learned,20260723,0.0,0.31952711939811707,0.3,0.318,0.26695,0.3482249999999999,0.08127499999999988,identifiable,4.870512281550327e-05,0.002499066004878754,True,True,True,True,False,accepted,0.019527119398117077,0.034999999999999996,False
P3,Anchor loss only,restricted_learned,20260723,0.06999999999999995,0.32685449719429016,0.3072599711143988,0.317,0.26495,0.352,0.08704999999999996,identifiable,6.819754825898937e-05,0.0026136155540043117,True,True,True,True,False,accepted,0.019594526079891372,0.034999999999999996,False
P3,Anchor loss only,restricted_learned,20260723,0.1399999999999999,0.3334765136241913,0.3144013400366208,0.32699999999999996,0.274975,0.349025,0.07404999999999995,identifiable,0.0001093602135429434,0.002472965365203452,True,True,True,True,False,accepted,0.019075173587570493,0.034999999999999996,False
P3,Anchor loss only,restricted_learned,20260723,0.20999999999999996,0.3394213318824768,0.32131313015705354,0.346,0.27387500000000004,0.358075,0.08419999999999994,identifiable,5.382139805350474e-05,0.00314043673721036,True,True,True,True,False,accepted,0.018108201725423267,0.034999999999999996,False
P3,Anchor loss only,restricted_learned,20260723,0.2799999999999999,0.34473639726638794,0.3278985972803901,0.33699999999999997,0.28400000000000003,0.366075,0.08207499999999995,identifiable,5.82615725604707e-05,0.0023783118517428994,True,True,True,True,False,accepted,0.016837799985997826,0.034999999999999996,False
P3,Anchor loss only,restricted_learned,20260723,0.34999999999999987,0.34947872161865234,0.334080026040365,0.364,0.2998,0.40705,0.10725000000000001,weakly identifiable / abstain,0.00016026284857767958,0.0031366871338458524,True,True,True,False,True,resampling interval exceeds resolution threshold,0.015398695578287325,0.034999999999999996,False
P3,Anchor loss only,restricted_learned,20260723,0.41999999999999993,0.35370826721191406,0.3398013036044313,0.33199999999999996,0.313,0.3721,0.059099999999999986,identifiable,3.5341032061572634e-05,0.002378467450285317,True,True,True,True,False,accepted,0.01390696360748278,0.034999999999999996,False
P3,Anchor loss only,restricted_learned,20260723,0.49,0.35748374462127686,0.3450282740744384,0.351,0.308975,0.3681499999999999,0.05917499999999992,identifiable,3.78675915043522e-05,0.0020095030725731282,True,True,True,True,False,accepted,0.012455470546838432,0.034999999999999996,False
P3,Anchor loss only,restricted_learned,20260723,0.5599999999999998,0.36086028814315796,0.3497472196340497,0.34199999999999997,0.316,0.380025,0.064025,identifiable,3.734170721411313e-05,0.002193630490840619,True,True,True,True,False,accepted,0.01111306850910826,0.034999999999999996,False
P3,Anchor loss only,restricted_learned,20260723,0.6299999999999999,0.3638882040977478,0.3539620181344406,0.367,0.3439,0.396025,0.05212500000000003,identifiable,2.3482519740088546e-05,0.0020858117281550305,True,True,True,True,False,accepted,0.009926185963307188,0.034999999999999996,False
P3,Anchor loss only,restricted_learned,20260723,0.7,0.3666125237941742,0.357690580326136,0.354,0.33797499999999997,0.428175,0.0902,weakly identifiable / abstain,1.7607032857571064e-05,0.0041758638305439385,True,True,True,False,True,resampling interval exceeds resolution threshold,0.008921943468038207,0.034999999999999996,False
P4,Restricted rollout-only,restricted_learned,20260719,-0.7,0.2596116065979004,0.242309419673864,0.22299999999999998,0.180875,0.25717499999999993,0.07629999999999992,identifiable,5.6750945360881154e-05,0.0023009945213233185,False,True,True,False,True,neural delay outside resampling minimizer interval,0.0173021869240364,0.034999999999999996,False
P4,Restricted rollout-only,restricted_learned,20260719,-0.63,0.2660350203514099,0.24603798186555936,0.255,0.186975,0.275075,0.08810000000000001,identifiable,0.0001577098137076193,0.002814067601410951,True,True,True,True,False,accepted,0.01999703848585055,0.034999999999999996,False
P4,Restricted rollout-only,restricted_learned,20260719,-0.5599999999999999,0.27321553230285645,0.2502527803659503,0.316,0.209925,0.37342499999999984,0.16349999999999984,weakly identifiable / abstain,0.0004398111541547623,0.004015197362055056,True,True,True,False,True,resampling interval exceeds resolution threshold,0.022962751936906167,0.034999999999999996,False
P4,Restricted rollout-only,restricted_learned,20260719,-0.49,0.28107529878616333,0.25497172592556155,0.214,0.17195,0.2633249999999999,0.09137499999999993,weakly identifiable / abstain,0.00021103994207804895,0.002652867876827601,False,True,True,False,True,resampling interval exceeds resolution threshold,0.026103572860601776,0.034999999999999996,False
P4,Restricted rollout-only,restricted_learned,20260719,-0.42,0.2894720435142517,0.2601986963955687,0.252,0.19490000000000002,0.28427499999999994,0.08937499999999993,identifiable,7.40317767677073e-05,0.002699311391056441,False,True,True,False,True,neural delay outside resampling minimizer interval,0.029273347118683013,0.034999999999999996,False
P4,Restricted rollout-only,restricted_learned,20260719,-0.35,0.2982059717178345,0.2659199739596349,0.22699999999999998,0.189975,0.27005,0.08007500000000001,identifiable,0.00026022930004050005,0.0021571610748129114,False,True,True,False,True,neural delay outside resampling minimizer interval,0.03228599775819957,0.034999999999999996,False
P4,Restricted rollout-only,restricted_learned,20260719,-0.28,0.3070400357246399,0.27210140271960986,0.27,0.22497499999999998,0.303025,0.07805000000000001,identifiable,7.196319412012486e-05,0.0021537188063661494,False,True,True,False,True,neural delay outside resampling minimizer interval,0.03493863300503003,0.034999999999999996,False
P4,Restricted rollout-only,restricted_learned,20260719,-0.21000000000000002,0.3157300651073456,0.27868686984294644,0.254,0.222,0.28902500000000003,0.06702500000000003,identifiable,0.00022137985871143514,0.002018085504264781,False,True,True,False,True,neural delay outside resampling minimizer interval,0.03704319526439914,0.034999999999999996,False
P4,Restricted rollout-only,restricted_learned,20260719,-0.14,0.3240560293197632,0.2855986599633792,0.29400000000000004,0.246975,0.33199999999999996,0.08502499999999996,identifiable,0.000157514132006628,0.0021366897362879063,True,True,True,True,False,accepted,0.038457369356384,0.034999999999999996,True
P4,Restricted rollout-only,restricted_learned,20260719,-0.07000000000000006,0.33184581995010376,0.2927400288856012,0.299,0.24795,0.32904999999999995,0.08109999999999995,identifiable,9.68119854779615e-05,0.0025689161595566514,False,True,True,False,True,neural delay outside resampling minimizer interval,0.03910579106450257,0.034999999999999996,False
P4,Restricted rollout-only,restricted_learned,20260719,0.0,0.33898627758026123,0.3,0.318,0.26695,0.3482249999999999,0.08127499999999988,identifiable,7.189658026754909e-05,0.002499066004878754,True,True,True,True,False,accepted,0.03898627758026124,0.034999999999999996,True
P4,Restricted rollout-only,restricted_learned,20260719,0.06999999999999995,0.3454221189022064,0.3072599711143988,0.317,0.26495,0.352,0.08704999999999996,identifiable,0.0001096502143590338,0.0026136155540043117,True,True,True,True,False,accepted,0.03816214778780763,0.034999999999999996,True
P4,Restricted rollout-only,restricted_learned,20260719,0.1399999999999999,0.3511463403701782,0.3144013400366208,0.32699999999999996,0.274975,0.349025,0.07404999999999995,identifiable,0.00013916707002318565,0.002472965365203452,False,True,True,False,True,neural delay outside resampling minimizer interval,0.03674500033355743,0.034999999999999996,False
P4,Restricted rollout-only,restricted_learned,20260719,0.20999999999999996,0.35618704557418823,0.32131313015705354,0.346,0.27387500000000004,0.358075,0.08419999999999994,identifiable,5.774386780941895e-05,0.00314043673721036,True,True,True,True,False,accepted,0.03487391541713469,0.034999999999999996,False
P4,Restricted rollout-only,restricted_learned,20260719,0.2799999999999999,0.36059433221817017,0.3278985972803901,0.33699999999999997,0.28400000000000003,0.366075,0.08207499999999995,identifiable,8.887745602103805e-05,0.0023783118517428994,True,True,True,True,False,accepted,0.03269573493778005,0.034999999999999996,False
P4,Restricted rollout-only,restricted_learned,20260719,0.34999999999999987,0.3644295632839203,0.334080026040365,0.364,0.2998,0.40705,0.10725000000000001,weakly identifiable / abstain,0.00014718191721180968,0.0031366871338458524,True,True,True,False,True,resampling interval exceeds resolution threshold,0.03034953724355527,0.034999999999999996,False
P4,Restricted rollout-only,restricted_learned,20260719,0.41999999999999993,0.3677578568458557,0.3398013036044313,0.33199999999999996,0.313,0.3721,0.059099999999999986,identifiable,8.734456384517099e-05,0.002378467450285317,True,True,True,True,False,accepted,0.02795655324142443,0.034999999999999996,False
P4,Restricted rollout-only,restricted_learned,20260719,0.49,0.37064269185066223,0.3450282740744384,0.351,0.308975,0.3681499999999999,0.05917499999999992,identifiable,6.122766269478918e-05,0.0020095030725731282,False,True,True,False,True,neural delay outside resampling minimizer interval,0.025614417776223808,0.034999999999999996,False
P4,Restricted rollout-only,restricted_learned,20260719,0.5599999999999998,0.37314319610595703,0.3497472196340497,0.34199999999999997,0.316,0.380025,0.064025,identifiable,7.833733782569439e-05,0.002193630490840619,True,True,True,True,False,accepted,0.02339597647190733,0.034999999999999996,False
P4,Restricted rollout-only,restricted_learned,20260719,0.6299999999999999,0.37531280517578125,0.3539620181344406,0.367,0.3439,0.396025,0.05212500000000003,identifiable,2.7588067188614577e-05,0.0020858117281550305,True,True,True,True,False,accepted,0.021350787041340635,0.034999999999999996,False
P4,Restricted rollout-only,restricted_learned,20260719,0.7,0.37719863653182983,0.357690580326136,0.354,0.33797499999999997,0.428175,0.0902,weakly identifiable / abstain,4.228921112178178e-05,0.0041758638305439385,True,True,True,False,True,resampling interval exceeds resolution threshold,0.019508056205693847,0.034999999999999996,False
P4,Restricted rollout-only,restricted_learned,20260720,-0.7,0.2529565989971161,0.242309419673864,0.22299999999999998,0.180875,0.25717499999999993,0.07629999999999992,identifiable,3.9387871666791096e-05,0.0023009945213233185,True,True,True,True,False,accepted,0.010647179323252098,0.034999999999999996,False
P4,Restricted rollout-only,restricted_learned,20260720,-0.63,0.2577848434448242,0.24603798186555936,0.255,0.186975,0.275075,0.08810000000000001,identifiable,0.00015260570662723987,0.002814067601410951,True,True,True,True,False,accepted,0.011746861579264856,0.034999999999999996,False
P4,Restricted rollout-only,restricted_learned,20260720,-0.5599999999999999,0.26303765177726746,0.2502527803659503,0.316,0.209925,0.37342499999999984,0.16349999999999984,weakly identifiable / abstain,0.00047420759544771374,0.004015197362055056,True,True,True,False,True,resampling interval exceeds resolution threshold,0.012784871411317178,0.034999999999999996,False
P4,Restricted rollout-only,restricted_learned,20260720,-0.49,0.26869964599609375,0.25497172592556155,0.214,0.17195,0.2633249999999999,0.09137499999999993,weakly identifiable / abstain,0.00014876178776167376,0.002652867876827601,False,True,True,False,True,resampling interval exceeds resolution threshold,0.013727920070532196,0.034999999999999996,False
P4,Restricted rollout-only,restricted_learned,20260720,-0.42,0.2747408151626587,0.2601986963955687,0.252,0.19490000000000002,0.28427499999999994,0.08937499999999993,identifiable,3.426346471298081e-05,0.002699311391056441,True,True,True,True,False,accepted,0.014542118767089995,0.034999999999999996,False
P4,Restricted rollout-only,restricted_learned,20260720,-0.35,0.28111621737480164,0.2659199739596349,0.22699999999999998,0.189975,0.27005,0.08007500000000001,identifiable,0.00016471964253639987,0.0021571610748129114,False,True,True,False,True,neural delay outside resampling minimizer interval,0.015196243415166732,0.034999999999999996,False
P4,Restricted rollout-only,restricted_learned,20260720,-0.28,0.287767231464386,0.27210140271960986,0.27,0.22497499999999998,0.303025,0.07805000000000001,identifiable,1.8366669393072073e-05,0.0021537188063661494,True,True,True,True,False,accepted,0.015665828744776122,0.034999999999999996,False
P4,Restricted rollout-only,restricted_learned,20260720,-0.21000000000000002,0.2946241497993469,0.27868686984294644,0.254,0.222,0.28902500000000003,0.06702500000000003,identifiable,0.00011515521982812282,0.002018085504264781,False,True,True,False,True,neural delay outside resampling minimizer interval,0.015937279956400485,0.034999999999999996,False
P4,Restricted rollout-only,restricted_learned,20260720,-0.14,0.30160972476005554,0.2855986599633792,0.29400000000000004,0.246975,0.33199999999999996,0.08502499999999996,identifiable,0.00011890860941719076,0.0021366897362879063,True,True,True,True,False,accepted,0.016011064796676355,0.034999999999999996,False
P4,Restricted rollout-only,restricted_learned,20260720,-0.07000000000000006,0.3086436688899994,0.2927400288856012,0.299,0.24795,0.32904999999999995,0.08109999999999995,identifiable,4.411470429068489e-05,0.0025689161595566514,True,True,True,True,False,accepted,0.0159036400043982,0.034999999999999996,False
P4,Restricted rollout-only,restricted_learned,20260720,0.0,0.3156471848487854,0.3,0.318,0.26695,0.3482249999999999,0.08127499999999988,identifiable,4.875631427118127e-05,0.002499066004878754,True,True,True,True,False,accepted,0.01564718484878541,0.034999999999999996,False
P4,Restricted rollout-only,restricted_learned,20260720,0.06999999999999995,0.3225468695163727,0.3072599711143988,0.317,0.26495,0.352,0.08704999999999996,identifiable,6.418172304562805e-05,0.0026136155540043117,True,True,True,True,False,accepted,0.015286898401973892,0.034999999999999996,False
P4,Restricted rollout-only,restricted_learned,20260720,0.1399999999999999,0.32927805185317993,0.3144013400366208,0.32699999999999996,0.274975,0.349025,0.07404999999999995,identifiable,0.00010742316444431624,0.002472965365203452,True,True,True,True,False,accepted,0.01487671181655914,0.034999999999999996,False
P4,Restricted rollout-only,restricted_learned,20260720,0.20999999999999996,0.3357868194580078,0.32131313015705354,0.346,0.27387500000000004,0.358075,0.08419999999999994,identifiable,5.747447202368699e-05,0.00314043673721036,True,True,True,True,False,accepted,0.014473689300954273,0.034999999999999996,False
P4,Restricted rollout-only,restricted_learned,20260720,0.2799999999999999,0.3420310318470001,0.3278985972803901,0.33699999999999997,0.28400000000000003,0.366075,0.08207499999999995,identifiable,5.61052058660459e-05,0.0023783118517428994,True,True,True,True,False,accepted,0.014132434566610008,0.034999999999999996,False
P4,Restricted rollout-only,restricted_learned,20260720,0.34999999999999987,0.34798020124435425,0.334080026040365,0.364,0.2998,0.40705,0.10725000000000001,weakly identifiable / abstain,0.00016307944100115603,0.0031366871338458524,True,True,True,False,True,resampling interval exceeds resolution threshold,0.013900175203989229,0.034999999999999996,False
P4,Restricted rollout-only,restricted_learned,20260720,0.41999999999999993,0.35361453890800476,0.3398013036044313,0.33199999999999996,0.313,0.3721,0.059099999999999986,identifiable,3.5081342153189365e-05,0.002378467450285317,True,True,True,True,False,accepted,0.013813235303573479,0.034999999999999996,False
P4,Restricted rollout-only,restricted_learned,20260720,0.49,0.3589238226413727,0.3450282740744384,0.351,0.308975,0.3681499999999999,0.05917499999999992,identifiable,3.9282377209118413e-05,0.0020095030725731282,True,True,True,True,False,accepted,0.013895548566934257,0.034999999999999996,False
P4,Restricted rollout-only,restricted_learned,20260720,0.5599999999999998,0.36390557885169983,0.3497472196340497,0.34199999999999997,0.316,0.380025,0.064025,identifiable,4.567713509260323e-05,0.002193630490840619,True,True,True,True,False,accepted,0.01415835921765013,0.034999999999999996,False
P4,Restricted rollout-only,restricted_learned,20260720,0.6299999999999999,0.36856359243392944,0.3539620181344406,0.367,0.3439,0.396025,0.05212500000000003,identifiable,2.2966562469132255e-05,0.0020858117281550305,True,True,True,True,False,accepted,0.014601574299488829,0.034999999999999996,False
P4,Restricted rollout-only,restricted_learned,20260720,0.7,0.37290623784065247,0.357690580326136,0.354,0.33797499999999997,0.428175,0.0902,weakly identifiable / abstain,3.0506530922930933e-05,0.0041758638305439385,True,True,True,False,True,resampling interval exceeds resolution threshold,0.015215657514516479,0.034999999999999996,False
P4,Restricted rollout-only,restricted_learned,20260721,-0.7,0.25997841358184814,0.242309419673864,0.22299999999999998,0.180875,0.25717499999999993,0.07629999999999992,identifiable,5.7798057715251704e-05,0.0023009945213233185,False,True,True,False,True,neural delay outside resampling minimizer interval,0.017668993907984154,0.034999999999999996,False
P4,Restricted rollout-only,restricted_learned,20260721,-0.63,0.2661837935447693,0.24603798186555936,0.255,0.186975,0.275075,0.08810000000000001,identifiable,0.00015785911991961262,0.002814067601410951,True,True,True,True,False,accepted,0.020145811679209924,0.034999999999999996,False
P4,Restricted rollout-only,restricted_learned,20260721,-0.5599999999999999,0.2730598747730255,0.2502527803659503,0.316,0.209925,0.37342499999999984,0.16349999999999984,weakly identifiable / abstain,0.000440276728331461,0.004015197362055056,True,True,True,False,True,resampling interval exceeds resolution threshold,0.022807094407075235,0.034999999999999996,False
P4,Restricted rollout-only,restricted_learned,20260721,-0.49,0.28058135509490967,0.25497172592556155,0.214,0.17195,0.2633249999999999,0.09137499999999993,weakly identifiable / abstain,0.00020832617878826983,0.002652867876827601,False,True,True,False,True,resampling interval exceeds resolution threshold,0.025609629169348114,0.034999999999999996,False
P4,Restricted rollout-only,restricted_learned,20260721,-0.42,0.2886829972267151,0.2601986963955687,0.252,0.19490000000000002,0.28427499999999994,0.08937499999999993,identifiable,7.140629393003029e-05,0.002699311391056441,False,True,True,False,True,neural delay outside resampling minimizer interval,0.028484300831146392,0.034999999999999996,False
P4,Restricted rollout-only,restricted_learned,20260721,-0.35,0.2972566485404968,0.2659199739596349,0.22699999999999998,0.189975,0.27005,0.08007500000000001,identifiable,0.0002542674453795376,0.0021571610748129114,False,True,True,False,True,neural delay outside resampling minimizer interval,0.03133667458086192,0.034999999999999996,False
P4,Restricted rollout-only,restricted_learned,20260721,-0.28,0.3061552047729492,0.27210140271960986,0.27,0.22497499999999998,0.303025,0.07805000000000001,identifiable,6.8702003049752e-05,0.0021537188063661494,False,True,True,False,True,neural delay outside resampling minimizer interval,0.034053802053339355,0.034999999999999996,False
P4,Restricted rollout-only,restricted_learned,20260721,-0.21000000000000002,0.31520384550094604,0.27868686984294644,0.254,0.222,0.28902500000000003,0.06702500000000003,identifiable,0.0002182066549845041,0.002018085504264781,False,True,True,False,True,neural delay outside resampling minimizer interval,0.036516975657999606,0.034999999999999996,False
P4,Restricted rollout-only,restricted_learned,20260721,-0.14,0.32421714067459106,0.2855986599633792,0.29400000000000004,0.246975,0.33199999999999996,0.08502499999999996,identifiable,0.00015796479417409725,0.0021366897362879063,True,True,True,True,False,accepted,0.03861848071121188,0.034999999999999996,True
P4,Restricted rollout-only,restricted_learned,20260721,-0.07000000000000006,0.3330179452896118,0.2927400288856012,0.299,0.24795,0.32904999999999995,0.08109999999999995,identifiable,0.00010095839577354919,0.0025689161595566514,False,True,True,False,True,neural delay outside resampling minimizer interval,0.04027791640401063,0.034999999999999996,False
P4,Restricted rollout-only,restricted_learned,20260721,0.0,0.341453492641449,0.3,0.318,0.26695,0.3482249999999999,0.08127499999999988,identifiable,7.762222479479844e-05,0.002499066004878754,True,True,True,True,False,accepted,0.041453492641448986,0.034999999999999996,True
P4,Restricted rollout-only,restricted_learned,20260721,0.06999999999999995,0.3494061231613159,0.3072599711143988,0.317,0.26495,0.352,0.08704999999999996,identifiable,0.00012359584628192184,0.0026136155540043117,True,True,True,True,False,accepted,0.04214615204691713,0.034999999999999996,True
P4,Restricted rollout-only,restricted_learned,20260721,0.1399999999999999,0.3567967712879181,0.3144013400366208,0.32699999999999996,0.274975,0.349025,0.07404999999999995,identifiable,0.00015602468576491444,0.002472965365203452,False,True,True,False,True,neural delay outside resampling minimizer interval,0.0423954312512973,0.034999999999999996,False
P4,Restricted rollout-only,restricted_learned,20260721,0.20999999999999996,0.3635832667350769,0.32131313015705354,0.346,0.27387500000000004,0.358075,0.08419999999999994,identifiable,7.02501708955251e-05,0.00314043673721036,False,True,True,False,True,neural delay outside resampling minimizer interval,0.042270136578023365,0.034999999999999996,False
P4,Restricted rollout-only,restricted_learned,20260721,0.2799999999999999,0.3697544038295746,0.3278985972803901,0.33699999999999997,0.28400000000000003,0.366075,0.08207499999999995,identifiable,0.00012045880948817887,0.0023783118517428994,False,True,True,False,True,neural delay outside resampling minimizer interval,0.04185580654918447,0.034999999999999996,False
P4,Restricted rollout-only,restricted_learned,20260721,0.34999999999999987,0.37532293796539307,0.334080026040365,0.364,0.2998,0.40705,0.10725000000000001,weakly identifiable / abstain,0.00015484915496365384,0.0031366871338458524,True,True,True,False,True,resampling interval exceeds resolution threshold,0.04124291192502805,0.034999999999999996,False
P4,Restricted rollout-only,restricted_learned,20260721,0.41999999999999993,0.380318284034729,0.3398013036044313,0.33199999999999996,0.313,0.3721,0.059099999999999986,identifiable,0.00015513090710270037,0.002378467450285317,False,True,True,False,True,neural delay outside resampling minimizer interval,0.04051698043029772,0.034999999999999996,False
P4,Restricted rollout-only,restricted_learned,20260721,0.49,0.3847801089286804,0.3450282740744384,0.351,0.308975,0.3681499999999999,0.05917499999999992,identifiable,0.00011191521113293327,0.0020095030725731282,False,True,True,False,True,neural delay outside resampling minimizer interval,0.039751834854241996,0.034999999999999996,False
P4,Restricted rollout-only,restricted_learned,20260721,0.5599999999999998,0.3887535631656647,0.3497472196340497,0.34199999999999997,0.316,0.380025,0.064025,identifiable,0.00015844589353913987,0.002193630490840619,False,True,True,False,True,neural delay outside resampling minimizer interval,0.03900634353161497,0.034999999999999996,False
P4,Restricted rollout-only,restricted_learned,20260721,0.6299999999999999,0.39228540658950806,0.3539620181344406,0.367,0.3439,0.396025,0.05212500000000003,identifiable,6.703826584072425e-05,0.0020858117281550305,True,True,True,True,False,accepted,0.03832338845506744,0.034999999999999996,True
P4,Restricted rollout-only,restricted_learned,20260721,0.7,0.39542174339294434,0.357690580326136,0.354,0.33797499999999997,0.428175,0.0902,weakly identifiable / abstain,0.00011885449844166427,0.0041758638305439385,True,True,True,False,True,resampling interval exceeds resolution threshold,0.03773116306680835,0.034999999999999996,False
P4,Restricted rollout-only,restricted_learned,20260722,-0.7,0.2857852578163147,0.242309419673864,0.22299999999999998,0.180875,0.25717499999999993,0.07629999999999992,identifiable,0.00015771543567193777,0.0023009945213233185,False,True,True,False,True,neural delay outside resampling minimizer interval,0.04347583814245071,0.034999999999999996,False
P4,Restricted rollout-only,restricted_learned,20260722,-0.63,0.29138126969337463,0.24603798186555936,0.255,0.186975,0.275075,0.08810000000000001,identifiable,0.00020881598743488966,0.002814067601410951,False,True,True,False,True,neural delay outside resampling minimizer interval,0.04534328782781527,0.034999999999999996,False
P4,Restricted rollout-only,restricted_learned,20260722,-0.5599999999999999,0.2973952293395996,0.2502527803659503,0.316,0.209925,0.37342499999999984,0.16349999999999984,weakly identifiable / abstain,0.0003879919877620375,0.004015197362055056,True,True,True,False,True,resampling interval exceeds resolution threshold,0.04714244897364933,0.034999999999999996,False
P4,Restricted rollout-only,restricted_learned,20260722,-0.49,0.3037831783294678,0.25497172592556155,0.214,0.17195,0.2633249999999999,0.09137499999999993,weakly identifiable / abstain,0.0003569451991570865,0.002652867876827601,False,True,True,False,True,resampling interval exceeds resolution threshold,0.04881145240390622,0.034999999999999996,False
P4,Restricted rollout-only,restricted_learned,20260722,-0.42,0.31047818064689636,0.2601986963955687,0.252,0.19490000000000002,0.28427499999999994,0.08937499999999993,identifiable,0.0001642174135304125,0.002699311391056441,False,True,True,False,True,neural delay outside resampling minimizer interval,0.050279484251327666,0.034999999999999996,False
P4,Restricted rollout-only,restricted_learned,20260722,-0.35,0.31739145517349243,0.2659199739596349,0.22699999999999998,0.189975,0.27005,0.08007500000000001,identifiable,0.00039710863299571104,0.0021571610748129114,False,True,True,False,True,neural delay outside resampling minimizer interval,0.05147148121385753,0.034999999999999996,False
P4,Restricted rollout-only,restricted_learned,20260722,-0.28,0.32441675662994385,0.27210140271960986,0.27,0.22497499999999998,0.303025,0.07805000000000001,identifiable,0.00015161394629761206,0.0021537188063661494,False,True,True,False,True,neural delay outside resampling minimizer interval,0.052315353910333984,0.034999999999999996,False
P4,Restricted rollout-only,restricted_learned,20260722,-0.21000000000000002,0.33143723011016846,0.27868686984294644,0.254,0.222,0.28902500000000003,0.06702500000000003,identifiable,0.0003282023823517295,0.002018085504264781,False,True,True,False,True,neural delay outside resampling minimizer interval,0.05275036026722202,0.034999999999999996,False
P4,Restricted rollout-only,restricted_learned,20260722,-0.14,0.3383347988128662,0.2855986599633792,0.29400000000000004,0.246975,0.33199999999999996,0.08502499999999996,identifiable,0.0002061787178422623,0.0021366897362879063,False,True,True,False,True,neural delay outside resampling minimizer interval,0.052736138849487024,0.034999999999999996,False
P4,Restricted rollout-only,restricted_learned,20260722,-0.07000000000000006,0.34499937295913696,0.2927400288856012,0.299,0.24795,0.32904999999999995,0.08109999999999995,identifiable,0.00015151743620654573,0.0025689161595566514,False,True,True,False,True,neural delay outside resampling minimizer interval,0.052259344073535774,0.034999999999999996,False
P4,Restricted rollout-only,restricted_learned,20260722,0.0,0.3513370156288147,0.3,0.318,0.26695,0.3482249999999999,0.08127499999999988,identifiable,0.00010669659177886553,0.002499066004878754,False,True,True,False,True,neural delay outside resampling minimizer interval,0.05133701562881471,0.034999999999999996,False
P4,Restricted rollout-only,restricted_learned,20260722,0.06999999999999995,0.35727548599243164,0.3072599711143988,0.317,0.26495,0.352,0.08704999999999996,identifiable,0.00015632932591243487,0.0026136155540043117,False,True,True,False,True,neural delay outside resampling minimizer interval,0.05001551487803285,0.034999999999999996,False
P4,Restricted rollout-only,restricted_learned,20260722,0.1399999999999999,0.3627665042877197,0.3144013400366208,0.32699999999999996,0.274975,0.349025,0.07404999999999995,identifiable,0.00017764814826414679,0.002472965365203452,False,True,True,False,True,neural delay outside resampling minimizer interval,0.048365164251098935,0.034999999999999996,False
P4,Restricted rollout-only,restricted_learned,20260722,0.20999999999999996,0.36778512597084045,0.32131313015705354,0.346,0.27387500000000004,0.358075,0.08419999999999994,identifiable,8.025514081891313e-05,0.00314043673721036,False,True,True,False,True,neural delay outside resampling minimizer interval,0.046471995813786915,0.034999999999999996,False
P4,Restricted rollout-only,restricted_learned,20260722,0.2799999999999999,0.37232694029808044,0.3278985972803901,0.33699999999999997,0.28400000000000003,0.366075,0.08207499999999995,identifiable,0.00013114371839875378,0.0023783118517428994,False,True,True,False,True,neural delay outside resampling minimizer interval,0.04442834301769033,0.034999999999999996,False
P4,Restricted rollout-only,restricted_learned,20260722,0.34999999999999987,0.3764038383960724,0.334080026040365,0.364,0.2998,0.40705,0.10725000000000001,weakly identifiable / abstain,0.00015639477399477378,0.0031366871338458524,True,True,True,False,True,resampling interval exceeds resolution threshold,0.04232381235570737,0.034999999999999996,False
P4,Restricted rollout-only,restricted_learned,20260722,0.41999999999999993,0.38003960251808167,0.3398013036044313,0.33199999999999996,0.313,0.3721,0.059099999999999986,identifiable,0.00015339990604138203,0.002378467450285317,False,True,True,False,True,neural delay outside resampling minimizer interval,0.04023829891365038,0.034999999999999996,False
P4,Restricted rollout-only,restricted_learned,20260722,0.49,0.3832656145095825,0.3450282740744384,0.351,0.308975,0.3681499999999999,0.05917499999999992,identifiable,0.00010523067670735686,0.0020095030725731282,False,True,True,False,True,neural delay outside resampling minimizer interval,0.038237340435144096,0.034999999999999996,False
P4,Restricted rollout-only,restricted_learned,20260722,0.5599999999999998,0.3861175775527954,0.3497472196340497,0.34199999999999997,0.316,0.380025,0.064025,identifiable,0.00014273616409586623,0.002193630490840619,False,True,True,False,True,neural delay outside resampling minimizer interval,0.03637035791874571,0.034999999999999996,False
P4,Restricted rollout-only,restricted_learned,20260722,0.6299999999999999,0.38863253593444824,0.3539620181344406,0.367,0.3439,0.396025,0.05212500000000003,identifiable,5.521213587210108e-05,0.0020858117281550305,True,True,True,True,False,accepted,0.03467051780000763,0.034999999999999996,False
P4,Restricted rollout-only,restricted_learned,20260722,0.7,0.3908470869064331,0.357690580326136,0.354,0.33797499999999997,0.428175,0.0902,weakly identifiable / abstain,9.561464462283261e-05,0.0041758638305439385,True,True,True,False,True,resampling interval exceeds resolution threshold,0.03315650658029712,0.034999999999999996,False
P4,Restricted rollout-only,restricted_learned,20260723,-0.7,0.23378661274909973,0.242309419673864,0.22299999999999998,0.180875,0.25717499999999993,0.07629999999999992,identifiable,8.527877428683626e-06,0.0023009945213233185,True,True,True,True,False,accepted,0.008522806924764259,0.034999999999999996,False
P4,Restricted rollout-only,restricted_learned,20260723,-0.63,0.23875027894973755,0.24603798186555936,0.255,0.186975,0.275075,0.08810000000000001,identifiable,0.00016271092428711873,0.002814067601410951,True,True,True,True,False,accepted,0.007287702915821814,0.034999999999999996,False
P4,Restricted rollout-only,restricted_learned,20260723,-0.5599999999999999,0.2444789558649063,0.2502527803659503,0.316,0.209925,0.37342499999999984,0.16349999999999984,weakly identifiable / abstain,0.0005563648865385519,0.004015197362055056,True,True,True,False,True,resampling interval exceeds resolution threshold,0.005773824501043967,0.034999999999999996,False
P4,Restricted rollout-only,restricted_learned,20260723,-0.49,0.2510066330432892,0.25497172592556155,0.214,0.17195,0.2633249999999999,0.09137499999999993,weakly identifiable / abstain,8.119355033916513e-05,0.002652867876827601,True,True,True,False,True,resampling interval exceeds resolution threshold,0.00396509288227237,0.034999999999999996,False
P4,Restricted rollout-only,restricted_learned,20260723,-0.42,0.25832825899124146,0.2601986963955687,0.252,0.19490000000000002,0.28427499999999994,0.08937499999999993,identifiable,1.3122418164686042e-05,0.002699311391056441,True,True,True,True,False,accepted,0.001870437404327241,0.034999999999999996,False
P4,Restricted rollout-only,restricted_learned,20260723,-0.35,0.2663869261741638,0.2659199739596349,0.22699999999999998,0.189975,0.27005,0.08007500000000001,identifiable,0.00010273613621900156,0.0021571610748129114,True,True,True,True,False,accepted,0.0004669522145289151,0.034999999999999996,False
P4,Restricted rollout-only,restricted_learned,20260723,-0.28,0.27506643533706665,0.27210140271960986,0.27,0.22497499999999998,0.303025,0.07805000000000001,identifiable,3.3154804637014693e-06,0.0021537188063661494,True,True,True,True,False,accepted,0.0029650326174567865,0.034999999999999996,False
P4,Restricted rollout-only,restricted_learned,20260723,-0.21000000000000002,0.2841931879520416,0.27868686984294644,0.254,0.222,0.28902500000000003,0.06702500000000003,identifiable,7.870868623232375e-05,0.002018085504264781,True,True,True,True,False,accepted,0.005506318109095187,0.034999999999999996,False
P4,Restricted rollout-only,restricted_learned,20260723,-0.14,0.2935500741004944,0.2855986599633792,0.29400000000000004,0.246975,0.33199999999999996,0.08502499999999996,identifiable,0.00011650421241146515,0.0021366897362879063,True,True,True,True,False,accepted,0.007951414137115198,0.034999999999999996,False
P4,Restricted rollout-only,restricted_learned,20260723,-0.07000000000000006,0.3029005825519562,0.2927400288856012,0.299,0.24795,0.32904999999999995,0.08109999999999995,identifiable,3.9816235929736434e-05,0.0025689161595566514,True,True,True,True,False,accepted,0.010160553666354988,0.034999999999999996,False
P4,Restricted rollout-only,restricted_learned,20260723,0.0,0.31201672554016113,0.3,0.318,0.26695,0.3482249999999999,0.08127499999999988,identifiable,5.0214830132941985e-05,0.002499066004878754,True,True,True,True,False,accepted,0.012016725540161144,0.034999999999999996,False
P4,Restricted rollout-only,restricted_learned,20260723,0.06999999999999995,0.32070451974868774,0.3072599711143988,0.317,0.26495,0.352,0.08704999999999996,identifiable,6.310713836099186e-05,0.0026136155540043117,True,True,True,True,False,accepted,0.013444548634288955,0.034999999999999996,False
P4,Restricted rollout-only,restricted_learned,20260723,0.1399999999999999,0.32881975173950195,0.3144013400366208,0.32699999999999996,0.274975,0.349025,0.07404999999999995,identifiable,0.00010732960506602696,0.002472965365203452,True,True,True,True,False,accepted,0.014418411702881162,0.034999999999999996,False
P4,Restricted rollout-only,restricted_learned,20260723,0.20999999999999996,0.33627331256866455,0.32131313015705354,0.346,0.27387500000000004,0.358075,0.08419999999999994,identifiable,5.689302272355958e-05,0.00314043673721036,True,True,True,True,False,accepted,0.014960182411611012,0.034999999999999996,False
P4,Restricted rollout-only,restricted_learned,20260723,0.2799999999999999,0.34302669763565063,0.3278985972803901,0.33699999999999997,0.28400000000000003,0.366075,0.08207499999999995,identifiable,5.678995265876021e-05,0.0023783118517428994,True,True,True,True,False,accepted,0.015128100355260521,0.034999999999999996,False
P4,Restricted rollout-only,restricted_learned,20260723,0.34999999999999987,0.34908246994018555,0.334080026040365,0.364,0.2998,0.40705,0.10725000000000001,weakly identifiable / abstain,0.0001609735737140343,0.0031366871338458524,True,True,True,False,True,resampling interval exceeds resolution threshold,0.015002443899820528,0.034999999999999996,False
P4,Restricted rollout-only,restricted_learned,20260723,0.41999999999999993,0.35447221994400024,0.3398013036044313,0.33199999999999996,0.313,0.3721,0.059099999999999986,identifiable,3.7518745368762075e-05,0.002378467450285317,True,True,True,True,False,accepted,0.014670916339568962,0.034999999999999996,False
P4,Restricted rollout-only,restricted_learned,20260723,0.49,0.3592457175254822,0.3450282740744384,0.351,0.308975,0.3681499999999999,0.05917499999999992,identifiable,3.9647155871415156e-05,0.0020095030725731282,True,True,True,True,False,accepted,0.014217443451043754,0.034999999999999996,False
P4,Restricted rollout-only,restricted_learned,20260723,0.5599999999999998,0.3634621202945709,0.3497472196340497,0.34199999999999997,0.316,0.380025,0.064025,identifiable,4.439843214051065e-05,0.002193630490840619,True,True,True,True,False,accepted,0.013714900660521223,0.034999999999999996,False
P4,Restricted rollout-only,restricted_learned,20260723,0.6299999999999999,0.3671833276748657,0.3539620181344406,0.367,0.3439,0.396025,0.05212500000000003,identifiable,2.27967482760371e-05,0.0020858117281550305,True,True,True,True,False,accepted,0.013221309540425108,0.034999999999999996,False
P4,Restricted rollout-only,restricted_learned,20260723,0.7,0.37046992778778076,0.357690580326136,0.354,0.33797499999999997,0.428175,0.0902,weakly identifiable / abstain,2.4903511346644832e-05,0.0041758638305439385,True,True,True,False,True,resampling interval exceeds resolution threshold,0.012779347461644774,0.034999999999999996,False
P5,Unrestricted jointly learned delay,unrestricted_learned,20260719,-0.7,0.18593500554561615,0.242309419673864,0.22299999999999998,0.180875,0.25717499999999993,0.07629999999999992,identifiable,5.7599089118292005e-05,0.0023009945213233185,True,True,False,False,True,model class outside affine-certificate scope,0.05637441412824784,0.034999999999999996,False
P5,Unrestricted jointly learned delay,unrestricted_learned,20260719,-0.63,0.18888911604881287,0.24603798186555936,0.255,0.186975,0.275075,0.08810000000000001,identifiable,0.00033643507139312145,0.002814067601410951,True,True,False,False,True,model class outside affine-certificate scope,0.0571488658167465,0.034999999999999996,False
P5,Unrestricted jointly learned delay,unrestricted_learned,20260719,-0.5599999999999999,0.19215209782123566,0.2502527803659503,0.316,0.209925,0.37342499999999984,0.16349999999999984,weakly identifiable / abstain,0.0009249206427556363,0.004015197362055056,False,True,False,False,True,model class outside affine-certificate scope,0.05810068254471462,0.034999999999999996,False
P5,Unrestricted jointly learned delay,unrestricted_learned,20260719,-0.49,0.19574610888957977,0.25497172592556155,0.214,0.17195,0.2633249999999999,0.09137499999999993,weakly identifiable / abstain,3.692520964446384e-05,0.002652867876827601,True,True,False,False,True,model class outside affine-certificate scope,0.05922561703598178,0.034999999999999996,False
P5,Unrestricted jointly learned delay,unrestricted_learned,20260719,-0.42,0.19969037175178528,0.2601986963955687,0.252,0.19490000000000002,0.28427499999999994,0.08937499999999993,identifiable,0.00014158050506955281,0.002699311391056441,True,True,False,False,True,model class outside affine-certificate scope,0.06050832464378342,0.034999999999999996,False
P5,Unrestricted jointly learned delay,unrestricted_learned,20260719,-0.35,0.20399919152259827,0.2659199739596349,0.22699999999999998,0.189975,0.27005,0.08007500000000001,identifiable,5.463375558613202e-05,0.0021571610748129114,True,True,False,False,True,model class outside affine-certificate scope,0.06192078243703664,0.034999999999999996,False
P5,Unrestricted jointly learned delay,unrestricted_learned,20260719,-0.28,0.20867981016635895,0.27210140271960986,0.27,0.22497499999999998,0.303025,0.07805000000000001,identifiable,0.00019373604374444553,0.0021537188063661494,False,True,False,False,True,model class outside affine-certificate scope,0.06342159255325092,0.034999999999999996,False
P5,Unrestricted jointly learned delay,unrestricted_learned,20260719,-0.21000000000000002,0.21373015642166138,0.27868686984294644,0.254,0.222,0.28902500000000003,0.06702500000000003,identifiable,0.00011915644120637333,0.002018085504264781,False,True,False,False,True,model class outside affine-certificate scope,0.06495671342128506,0.034999999999999996,False
P5,Unrestricted jointly learned delay,unrestricted_learned,20260719,-0.14,0.2191365659236908,0.2855986599633792,0.29400000000000004,0.246975,0.33199999999999996,0.08502499999999996,identifiable,0.00038846621613128986,0.0021366897362879063,False,True,False,False,True,model class outside affine-certificate scope,0.06646209403968839,0.034999999999999996,False
P5,Unrestricted jointly learned delay,unrestricted_learned,20260719,-0.07000000000000006,0.22487229108810425,0.2927400288856012,0.299,0.24795,0.32904999999999995,0.08109999999999995,identifiable,0.00033606863398581103,0.0025689161595566514,False,True,False,False,True,model class outside affine-certificate scope,0.06786773779749694,0.034999999999999996,False
P5,Unrestricted jointly learned delay,unrestricted_learned,20260719,0.0,0.23089638352394104,0.3,0.318,0.26695,0.3482249999999999,0.08127499999999988,identifiable,0.00044972772417603134,0.002499066004878754,False,True,False,False,True,model class outside affine-certificate scope,0.06910361647605895,0.034999999999999996,False
P5,Unrestricted jointly learned delay,unrestricted_learned,20260719,0.06999999999999995,0.2371543049812317,0.3072599711143988,0.317,0.26495,0.352,0.08704999999999996,identifiable,0.00043296604215372876,0.0026136155540043117,False,True,False,False,True,model class outside affine-certificate scope,0.0701056661331671,0.034999999999999996,False
P5,Unrestricted jointly learned delay,unrestricted_learned,20260719,0.1399999999999999,0.24357955157756805,0.3144013400366208,0.32699999999999996,0.274975,0.349025,0.07404999999999995,identifiable,0.0005137633439455782,0.002472965365203452,False,True,False,False,True,model class outside affine-certificate scope,0.07082178845905274,0.034999999999999996,False
P5,Unrestricted jointly learned delay,unrestricted_learned,20260719,0.20999999999999996,0.25009670853614807,0.32131313015705354,0.346,0.27387500000000004,0.358075,0.08419999999999994,identifiable,0.0006234426032875923,0.00314043673721036,False,True,False,False,True,model class outside affine-certificate scope,0.07121642162090547,0.034999999999999996,False
P5,Unrestricted jointly learned delay,unrestricted_learned,20260719,0.2799999999999999,0.2566256523132324,0.3278985972803901,0.33699999999999997,0.28400000000000003,0.366075,0.08207499999999995,identifiable,0.0004640611671773821,0.0023783118517428994,False,True,False,False,True,model class outside affine-certificate scope,0.07127294496715769,0.034999999999999996,False
P5,Unrestricted jointly learned delay,unrestricted_learned,20260719,0.34999999999999987,0.26308614015579224,0.334080026040365,0.364,0.2998,0.40705,0.10725000000000001,weakly identifiable / abstain,0.0007889729216694901,0.0031366871338458524,False,True,False,False,True,model class outside affine-certificate scope,0.07099388588457278,0.034999999999999996,False
P5,Unrestricted jointly learned delay,unrestricted_learned,20260719,0.41999999999999993,0.2694025933742523,0.3398013036044313,0.33199999999999996,0.313,0.3721,0.059099999999999986,identifiable,0.0002716594563509124,0.002378467450285317,False,True,False,False,True,model class outside affine-certificate scope,0.07039871023017896,0.034999999999999996,False
P5,Unrestricted jointly learned delay,unrestricted_learned,20260719,0.49,0.27550792694091797,0.3450282740744384,0.351,0.308975,0.3681499999999999,0.05917499999999992,identifiable,0.00042839478117745347,0.0020095030725731282,False,True,False,False,True,model class outside affine-certificate scope,0.06952034713352045,0.034999999999999996,False
P5,Unrestricted jointly learned delay,unrestricted_learned,20260719,0.5599999999999998,0.2813464105129242,0.3497472196340497,0.34199999999999997,0.316,0.380025,0.064025,identifiable,0.0002590333628064368,0.002193630490840619,False,True,False,False,True,model class outside affine-certificate scope,0.0684008091211255,0.034999999999999996,False
P5,Unrestricted jointly learned delay,unrestricted_learned,20260719,0.6299999999999999,0.2868753671646118,0.3539620181344406,0.367,0.3439,0.396025,0.05212500000000003,identifiable,0.0004837858327384195,0.0020858117281550305,False,True,False,False,True,model class outside affine-certificate scope,0.0670866509698288,0.034999999999999996,False
P5,Unrestricted jointly learned delay,unrestricted_learned,20260719,0.7,0.29206550121307373,0.357690580326136,0.354,0.33797499999999997,0.428175,0.0902,weakly identifiable / abstain,0.0002703951642165547,0.0041758638305439385,False,True,False,False,True,model class outside affine-certificate scope,0.06562507911306226,0.034999999999999996,False
P5,Unrestricted jointly learned delay,unrestricted_learned,20260720,-0.7,0.21614718437194824,0.242309419673864,0.22299999999999998,0.180875,0.25717499999999993,0.07629999999999992,identifiable,5.491096642931632e-06,0.0023009945213233185,True,True,False,False,True,model class outside affine-certificate scope,0.02616223530191575,0.034999999999999996,False
P5,Unrestricted jointly learned delay,unrestricted_learned,20260720,-0.63,0.21883395314216614,0.24603798186555936,0.255,0.186975,0.275075,0.08810000000000001,identifiable,0.00020634243856193764,0.002814067601410951,True,True,False,False,True,model class outside affine-certificate scope,0.027204028723393225,0.034999999999999996,False
P5,Unrestricted jointly learned delay,unrestricted_learned,20260720,-0.5599999999999999,0.22183620929718018,0.2502527803659503,0.316,0.209925,0.37342499999999984,0.16349999999999984,weakly identifiable / abstain,0.0006908816251571494,0.004015197362055056,True,True,False,False,True,model class outside affine-certificate scope,0.028416571068770102,0.034999999999999996,False
P5,Unrestricted jointly learned delay,unrestricted_learned,20260720,-0.49,0.22518803179264069,0.25497172592556155,0.214,0.17195,0.2633249999999999,0.09137499999999993,weakly identifiable / abstain,2.8729629924945656e-05,0.002652867876827601,True,True,False,False,True,model class outside affine-certificate scope,0.029783694132920868,0.034999999999999996,False
P5,Unrestricted jointly learned delay,unrestricted_learned,20260720,-0.42,0.22892336547374725,0.2601986963955687,0.252,0.19490000000000002,0.28427499999999994,0.08937499999999993,identifiable,3.727819782262343e-05,0.002699311391056441,True,True,False,False,True,model class outside affine-certificate scope,0.03127533092182144,0.034999999999999996,False
P5,Unrestricted jointly learned delay,unrestricted_learned,20260720,-0.35,0.2330741584300995,0.2659199739596349,0.22699999999999998,0.189975,0.27005,0.08007500000000001,identifiable,3.333171729183136e-05,0.0021571610748129114,True,True,False,False,True,model class outside affine-certificate scope,0.032845815529535416,0.034999999999999996,False
P5,Unrestricted jointly learned delay,unrestricted_learned,20260720,-0.28,0.23766779899597168,0.27210140271960986,0.27,0.22497499999999998,0.303025,0.07805000000000001,identifiable,5.4396234790597926e-05,0.0021537188063661494,True,True,False,False,True,model class outside affine-certificate scope,0.034433603723638184,0.034999999999999996,False
P5,Unrestricted jointly learned delay,unrestricted_learned,20260720,-0.21000000000000002,0.2427234947681427,0.27868686984294644,0.254,0.222,0.28902500000000003,0.06702500000000003,identifiable,4.124758448580595e-05,0.002018085504264781,True,True,False,False,True,model class outside affine-certificate scope,0.03596337507480374,0.034999999999999996,False
P5,Unrestricted jointly learned delay,unrestricted_learned,20260720,-0.14,0.24824842810630798,0.2855986599633792,0.29400000000000004,0.246975,0.33199999999999996,0.08502499999999996,identifiable,0.00021807484338924032,0.0021366897362879063,True,True,False,False,True,model class outside affine-certificate scope,0.0373502318570712,0.034999999999999996,False
P5,Unrestricted jointly learned delay,unrestricted_learned,20260720,-0.07000000000000006,0.2542332708835602,0.2927400288856012,0.299,0.24795,0.32904999999999995,0.08109999999999995,identifiable,0.0001460757616345373,0.0025689161595566514,True,True,False,False,True,model class outside affine-certificate scope,0.03850675800204101,0.034999999999999996,False
P5,Unrestricted jointly learned delay,unrestricted_learned,20260720,0.0,0.26064813137054443,0.3,0.318,0.26695,0.3482249999999999,0.08127499999999988,identifiable,0.00022064296717873224,0.002499066004878754,False,True,False,False,True,model class outside affine-certificate scope,0.039351868629455555,0.034999999999999996,False
P5,Unrestricted jointly learned delay,unrestricted_learned,20260720,0.06999999999999995,0.2674396336078644,0.3072599711143988,0.317,0.26495,0.352,0.08704999999999996,identifiable,0.0002029771743976542,0.0026136155540043117,True,True,False,False,True,model class outside affine-certificate scope,0.03982033750653441,0.034999999999999996,False
P5,Unrestricted jointly learned delay,unrestricted_learned,20260720,0.1399999999999999,0.27453020215034485,0.3144013400366208,0.32699999999999996,0.274975,0.349025,0.07404999999999995,identifiable,0.00026747834487669787,0.002472965365203452,False,True,False,False,True,model class outside affine-certificate scope,0.03987113788627594,0.034999999999999996,False
P5,Unrestricted jointly learned delay,unrestricted_learned,20260720,0.20999999999999996,0.28182047605514526,0.32131313015705354,0.346,0.27387500000000004,0.358075,0.08419999999999994,identifiable,0.0003050674711485669,0.00314043673721036,True,True,False,False,True,model class outside affine-certificate scope,0.039492654101908276,0.034999999999999996,False
P5,Unrestricted jointly learned delay,unrestricted_learned,20260720,0.2799999999999999,0.2891950309276581,0.3278985972803901,0.33699999999999997,0.28400000000000003,0.366075,0.08207499999999995,identifiable,0.0001980734566437329,0.0023783118517428994,True,True,False,False,True,model class outside affine-certificate scope,0.03870356635273203,0.034999999999999996,False
P5,Unrestricted jointly learned delay,unrestricted_learned,20260720,0.34999999999999987,0.2965308427810669,0.334080026040365,0.364,0.2998,0.40705,0.10725000000000001,weakly identifiable / abstain,0.0004317141786092431,0.0031366871338458524,False,True,False,False,True,model class outside affine-certificate scope,0.037549183259298125,0.034999999999999996,False
P5,Unrestricted jointly learned delay,unrestricted_learned,20260720,0.41999999999999993,0.303707480430603,0.3398013036044313,0.33199999999999996,0.313,0.3721,0.059099999999999986,identifiable,5.985866509721572e-05,0.002378467450285317,False,True,False,False,True,model class outside affine-certificate scope,0.036093823173828254,0.034999999999999996,False
P5,Unrestricted jointly learned delay,unrestricted_learned,20260720,0.49,0.31061679124832153,0.3450282740744384,0.351,0.308975,0.3681499999999999,0.05917499999999992,identifiable,0.0001460381886382563,0.0020095030725731282,True,True,False,False,True,model class outside affine-certificate scope,0.03441148282611689,0.034999999999999996,False
P5,Unrestricted jointly learned delay,unrestricted_learned,20260720,0.5599999999999998,0.3171705901622772,0.3497472196340497,0.34199999999999997,0.316,0.380025,0.064025,identifiable,5.2888921801354526e-05,0.002193630490840619,True,True,False,False,True,model class outside affine-certificate scope,0.03257662947177248,0.034999999999999996,False
P5,Unrestricted jointly learned delay,unrestricted_learned,20260720,0.6299999999999999,0.32330459356307983,0.3539620181344406,0.367,0.3439,0.396025,0.05212500000000003,identifiable,0.00015852085493283437,0.0020858117281550305,False,True,False,False,True,model class outside affine-certificate scope,0.03065742457136078,0.034999999999999996,False
P5,Unrestricted jointly learned delay,unrestricted_learned,20260720,0.7,0.32897937297821045,0.357690580326136,0.354,0.33797499999999997,0.428175,0.0902,weakly identifiable / abstain,5.041078593061685e-05,0.0041758638305439385,False,True,False,False,True,model class outside affine-certificate scope,0.028711207347925538,0.034999999999999996,False
P5,Unrestricted jointly learned delay,unrestricted_learned,20260721,-0.7,0.2613902986049652,0.242309419673864,0.22299999999999998,0.180875,0.25717499999999993,0.07629999999999992,identifiable,6.196481551788423e-05,0.0023009945213233185,False,True,False,False,True,model class outside affine-certificate scope,0.01908087893110122,0.034999999999999996,False
P5,Unrestricted jointly learned delay,unrestricted_learned,20260721,-0.63,0.26305562257766724,0.24603798186555936,0.255,0.186975,0.275075,0.08810000000000001,identifiable,0.00015520734411980568,0.002814067601410951,True,True,False,False,True,model class outside affine-certificate scope,0.017017640712107873,0.034999999999999996,False
P5,Unrestricted jointly learned delay,unrestricted_learned,20260721,-0.5599999999999999,0.26491469144821167,0.2502527803659503,0.316,0.209925,0.37342499999999984,0.16349999999999984,weakly identifiable / abstain,0.00046729967521233614,0.004015197362055056,True,True,False,False,True,model class outside affine-certificate scope,0.014661911082261392,0.034999999999999996,False
P5,Unrestricted jointly learned delay,unrestricted_learned,20260721,-0.49,0.2669898271560669,0.25497172592556155,0.214,0.17195,0.2633249999999999,0.09137499999999993,weakly identifiable / abstain,0.00014111633934884616,0.002652867876827601,False,True,False,False,True,model class outside affine-certificate scope,0.01201810123050534,0.034999999999999996,False
P5,Unrestricted jointly learned delay,unrestricted_learned,20260721,-0.42,0.2693045139312744,0.2601986963955687,0.252,0.19490000000000002,0.28427499999999994,0.08937499999999993,identifiable,2.454197653976516e-05,0.002699311391056441,True,True,False,False,True,model class outside affine-certificate scope,0.009105817535705718,0.034999999999999996,False
P5,Unrestricted jointly learned delay,unrestricted_learned,20260721,-0.35,0.27188292145729065,0.2659199739596349,0.22699999999999998,0.189975,0.27005,0.08007500000000001,identifiable,0.00012364098004335702,0.0021571610748129114,False,True,False,False,True,model class outside affine-certificate scope,0.005962947497655746,0.034999999999999996,False
P5,Unrestricted jointly learned delay,unrestricted_learned,20260721,-0.28,0.27474892139434814,0.27210140271960986,0.27,0.22497499999999998,0.303025,0.07805000000000001,identifiable,3.154110983629339e-06,0.0021537188063661494,True,True,False,False,True,model class outside affine-certificate scope,0.0026475186747382806,0.034999999999999996,False
P5,Unrestricted jointly learned delay,unrestricted_learned,20260721,-0.21000000000000002,0.2779247760772705,0.27868686984294644,0.254,0.222,0.28902500000000003,0.06702500000000003,identifiable,6.197613954039846e-05,0.002018085504264781,True,True,False,False,True,model class outside affine-certificate scope,0.0007620937656759308,0.034999999999999996,False
P5,Unrestricted jointly learned delay,unrestricted_learned,20260721,-0.14,0.2814294397830963,0.2855986599633792,0.29400000000000004,0.246975,0.33199999999999996,0.08502499999999996,identifiable,0.00012443251662606558,0.0021366897362879063,True,True,False,False,True,model class outside affine-certificate scope,0.004169220180282873,0.034999999999999996,False
P5,Unrestricted jointly learned delay,unrestricted_learned,20260721,-0.07000000000000006,0.28527653217315674,0.2927400288856012,0.299,0.24795,0.32904999999999995,0.08109999999999995,identifiable,4.864970923225422e-05,0.0025689161595566514,True,True,False,False,True,model class outside affine-certificate scope,0.007463496712444451,0.034999999999999996,False
P5,Unrestricted jointly learned delay,unrestricted_learned,20260721,0.0,0.2894717752933502,0.3,0.318,0.26695,0.3482249999999999,0.08127499999999988,identifiable,9.036961563783214e-05,0.002499066004878754,True,True,False,False,True,model class outside affine-certificate scope,0.01052822470664977,0.034999999999999996,False
P5,Unrestricted jointly learned delay,unrestricted_learned,20260721,0.06999999999999995,0.29401057958602905,0.3072599711143988,0.317,0.26495,0.352,0.08704999999999996,identifiable,9.157659405373239e-05,0.0026136155540043117,True,True,False,False,True,model class outside affine-certificate scope,0.013249391528369736,0.034999999999999996,False
P5,Unrestricted jointly learned delay,unrestricted_learned,20260721,0.1399999999999999,0.29887568950653076,0.3144013400366208,0.32699999999999996,0.274975,0.349025,0.07404999999999995,identifiable,0.0001533918783466736,0.002472965365203452,True,True,False,False,True,model class outside affine-certificate scope,0.01552565053009003,0.034999999999999996,False
P5,Unrestricted jointly learned delay,unrestricted_learned,20260721,0.20999999999999996,0.30403557419776917,0.32131313015705354,0.346,0.27387500000000004,0.358075,0.08419999999999994,identifiable,0.00015885481824516273,0.00314043673721036,True,True,False,False,True,model class outside affine-certificate scope,0.017277555959284374,0.034999999999999996,False
P5,Unrestricted jointly learned delay,unrestricted_learned,20260721,0.2799999999999999,0.3094438314437866,0.3278985972803901,0.33699999999999997,0.28400000000000003,0.366075,0.08207499999999995,identifiable,0.0001019002017332856,0.0023783118517428994,True,True,False,False,True,model class outside affine-certificate scope,0.018454765836603493,0.034999999999999996,False
P5,Unrestricted jointly learned delay,unrestricted_learned,20260721,0.34999999999999987,0.31504011154174805,0.334080026040365,0.364,0.2998,0.40705,0.10725000000000001,weakly identifiable / abstain,0.0002963261427612919,0.0031366871338458524,True,True,False,False,True,model class outside affine-certificate scope,0.019039914498616972,0.034999999999999996,False
P5,Unrestricted jointly learned delay,unrestricted_learned,20260721,0.41999999999999993,0.3207527995109558,0.3398013036044313,0.33199999999999996,0.313,0.3721,0.059099999999999986,identifiable,1.4171583676362885e-05,0.002378467450285317,True,True,False,False,True,model class outside affine-certificate scope,0.01904850409347547,0.034999999999999996,False
P5,Unrestricted jointly learned delay,unrestricted_learned,20260721,0.49,0.32650306820869446,0.3450282740744384,0.351,0.308975,0.3681499999999999,0.05917499999999992,identifiable,7.542327041148598e-05,0.0020095030725731282,True,True,False,False,True,model class outside affine-certificate scope,0.018525205865743966,0.034999999999999996,False
P5,Unrestricted jointly learned delay,unrestricted_learned,20260721,0.5599999999999998,0.332209974527359,0.3497472196340497,0.34199999999999997,0.316,0.380025,0.064025,identifiable,1.871786865021263e-05,0.002193630490840619,True,True,False,False,True,model class outside affine-certificate scope,0.01753724510669069,0.034999999999999996,False
P5,Unrestricted jointly learned delay,unrestricted_learned,20260721,0.6299999999999999,0.3377959728240967,0.3539620181344406,0.367,0.3439,0.396025,0.05212500000000003,identifiable,8.318502168795167e-05,0.0020858117281550305,False,True,False,False,True,model class outside affine-certificate scope,0.016166045310343935,0.034999999999999996,False
P5,Unrestricted jointly learned delay,unrestricted_learned,20260721,0.7,0.3431917726993561,0.357690580326136,0.354,0.33797499999999997,0.428175,0.0902,weakly identifiable / abstain,1.565435499613899e-05,0.0041758638305439385,True,True,False,False,True,model class outside affine-certificate scope,0.014498807626779908,0.034999999999999996,False
P5,Unrestricted jointly learned delay,unrestricted_learned,20260722,-0.7,0.26301124691963196,0.242309419673864,0.22299999999999998,0.180875,0.25717499999999993,0.07629999999999992,identifiable,6.691831546755074e-05,0.0023009945213233185,False,True,False,False,True,model class outside affine-certificate scope,0.020701827245767968,0.034999999999999996,False
P5,Unrestricted jointly learned delay,unrestricted_learned,20260722,-0.63,0.26512712240219116,0.24603798186555936,0.255,0.186975,0.275075,0.08810000000000001,identifiable,0.00015687158982897426,0.002814067601410951,True,True,False,False,True,model class outside affine-certificate scope,0.0190891405366318,0.034999999999999996,False
P5,Unrestricted jointly learned delay,unrestricted_learned,20260722,-0.5599999999999999,0.26750490069389343,0.2502527803659503,0.316,0.209925,0.37342499999999984,0.16349999999999984,weakly identifiable / abstain,0.0004581914064046975,0.004015197362055056,True,True,False,False,True,model class outside affine-certificate scope,0.017252120327943155,0.034999999999999996,False
P5,Unrestricted jointly learned delay,unrestricted_learned,20260722,-0.49,0.27017757296562195,0.25497172592556155,0.214,0.17195,0.2633249999999999,0.09137499999999993,weakly identifiable / abstain,0.0001555507404861863,0.002652867876827601,False,True,False,False,True,model class outside affine-certificate scope,0.015205847040060394,0.034999999999999996,False
P5,Unrestricted jointly learned delay,unrestricted_learned,20260722,-0.42,0.27318075299263,0.2601986963955687,0.252,0.19490000000000002,0.28427499999999994,0.08937499999999993,identifiable,3.119696230758386e-05,0.002699311391056441,True,True,False,False,True,model class outside affine-certificate scope,0.012982056597061309,0.034999999999999996,False
P5,Unrestricted jointly learned delay,unrestricted_learned,20260722,-0.35,0.2765522003173828,0.2659199739596349,0.22699999999999998,0.189975,0.27005,0.08007500000000001,identifiable,0.00014349159932747514,0.0021571610748129114,False,True,False,False,True,model class outside affine-certificate scope,0.01063222635774791,0.034999999999999996,False
P5,Unrestricted jointly learned delay,unrestricted_learned,20260722,-0.28,0.28033071756362915,0.27210140271960986,0.27,0.22497499999999998,0.303025,0.07805000000000001,identifiable,7.589123513891551e-06,0.0021537188063661494,True,True,False,False,True,model class outside affine-certificate scope,0.008229314844019286,0.034999999999999996,False
P5,Unrestricted jointly learned delay,unrestricted_learned,20260722,-0.21000000000000002,0.28455471992492676,0.27868686984294644,0.254,0.222,0.28902500000000003,0.06702500000000003,identifiable,7.979678868679241e-05,0.002018085504264781,True,True,False,False,True,model class outside affine-certificate scope,0.005867850081980319,0.034999999999999996,False
P5,Unrestricted jointly learned delay,unrestricted_learned,20260722,-0.14,0.28925997018814087,0.2855986599633792,0.29400000000000004,0.246975,0.33199999999999996,0.08502499999999996,identifiable,0.00011771678572686531,0.0021366897362879063,True,True,False,False,True,model class outside affine-certificate scope,0.0036613102247616824,0.034999999999999996,False
P5,Unrestricted jointly learned delay,unrestricted_learned,20260722,-0.07000000000000006,0.2944769263267517,0.2927400288856012,0.299,0.24795,0.32904999999999995,0.08109999999999995,identifiable,3.98878641434831e-05,0.0025689161595566514,True,True,False,False,True,model class outside affine-certificate scope,0.00173689744115052,0.034999999999999996,False
P5,Unrestricted jointly learned delay,unrestricted_learned,20260722,0.0,0.30022722482681274,0.3,0.318,0.26695,0.3482249999999999,0.08127499999999988,identifiable,6.452158085920793e-05,0.002499066004878754,True,True,False,False,True,model class outside affine-certificate scope,0.00022722482681275524,0.034999999999999996,False
P5,Unrestricted jointly learned delay,unrestricted_learned,20260722,0.06999999999999995,0.3065195679664612,0.3072599711143988,0.317,0.26495,0.352,0.08704999999999996,identifiable,6.794243364235183e-05,0.0026136155540043117,True,True,False,False,True,model class outside affine-certificate scope,0.0007404031479376072,0.034999999999999996,False
P5,Unrestricted jointly learned delay,unrestricted_learned,20260722,0.1399999999999999,0.31334564089775085,0.3144013400366208,0.32699999999999996,0.274975,0.349025,0.07404999999999995,identifiable,0.00011829334919698754,0.002472965365203452,True,True,False,False,True,model class outside affine-certificate scope,0.0010556991388699366,0.034999999999999996,False
P5,Unrestricted jointly learned delay,unrestricted_learned,20260722,0.20999999999999996,0.3206762373447418,0.32131313015705354,0.346,0.27387500000000004,0.358075,0.08419999999999994,identifiable,9.01045683400471e-05,0.00314043673721036,True,True,False,False,True,model class outside affine-certificate scope,0.0006368928123117179,0.034999999999999996,False
P5,Unrestricted jointly learned delay,unrestricted_learned,20260722,0.2799999999999999,0.32845866680145264,0.3278985972803901,0.33699999999999997,0.28400000000000003,0.366075,0.08207499999999995,identifiable,5.9030600636830036e-05,0.0023783118517428994,True,True,False,False,True,model class outside affine-certificate scope,0.0005600695210625228,0.034999999999999996,False
P5,Unrestricted jointly learned delay,unrestricted_learned,20260722,0.34999999999999987,0.3366158604621887,0.334080026040365,0.364,0.2998,0.40705,0.10725000000000001,weakly identifiable / abstain,0.0001936541522039638,0.0031366871338458524,True,True,False,False,True,model class outside affine-certificate scope,0.0025358344218237017,0.034999999999999996,False
P5,Unrestricted jointly learned delay,unrestricted_learned,20260722,0.41999999999999993,0.345048189163208,0.3398013036044313,0.33199999999999996,0.313,0.3721,0.059099999999999986,identifiable,1.5967750178673103e-05,0.002378467450285317,True,True,False,False,True,model class outside affine-certificate scope,0.005246885558776726,0.034999999999999996,False
P5,Unrestricted jointly learned delay,unrestricted_learned,20260722,0.49,0.3536379635334015,0.3450282740744384,0.351,0.308975,0.3681499999999999,0.05917499999999992,identifiable,3.542489565478442e-05,0.0020095030725731282,True,True,False,False,True,model class outside affine-certificate scope,0.008609689458963066,0.034999999999999996,False
P5,Unrestricted jointly learned delay,unrestricted_learned,20260722,0.5599999999999998,0.3622567057609558,0.3497472196340497,0.34199999999999997,0.316,0.380025,0.064025,identifiable,4.1019472434686025e-05,0.002193630490840619,True,True,False,False,True,model class outside affine-certificate scope,0.01250948612690611,0.034999999999999996,False
P5,Unrestricted jointly learned delay,unrestricted_learned,20260722,0.6299999999999999,0.3707737624645233,0.3539620181344406,0.367,0.3439,0.396025,0.05212500000000003,identifiable,2.3777025111521264e-05,0.0020858117281550305,True,True,False,False,True,model class outside affine-certificate scope,0.0168117443300827,0.034999999999999996,False
P5,Unrestricted jointly learned delay,unrestricted_learned,20260722,0.7,0.3790656626224518,0.357690580326136,0.354,0.33797499999999997,0.428175,0.0902,weakly identifiable / abstain,4.8154784760232966e-05,0.0041758638305439385,True,True,False,False,True,model class outside affine-certificate scope,0.021375082296315795,0.034999999999999996,False
P5,Unrestricted jointly learned delay,unrestricted_learned,20260723,-0.7,0.2795604467391968,0.242309419673864,0.22299999999999998,0.180875,0.25717499999999993,0.07629999999999992,identifiable,0.00012901716180573818,0.0023009945213233185,False,True,False,False,True,model class outside affine-certificate scope,0.03725102706533279,0.034999999999999996,False
P5,Unrestricted jointly learned delay,unrestricted_learned,20260723,-0.63,0.281760573387146,0.24603798186555936,0.255,0.186975,0.275075,0.08810000000000001,identifiable,0.00018317221528489573,0.002814067601410951,False,True,False,False,True,model class outside affine-certificate scope,0.03572259152158663,0.034999999999999996,False
P5,Unrestricted jointly learned delay,unrestricted_learned,20260723,-0.5599999999999999,0.2842481732368469,0.2502527803659503,0.316,0.209925,0.37342499999999984,0.16349999999999984,weakly identifiable / abstain,0.00041097147374224383,0.004015197362055056,True,True,False,False,True,model class outside affine-certificate scope,0.033995392870896646,0.034999999999999996,False
P5,Unrestricted jointly learned delay,unrestricted_learned,20260723,-0.49,0.2870616912841797,0.25497172592556155,0.214,0.17195,0.2633249999999999,0.09137499999999993,weakly identifiable / abstain,0.00024555547796888165,0.002652867876827601,False,True,False,False,True,model class outside affine-certificate scope,0.03208996535861813,0.034999999999999996,False
P5,Unrestricted jointly learned delay,unrestricted_learned,20260723,-0.42,0.29024386405944824,0.2601986963955687,0.252,0.19490000000000002,0.28427499999999994,0.08937499999999993,identifiable,7.664946085697878e-05,0.002699311391056441,False,True,False,False,True,model class outside affine-certificate scope,0.030045167663879546,0.034999999999999996,False
P5,Unrestricted jointly learned delay,unrestricted_learned,20260723,-0.35,0.29384106397628784,0.2659199739596349,0.22699999999999998,0.189975,0.27005,0.08007500000000001,identifiable,0.00023344764945953464,0.0021571610748129114,False,True,False,False,True,model class outside affine-certificate scope,0.02792109001665294,0.034999999999999996,False
P5,Unrestricted jointly learned delay,unrestricted_learned,20260723,-0.28,0.2979031205177307,0.27210140271960986,0.27,0.22497499999999998,0.303025,0.07805000000000001,identifiable,4.19602990199151e-05,0.0021537188063661494,True,True,False,False,True,model class outside affine-certificate scope,0.02580171779812085,0.034999999999999996,False
P5,Unrestricted jointly learned delay,unrestricted_learned,20260723,-0.21000000000000002,0.3024809956550598,0.27868686984294644,0.254,0.222,0.28902500000000003,0.06702500000000003,identifiable,0.00014964953805164134,0.002018085504264781,False,True,False,False,True,model class outside affine-certificate scope,0.023794125812113376,0.034999999999999996,False
P5,Unrestricted jointly learned delay,unrestricted_learned,20260723,-0.14,0.3076252341270447,0.2855986599633792,0.29400000000000004,0.246975,0.33199999999999996,0.08502499999999996,identifiable,0.0001246697464517345,0.0021366897362879063,True,True,False,False,True,model class outside affine-certificate scope,0.02202657416366549,0.034999999999999996,False
P5,Unrestricted jointly learned delay,unrestricted_learned,20260723,-0.07000000000000006,0.31338202953338623,0.2927400288856012,0.299,0.24795,0.32904999999999995,0.08109999999999995,identifiable,5.0286074804277985e-05,0.0025689161595566514,True,True,False,False,True,model class outside affine-certificate scope,0.02064200064778504,0.034999999999999996,False
P5,Unrestricted jointly learned delay,unrestricted_learned,20260723,0.0,0.31978899240493774,0.3,0.318,0.26695,0.3482249999999999,0.08127499999999988,identifiable,4.875367871952142e-05,0.002499066004878754,True,True,False,False,True,model class outside affine-certificate scope,0.019788992404937755,0.034999999999999996,False
P5,Unrestricted jointly learned delay,unrestricted_learned,20260723,0.06999999999999995,0.3268688917160034,0.3072599711143988,0.317,0.26495,0.352,0.08704999999999996,identifiable,6.821394991692785e-05,0.0026136155540043117,True,True,False,False,True,model class outside affine-certificate scope,0.01960892060160463,0.034999999999999996,False
P5,Unrestricted jointly learned delay,unrestricted_learned,20260723,0.1399999999999999,0.33462294936180115,0.3144013400366208,0.32699999999999996,0.274975,0.349025,0.07404999999999995,identifiable,0.00011023314032783942,0.002472965365203452,True,True,False,False,True,model class outside affine-certificate scope,0.020221609325180356,0.034999999999999996,False
P5,Unrestricted jointly learned delay,unrestricted_learned,20260723,0.20999999999999996,0.3430238962173462,0.32131313015705354,0.346,0.27387500000000004,0.358075,0.08419999999999994,identifiable,5.177479269058827e-05,0.00314043673721036,True,True,False,False,True,model class outside affine-certificate scope,0.021710766060292652,0.034999999999999996,False
P5,Unrestricted jointly learned delay,unrestricted_learned,20260723,0.2799999999999999,0.3520098030567169,0.3278985972803901,0.33699999999999997,0.28400000000000003,0.366075,0.08207499999999995,identifiable,6.847963558813864e-05,0.0023783118517428994,True,True,False,False,True,model class outside affine-certificate scope,0.024111205776326805,0.034999999999999996,False
P5,Unrestricted jointly learned delay,unrestricted_learned,20260723,0.34999999999999987,0.3614805042743683,0.334080026040365,0.364,0.2998,0.40705,0.10725000000000001,weakly identifiable / abstain,0.00014758981179977356,0.0031366871338458524,True,True,False,False,True,model class outside affine-certificate scope,0.027400478234003267,0.034999999999999996,False
P5,Unrestricted jointly learned delay,unrestricted_learned,20260723,0.41999999999999993,0.371298223733902,0.3398013036044313,0.33199999999999996,0.313,0.3721,0.059099999999999986,identifiable,0.00010443168618596755,0.002378467450285317,True,True,False,False,True,model class outside affine-certificate scope,0.031496920129470696,0.034999999999999996,False
P5,Unrestricted jointly learned delay,unrestricted_learned,20260723,0.49,0.3812941312789917,0.3450282740744384,0.351,0.308975,0.3681499999999999,0.05917499999999992,identifiable,9.697751141914986e-05,0.0020095030725731282,False,True,False,False,True,model class outside affine-certificate scope,0.036265857204553276,0.034999999999999996,False
P5,Unrestricted jointly learned delay,unrestricted_learned,20260723,0.5599999999999998,0.3912794888019562,0.3497472196340497,0.34199999999999997,0.316,0.380025,0.064025,identifiable,0.00017431998975892042,0.002193630490840619,False,True,False,False,True,model class outside affine-certificate scope,0.04153226916790648,0.034999999999999996,False
P5,Unrestricted jointly learned delay,unrestricted_learned,20260723,0.6299999999999999,0.4010617136955261,0.3539620181344406,0.367,0.3439,0.396025,0.05212500000000003,identifiable,0.00010285456255891072,0.0020858117281550305,False,True,False,False,True,model class outside affine-certificate scope,0.04709969556108551,0.034999999999999996,False
P5,Unrestricted jointly learned delay,unrestricted_learned,20260723,0.7,0.4104614555835724,0.357690580326136,0.354,0.33797499999999997,0.428175,0.0902,weakly identifiable / abstain,0.00021394190395991163,0.0041758638305439385,True,True,False,False,True,model class outside affine-certificate scope,0.0527708752574364,0.034999999999999996,False
P6,Unrestricted fixed wrong delay,unrestricted_fixed,20260719,-0.7,0.46000000834465027,0.242309419673864,0.22299999999999998,0.180875,0.25717499999999993,0.07629999999999992,identifiable,0.002056667959258087,0.0023009945213233185,False,True,False,False,True,model class outside affine-certificate scope,0.21769058867078628,0.034999999999999996,False
P6,Unrestricted fixed wrong delay,unrestricted_fixed,20260719,-0.63,0.46000000834465027,0.24603798186555936,0.255,0.186975,0.275075,0.08810000000000001,identifiable,0.0018124213773841695,0.002814067601410951,False,True,False,False,True,model class outside affine-certificate scope,0.2139620264790909,0.034999999999999996,False
P6,Unrestricted fixed wrong delay,unrestricted_fixed,20260719,-0.5599999999999999,0.46000000834465027,0.2502527803659503,0.316,0.209925,0.37342499999999984,0.16349999999999984,weakly identifiable / abstain,0.0010677611762704717,0.004015197362055056,False,True,False,False,True,model class outside affine-certificate scope,0.2097472279787,0.034999999999999996,False
P6,Unrestricted fixed wrong delay,unrestricted_fixed,20260719,-0.49,0.46000000834465027,0.25497172592556155,0.214,0.17195,0.2633249999999999,0.09137499999999993,weakly identifiable / abstain,0.002383884261073268,0.002652867876827601,False,True,False,False,True,model class outside affine-certificate scope,0.20502828241908871,0.034999999999999996,False
P6,Unrestricted fixed wrong delay,unrestricted_fixed,20260719,-0.42,0.46000000834465027,0.2601986963955687,0.252,0.19490000000000002,0.28427499999999994,0.08937499999999993,identifiable,0.001863609910251343,0.002699311391056441,False,True,False,False,True,model class outside affine-certificate scope,0.19980131194908157,0.034999999999999996,False
P6,Unrestricted fixed wrong delay,unrestricted_fixed,20260719,-0.35,0.46000000834465027,0.2659199739596349,0.22699999999999998,0.189975,0.27005,0.08007500000000001,identifiable,0.002324972267296497,0.0021571610748129114,False,False,False,False,True,model class outside affine-certificate scope,0.19408003438501537,0.034999999999999996,False
P6,Unrestricted fixed wrong delay,unrestricted_fixed,20260719,-0.28,0.46000000834465027,0.27210140271960986,0.27,0.22497499999999998,0.303025,0.07805000000000001,identifiable,0.0017253769403362416,0.0021537188063661494,False,True,False,False,True,model class outside affine-certificate scope,0.1878986056250404,0.034999999999999996,False
P6,Unrestricted fixed wrong delay,unrestricted_fixed,20260719,-0.21000000000000002,0.46000000834465027,0.27868686984294644,0.254,0.222,0.28902500000000003,0.06702500000000003,identifiable,0.0020330296469188527,0.002018085504264781,False,False,False,False,True,model class outside affine-certificate scope,0.18131313850170383,0.034999999999999996,False
P6,Unrestricted fixed wrong delay,unrestricted_fixed,20260719,-0.14,0.46000000834465027,0.2855986599633792,0.29400000000000004,0.246975,0.33199999999999996,0.08502499999999996,identifiable,0.001334866767328247,0.0021366897362879063,False,True,False,False,True,model class outside affine-certificate scope,0.17440134838127108,0.034999999999999996,False
P6,Unrestricted fixed wrong delay,unrestricted_fixed,20260719,-0.07000000000000006,0.46000000834465027,0.2927400288856012,0.299,0.24795,0.32904999999999995,0.08109999999999995,identifiable,0.001350454748352647,0.0025689161595566514,False,True,False,False,True,model class outside affine-certificate scope,0.16725997945904908,0.034999999999999996,False
P6,Unrestricted fixed wrong delay,unrestricted_fixed,20260719,0.0,0.46000000834465027,0.3,0.318,0.26695,0.3482249999999999,0.08127499999999988,identifiable,0.0010483949424620331,0.002499066004878754,False,True,False,False,True,model class outside affine-certificate scope,0.16000000834465028,0.034999999999999996,False
P6,Unrestricted fixed wrong delay,unrestricted_fixed,20260719,0.06999999999999995,0.46000000834465027,0.3072599711143988,0.317,0.26495,0.352,0.08704999999999996,identifiable,0.0011866621244707605,0.0026136155540043117,False,True,False,False,True,model class outside affine-certificate scope,0.15274003723025148,0.034999999999999996,False
P6,Unrestricted fixed wrong delay,unrestricted_fixed,20260719,0.1399999999999999,0.46000000834465027,0.3144013400366208,0.32699999999999996,0.274975,0.349025,0.07404999999999995,identifiable,0.0010576239331002585,0.002472965365203452,False,True,False,False,True,model class outside affine-certificate scope,0.14559866830802948,0.034999999999999996,False
P6,Unrestricted fixed wrong delay,unrestricted_fixed,20260719,0.20999999999999996,0.46000000834465027,0.32131313015705354,0.346,0.27387500000000004,0.358075,0.08419999999999994,identifiable,0.0008089030810496813,0.00314043673721036,False,True,False,False,True,model class outside affine-certificate scope,0.13868687818759673,0.034999999999999996,False
P6,Unrestricted fixed wrong delay,unrestricted_fixed,20260719,0.2799999999999999,0.46000000834465027,0.3278985972803901,0.33699999999999997,0.28400000000000003,0.366075,0.08207499999999995,identifiable,0.0009512014793810478,0.0023783118517428994,False,True,False,False,True,model class outside affine-certificate scope,0.13210141106426015,0.034999999999999996,False
P6,Unrestricted fixed wrong delay,unrestricted_fixed,20260719,0.34999999999999987,0.46000000834465027,0.334080026040365,0.364,0.2998,0.40705,0.10725000000000001,weakly identifiable / abstain,0.0006884210982879224,0.0031366871338458524,False,True,False,False,True,model class outside affine-certificate scope,0.12591998230428525,0.034999999999999996,False
P6,Unrestricted fixed wrong delay,unrestricted_fixed,20260719,0.41999999999999993,0.46000000834465027,0.3398013036044313,0.33199999999999996,0.313,0.3721,0.059099999999999986,identifiable,0.001032982270113087,0.002378467450285317,False,True,False,False,True,model class outside affine-certificate scope,0.12019870474021899,0.034999999999999996,False
P6,Unrestricted fixed wrong delay,unrestricted_fixed,20260719,0.49,0.46000000834465027,0.3450282740744384,0.351,0.308975,0.3681499999999999,0.05917499999999992,identifiable,0.0008092412741007926,0.0020095030725731282,False,True,False,False,True,model class outside affine-certificate scope,0.11497173427021184,0.034999999999999996,False
P6,Unrestricted fixed wrong delay,unrestricted_fixed,20260719,0.5599999999999998,0.46000000834465027,0.3497472196340497,0.34199999999999997,0.316,0.380025,0.064025,identifiable,0.0009058347948394632,0.002193630490840619,False,True,False,False,True,model class outside affine-certificate scope,0.11025278871060057,0.034999999999999996,False
P6,Unrestricted fixed wrong delay,unrestricted_fixed,20260719,0.6299999999999999,0.46000000834465027,0.3539620181344406,0.367,0.3439,0.396025,0.05212500000000003,identifiable,0.0006064851510052162,0.0020858117281550305,False,True,False,False,True,model class outside affine-certificate scope,0.10603799021020965,0.034999999999999996,False
P6,Unrestricted fixed wrong delay,unrestricted_fixed,20260719,0.7,0.46000000834465027,0.357690580326136,0.354,0.33797499999999997,0.428175,0.0902,weakly identifiable / abstain,0.0007239328012213086,0.0041758638305439385,False,True,False,False,True,model class outside affine-certificate scope,0.10230942801851428,0.034999999999999996,False
P6,Unrestricted fixed wrong delay,unrestricted_fixed,20260720,-0.7,0.46000000834465027,0.242309419673864,0.22299999999999998,0.180875,0.25717499999999993,0.07629999999999992,identifiable,0.002056667959258087,0.0023009945213233185,False,True,False,False,True,model class outside affine-certificate scope,0.21769058867078628,0.034999999999999996,False
P6,Unrestricted fixed wrong delay,unrestricted_fixed,20260720,-0.63,0.46000000834465027,0.24603798186555936,0.255,0.186975,0.275075,0.08810000000000001,identifiable,0.0018124213773841695,0.002814067601410951,False,True,False,False,True,model class outside affine-certificate scope,0.2139620264790909,0.034999999999999996,False
P6,Unrestricted fixed wrong delay,unrestricted_fixed,20260720,-0.5599999999999999,0.46000000834465027,0.2502527803659503,0.316,0.209925,0.37342499999999984,0.16349999999999984,weakly identifiable / abstain,0.0010677611762704717,0.004015197362055056,False,True,False,False,True,model class outside affine-certificate scope,0.2097472279787,0.034999999999999996,False
P6,Unrestricted fixed wrong delay,unrestricted_fixed,20260720,-0.49,0.46000000834465027,0.25497172592556155,0.214,0.17195,0.2633249999999999,0.09137499999999993,weakly identifiable / abstain,0.002383884261073268,0.002652867876827601,False,True,False,False,True,model class outside affine-certificate scope,0.20502828241908871,0.034999999999999996,False
P6,Unrestricted fixed wrong delay,unrestricted_fixed,20260720,-0.42,0.46000000834465027,0.2601986963955687,0.252,0.19490000000000002,0.28427499999999994,0.08937499999999993,identifiable,0.001863609910251343,0.002699311391056441,False,True,False,False,True,model class outside affine-certificate scope,0.19980131194908157,0.034999999999999996,False
P6,Unrestricted fixed wrong delay,unrestricted_fixed,20260720,-0.35,0.46000000834465027,0.2659199739596349,0.22699999999999998,0.189975,0.27005,0.08007500000000001,identifiable,0.002324972267296497,0.0021571610748129114,False,False,False,False,True,model class outside affine-certificate scope,0.19408003438501537,0.034999999999999996,False
P6,Unrestricted fixed wrong delay,unrestricted_fixed,20260720,-0.28,0.46000000834465027,0.27210140271960986,0.27,0.22497499999999998,0.303025,0.07805000000000001,identifiable,0.0017253769403362416,0.0021537188063661494,False,True,False,False,True,model class outside affine-certificate scope,0.1878986056250404,0.034999999999999996,False
P6,Unrestricted fixed wrong delay,unrestricted_fixed,20260720,-0.21000000000000002,0.46000000834465027,0.27868686984294644,0.254,0.222,0.28902500000000003,0.06702500000000003,identifiable,0.0020330296469188527,0.002018085504264781,False,False,False,False,True,model class outside affine-certificate scope,0.18131313850170383,0.034999999999999996,False
P6,Unrestricted fixed wrong delay,unrestricted_fixed,20260720,-0.14,0.46000000834465027,0.2855986599633792,0.29400000000000004,0.246975,0.33199999999999996,0.08502499999999996,identifiable,0.001334866767328247,0.0021366897362879063,False,True,False,False,True,model class outside affine-certificate scope,0.17440134838127108,0.034999999999999996,False
P6,Unrestricted fixed wrong delay,unrestricted_fixed,20260720,-0.07000000000000006,0.46000000834465027,0.2927400288856012,0.299,0.24795,0.32904999999999995,0.08109999999999995,identifiable,0.001350454748352647,0.0025689161595566514,False,True,False,False,True,model class outside affine-certificate scope,0.16725997945904908,0.034999999999999996,False
P6,Unrestricted fixed wrong delay,unrestricted_fixed,20260720,0.0,0.46000000834465027,0.3,0.318,0.26695,0.3482249999999999,0.08127499999999988,identifiable,0.0010483949424620331,0.002499066004878754,False,True,False,False,True,model class outside affine-certificate scope,0.16000000834465028,0.034999999999999996,False
P6,Unrestricted fixed wrong delay,unrestricted_fixed,20260720,0.06999999999999995,0.46000000834465027,0.3072599711143988,0.317,0.26495,0.352,0.08704999999999996,identifiable,0.0011866621244707605,0.0026136155540043117,False,True,False,False,True,model class outside affine-certificate scope,0.15274003723025148,0.034999999999999996,False
P6,Unrestricted fixed wrong delay,unrestricted_fixed,20260720,0.1399999999999999,0.46000000834465027,0.3144013400366208,0.32699999999999996,0.274975,0.349025,0.07404999999999995,identifiable,0.0010576239331002585,0.002472965365203452,False,True,False,False,True,model class outside affine-certificate scope,0.14559866830802948,0.034999999999999996,False
P6,Unrestricted fixed wrong delay,unrestricted_fixed,20260720,0.20999999999999996,0.46000000834465027,0.32131313015705354,0.346,0.27387500000000004,0.358075,0.08419999999999994,identifiable,0.0008089030810496813,0.00314043673721036,False,True,False,False,True,model class outside affine-certificate scope,0.13868687818759673,0.034999999999999996,False
P6,Unrestricted fixed wrong delay,unrestricted_fixed,20260720,0.2799999999999999,0.46000000834465027,0.3278985972803901,0.33699999999999997,0.28400000000000003,0.366075,0.08207499999999995,identifiable,0.0009512014793810478,0.0023783118517428994,False,True,False,False,True,model class outside affine-certificate scope,0.13210141106426015,0.034999999999999996,False
P6,Unrestricted fixed wrong delay,unrestricted_fixed,20260720,0.34999999999999987,0.46000000834465027,0.334080026040365,0.364,0.2998,0.40705,0.10725000000000001,weakly identifiable / abstain,0.0006884210982879224,0.0031366871338458524,False,True,False,False,True,model class outside affine-certificate scope,0.12591998230428525,0.034999999999999996,False
P6,Unrestricted fixed wrong delay,unrestricted_fixed,20260720,0.41999999999999993,0.46000000834465027,0.3398013036044313,0.33199999999999996,0.313,0.3721,0.059099999999999986,identifiable,0.001032982270113087,0.002378467450285317,False,True,False,False,True,model class outside affine-certificate scope,0.12019870474021899,0.034999999999999996,False
P6,Unrestricted fixed wrong delay,unrestricted_fixed,20260720,0.49,0.46000000834465027,0.3450282740744384,0.351,0.308975,0.3681499999999999,0.05917499999999992,identifiable,0.0008092412741007926,0.0020095030725731282,False,True,False,False,True,model class outside affine-certificate scope,0.11497173427021184,0.034999999999999996,False
P6,Unrestricted fixed wrong delay,unrestricted_fixed,20260720,0.5599999999999998,0.46000000834465027,0.3497472196340497,0.34199999999999997,0.316,0.380025,0.064025,identifiable,0.0009058347948394632,0.002193630490840619,False,True,False,False,True,model class outside affine-certificate scope,0.11025278871060057,0.034999999999999996,False
P6,Unrestricted fixed wrong delay,unrestricted_fixed,20260720,0.6299999999999999,0.46000000834465027,0.3539620181344406,0.367,0.3439,0.396025,0.05212500000000003,identifiable,0.0006064851510052162,0.0020858117281550305,False,True,False,False,True,model class outside affine-certificate scope,0.10603799021020965,0.034999999999999996,False
P6,Unrestricted fixed wrong delay,unrestricted_fixed,20260720,0.7,0.46000000834465027,0.357690580326136,0.354,0.33797499999999997,0.428175,0.0902,weakly identifiable / abstain,0.0007239328012213086,0.0041758638305439385,False,True,False,False,True,model class outside affine-certificate scope,0.10230942801851428,0.034999999999999996,False
P6,Unrestricted fixed wrong delay,unrestricted_fixed,20260721,-0.7,0.46000000834465027,0.242309419673864,0.22299999999999998,0.180875,0.25717499999999993,0.07629999999999992,identifiable,0.002056667959258087,0.0023009945213233185,False,True,False,False,True,model class outside affine-certificate scope,0.21769058867078628,0.034999999999999996,False
P6,Unrestricted fixed wrong delay,unrestricted_fixed,20260721,-0.63,0.46000000834465027,0.24603798186555936,0.255,0.186975,0.275075,0.08810000000000001,identifiable,0.0018124213773841695,0.002814067601410951,False,True,False,False,True,model class outside affine-certificate scope,0.2139620264790909,0.034999999999999996,False
P6,Unrestricted fixed wrong delay,unrestricted_fixed,20260721,-0.5599999999999999,0.46000000834465027,0.2502527803659503,0.316,0.209925,0.37342499999999984,0.16349999999999984,weakly identifiable / abstain,0.0010677611762704717,0.004015197362055056,False,True,False,False,True,model class outside affine-certificate scope,0.2097472279787,0.034999999999999996,False
P6,Unrestricted fixed wrong delay,unrestricted_fixed,20260721,-0.49,0.46000000834465027,0.25497172592556155,0.214,0.17195,0.2633249999999999,0.09137499999999993,weakly identifiable / abstain,0.002383884261073268,0.002652867876827601,False,True,False,False,True,model class outside affine-certificate scope,0.20502828241908871,0.034999999999999996,False
P6,Unrestricted fixed wrong delay,unrestricted_fixed,20260721,-0.42,0.46000000834465027,0.2601986963955687,0.252,0.19490000000000002,0.28427499999999994,0.08937499999999993,identifiable,0.001863609910251343,0.002699311391056441,False,True,False,False,True,model class outside affine-certificate scope,0.19980131194908157,0.034999999999999996,False
P6,Unrestricted fixed wrong delay,unrestricted_fixed,20260721,-0.35,0.46000000834465027,0.2659199739596349,0.22699999999999998,0.189975,0.27005,0.08007500000000001,identifiable,0.002324972267296497,0.0021571610748129114,False,False,False,False,True,model class outside affine-certificate scope,0.19408003438501537,0.034999999999999996,False
P6,Unrestricted fixed wrong delay,unrestricted_fixed,20260721,-0.28,0.46000000834465027,0.27210140271960986,0.27,0.22497499999999998,0.303025,0.07805000000000001,identifiable,0.0017253769403362416,0.0021537188063661494,False,True,False,False,True,model class outside affine-certificate scope,0.1878986056250404,0.034999999999999996,False
P6,Unrestricted fixed wrong delay,unrestricted_fixed,20260721,-0.21000000000000002,0.46000000834465027,0.27868686984294644,0.254,0.222,0.28902500000000003,0.06702500000000003,identifiable,0.0020330296469188527,0.002018085504264781,False,False,False,False,True,model class outside affine-certificate scope,0.18131313850170383,0.034999999999999996,False
P6,Unrestricted fixed wrong delay,unrestricted_fixed,20260721,-0.14,0.46000000834465027,0.2855986599633792,0.29400000000000004,0.246975,0.33199999999999996,0.08502499999999996,identifiable,0.001334866767328247,0.0021366897362879063,False,True,False,False,True,model class outside affine-certificate scope,0.17440134838127108,0.034999999999999996,False
P6,Unrestricted fixed wrong delay,unrestricted_fixed,20260721,-0.07000000000000006,0.46000000834465027,0.2927400288856012,0.299,0.24795,0.32904999999999995,0.08109999999999995,identifiable,0.001350454748352647,0.0025689161595566514,False,True,False,False,True,model class outside affine-certificate scope,0.16725997945904908,0.034999999999999996,False
P6,Unrestricted fixed wrong delay,unrestricted_fixed,20260721,0.0,0.46000000834465027,0.3,0.318,0.26695,0.3482249999999999,0.08127499999999988,identifiable,0.0010483949424620331,0.002499066004878754,False,True,False,False,True,model class outside affine-certificate scope,0.16000000834465028,0.034999999999999996,False
P6,Unrestricted fixed wrong delay,unrestricted_fixed,20260721,0.06999999999999995,0.46000000834465027,0.3072599711143988,0.317,0.26495,0.352,0.08704999999999996,identifiable,0.0011866621244707605,0.0026136155540043117,False,True,False,False,True,model class outside affine-certificate scope,0.15274003723025148,0.034999999999999996,False
P6,Unrestricted fixed wrong delay,unrestricted_fixed,20260721,0.1399999999999999,0.46000000834465027,0.3144013400366208,0.32699999999999996,0.274975,0.349025,0.07404999999999995,identifiable,0.0010576239331002585,0.002472965365203452,False,True,False,False,True,model class outside affine-certificate scope,0.14559866830802948,0.034999999999999996,False
P6,Unrestricted fixed wrong delay,unrestricted_fixed,20260721,0.20999999999999996,0.46000000834465027,0.32131313015705354,0.346,0.27387500000000004,0.358075,0.08419999999999994,identifiable,0.0008089030810496813,0.00314043673721036,False,True,False,False,True,model class outside affine-certificate scope,0.13868687818759673,0.034999999999999996,False
P6,Unrestricted fixed wrong delay,unrestricted_fixed,20260721,0.2799999999999999,0.46000000834465027,0.3278985972803901,0.33699999999999997,0.28400000000000003,0.366075,0.08207499999999995,identifiable,0.0009512014793810478,0.0023783118517428994,False,True,False,False,True,model class outside affine-certificate scope,0.13210141106426015,0.034999999999999996,False
P6,Unrestricted fixed wrong delay,unrestricted_fixed,20260721,0.34999999999999987,0.46000000834465027,0.334080026040365,0.364,0.2998,0.40705,0.10725000000000001,weakly identifiable / abstain,0.0006884210982879224,0.0031366871338458524,False,True,False,False,True,model class outside affine-certificate scope,0.12591998230428525,0.034999999999999996,False
P6,Unrestricted fixed wrong delay,unrestricted_fixed,20260721,0.41999999999999993,0.46000000834465027,0.3398013036044313,0.33199999999999996,0.313,0.3721,0.059099999999999986,identifiable,0.001032982270113087,0.002378467450285317,False,True,False,False,True,model class outside affine-certificate scope,0.12019870474021899,0.034999999999999996,False
P6,Unrestricted fixed wrong delay,unrestricted_fixed,20260721,0.49,0.46000000834465027,0.3450282740744384,0.351,0.308975,0.3681499999999999,0.05917499999999992,identifiable,0.0008092412741007926,0.0020095030725731282,False,True,False,False,True,model class outside affine-certificate scope,0.11497173427021184,0.034999999999999996,False
P6,Unrestricted fixed wrong delay,unrestricted_fixed,20260721,0.5599999999999998,0.46000000834465027,0.3497472196340497,0.34199999999999997,0.316,0.380025,0.064025,identifiable,0.0009058347948394632,0.002193630490840619,False,True,False,False,True,model class outside affine-certificate scope,0.11025278871060057,0.034999999999999996,False
P6,Unrestricted fixed wrong delay,unrestricted_fixed,20260721,0.6299999999999999,0.46000000834465027,0.3539620181344406,0.367,0.3439,0.396025,0.05212500000000003,identifiable,0.0006064851510052162,0.0020858117281550305,False,True,False,False,True,model class outside affine-certificate scope,0.10603799021020965,0.034999999999999996,False
P6,Unrestricted fixed wrong delay,unrestricted_fixed,20260721,0.7,0.46000000834465027,0.357690580326136,0.354,0.33797499999999997,0.428175,0.0902,weakly identifiable / abstain,0.0007239328012213086,0.0041758638305439385,False,True,False,False,True,model class outside affine-certificate scope,0.10230942801851428,0.034999999999999996,False
